reporting_date,seller_type,payment_type,total_created,total_picked,day0_picked,day1_picked,day2plus_picked
20260826,AFL,cod,1,1,1,0,0
20261005,ALW,cod,26,0,0,0,0
20261005,ALW,pp,23,0,0,0,0
20260824,ALW,cod,1,0,0,0,0
20260825,ALW,cod,3,0,0,0,0
20260824,ALW,pp,1,0,0,0,0
20261004,ALW,pp,11,1,1,0,0
20260924,ALW,pp,2,2,1,1,0
20260928,ALW,cod,7,6,1,5,0
20260928,ALW,pp,7,7,1,6,0
20261004,ALW,cod,14,8,8,0,0
20261002,ALW,cod,10,8,8,0,0
20261003,ALW,pp,12,9,8,1,0
20261002,ALW,pp,9,9,6,3,0
20260930,ALW,pp,11,10,7,3,0
20260901,ALW,pp,10,10,0,10,0
20260929,ALW,pp,11,11,10,1,0
20261001,ALW,pp,11,11,7,4,0
20260924,ALW,cod,12,12,10,2,0
20261003,ALW,cod,19,12,11,1,0
20260923,ALW,pp,13,12,5,7,0
20261001,ALW,cod,15,13,10,3,0
20260906,ALW,pp,14,14,4,6,4
20260908,ALW,pp,18,15,9,4,2
20260909,ALW,pp,18,16,7,9,0
20260916,ALW,pp,16,16,8,8,0
20260905,ALW,pp,17,17,8,7,2
20260913,ALW,pp,20,19,9,10,0
20260904,ALW,pp,20,19,15,4,0
20260915,ALW,pp,20,20,11,8,1
20260920,ALW,pp,20,20,6,12,2
20260903,ALW,pp,32,20,13,3,4
20260922,ALW,pp,23,22,10,9,3
20260907,ALW,pp,23,22,7,14,1
20260901,ALW,cod,24,23,0,20,3
20260917,ALW,pp,24,24,9,15,0
20260930,ALW,cod,28,26,16,9,1
20260919,ALW,pp,28,26,16,2,8
20260921,ALW,pp,27,27,15,8,4
20260929,ALW,cod,27,27,21,4,2
20260906,ALW,cod,28,28,10,12,6
20260923,ALW,cod,32,30,11,13,6
20260912,ALW,pp,31,31,13,17,1
20260918,ALW,pp,33,32,17,15,0
20260902,ALW,pp,35,33,21,11,1
20260911,ALW,pp,38,35,26,9,0
20260914,ALW,pp,38,38,17,21,0
20260913,ALW,cod,39,38,21,17,0
20260909,ALW,cod,49,42,19,23,0
20260905,ALW,cod,44,44,24,10,10
20260920,ALW,cod,45,44,16,23,5
20260908,ALW,cod,47,45,27,16,2
20260917,ALW,cod,50,45,24,21,0
20260902,ALW,cod,59,49,24,16,9
20260922,ALW,cod,52,50,18,17,15
20260904,ALW,cod,55,51,31,19,1
20260916,ALW,cod,52,51,21,24,6
20260907,ALW,cod,57,54,28,24,2
20260915,ALW,cod,57,55,32,22,1
20260912,ALW,cod,61,57,31,14,12
20260918,ALW,cod,59,58,29,23,6
20260919,ALW,cod,61,59,36,10,13
20260910,ALW,cod,67,61,40,19,2
20260910,ALW,pp,63,63,38,24,1
20260903,ALW,cod,83,72,26,33,13
20260914,ALW,cod,74,72,40,32,0
20260911,ALW,cod,73,73,46,18,9
20260921,ALW,cod,82,80,52,20,8
20260625,AMA,pp,1,0,0,0,0
20261005,AMA,pp,3,0,0,0,0
20260630,AMA,pp,4,0,0,0,0
20260702,AMA,pp,2,0,0,0,0
20260703,AMA,cod,6,0,0,0,0
20260703,AMA,pp,3,0,0,0,0
20260706,AMA,pp,12,0,0,0,0
20261001,AMA,pp,1,1,1,0,0
20260710,AMA,cod,1,1,1,0,0
20260924,AMA,pp,1,1,1,0,0
20260824,AMA,cod,1,1,1,0,0
20260810,AMA,cod,1,1,1,0,0
20260827,AMA,cod,1,1,1,0,0
20260904,AMA,cod,1,1,1,0,0
20260804,AMA,cod,2,2,2,0,0
20260721,AMA,cod,2,2,2,0,0
20260903,AMA,pp,2,2,2,0,0
20260901,AMA,cod,3,3,3,0,0
20260924,AMA,cod,3,3,3,0,0
20260919,AMA,cod,3,3,3,0,0
20260916,AMA,cod,3,3,0,3,0
20260819,AMA,pp,3,3,3,0,0
20260807,AMA,cod,3,3,3,0,0
20260914,AMA,cod,3,3,3,0,0
20260812,AMA,cod,3,3,3,0,0
20260803,AMA,cod,3,3,3,0,0
20260831,AMA,cod,3,3,3,0,0
20260909,AMA,cod,3,3,3,0,0
20260902,AMA,cod,3,3,3,0,0
20260718,AMA,cod,3,3,3,0,0
20260827,AMA,pp,3,3,3,0,0
20260813,AMA,cod,5,4,4,0,0
20260829,AMA,cod,4,4,4,0,0
20260715,AMA,cod,4,4,4,0,0
20260808,AMA,pp,4,4,0,0,4
20260716,AMA,cod,4,4,4,0,0
20260818,AMA,cod,4,4,4,0,0
20260726,AMA,pp,4,4,3,1,0
20260821,AMA,cod,4,4,4,0,0
20260825,AMA,cod,4,4,4,0,0
20260915,AMA,cod,5,5,5,0,0
20260710,AMA,pp,5,5,5,0,0
20260711,AMA,cod,5,5,5,0,0
20260905,AMA,cod,5,5,5,0,0
20260918,AMA,cod,5,5,5,0,0
20260801,AMA,pp,5,5,5,0,0
20260929,AMA,cod,6,6,6,0,0
20260722,AMA,cod,6,6,6,0,0
20260822,AMA,cod,6,6,6,0,0
20260728,AMA,pp,6,6,6,0,0
20260909,AMA,pp,7,6,6,0,0
20260908,AMA,cod,6,6,6,0,0
20260910,AMA,cod,6,6,0,6,0
20260915,AMA,pp,7,7,7,0,0
20260731,AMA,cod,7,7,7,0,0
20260907,AMA,cod,7,7,7,0,0
20260811,AMA,cod,7,7,7,0,0
20260922,AMA,cod,7,7,7,0,0
20260825,AMA,pp,7,7,6,1,0
20260824,AMA,pp,8,8,8,0,0
20260912,AMA,cod,8,8,8,0,0
20260806,AMA,cod,8,8,8,0,0
20260817,AMA,cod,8,8,7,1,0
20260716,AMA,pp,8,8,7,1,0
20260725,AMA,cod,10,9,0,9,0
20260717,AMA,cod,9,9,7,2,0
20260729,AMA,cod,9,9,9,0,0
20260715,AMA,pp,12,10,10,0,0
20260813,AMA,pp,10,10,10,0,0
20260905,AMA,pp,10,10,10,0,0
20260925,AMA,pp,10,10,10,0,0
20260721,AMA,pp,10,10,10,0,0
20260912,AMA,pp,10,10,10,0,0
20260901,AMA,pp,11,10,9,1,0
20260914,AMA,pp,10,10,10,0,0
20260714,AMA,pp,10,10,10,0,0
20260806,AMA,pp,11,11,11,0,0
20260902,AMA,pp,11,11,11,0,0
20260908,AMA,pp,11,11,11,0,0
20260717,AMA,pp,11,11,9,2,0
20260805,AMA,cod,11,11,11,0,0
20260926,AMA,cod,11,11,11,0,0
20260718,AMA,pp,12,12,12,0,0
20260708,AMA,cod,12,12,12,0,0
20260831,AMA,pp,12,12,12,0,0
20260929,AMA,pp,12,12,12,0,0
20260918,AMA,pp,12,12,12,0,0
20260829,AMA,pp,13,13,13,0,0
20260826,AMA,pp,14,14,0,14,0
20260919,AMA,pp,14,14,14,0,0
20260810,AMA,pp,16,14,14,0,0
20260722,AMA,pp,15,15,15,0,0
20260930,AMA,pp,15,15,15,0,0
20260731,AMA,pp,15,15,14,1,0
20260805,AMA,pp,17,16,16,0,0
20260822,AMA,pp,16,16,16,0,0
20260922,AMA,pp,16,16,16,0,0
20260907,AMA,pp,16,16,16,0,0
20260818,AMA,pp,18,16,16,0,0
20260812,AMA,pp,16,16,16,0,0
20260926,AMA,pp,18,18,18,0,0
20260916,AMA,pp,18,18,0,18,0
20260923,AMA,pp,18,18,18,0,0
20260910,AMA,pp,19,19,1,18,0
20260811,AMA,pp,19,19,19,0,0
20260807,AMA,pp,19,19,19,0,0
20260804,AMA,pp,20,20,20,0,0
20260711,AMA,pp,20,20,20,0,0
20260709,AMA,pp,20,20,20,0,0
20261003,AMA,pp,21,21,21,0,0
20260803,AMA,pp,21,21,21,0,0
20260729,AMA,pp,21,21,21,0,0
20260821,AMA,pp,25,25,25,0,0
20260817,AMA,pp,26,26,25,1,0
20260725,AMA,pp,27,27,0,23,4
20260717,AML,cod,2,0,0,0,0
20260720,AML,cod,2,0,0,0,0
20260716,AML,cod,35,0,0,0,0
20260717,AML,pp,1,0,0,0,0
20260720,AML,pp,2,0,0,0,0
20260625,ARL,pp,5,0,0,0,0
20260703,ARL,pp,17,0,0,0,0
20260811,ARL,pp,1,1,0,1,0
20260827,ARL,pp,1,1,0,1,0
20260819,ARL,pp,1,1,1,0,0
20260826,ARL,pp,1,1,1,0,0
20260909,ARL,pp,1,1,1,0,0
20260828,ARL,pp,1,1,1,0,0
20260824,ARL,pp,1,1,1,0,0
20260806,ARL,pp,3,3,3,0,0
20260820,ARL,pp,3,3,1,0,2
20260813,ARL,pp,4,4,0,4,0
20260714,ARL,pp,4,4,0,4,0
20260731,ARL,pp,8,8,0,8,0
20260901,ARL,pp,8,8,0,8,0
20260721,ARL,pp,8,8,8,0,0
20260709,ARL,pp,11,11,11,0,0
20260724,ATI,pp,1,0,0,0,0
20260520,ATI,pp,1,0,0,0,0
20260729,ATI,pp,1,0,0,0,0
20260710,ATI,pp,1,0,0,0,0
20260731,ATI,pp,1,0,0,0,0
20260728,ATI,pp,1,0,0,0,0
20260707,ATI,pp,1,0,0,0,0
20260723,ATI,pp,2,1,0,0,1
20260701,AWP,cod,127,0,0,0,0
20260613,AWP,cod,5,0,0,0,0
20260623,AWP,cod,10,0,0,0,0
20260515,AWP,cod,1,0,0,0,0
20260528,AWP,pp,2,0,0,0,0
20260609,AWP,cod,4,0,0,0,0
20260526,AWP,pp,1,0,0,0,0
20260610,AWP,cod,3,0,0,0,0
20260627,AWP,cod,33,0,0,0,0
20260630,AWP,cod,74,0,0,0,0
20260622,AWP,cod,20,0,0,0,0
20260611,AWP,pp,1,0,0,0,0
20260704,AWP,pp,44,0,0,0,0
20260603,AWP,cod,3,0,0,0,0
20260617,AWP,cod,7,0,0,0,0
20260518,AWP,cod,1,0,0,0,0
20260530,AWP,pp,1,0,0,0,0
20260522,AWP,cod,5,0,0,0,0
20260531,AWP,cod,2,0,0,0,0
20260530,AWP,cod,1,0,0,0,0
20260625,AWP,pp,1,0,0,0,0
20260928,AWP,cod,1,0,0,0,0
20260616,AWP,pp,5,0,0,0,0
20260516,AWP,cod,1,0,0,0,0
20260618,AWP,cod,10,0,0,0,0
20260612,AWP,cod,3,0,0,0,0
20260523,AWP,cod,7,0,0,0,0
20260525,AWP,pp,1,0,0,0,0
20260606,AWP,cod,2,0,0,0,0
20260626,AWP,pp,7,0,0,0,0
20260702,AWP,cod,167,0,0,0,0
20260517,AWP,cod,1,0,0,0,0
20260615,AWP,cod,1,0,0,0,0
20260614,AWP,pp,1,0,0,0,0
20260619,AWP,cod,8,0,0,0,0
20260608,AWP,cod,1,0,0,0,0
20260514,AWP,cod,2,0,0,0,0
20260624,AWP,pp,2,0,0,0,0
20260705,AWP,cod,199,0,0,0,0
20260628,AWP,cod,28,0,0,0,0
20260610,AWP,pp,1,0,0,0,0
20260612,AWP,pp,1,0,0,0,0
20260423,AWP,cod,1,0,0,0,0
20260614,AWP,cod,3,0,0,0,0
20260529,AWP,pp,1,0,0,0,0
20260613,AWP,pp,1,0,0,0,0
20260524,AWP,cod,3,0,0,0,0
20260621,AWP,cod,17,0,0,0,0
20260506,AWP,cod,1,0,0,0,0
20260624,AWP,cod,27,0,0,0,0
20260415,AWP,cod,1,0,0,0,0
20260630,AWP,pp,14,0,0,0,0
20260704,AWP,cod,296,0,0,0,0
20260615,AWP,pp,1,0,0,0,0
20260706,AWP,cod,267,0,0,0,0
20260505,AWP,cod,1,0,0,0,0
20260925,AWP,pp,2,0,0,0,0
20260701,AWP,pp,34,0,0,0,0
20260620,AWP,cod,14,0,0,0,0
20260622,AWP,pp,1,0,0,0,0
20260619,AWP,pp,8,0,0,0,0
20260703,AWP,cod,312,0,0,0,0
20260529,AWP,cod,5,0,0,0,0
20260705,AWP,pp,32,0,0,0,0
20260602,AWP,cod,1,0,0,0,0
20260629,AWP,pp,6,0,0,0,0
20260605,AWP,pp,1,0,0,0,0
20261005,AWP,cod,108,0,0,0,0
20260412,AWP,cod,1,0,0,0,0
20260531,AWP,pp,1,0,0,0,0
20260611,AWP,cod,2,0,0,0,0
20260625,AWP,cod,13,0,0,0,0
20261005,AWP,pp,62,0,0,0,0
20260627,AWP,pp,5,0,0,0,0
20260616,AWP,cod,2,0,0,0,0
20260525,AWP,cod,8,0,0,0,0
20260603,AWP,pp,1,0,0,0,0
20260520,AWP,cod,1,0,0,0,0
20260605,AWP,cod,3,0,0,0,0
20260604,AWP,cod,1,0,0,0,0
20260626,AWP,cod,41,0,0,0,0
20260703,AWP,pp,40,0,0,0,0
20260702,AWP,pp,56,0,0,0,0
20260629,AWP,cod,49,0,0,0,0
20260302,AWP,cod,1,0,0,0,0
20260706,AWP,pp,84,0,0,0,0
20260601,AWP,cod,3,0,0,0,0
20260924,AWP,pp,7,7,7,0,0
20260927,AWP,cod,10,10,5,0,5
20261004,AWP,pp,28,18,18,0,0
20260913,AWP,pp,23,21,5,12,4
20261001,AWP,pp,27,22,19,3,0
20260924,AWP,cod,23,22,20,2,0
20260719,AWP,pp,28,27,16,11,0
20260828,AWP,pp,28,28,7,21,0
20261003,AWP,pp,46,29,20,9,0
20260906,AWP,pp,34,33,8,15,10
20260815,AWP,pp,37,36,6,24,6
20260712,AWP,pp,36,36,21,12,3
20260917,AWP,pp,39,37,17,20,0
20261002,AWP,pp,43,40,33,5,2
20260920,AWP,pp,40,40,18,20,2
20260802,AWP,pp,42,41,16,24,1
20260918,AWP,pp,47,42,25,17,0
20260830,AWP,pp,43,42,23,19,0
20260825,AWP,pp,43,43,24,19,0
20260717,AWP,pp,46,43,30,12,1
20260721,AWP,pp,45,44,31,12,1
20260912,AWP,pp,48,44,25,12,7
20260731,AWP,pp,48,45,30,15,0
20260831,AWP,pp,45,45,29,16,0
20260829,AWP,pp,49,47,34,4,9
20260908,AWP,pp,52,48,28,19,1
20260922,AWP,pp,52,48,35,5,8
20260823,AWP,pp,58,49,24,25,0
20260728,AWP,pp,51,49,33,15,1
20260811,AWP,pp,49,49,37,8,4
20260930,AWP,pp,51,50,42,7,1
20260909,AWP,pp,56,50,33,16,1
20260824,AWP,pp,52,51,28,23,0
20260929,AWP,pp,60,55,29,24,2
20260919,AWP,pp,58,55,33,7,15
20260827,AWP,pp,57,55,43,5,7
20260810,AWP,pp,56,55,31,24,0
20260915,AWP,pp,60,55,34,16,5
20260816,AWP,pp,55,55,34,19,2
20260806,AWP,pp,65,56,43,11,2
20261002,AWP,cod,58,56,51,5,0
20260916,AWP,pp,64,57,24,30,3
20260826,AWP,pp,65,57,27,29,1
20260905,AWP,pp,58,57,45,6,6
20260805,AWP,pp,59,58,36,21,1
20260907,AWP,pp,60,58,17,38,3
20260722,AWP,pp,58,58,35,21,2
20260715,AWP,pp,61,58,41,17,0
20260801,AWP,pp,62,59,49,5,5
20260714,AWP,pp,64,59,28,31,0
20260812,AWP,pp,72,60,30,29,1
20260914,AWP,pp,62,60,31,28,1
20260822,AWP,pp,61,61,41,11,9
20260713,AWP,pp,65,62,28,31,3
20260818,AWP,pp,65,62,31,30,1
20261004,AWP,cod,83,62,62,0,0
20260902,AWP,pp,71,63,26,34,3
20260729,AWP,pp,66,63,37,21,5
20260911,AWP,pp,64,63,16,46,1
20260814,AWP,pp,76,65,55,3,7
20260821,AWP,pp,74,66,37,29,0
20260707,AWP,pp,68,66,36,27,3
20260727,AWP,pp,82,66,43,22,1
20260723,AWP,pp,67,66,45,20,1
20260808,AWP,pp,66,66,40,16,10
20260725,AWP,pp,80,66,31,26,9
20260809,AWP,pp,67,67,27,32,8
20260910,AWP,pp,71,67,42,23,2
20260726,AWP,pp,68,67,35,31,1
20260819,AWP,pp,70,68,46,21,1
20260923,AWP,pp,72,68,13,53,2
20260803,AWP,pp,76,72,51,19,2
20260724,AWP,pp,75,73,50,21,2
20260709,AWP,pp,75,73,54,19,0
20260921,AWP,pp,79,73,61,9,3
20260804,AWP,pp,74,74,54,20,0
20260901,AWP,pp,74,74,57,14,3
20260711,AWP,pp,80,76,56,8,12
20260716,AWP,pp,77,76,60,15,1
20260708,AWP,pp,83,77,57,18,2
20260718,AWP,pp,77,77,43,20,14
20260813,AWP,pp,88,78,63,15,0
20260730,AWP,pp,82,81,63,16,2
20260720,AWP,pp,86,81,50,26,5
20260807,AWP,pp,88,83,65,16,2
20260904,AWP,pp,90,89,70,19,0
20260820,AWP,pp,92,90,64,26,0
20260903,AWP,pp,102,97,63,33,1
20260710,AWP,pp,102,98,34,64,0
20261001,AWP,cod,104,100,84,12,4
20260920,AWP,cod,105,101,58,43,0
20260817,AWP,pp,112,109,97,7,5
20260828,AWP,cod,113,111,48,62,1
20260823,AWP,cod,115,115,54,58,3
20260830,AWP,cod,121,118,58,55,5
20260923,AWP,cod,132,125,11,113,1
20261003,AWP,cod,145,125,115,10,0
20260906,AWP,cod,133,133,50,31,52
20260919,AWP,cod,181,137,109,14,14
20260719,AWP,cod,140,138,91,45,2
20260829,AWP,cod,148,140,93,28,19
20260802,AWP,cod,153,145,93,48,4
20260815,AWP,cod,152,150,41,86,23
20260930,AWP,cod,156,151,125,19,7
20260913,AWP,cod,162,155,85,69,1
20260922,AWP,cod,165,157,91,24,42
20260901,AWP,cod,174,157,92,60,5
20260916,AWP,cod,169,159,83,71,5
20260905,AWP,cod,166,160,84,51,25
20260911,AWP,cod,169,160,89,65,6
20260909,AWP,cod,179,168,106,62,0
20260918,AWP,cod,174,174,114,53,7
20260826,AWP,cod,178,174,84,89,1
20260816,AWP,cod,177,175,92,82,1
20260825,AWP,cod,191,179,98,78,3
20260929,AWP,cod,183,181,102,72,7
20260912,AWP,cod,187,181,119,49,13
20260824,AWP,cod,216,186,123,52,11
20260907,AWP,cod,192,186,81,101,4
20260808,AWP,cod,202,186,112,48,26
20260726,AWP,cod,194,187,106,79,2
20260721,AWP,cod,202,189,118,65,6
20260914,AWP,cod,195,190,109,78,3
20260831,AWP,cod,196,192,118,69,5
20260921,AWP,cod,199,192,132,46,14
20260917,AWP,cod,227,194,109,83,2
20260915,AWP,cod,198,195,110,79,6
20260908,AWP,cod,204,195,150,42,3
20260827,AWP,cod,204,200,122,49,29
20260728,AWP,cod,220,207,133,71,3
20260817,AWP,cod,215,209,134,64,11
20260806,AWP,cod,218,209,122,84,3
20260819,AWP,cod,220,211,140,68,3
20260902,AWP,cod,237,211,132,66,13
20260821,AWP,cod,219,212,142,62,8
20260809,AWP,cod,222,212,123,85,4
20260807,AWP,cod,217,213,142,65,6
20260904,AWP,cod,218,214,154,54,6
20260712,AWP,cod,226,215,113,75,27
20260708,AWP,cod,225,216,136,74,6
20260724,AWP,cod,233,217,135,80,2
20260818,AWP,cod,239,217,111,99,7
20260910,AWP,cod,233,219,159,45,15
20260820,AWP,cod,234,220,136,81,3
20260709,AWP,cod,229,220,137,72,11
20260811,AWP,cod,234,223,121,56,46
20260804,AWP,cod,227,223,116,104,3
20260805,AWP,cod,228,223,131,91,1
20260903,AWP,cod,246,227,120,87,20
20260731,AWP,cod,232,228,128,95,5
20260715,AWP,cod,237,228,160,68,0
20260729,AWP,cod,249,233,131,100,2
20260803,AWP,cod,251,240,152,85,3
20260822,AWP,cod,248,240,169,52,19
20260810,AWP,cod,252,241,169,72,0
20260722,AWP,cod,255,244,153,79,12
20260714,AWP,cod,257,248,135,111,2
20260813,AWP,cod,269,251,153,94,4
20260725,AWP,cod,264,256,172,58,26
20260723,AWP,cod,270,256,169,82,5
20260718,AWP,cod,267,262,184,44,34
20260801,AWP,cod,275,266,157,83,26
20260812,AWP,cod,299,268,116,147,5
20260730,AWP,cod,286,273,162,101,10
20260814,AWP,cod,290,276,176,41,59
20260720,AWP,cod,284,276,182,89,5
20260717,AWP,cod,291,276,180,94,2
20260711,AWP,cod,293,277,186,56,35
20260710,AWP,cod,317,302,191,111,0
20260713,AWP,cod,321,303,165,136,2
20260727,AWP,cod,313,305,198,105,2
20260716,AWP,cod,320,307,202,97,8
20260707,AWP,cod,324,309,171,118,20
20260706,BAO,cod,5,0,0,0,0
20260901,BAO,pp,5,0,0,0,0
20260706,BAO,pp,2,0,0,0,0
20260816,BAO,pp,1,1,1,0,0
20260719,BAO,cod,2,2,0,2,0
20260719,BAO,pp,2,2,0,2,0
20260726,BAO,pp,2,2,0,2,0
20260726,BAO,cod,2,2,0,2,0
20260721,BAO,pp,2,2,1,1,0
20260802,BAO,pp,3,3,1,1,1
20260809,BAO,cod,5,3,0,3,0
20260815,BAO,cod,3,3,0,0,3
20260809,BAO,pp,5,4,0,4,0
20260711,BAO,pp,4,4,3,0,1
20260823,BAO,pp,4,4,0,1,3
20260718,BAO,pp,5,5,4,0,1
20260815,BAO,pp,6,5,0,1,4
20260709,BAO,pp,6,6,3,3,0
20260823,BAO,cod,6,6,3,1,2
20260821,BAO,pp,8,6,3,2,1
20260707,BAO,pp,7,7,4,3,0
20260820,BAO,pp,7,7,2,3,2
20260715,BAO,pp,8,8,7,1,0
20260802,BAO,cod,8,8,0,8,0
20260723,BAO,pp,8,8,5,2,1
20260722,BAO,pp,8,8,6,2,0
20260708,BAO,pp,8,8,5,3,0
20260714,BAO,pp,9,9,8,1,0
20260805,BAO,pp,12,9,6,3,0
20260731,BAO,pp,10,10,9,1,0
20260716,BAO,pp,10,10,5,5,0
20260822,BAO,pp,13,10,6,2,2
20260730,BAO,pp,12,12,12,0,0
20260806,BAO,pp,13,12,9,3,0
20260710,BAO,pp,13,12,4,6,2
20260724,BAO,pp,13,13,9,4,0
20260801,BAO,pp,13,13,13,0,0
20260810,BAO,pp,14,13,11,2,0
20260824,BAO,pp,22,14,12,2,0
20260819,BAO,pp,14,14,8,5,1
20260713,BAO,pp,14,14,11,3,0
20260818,BAO,pp,17,15,8,3,4
20260813,BAO,pp,30,16,8,4,4
20260725,BAO,pp,17,17,15,0,2
20260709,BAO,cod,17,17,8,8,1
20260728,BAO,pp,17,17,13,3,1
20260723,BAO,cod,19,18,15,2,1
20260807,BAO,pp,22,18,6,7,5
20260708,BAO,cod,18,18,8,9,1
20260718,BAO,cod,19,19,15,0,4
20260724,BAO,cod,19,19,15,4,0
20260814,BAO,pp,21,19,13,0,6
20260714,BAO,cod,19,19,19,0,0
20260804,BAO,pp,25,19,16,3,0
20260721,BAO,cod,20,20,16,3,1
20260812,BAO,pp,22,20,11,7,2
20260720,BAO,pp,21,21,16,4,1
20260808,BAO,pp,33,22,9,1,12
20260805,BAO,cod,23,22,15,5,2
20260710,BAO,cod,26,26,5,19,2
20260821,BAO,cod,29,26,21,3,2
20260729,BAO,pp,27,27,7,20,0
20260717,BAO,pp,29,28,4,1,23
20260817,BAO,pp,36,29,13,13,3
20260804,BAO,cod,33,30,28,2,0
20260811,BAO,pp,35,30,26,1,3
20260716,BAO,cod,34,31,19,12,0
20260730,BAO,cod,32,31,23,7,1
20260725,BAO,cod,31,31,23,1,7
20260803,BAO,pp,35,31,23,3,5
20260727,BAO,pp,38,31,19,12,0
20260818,BAO,cod,36,32,22,9,1
20260707,BAO,cod,34,32,14,17,1
20260711,BAO,cod,33,33,23,1,9
20260722,BAO,cod,34,34,27,6,1
20260808,BAO,cod,45,35,11,0,24
20260814,BAO,cod,40,35,17,0,18
20260801,BAO,cod,36,36,34,0,2
20260715,BAO,cod,38,38,28,9,1
20260717,BAO,cod,39,38,17,19,2
20260728,BAO,cod,41,39,29,8,2
20260822,BAO,cod,39,39,32,0,7
20260807,BAO,cod,46,40,16,21,3
20260813,BAO,cod,54,40,23,11,6
20260731,BAO,cod,42,41,28,9,4
20260806,BAO,cod,43,41,34,5,2
20260824,BAO,cod,44,42,41,1,0
20260811,BAO,cod,57,43,36,5,2
20260720,BAO,cod,48,44,29,13,2
20260817,BAO,cod,57,44,31,10,3
20260819,BAO,cod,44,44,32,11,1
20260812,BAO,cod,52,45,28,11,6
20260810,BAO,cod,47,46,29,16,1
20260713,BAO,cod,50,49,30,19,0
20260820,BAO,cod,56,49,18,17,14
20260803,BAO,cod,58,53,46,7,0
20260729,BAO,cod,60,56,21,34,1
20260727,BAO,cod,66,59,40,18,1
20261005,BBO,cod,26,0,0,0,0
20260702,BBO,pp,3,0,0,0,0
20260704,BBO,cod,1,0,0,0,0
20260625,BBO,cod,1,0,0,0,0
20261003,BBO,pp,33,0,0,0,0
20261003,BBO,cod,13,0,0,0,0
20261005,BBO,pp,46,0,0,0,0
20260624,BBO,pp,1,0,0,0,0
20260703,BBO,cod,7,0,0,0,0
20260703,BBO,pp,12,0,0,0,0
20260704,BBO,pp,11,0,0,0,0
20260626,BBO,cod,4,0,0,0,0
20260630,BBO,pp,1,0,0,0,0
20260702,BBO,cod,2,0,0,0,0
20260626,BBO,pp,9,0,0,0,0
20260706,BBO,pp,29,0,0,0,0
20260706,BBO,cod,7,0,0,0,0
20260701,BBO,cod,4,0,0,0,0
20260814,BBO,cod,2,2,2,0,0
20260905,BBO,cod,2,2,2,0,0
20260829,BBO,cod,3,3,3,0,0
20260801,BBO,cod,3,3,3,0,0
20260822,BBO,cod,3,3,3,0,0
20260819,BBO,cod,4,4,4,0,0
20260930,BBO,cod,4,4,4,0,0
20260827,BBO,cod,4,4,4,0,0
20260723,BBO,cod,5,5,5,0,0
20260721,BBO,cod,5,5,5,0,0
20260710,BBO,cod,5,5,5,0,0
20260707,BBO,cod,6,6,6,0,0
20260714,BBO,cod,6,6,6,0,0
20260922,BBO,cod,6,6,6,0,0
20260820,BBO,cod,6,6,6,0,0
20260708,BBO,cod,6,6,6,0,0
20260724,BBO,cod,6,6,6,0,0
20260821,BBO,cod,7,7,7,0,0
20260709,BBO,cod,7,7,7,0,0
20260804,BBO,cod,7,7,7,0,0
20260813,BBO,cod,7,7,7,0,0
20260901,BBO,cod,7,7,7,0,0
20260828,BBO,cod,7,7,7,0,0
20260730,BBO,cod,7,7,7,0,0
20260801,BBO,pp,7,7,7,0,0
20260904,BBO,cod,9,7,5,2,0
20260715,BBO,cod,8,8,8,0,0
20260824,BBO,cod,9,8,0,0,8
20260728,BBO,cod,8,8,8,0,0
20260722,BBO,cod,8,8,8,0,0
20260828,BBO,pp,9,8,8,0,0
20260729,BBO,cod,9,8,8,0,0
20260818,BBO,cod,9,9,0,9,0
20260918,BBO,cod,9,9,9,0,0
20260912,BBO,cod,9,9,0,0,9
20260714,BBO,pp,9,9,9,0,0
20260717,BBO,cod,9,9,9,0,0
20260805,BBO,cod,12,10,10,0,0
20260825,BBO,cod,10,10,0,10,0
20260711,BBO,cod,10,10,10,0,0
20260709,BBO,pp,10,10,10,0,0
20260812,BBO,cod,10,10,10,0,0
20260725,BBO,cod,10,10,10,0,0
20260708,BBO,pp,11,11,11,0,0
20260716,BBO,cod,11,11,11,0,0
20260721,BBO,pp,11,11,11,0,0
20260916,BBO,cod,11,11,11,0,0
20260910,BBO,cod,11,11,11,0,0
20260825,BBO,pp,12,12,0,12,0
20260827,BBO,pp,12,12,12,0,0
20260806,BBO,cod,13,12,12,0,0
20260811,BBO,cod,13,12,12,0,0
20260911,BBO,cod,12,12,12,0,0
20260807,BBO,cod,12,12,12,0,0
20260923,BBO,cod,12,12,12,0,0
20260731,BBO,cod,13,12,12,0,0
20260831,BBO,cod,12,12,12,0,0
20260922,BBO,pp,13,13,13,0,0
20260923,BBO,pp,13,13,13,0,0
20260902,BBO,pp,13,13,13,0,0
20260727,BBO,cod,13,13,0,13,0
20260715,BBO,pp,13,13,13,0,0
20260915,BBO,cod,13,13,13,0,0
20260819,BBO,pp,14,13,13,0,0
20260925,BBO,cod,13,13,0,0,13
20260829,BBO,pp,14,14,14,0,0
20260725,BBO,pp,14,14,14,0,0
20260902,BBO,cod,14,14,14,0,0
20260808,BBO,cod,14,14,10,0,4
20260718,BBO,cod,14,14,14,0,0
20260729,BBO,pp,14,14,14,0,0
20260907,BBO,cod,14,14,14,0,0
20260905,BBO,pp,14,14,14,0,0
20260903,BBO,cod,14,14,14,0,0
20260707,BBO,pp,15,15,15,0,0
20260917,BBO,cod,15,15,15,0,0
20260914,BBO,cod,15,15,0,15,0
20260805,BBO,pp,15,15,15,0,0
20260826,BBO,cod,15,15,15,0,0
20260924,BBO,cod,15,15,15,0,0
20260909,BBO,cod,15,15,15,0,0
20260917,BBO,pp,15,15,15,0,0
20260821,BBO,pp,16,16,16,0,0
20260918,BBO,pp,16,16,16,0,0
20260814,BBO,pp,16,16,16,0,0
20260810,BBO,cod,18,16,16,0,0
20260919,BBO,cod,16,16,16,0,0
20260930,BBO,pp,16,16,16,0,0
20260910,BBO,pp,16,16,16,0,0
20260925,BBO,pp,19,16,0,0,16
20260724,BBO,pp,16,16,16,0,0
20260826,BBO,pp,16,16,16,0,0
20260711,BBO,pp,16,16,11,0,5
20260929,BBO,cod,18,17,17,0,0
20260812,BBO,pp,17,17,17,0,0
20260723,BBO,pp,17,17,17,0,0
20260818,BBO,pp,17,17,0,17,0
20260908,BBO,pp,17,17,17,0,0
20260713,BBO,cod,17,17,17,0,0
20260807,BBO,pp,17,17,17,0,0
20260904,BBO,pp,18,17,15,2,0
20260731,BBO,pp,17,17,17,0,0
20261001,BBO,pp,17,17,17,0,0
20260911,BBO,pp,19,19,19,0,0
20260919,BBO,pp,19,19,19,0,0
20260908,BBO,cod,19,19,19,0,0
20260822,BBO,pp,19,19,19,0,0
20260804,BBO,pp,20,19,18,1,0
20260912,BBO,pp,19,19,0,0,19
20260928,BBO,cod,20,20,20,0,0
20260929,BBO,pp,20,20,19,1,0
20260831,BBO,pp,21,21,21,0,0
20260903,BBO,pp,21,21,21,0,0
20260717,BBO,pp,21,21,21,0,0
20260926,BBO,pp,22,21,0,0,21
20260901,BBO,pp,21,21,21,0,0
20260926,BBO,cod,21,21,0,0,21
20261001,BBO,cod,21,21,21,0,0
20260909,BBO,pp,22,22,22,0,0
20260820,BBO,pp,22,22,21,1,0
20260730,BBO,pp,23,22,22,0,0
20260718,BBO,pp,23,23,23,0,0
20260915,BBO,pp,23,23,23,0,0
20260924,BBO,pp,23,23,23,0,0
20260728,BBO,pp,24,24,22,2,0
20260710,BBO,pp,25,25,25,0,0
20260803,BBO,cod,26,26,26,0,0
20260813,BBO,pp,27,27,26,1,0
20260806,BBO,pp,28,27,27,0,0
20260720,BBO,cod,28,28,27,1,0
20260916,BBO,pp,28,28,28,0,0
20260727,BBO,pp,28,28,0,28,0
20260824,BBO,pp,29,29,0,0,29
20260808,BBO,pp,30,29,22,0,7
20260921,BBO,cod,30,30,30,0,0
20260713,BBO,pp,31,30,30,0,0
20260811,BBO,pp,32,30,30,0,0
20260722,BBO,pp,30,30,30,0,0
20260716,BBO,pp,32,31,31,0,0
20260914,BBO,pp,31,31,0,31,0
20260817,BBO,cod,33,33,31,0,2
20260928,BBO,pp,36,36,36,0,0
20260720,BBO,pp,38,37,35,2,0
20260803,BBO,pp,43,43,43,0,0
20260907,BBO,pp,48,48,48,0,0
20260810,BBO,pp,51,49,49,0,0
20260921,BBO,pp,63,62,62,0,0
20260817,BBO,pp,71,70,70,0,0
20260702,BGH,pp,15,0,0,0,0
20260629,BGH,pp,4,0,0,0,0
20260701,BGH,cod,1,0,0,0,0
20260621,BGH,pp,1,0,0,0,0
20260630,BGH,cod,5,0,0,0,0
20260708,BGH,cod,1,0,0,0,0
20260627,BGH,cod,2,0,0,0,0
20260619,BGH,pp,1,0,0,0,0
20261005,BGH,pp,24,0,0,0,0
20260528,BGH,pp,1,0,0,0,0
20260908,BGH,cod,1,0,0,0,0
20260701,BGH,pp,10,0,0,0,0
20260703,BGH,pp,10,0,0,0,0
20260612,BGH,cod,1,0,0,0,0
20261004,BGH,pp,9,0,0,0,0
20260620,BGH,pp,1,0,0,0,0
20260705,BGH,pp,5,0,0,0,0
20260625,BGH,pp,2,0,0,0,0
20260907,BGH,cod,1,0,0,0,0
20260630,BGH,pp,2,0,0,0,0
20260623,BGH,pp,1,0,0,0,0
20260704,BGH,pp,17,0,0,0,0
20260603,BGH,pp,1,0,0,0,0
20260430,BGH,pp,1,0,0,0,0
20260606,BGH,pp,1,0,0,0,0
20260706,BGH,pp,20,0,0,0,0
20260709,BGH,cod,1,1,1,0,0
20261002,BGH,cod,1,1,0,1,0
20260810,BGH,cod,1,1,0,0,1
20260911,BGH,cod,1,1,0,0,1
20260707,BGH,cod,1,1,0,0,1
20260804,BGH,cod,1,1,0,1,0
20260729,BGH,cod,1,1,0,1,0
20260801,BGH,cod,1,1,1,0,0
20260714,BGH,cod,2,1,1,0,0
20260825,BGH,cod,1,1,0,1,0
20260830,BGH,cod,1,1,0,0,1
20260715,BGH,cod,2,1,0,1,0
20260721,BGH,cod,2,1,1,0,0
20260730,BGH,cod,1,1,0,1,0
20260713,BGH,cod,1,1,0,1,0
20260920,BGH,cod,1,1,0,0,1
20260921,BGH,cod,2,1,0,1,0
20260917,BGH,cod,2,1,0,1,0
20260731,BGH,cod,2,1,1,0,0
20260815,BGH,cod,1,1,0,0,1
20260925,BGH,cod,3,1,1,0,0
20260824,BGH,cod,1,1,1,0,0
20260807,BGH,cod,1,1,1,0,0
20260711,BGH,cod,2,1,0,0,1
20260821,BGH,cod,2,2,0,1,1
20260905,BGH,cod,2,2,0,0,2
20260806,BGH,cod,5,2,2,0,0
20260826,BGH,cod,3,2,0,2,0
20260829,BGH,cod,2,2,1,0,1
20261001,BGH,cod,2,2,1,0,1
20260916,BGH,cod,2,2,1,1,0
20260814,BGH,cod,2,2,1,0,1
20260813,BGH,cod,3,2,0,1,1
20260919,BGH,cod,2,2,2,0,0
20260930,BGH,cod,4,2,0,2,0
20260710,BGH,cod,2,2,2,0,0
20260811,BGH,cod,2,2,2,0,0
20260820,BGH,cod,2,2,1,1,0
20260922,BGH,cod,4,2,1,0,1
20260913,BGH,pp,4,2,0,0,2
20260918,BGH,cod,3,2,1,1,0
20261003,BGH,cod,3,2,2,0,0
20260901,BGH,cod,2,2,1,1,0
20260812,BGH,cod,2,2,0,2,0
20260822,BGH,cod,2,2,2,0,0
20260903,BGH,cod,2,2,0,2,0
20260906,BGH,pp,3,3,0,2,1
20260817,BGH,cod,3,3,0,0,3
20260928,BGH,cod,7,3,0,2,1
20260828,BGH,pp,7,3,0,3,0
20260827,BGH,cod,3,3,1,0,2
20260809,BGH,pp,4,3,0,1,2
20260920,BGH,pp,4,3,0,3,0
20260818,BGH,cod,3,3,2,1,0
20260805,BGH,cod,4,3,1,0,2
20260802,BGH,pp,3,3,2,1,0
20260926,BGH,cod,3,3,2,0,1
20260902,BGH,cod,4,4,0,4,0
20260929,BGH,cod,4,4,2,1,1
20260808,BGH,cod,4,4,1,0,3
20260914,BGH,pp,4,4,2,1,1
20260726,BGH,pp,4,4,2,1,1
20260728,BGH,cod,4,4,4,0,0
20260923,BGH,cod,4,4,2,0,2
20260924,BGH,cod,5,5,3,0,2
20260909,BGH,cod,6,5,5,0,0
20260816,BGH,pp,7,5,5,0,0
20260719,BGH,pp,6,6,4,2,0
20261003,BGH,pp,17,6,4,2,0
20260720,BGH,pp,15,6,3,3,0
20260915,BGH,pp,14,8,1,7,0
20260712,BGH,pp,9,8,2,4,2
20260716,BGH,pp,20,9,2,7,0
20260829,BGH,pp,12,9,3,2,4
20260830,BGH,pp,12,9,1,4,4
20260927,BGH,pp,12,10,1,7,2
20260714,BGH,pp,14,10,2,4,4
20260713,BGH,pp,20,10,3,3,4
20260912,BGH,pp,11,10,4,3,3
20260924,BGH,pp,29,11,5,5,1
20260815,BGH,pp,15,11,1,1,9
20260903,BGH,pp,18,11,3,3,5
20260926,BGH,pp,16,12,3,3,6
20261002,BGH,pp,14,12,2,7,3
20260917,BGH,pp,19,12,5,3,4
20260707,BGH,pp,14,12,3,3,6
20260823,BGH,pp,17,12,8,2,2
20260925,BGH,pp,15,12,4,4,4
20260904,BGH,pp,19,12,5,4,3
20260905,BGH,pp,17,13,5,2,6
20260730,BGH,pp,22,13,7,4,2
20260923,BGH,pp,18,15,9,4,2
20260918,BGH,pp,23,15,5,9,1
20260921,BGH,pp,29,15,3,8,4
20260711,BGH,pp,21,15,5,3,7
20260820,BGH,pp,22,15,5,7,3
20260731,BGH,pp,20,16,5,8,3
20260723,BGH,pp,22,16,5,7,4
20260930,BGH,pp,28,16,6,5,5
20260725,BGH,pp,19,16,5,4,7
20260801,BGH,pp,22,17,13,0,4
20260916,BGH,pp,20,17,8,5,4
20260911,BGH,pp,19,17,6,9,2
20260825,BGH,pp,24,17,6,6,5
20260814,BGH,pp,25,18,8,5,5
20260718,BGH,pp,20,18,11,2,5
20260929,BGH,pp,27,19,5,9,5
20260717,BGH,pp,29,19,9,7,3
20260728,BGH,pp,25,19,8,7,4
20260724,BGH,pp,27,19,10,8,1
20260807,BGH,pp,26,19,8,6,5
20260729,BGH,pp,23,20,8,10,2
20260827,BGH,pp,31,20,8,1,11
20260901,BGH,pp,24,20,7,13,0
20260727,BGH,pp,25,21,9,11,1
20260722,BGH,pp,28,21,9,11,1
20260805,BGH,pp,31,21,8,11,2
20260710,BGH,pp,23,21,9,9,3
20261001,BGH,pp,29,21,10,9,2
20260715,BGH,pp,29,21,7,8,6
20260824,BGH,pp,35,21,1,16,4
20260907,BGH,pp,28,22,12,6,4
20260922,BGH,pp,28,22,8,9,5
20260822,BGH,pp,26,22,12,4,6
20260919,BGH,pp,31,23,10,2,11
20260709,BGH,pp,28,23,10,12,1
20260909,BGH,pp,31,23,14,5,4
20260708,BGH,pp,29,23,8,7,8
20260808,BGH,pp,29,23,10,8,5
20260910,BGH,pp,31,24,11,9,4
20260826,BGH,pp,37,25,12,9,4
20260810,BGH,pp,38,25,13,5,7
20260928,BGH,pp,35,25,6,7,12
20260804,BGH,pp,41,25,12,9,4
20260812,BGH,pp,32,26,9,11,6
20260806,BGH,pp,32,26,9,13,4
20260902,BGH,pp,38,26,15,5,6
20260818,BGH,pp,43,27,8,16,3
20260721,BGH,pp,38,27,8,16,3
20260817,BGH,pp,41,28,6,12,10
20260819,BGH,pp,43,29,12,9,8
20260821,BGH,pp,41,29,13,11,5
20260813,BGH,pp,35,29,18,8,3
20260803,BGH,pp,38,30,6,18,6
20260908,BGH,pp,37,31,8,7,16
20260831,BGH,pp,41,36,18,11,7
20260811,BGH,pp,83,76,9,52,15
20260623,BHH,cod,4,0,0,0,0
20260524,BHH,cod,1,0,0,0,0
20261005,BHH,pp,5,0,0,0,0
20261005,BHH,cod,16,0,0,0,0
20260516,BHH,pp,1,0,0,0,0
20260606,BHH,cod,1,0,0,0,0
20260705,BHH,pp,9,0,0,0,0
20260630,BHH,cod,4,0,0,0,0
20260704,BHH,pp,19,0,0,0,0
20260311,BHH,cod,1,0,0,0,0
20260702,BHH,pp,1,0,0,0,0
20260328,BHH,pp,1,0,0,0,0
20260626,BHH,cod,1,0,0,0,0
20260529,BHH,cod,1,0,0,0,0
20260705,BHH,cod,28,0,0,0,0
20260613,BHH,cod,1,0,0,0,0
20260629,BHH,cod,7,0,0,0,0
20260628,BHH,cod,4,0,0,0,0
20260622,BHH,cod,3,0,0,0,0
20260627,BHH,pp,1,0,0,0,0
20260701,BHH,pp,4,0,0,0,0
20260612,BHH,cod,1,0,0,0,0
20260702,BHH,cod,13,0,0,0,0
20260630,BHH,pp,3,0,0,0,0
20260624,BHH,cod,2,0,0,0,0
20260625,BHH,cod,1,0,0,0,0
20260507,BHH,cod,1,0,0,0,0
20260603,BHH,cod,1,0,0,0,0
20260626,BHH,pp,1,0,0,0,0
20260704,BHH,cod,21,0,0,0,0
20260703,BHH,cod,17,0,0,0,0
20260627,BHH,cod,4,0,0,0,0
20260628,BHH,pp,1,0,0,0,0
20260701,BHH,cod,6,0,0,0,0
20260619,BHH,cod,1,0,0,0,0
20260610,BHH,cod,1,0,0,0,0
20260615,BHH,cod,1,0,0,0,0
20260609,BHH,cod,2,0,0,0,0
20260706,BHH,pp,9,0,0,0,0
20260703,BHH,pp,3,0,0,0,0
20260514,BHH,cod,1,0,0,0,0
20260504,BHH,pp,1,0,0,0,0
20260706,BHH,cod,19,0,0,0,0
20260804,BHH,cod,1,1,1,0,0
20260729,BHH,pp,2,1,0,1,0
20261004,BHH,pp,1,1,1,0,0
20260805,BHH,pp,1,1,1,0,0
20260802,BHH,pp,1,1,0,1,0
20260803,BHH,cod,4,2,1,1,0
20261004,BHH,cod,7,2,2,0,0
20261003,BHH,pp,2,2,1,1,0
20260710,BHH,pp,4,2,1,1,0
20260802,BHH,cod,3,2,0,2,0
20260729,BHH,cod,3,3,1,2,0
20260711,BHH,pp,6,3,2,1,0
20260922,BHH,pp,3,3,2,1,0
20260930,BHH,pp,3,3,1,2,0
20260923,BHH,pp,3,3,3,0,0
20260731,BHH,cod,4,4,0,4,0
20260918,BHH,pp,6,4,2,2,0
20260730,BHH,cod,4,4,2,2,0
20260901,BHH,pp,5,4,3,1,0
20260911,BHH,pp,8,5,2,3,0
20260914,BHH,pp,7,5,4,1,0
20260828,BHH,pp,5,5,3,0,2
20260801,BHH,pp,6,5,5,0,0
20260928,BHH,pp,6,6,4,2,0
20260908,BHH,pp,8,6,4,2,0
20260905,BHH,pp,10,7,1,6,0
20260721,BHH,pp,7,7,2,5,0
20260820,BHH,pp,8,8,4,3,1
20260709,BHH,pp,8,8,6,2,0
20260927,BHH,pp,9,8,8,0,0
20260817,BHH,pp,8,8,4,4,0
20260924,BHH,pp,8,8,2,6,0
20260920,BHH,pp,10,8,3,5,0
20260830,BHH,pp,8,8,0,8,0
20260925,BHH,pp,9,8,3,5,0
20260814,BHH,pp,9,9,4,5,0
20260818,BHH,pp,9,9,3,6,0
20260919,BHH,pp,11,9,7,1,1
20260915,BHH,pp,9,9,5,4,0
20260819,BHH,pp,10,9,5,4,0
20260719,BHH,pp,10,9,4,5,0
20260829,BHH,pp,9,9,3,0,6
20260926,BHH,pp,9,9,4,5,0
20260913,BHH,pp,11,9,0,9,0
20260806,BHH,pp,10,10,8,2,0
20261001,BHH,pp,11,10,4,6,0
20260929,BHH,pp,11,10,3,7,0
20261002,BHH,pp,10,10,7,3,0
20260722,BHH,pp,11,10,7,3,0
20260925,BHH,cod,11,10,3,7,0
20260708,BHH,pp,11,10,5,5,0
20260827,BHH,pp,10,10,6,4,0
20260825,BHH,pp,11,11,3,8,0
20260801,BHH,cod,12,11,11,0,0
20260810,BHH,pp,13,11,6,5,0
20260725,BHH,pp,11,11,8,3,0
20260923,BHH,cod,12,11,6,3,2
20260906,BHH,pp,13,12,3,9,0
20260805,BHH,cod,14,12,0,11,1
20260918,BHH,cod,12,12,8,3,1
20260707,BHH,pp,12,12,5,6,1
20260808,BHH,pp,12,12,9,3,0
20260912,BHH,pp,12,12,3,1,8
20260815,BHH,pp,12,12,4,7,1
20260921,BHH,pp,13,12,7,5,0
20260903,BHH,pp,12,12,6,6,0
20260922,BHH,cod,15,13,8,5,0
20260910,BHH,pp,13,13,6,7,0
20260816,BHH,pp,14,13,8,5,0
20260909,BHH,pp,13,13,6,7,0
20260826,BHH,pp,13,13,7,6,0
20260807,BHH,pp,13,13,6,6,1
20260928,BHH,cod,14,14,12,2,0
20261001,BHH,cod,15,14,4,10,0
20260718,BHH,pp,15,14,4,10,0
20260813,BHH,pp,15,14,10,4,0
20260921,BHH,cod,16,14,9,5,0
20260824,BHH,pp,14,14,10,4,0
20260822,BHH,pp,14,14,10,4,0
20260917,BHH,pp,15,15,10,5,0
20260907,BHH,pp,18,15,11,4,0
20260902,BHH,pp,15,15,3,11,1
20260720,BHH,pp,15,15,6,9,0
20260924,BHH,cod,16,15,11,4,0
20260821,BHH,pp,15,15,9,6,0
20260717,BHH,pp,17,16,7,9,0
20260811,BHH,pp,16,16,4,12,0
20260819,BHH,cod,20,16,3,13,0
20260930,BHH,cod,16,16,7,9,0
20260912,BHH,cod,17,17,10,1,6
20260917,BHH,cod,17,17,11,5,1
20260927,BHH,cod,20,17,15,2,0
20260715,BHH,pp,17,17,4,13,0
20260911,BHH,cod,19,18,10,8,0
20260920,BHH,cod,19,18,4,14,0
20260916,BHH,pp,22,18,9,9,0
20260929,BHH,cod,18,18,11,7,0
20260812,BHH,pp,18,18,14,4,0
20260820,BHH,cod,23,18,10,8,0
20261003,BHH,cod,18,18,6,12,0
20260728,BHH,pp,18,18,8,10,0
20260709,BHH,cod,23,18,3,15,0
20260926,BHH,cod,21,19,14,4,1
20260823,BHH,pp,19,19,6,13,0
20260904,BHH,pp,20,19,8,10,1
20260707,BHH,cod,20,20,7,13,0
20260915,BHH,cod,20,20,10,9,1
20260830,BHH,cod,21,20,0,20,0
20260726,BHH,pp,20,20,13,7,0
20260831,BHH,pp,22,21,9,12,0
20260724,BHH,pp,21,21,6,15,0
20260906,BHH,cod,21,21,8,11,2
20260713,BHH,pp,23,21,13,8,0
20260727,BHH,pp,22,22,8,14,0
20260905,BHH,cod,24,22,4,17,1
20260714,BHH,pp,23,23,13,10,0
20260723,BHH,pp,24,23,9,14,0
20260919,BHH,cod,25,23,17,6,0
20260827,BHH,cod,26,24,13,11,0
20260916,BHH,cod,25,24,19,4,1
20261002,BHH,cod,25,24,15,9,0
20260821,BHH,cod,29,26,11,15,0
20260809,BHH,pp,26,26,12,12,2
20260816,BHH,cod,28,26,19,7,0
20260716,BHH,pp,27,27,16,11,0
20260913,BHH,cod,29,27,4,23,0
20260818,BHH,cod,32,27,14,13,0
20260910,BHH,cod,29,28,13,14,1
20260711,BHH,cod,29,28,15,11,2
20260903,BHH,cod,32,29,14,14,1
20260710,BHH,cod,31,29,16,12,1
20260712,BHH,pp,29,29,7,22,0
20260826,BHH,cod,32,29,14,15,0
20260908,BHH,cod,31,30,18,12,0
20260822,BHH,cod,31,31,15,16,0
20260914,BHH,cod,32,31,16,15,0
20260824,BHH,cod,34,32,20,12,0
20260901,BHH,cod,32,32,27,5,0
20260829,BHH,cod,36,34,5,0,29
20260708,BHH,cod,37,35,11,23,1
20260831,BHH,cod,39,35,17,18,0
20260823,BHH,cod,36,35,17,18,0
20260817,BHH,cod,36,35,13,22,0
20260814,BHH,cod,35,35,19,15,1
20260825,BHH,cod,39,36,14,22,0
20260828,BHH,cod,40,36,19,5,12
20260909,BHH,cod,36,36,22,14,0
20260722,BHH,cod,38,38,18,19,1
20260728,BHH,cod,42,40,19,20,1
20260902,BHH,cod,42,40,7,32,1
20260721,BHH,cod,42,41,12,29,0
20260907,BHH,cod,41,41,32,9,0
20260720,BHH,cod,45,43,10,33,0
20260808,BHH,cod,44,43,25,18,0
20260904,BHH,cod,47,44,23,21,0
20260815,BHH,cod,46,45,15,30,0
20260813,BHH,cod,52,49,31,18,0
20260716,BHH,cod,50,49,17,32,0
20260723,BHH,cod,52,51,20,31,0
20260810,BHH,cod,52,51,21,30,0
20260812,BHH,cod,52,51,40,10,1
20260811,BHH,cod,51,51,23,28,0
20260718,BHH,cod,54,52,12,40,0
20260724,BHH,cod,55,53,10,42,1
20260717,BHH,cod,55,54,35,19,0
20260809,BHH,cod,54,54,23,30,1
20260807,BHH,cod,54,54,29,25,0
20260725,BHH,cod,60,57,32,25,0
20260806,BHH,cod,57,57,32,25,0
20260719,BHH,cod,58,57,18,39,0
20260727,BHH,cod,62,62,9,53,0
20260726,BHH,cod,68,66,35,31,0
20260714,BHH,cod,74,72,35,37,0
20260715,BHH,cod,80,78,30,47,1
20260713,BHH,cod,78,78,47,31,0
20260712,BHH,cod,93,92,33,58,1
20261005,BHO,cod,1,0,0,0,0
20260703,BHO,pp,1,0,0,0,0
20260710,BHO,pp,1,1,1,0,0
20260918,BHO,pp,1,1,0,1,0
20260708,BHO,pp,1,1,1,0,0
20260929,BHO,pp,1,1,0,1,0
20261001,BHO,cod,1,1,1,0,0
20260818,BHO,cod,1,1,0,1,0
20260906,BHO,pp,1,1,0,0,1
20260908,BHO,pp,1,1,1,0,0
20260817,BHO,pp,1,1,0,1,0
20260929,BHO,cod,2,2,0,2,0
20260709,BHO,cod,3,2,0,2,0
20260709,BHO,pp,2,2,0,2,0
20261001,BHO,pp,3,3,2,0,1
20261002,BHO,pp,3,3,0,3,0
20260930,BHO,pp,5,5,3,2,0
20260812,BNH,pp,1,0,0,0,0
20260812,BNH,cod,1,1,1,0,0
20260903,BNH,cod,1,1,0,1,0
20260926,BNH,cod,2,2,2,0,0
20260804,BNH,cod,4,2,0,2,0
20260914,BNH,cod,5,5,0,5,0
20260909,BNH,cod,5,5,5,0,0
20260911,BNH,cod,10,10,10,0,0
20260919,BNH,cod,13,13,0,0,13
20260908,BNH,cod,16,15,15,0,0
20260928,BNH,cod,20,20,0,20,0
20260921,BNH,cod,27,27,0,27,0
20260912,BNH,cod,30,30,30,0,0
20260804,BNH,pp,77,46,0,45,1
20260910,BNH,cod,48,48,38,10,0
20260807,BNH,cod,49,49,0,39,10
20260806,BNH,cod,60,60,0,60,0
20260915,BNH,cod,67,67,0,67,0
20260805,BNH,cod,107,107,0,107,0
20260922,BRS,pp,1,0,0,0,0
20260621,BSS,cod,7,0,0,0,0
20260620,BSS,cod,20,0,0,0,0
20260702,BSS,cod,349,0,0,0,0
20260628,BSS,cod,28,0,0,0,0
20260622,BSS,cod,45,0,0,0,0
20260611,BSS,cod,2,0,0,0,0
20260618,BSS,cod,45,0,0,0,0
20260629,BSS,pp,15,0,0,0,0
20260612,BSS,cod,1,0,0,0,0
20260626,BSS,pp,4,0,0,0,0
20260701,BSS,cod,350,0,0,0,0
20260613,BSS,cod,5,0,0,0,0
20260619,BSS,cod,17,0,0,0,0
20260706,BSS,pp,62,0,0,0,0
20260705,BSS,cod,70,0,0,0,0
20260624,BSS,cod,112,0,0,0,0
20260617,BSS,cod,17,0,0,0,0
20260629,BSS,cod,237,0,0,0,0
20260610,BSS,cod,2,0,0,0,0
20260630,BSS,pp,42,0,0,0,0
20261005,BSS,pp,273,0,0,0,0
20260615,BSS,cod,14,0,0,0,0
20260627,BSS,pp,8,0,0,0,0
20261005,BSS,cod,685,0,0,0,0
20260630,BSS,cod,256,0,0,0,0
20260702,BSS,pp,39,0,0,0,0
20260705,BSS,pp,19,0,0,0,0
20260701,BSS,pp,58,0,0,0,0
20260609,BSS,cod,1,0,0,0,0
20260627,BSS,cod,131,0,0,0,0
20260519,BSS,cod,1,0,0,0,0
20260626,BSS,cod,156,0,0,0,0
20260616,BSS,cod,11,0,0,0,0
20260606,BSS,cod,1,0,0,0,0
20260704,BSS,pp,59,0,0,0,0
20260703,BSS,cod,355,0,0,0,0
20260623,BSS,cod,64,0,0,0,0
20260625,BSS,cod,117,0,0,0,0
20260703,BSS,pp,50,0,0,0,0
20260625,BSS,pp,2,0,0,0,0
20260706,BSS,cod,481,0,0,0,0
20260624,BSS,pp,6,0,0,0,0
20260704,BSS,cod,352,0,0,0,0
20261004,BSS,cod,168,3,3,0,0
20261004,BSS,pp,26,3,3,0,0
20260823,BSS,pp,19,19,1,0,18
20260906,BSS,pp,26,26,3,16,7
20260712,BSS,pp,38,27,0,11,16
20260719,BSS,pp,34,27,4,14,9
20260927,BSS,pp,28,28,3,20,5
20260809,BSS,pp,29,29,0,22,7
20260815,BSS,pp,34,30,3,3,24
20261002,BSS,pp,45,33,20,13,0
20260726,BSS,pp,36,35,3,24,8
20260816,BSS,pp,37,37,0,27,10
20260802,BSS,pp,47,46,0,31,15
20260920,BSS,pp,47,47,0,27,20
20260913,BSS,pp,56,54,12,32,10
20260830,BSS,pp,74,73,0,20,53
20260719,BSS,cod,82,74,8,33,33
20260823,BSS,cod,78,77,0,28,49
20260815,BSS,cod,92,88,23,0,65
20260802,BSS,cod,104,99,1,61,37
20260720,BSS,pp,123,100,48,32,20
20260713,BSS,pp,127,101,41,42,18
20260717,BSS,pp,120,101,51,29,21
20260715,BSS,pp,117,101,56,25,20
20260906,BSS,cod,105,105,3,44,58
20260707,BSS,pp,121,111,52,30,29
20260708,BSS,pp,126,113,53,46,14
20260718,BSS,pp,149,116,45,11,60
20260716,BSS,pp,153,120,62,33,25
20260712,BSS,cod,159,122,4,63,55
20260714,BSS,pp,123,123,53,44,26
20260809,BSS,cod,126,125,4,59,62
20260721,BSS,pp,159,135,75,46,14
20260711,BSS,pp,154,146,40,49,57
20260709,BSS,pp,165,147,49,71,27
20260726,BSS,cod,153,152,4,92,56
20260710,BSS,pp,187,157,57,72,28
20261003,BSS,pp,310,163,150,13,0
20260722,BSS,pp,209,173,100,53,20
20261002,BSS,cod,219,175,85,89,1
20260927,BSS,cod,176,175,18,106,51
20260816,BSS,cod,183,181,17,92,72
20260830,BSS,cod,186,186,11,119,56
20260913,BSS,cod,192,191,12,134,45
20260920,BSS,cod,215,212,4,121,87
20260728,BSS,pp,243,212,127,73,12
20260803,BSS,pp,224,222,106,93,23
20260723,BSS,pp,280,230,154,69,7
20260807,BSS,pp,244,231,151,38,42
20260801,BSS,pp,264,240,148,8,84
20260828,BSS,pp,249,246,157,62,27
20260730,BSS,pp,289,259,148,74,37
20260805,BSS,pp,267,260,165,80,15
20260727,BSS,pp,266,265,149,79,37
20260930,BSS,pp,335,268,187,52,29
20260822,BSS,pp,295,275,224,8,43
20261003,BSS,cod,633,275,246,29,0
20260916,BSS,pp,297,276,148,74,54
20260811,BSS,pp,298,279,225,47,7
20260928,BSS,pp,289,280,162,101,17
20260729,BSS,pp,306,284,169,61,54
20260926,BSS,pp,310,287,194,27,66
20260925,BSS,pp,301,288,147,129,12
20260915,BSS,pp,306,288,176,87,25
20260810,BSS,pp,311,295,201,49,45
20260828,BSS,cod,300,296,108,114,74
20260922,BSS,pp,298,296,147,128,21
20260804,BSS,pp,321,298,211,60,27
20260821,BSS,pp,372,301,251,42,8
20260725,BSS,pp,315,304,246,1,57
20260724,BSS,pp,311,307,191,92,24
20261001,BSS,pp,369,307,184,26,97
20260821,BSS,cod,324,308,179,90,39
20260801,BSS,cod,317,311,129,21,161
20260929,BSS,pp,342,311,246,51,14
20260923,BSS,pp,327,316,155,109,52
20260822,BSS,cod,332,318,174,14,130
20260919,BSS,pp,353,337,193,24,120
20260731,BSS,pp,341,339,173,142,24
20260812,BSS,pp,352,340,266,52,22
20260829,BSS,pp,368,345,232,60,53
20260918,BSS,pp,365,350,166,125,59
20260917,BSS,pp,361,350,185,132,33
20260921,BSS,pp,360,351,160,145,46
20260824,BSS,cod,365,353,160,95,98
20260817,BSS,pp,375,362,163,154,45
20260814,BSS,pp,383,372,275,24,73
20260825,BSS,pp,395,376,286,62,28
20260914,BSS,pp,382,381,244,104,33
20260820,BSS,pp,404,382,294,73,15
20260729,BSS,cod,420,394,147,106,141
20260717,BSS,cod,471,401,190,136,75
20260819,BSS,pp,442,403,291,68,44
20260911,BSS,pp,403,403,225,114,64
20260818,BSS,pp,468,410,222,162,26
20260813,BSS,pp,424,414,238,123,53
20260806,BSS,pp,467,428,343,67,18
20260725,BSS,cod,437,429,190,28,211
20260912,BSS,pp,456,430,245,113,72
20260831,BSS,pp,475,432,327,62,43
20260710,BSS,cod,500,436,192,139,105
20260824,BSS,pp,440,439,220,204,15
20260728,BSS,cod,448,442,185,176,81
20260827,BSS,pp,497,442,275,119,48
20260827,BSS,cod,456,444,151,183,110
20260808,BSS,pp,454,451,329,12,110
20260825,BSS,cod,477,451,116,240,95
20260721,BSS,cod,529,453,225,134,94
20260901,BSS,pp,472,453,341,76,36
20260826,BSS,pp,510,456,278,147,31
20260905,BSS,cod,467,459,163,24,272
20260722,BSS,cod,541,464,211,156,97
20260808,BSS,cod,484,464,134,11,319
20260730,BSS,cod,493,468,196,86,186
20260723,BSS,cod,563,472,245,162,65
20260720,BSS,cod,543,472,216,166,90
20260908,BSS,cod,483,477,137,241,99
20260814,BSS,cod,506,479,139,17,323
20260910,BSS,pp,490,481,313,128,40
20260903,BSS,pp,523,484,338,124,22
20260901,BSS,cod,512,488,202,147,139
20260818,BSS,cod,505,491,178,163,150
20260926,BSS,cod,505,491,188,66,237
20260727,BSS,cod,522,494,222,149,123
20260904,BSS,cod,506,494,129,256,109
20260811,BSS,cod,516,497,184,250,63
20260902,BSS,pp,524,503,368,104,31
20260925,BSS,cod,517,504,144,277,83
20260718,BSS,cod,594,513,233,45,235
20260911,BSS,cod,523,516,165,213,138
20260929,BSS,cod,536,518,190,250,78
20260914,BSS,cod,528,521,167,287,67
20260812,BSS,cod,533,523,197,259,67
20260904,BSS,pp,559,525,342,142,41
20260903,BSS,cod,530,526,161,231,134
20260731,BSS,cod,543,530,198,220,112
20260905,BSS,pp,616,531,363,8,160
20260810,BSS,cod,549,533,225,200,108
20260715,BSS,cod,568,542,211,253,78
20260805,BSS,cod,560,543,207,286,50
20260909,BSS,pp,585,547,391,129,27
20260708,BSS,cod,615,549,192,193,164
20260912,BSS,cod,553,549,206,115,228
20260803,BSS,cod,566,550,193,235,122
20260804,BSS,cod,573,552,224,252,76
20260819,BSS,cod,597,554,202,227,125
20260902,BSS,cod,573,556,180,226,150
20260711,BSS,cod,594,558,264,45,249
20260714,BSS,cod,582,562,254,268,40
20260918,BSS,cod,573,565,217,225,123
20260928,BSS,cod,603,567,182,316,69
20260826,BSS,cod,589,574,221,243,110
20260915,BSS,cod,602,585,250,228,107
20260817,BSS,cod,613,586,126,304,156
20260724,BSS,cod,613,587,206,305,76
20260716,BSS,cod,637,588,272,220,96
20261001,BSS,cod,713,594,203,80,311
20260829,BSS,cod,612,598,189,147,262
20260919,BSS,cod,620,607,231,79,297
20260707,BSS,cod,642,607,199,215,193
20260907,BSS,pp,635,609,404,129,76
20260924,BSS,pp,631,612,315,217,80
20260921,BSS,cod,628,616,201,286,129
20260922,BSS,cod,624,616,192,332,92
20260807,BSS,cod,641,620,183,286,151
20260713,BSS,cod,681,623,264,253,106
20260930,BSS,cod,654,624,186,286,152
20260907,BSS,cod,644,631,150,260,221
20260820,BSS,cod,659,641,270,233,138
20260908,BSS,pp,658,643,411,193,39
20260709,BSS,cod,695,649,147,378,124
20260916,BSS,cod,681,651,204,274,173
20260813,BSS,cod,692,669,222,268,179
20260831,BSS,cod,703,673,217,241,215
20260806,BSS,cod,709,681,268,304,109
20260909,BSS,cod,711,697,244,336,117
20260923,BSS,cod,791,766,253,302,211
20260910,BSS,cod,788,774,217,359,198
20260917,BSS,cod,793,779,269,391,119
20260924,BSS,cod,859,850,225,409,216
20261001,BUT,cod,1,0,0,0,0
20261003,BUT,cod,2,0,0,0,0
20260706,BUT,pp,1,0,0,0,0
20260831,BUT,pp,1,1,0,1,0
20260924,BUT,cod,1,1,1,0,0
20260814,BUT,cod,1,1,1,0,0
20260904,BUT,cod,1,1,0,0,1
20260708,BUT,cod,1,1,1,0,0
20260827,BUT,pp,1,1,0,1,0
20260903,BUT,cod,1,1,1,0,0
20260929,BUT,cod,1,1,1,0,0
20260928,BUT,cod,2,2,0,0,2
20260721,BUT,cod,2,2,2,0,0
20260902,BUT,cod,5,5,0,2,3
20260704,CFP,pp,3,0,0,0,0
20260731,CFP,pp,1,0,0,0,0
20260816,CFP,pp,3,0,0,0,0
20260826,CFP,pp,1,0,0,0,0
20260821,CFP,pp,3,0,0,0,0
20260811,CFP,pp,4,0,0,0,0
20260819,CFP,pp,5,0,0,0,0
20260822,CFP,pp,6,0,0,0,0
20260814,CFP,pp,1,0,0,0,0
20260813,CFP,pp,3,0,0,0,0
20260613,CFP,pp,1,0,0,0,0
20260827,CFP,pp,3,0,0,0,0
20260817,CFP,pp,4,0,0,0,0
20260825,CFP,pp,1,0,0,0,0
20260811,CFP,cod,1,0,0,0,0
20260824,CFP,pp,14,0,0,0,0
20260629,CFP,pp,1,0,0,0,0
20260703,CFP,pp,7,0,0,0,0
20260812,CFP,pp,3,0,0,0,0
20260820,CFP,pp,3,0,0,0,0
20260727,CFP,cod,1,0,0,0,0
20260818,CFP,pp,2,0,0,0,0
20260804,CFP,pp,2,1,1,0,0
20260801,CFP,pp,1,1,1,0,0
20260715,CFP,pp,1,1,1,0,0
20260808,CFP,pp,4,1,0,0,1
20260710,CFP,pp,1,1,1,0,0
20260728,CFP,pp,2,2,2,0,0
20260711,CFP,pp,2,2,2,0,0
20260730,CFP,pp,2,2,2,0,0
20260714,CFP,pp,2,2,2,0,0
20260729,CFP,pp,2,2,2,0,0
20260713,CFP,pp,3,3,3,0,0
20260805,CFP,pp,3,3,3,0,0
20260810,CFP,pp,6,3,3,0,0
20260723,CFP,pp,4,4,4,0,0
20260809,CFP,pp,6,5,0,5,0
20260807,CFP,pp,7,6,6,0,0
20260716,CFP,pp,17,7,0,7,0
20260727,CFP,pp,14,8,8,0,0
20260724,CFP,pp,12,11,11,0,0
20260526,COM,pp,2,0,0,0,0
20260529,COM,pp,3,0,0,0,0
20261005,COM,pp,9,0,0,0,0
20260601,COM,pp,1,0,0,0,0
20260528,COM,pp,6,0,0,0,0
20260530,COM,pp,1,0,0,0,0
20260719,COM,pp,2,1,1,0,0
20260927,COM,pp,2,2,0,2,0
20260911,COM,pp,2,2,2,0,0
20260723,COM,pp,2,2,2,0,0
20260722,COM,pp,2,2,2,0,0
20260727,COM,pp,2,2,0,2,0
20260913,COM,pp,2,2,0,0,2
20260910,COM,pp,3,3,2,1,0
20260902,COM,pp,3,3,3,0,0
20260926,COM,pp,3,3,2,0,1
20260830,COM,pp,3,3,0,3,0
20261004,COM,pp,4,3,3,0,0
20260918,COM,pp,3,3,3,0,0
20261001,COM,pp,4,4,4,0,0
20260917,COM,pp,4,4,4,0,0
20260912,COM,pp,5,5,5,0,0
20260929,COM,pp,5,5,0,5,0
20260905,COM,pp,5,5,5,0,0
20260923,COM,pp,5,5,4,1,0
20260903,COM,pp,6,5,4,1,0
20260925,COM,pp,6,6,0,6,0
20260916,COM,pp,6,6,5,1,0
20260901,COM,pp,6,6,5,1,0
20260921,COM,pp,6,6,5,1,0
20260828,COM,pp,6,6,6,0,0
20260908,COM,pp,6,6,1,5,0
20260823,COM,pp,7,7,0,7,0
20260919,COM,pp,7,7,6,1,0
20260909,COM,pp,7,7,3,4,0
20260814,COM,pp,10,7,7,0,0
20260924,COM,pp,7,7,6,0,1
20261003,COM,pp,7,7,4,3,0
20260827,COM,pp,7,7,7,0,0
20260813,COM,pp,7,7,7,0,0
20260930,COM,pp,9,9,9,0,0
20260819,COM,pp,21,11,4,5,2
20260818,COM,pp,13,11,4,6,1
20260822,COM,pp,11,11,10,1,0
20260915,COM,pp,11,11,4,7,0
20260904,COM,pp,11,11,11,0,0
20260928,COM,pp,11,11,6,0,5
20260829,COM,pp,12,12,12,0,0
20260907,COM,pp,12,12,10,2,0
20260831,COM,pp,15,15,5,10,0
20260816,COM,pp,15,15,13,2,0
20260826,COM,pp,16,16,16,0,0
20260825,COM,pp,17,17,17,0,0
20260922,COM,pp,21,21,17,4,0
20260817,COM,pp,21,21,8,11,2
20260821,COM,pp,21,21,14,7,0
20260824,COM,pp,32,31,28,2,1
20260820,COM,pp,32,32,21,9,2
20260919,CPC,pp,1,0,0,0,0
20261005,CRL,pp,3,0,0,0,0
20260810,CRL,pp,1,0,0,0,0
20260805,CRL,cod,1,0,0,0,0
20260811,CRL,pp,1,1,0,1,0
20260819,CRL,pp,1,1,1,0,0
20260831,CRL,pp,1,1,0,1,0
20260911,CRL,pp,1,1,0,1,0
20260914,CRL,pp,1,1,1,0,0
20260818,CRL,pp,1,1,0,1,0
20260915,CRL,pp,1,1,1,0,0
20261002,CRL,pp,5,1,0,1,0
20260902,CRL,pp,1,1,0,1,0
20260825,CRL,pp,4,2,0,2,0
20260918,CRL,pp,2,2,0,2,0
20260805,CRL,pp,2,2,0,2,0
20260812,CRL,pp,2,2,0,2,0
20260930,CRL,pp,3,3,3,0,0
20260922,CRL,pp,7,4,0,4,0
20260830,CRL,pp,10,4,0,2,2
20260907,CRL,pp,10,7,5,2,0
20260824,CRL,pp,14,13,1,12,0
20260712,CRO,pp,4,0,0,0,0
20260703,CRO,pp,2,0,0,0,0
20260713,CRO,pp,1,0,0,0,0
20260815,CRO,pp,7,0,0,0,0
20260831,CRO,pp,4,0,0,0,0
20260911,CRO,pp,3,0,0,0,0
20260710,CRO,pp,1,0,0,0,0
20260927,CRO,pp,2,0,0,0,0
20260806,CRO,pp,2,0,0,0,0
20260929,CRO,pp,1,0,0,0,0
20260909,CRO,pp,1,0,0,0,0
20260611,CRO,pp,1,0,0,0,0
20260816,CRO,pp,1,0,0,0,0
20260709,CRO,pp,17,0,0,0,0
20260731,CRO,pp,2,0,0,0,0
20260901,CRO,pp,1,0,0,0,0
20260727,CRO,pp,1,0,0,0,0
20260818,CRO,pp,4,0,0,0,0
20260814,CRO,pp,9,0,0,0,0
20260708,CRO,pp,4,0,0,0,0
20260728,CRO,pp,2,0,0,0,0
20260908,CRO,pp,2,0,0,0,0
20260717,CRO,pp,1,0,0,0,0
20260926,CRO,pp,1,0,0,0,0
20260726,CRO,pp,7,0,0,0,0
20260721,CRO,pp,2,0,0,0,0
20260916,CRO,pp,1,0,0,0,0
20260730,CRO,pp,1,0,0,0,0
20260825,CRO,pp,1,0,0,0,0
20260824,CRO,pp,1,0,0,0,0
20260724,CRO,pp,7,0,0,0,0
20260821,CRO,pp,2,0,0,0,0
20261005,CRO,pp,1,0,0,0,0
20260817,CRO,pp,5,1,1,0,0
20260819,CRO,pp,3,2,2,0,0
20260707,CRO,pp,3,2,0,2,0
20260725,CRO,pp,15,5,5,0,0
20260605,CUH,pp,1,0,0,0,0
20261005,CUH,pp,12,0,0,0,0
20260511,CUH,cod,1,0,0,0,0
20260528,CUH,pp,1,0,0,0,0
20260723,CUH,cod,1,0,0,0,0
20260526,CUH,pp,1,0,0,0,0
20261004,CUH,cod,1,1,1,0,0
20260909,CUH,cod,1,1,1,0,0
20260829,CUH,cod,1,1,1,0,0
20260925,CUH,cod,1,1,1,0,0
20260911,CUH,cod,1,1,1,0,0
20260918,CUH,cod,1,1,1,0,0
20260923,CUH,cod,1,1,1,0,0
20260823,CUH,cod,1,1,1,0,0
20260730,CUH,cod,1,1,1,0,0
20260928,CUH,cod,1,1,1,0,0
20260822,CUH,cod,1,1,1,0,0
20260919,CUH,cod,1,1,1,0,0
20260904,CUH,cod,1,1,1,0,0
20260819,CUH,cod,1,1,1,0,0
20260821,CUH,cod,1,1,1,0,0
20260830,CUH,cod,2,2,2,0,0
20260915,CUH,pp,2,2,2,0,0
20260908,CUH,cod,2,2,2,0,0
20260801,CUH,cod,3,2,2,0,0
20260820,CUH,cod,2,2,2,0,0
20260929,CUH,cod,2,2,2,0,0
20260824,CUH,cod,2,2,2,0,0
20260920,CUH,cod,2,2,2,0,0
20260927,CUH,cod,2,2,2,0,0
20260901,CUH,cod,3,3,3,0,0
20260827,CUH,cod,4,3,3,0,0
20260802,CUH,cod,3,3,3,0,0
20260805,CUH,cod,3,3,3,0,0
20260926,CUH,cod,3,3,3,0,0
20260804,CUH,cod,3,3,3,0,0
20260917,CUH,cod,3,3,3,0,0
20260828,CUH,cod,3,3,3,0,0
20260922,CUH,cod,3,3,3,0,0
20260903,CUH,cod,4,4,4,0,0
20260726,CUH,cod,4,4,4,0,0
20260902,CUH,cod,4,4,4,0,0
20260905,CUH,cod,4,4,4,0,0
20260907,CUH,cod,4,4,4,0,0
20260724,CUH,cod,4,4,4,0,0
20260924,CUH,cod,5,5,5,0,0
20260729,CUH,cod,5,5,5,0,0
20260921,CUH,cod,5,5,5,0,0
20260725,CUH,cod,6,6,6,0,0
20260808,CUH,cod,6,6,6,0,0
20260731,CUH,cod,6,6,3,2,1
20260831,CUH,cod,6,6,6,0,0
20260930,CUH,cod,6,6,5,1,0
20260807,CUH,cod,6,6,6,0,0
20260803,CUH,cod,7,6,5,1,0
20260728,CUH,cod,7,7,7,0,0
20260727,CUH,cod,7,7,7,0,0
20260812,CUH,cod,7,7,7,0,0
20260909,CUH,pp,8,8,8,0,0
20260901,CUH,pp,8,8,8,0,0
20260820,CUH,pp,8,8,8,0,0
20261004,CUH,pp,8,8,8,0,0
20260819,CUH,pp,8,8,8,0,0
20260806,CUH,cod,8,8,8,0,0
20260905,CUH,pp,9,9,9,0,0
20261002,CUH,pp,9,9,9,0,0
20260912,CUH,pp,9,9,9,0,0
20260810,CUH,cod,10,10,9,1,0
20260823,CUH,pp,10,10,10,0,0
20260902,CUH,pp,10,10,10,0,0
20260811,CUH,cod,11,10,10,0,0
20260821,CUH,pp,11,11,11,0,0
20260828,CUH,pp,11,11,10,1,0
20260830,CUH,pp,11,11,11,0,0
20260827,CUH,pp,11,11,11,0,0
20260822,CUH,pp,12,12,12,0,0
20260824,CUH,pp,12,12,12,0,0
20260829,CUH,pp,12,12,12,0,0
20260825,CUH,pp,12,12,11,1,0
20260903,CUH,pp,13,13,12,1,0
20260809,CUH,cod,13,13,13,0,0
20260913,CUH,pp,14,14,14,0,0
20260907,CUH,pp,14,14,14,0,0
20260914,CUH,pp,14,14,13,1,0
20260826,CUH,pp,14,14,13,0,1
20260911,CUH,pp,14,14,14,0,0
20260904,CUH,pp,15,15,15,0,0
20260906,CUH,pp,15,15,15,0,0
20260910,CUH,pp,16,16,16,0,0
20261003,CUH,pp,17,17,17,0,0
20260831,CUH,pp,17,17,13,4,0
20260908,CUH,pp,17,17,17,0,0
20261001,CUH,pp,20,20,20,0,0
20260916,CUH,pp,22,21,21,0,0
20260801,CUH,pp,39,37,37,0,0
20260726,CUH,pp,42,41,41,0,0
20260805,CUH,pp,42,41,41,0,0
20260727,CUH,pp,44,42,41,1,0
20260917,CUH,pp,42,42,42,0,0
20260806,CUH,pp,44,43,42,0,1
20260723,CUH,pp,43,43,41,2,0
20260724,CUH,pp,46,45,43,2,0
20260929,CUH,pp,47,47,47,0,0
20260728,CUH,pp,49,48,47,1,0
20260804,CUH,pp,48,48,48,0,0
20260918,CUH,pp,49,49,49,0,0
20260807,CUH,pp,50,49,48,1,0
20260919,CUH,pp,51,51,51,0,0
20260802,CUH,pp,57,56,54,2,0
20260725,CUH,pp,60,56,55,0,1
20260803,CUH,pp,60,59,58,1,0
20260809,CUH,pp,62,62,62,0,0
20260730,CUH,pp,66,64,62,2,0
20260812,CUH,pp,65,65,65,0,0
20260729,CUH,pp,77,65,64,0,1
20260930,CUH,pp,75,74,54,20,0
20260926,CUH,pp,78,77,76,0,1
20260920,CUH,pp,79,77,77,0,0
20260811,CUH,pp,79,78,78,0,0
20260925,CUH,pp,85,83,83,0,0
20260731,CUH,pp,84,83,58,25,0
20260808,CUH,pp,85,84,84,0,0
20260922,CUH,pp,87,86,85,1,0
20260810,CUH,pp,88,87,86,1,0
20260928,CUH,pp,92,92,92,0,0
20260923,CUH,pp,94,93,92,1,0
20260927,CUH,pp,96,94,94,0,0
20260921,CUH,pp,96,95,95,0,0
20260924,CUH,pp,109,108,107,0,1
20260629,DBL,pp,61,0,0,0,0
20261005,DBL,cod,2,0,0,0,0
20260627,DBL,pp,33,0,0,0,0
20260706,DBL,pp,283,0,0,0,0
20260603,DBL,pp,1,0,0,0,0
20261005,DBL,pp,322,0,0,0,0
20260702,DBL,pp,276,0,0,0,0
20260612,DBL,pp,1,0,0,0,0
20260622,DBL,pp,5,0,0,0,0
20260919,DBL,cod,1,0,0,0,0
20260916,DBL,cod,1,0,0,0,0
20260614,DBL,pp,2,0,0,0,0
20260705,DBL,pp,318,0,0,0,0
20260625,DBL,pp,3,0,0,0,0
20260701,DBL,pp,136,0,0,0,0
20260703,DBL,pp,232,0,0,0,0
20260619,DBL,pp,1,0,0,0,0
20260624,DBL,pp,2,0,0,0,0
20260618,DBL,pp,1,0,0,0,0
20261004,DBL,pp,312,0,0,0,0
20260929,DBL,cod,1,0,0,0,0
20260807,DBL,cod,1,0,0,0,0
20260628,DBL,pp,40,0,0,0,0
20260621,DBL,pp,3,0,0,0,0
20260524,DBL,pp,1,0,0,0,0
20260914,DBL,cod,1,0,0,0,0
20260613,DBL,pp,2,0,0,0,0
20260810,DBL,cod,1,0,0,0,0
20260727,DBL,cod,1,0,0,0,0
20260623,DBL,pp,4,0,0,0,0
20260921,DBL,cod,1,0,0,0,0
20260630,DBL,pp,95,0,0,0,0
20260731,DBL,cod,1,0,0,0,0
20260616,DBL,pp,1,0,0,0,0
20260615,DBL,pp,1,0,0,0,0
20260617,DBL,pp,1,0,0,0,0
20260626,DBL,pp,13,0,0,0,0
20260704,DBL,pp,272,0,0,0,0
20260620,DBL,pp,5,0,0,0,0
20260724,DBL,cod,1,1,0,1,0
20260918,DBL,cod,1,1,1,0,0
20260928,DBL,cod,1,1,1,0,0
20261003,DBL,pp,301,23,23,0,0
20260902,DBL,pp,66,61,0,0,61
20260907,DBL,pp,107,105,0,0,105
20261002,DBL,pp,349,110,24,86,0
20260925,DBL,pp,192,187,0,55,132
20260923,DBL,pp,197,191,0,0,191
20260828,DBL,pp,208,205,0,95,110
20260911,DBL,pp,232,213,17,63,133
20260910,DBL,pp,219,214,0,94,120
20260929,DBL,pp,243,217,0,91,126
20260915,DBL,pp,225,219,0,72,147
20260908,DBL,pp,230,224,0,16,208
20260724,DBL,pp,243,224,13,86,125
20260916,DBL,pp,231,226,22,65,139
20260922,DBL,pp,228,226,2,61,163
20260827,DBL,pp,232,226,33,0,193
20261001,DBL,pp,274,230,25,58,147
20260928,DBL,pp,235,230,1,57,172
20260924,DBL,pp,240,232,0,58,174
20260803,DBL,pp,287,234,33,105,96
20260914,DBL,pp,242,234,0,35,199
20260829,DBL,pp,240,235,16,0,219
20260917,DBL,pp,264,236,18,64,154
20260912,DBL,pp,240,238,14,0,224
20260918,DBL,pp,251,238,15,74,149
20260831,DBL,pp,248,243,22,63,158
20260909,DBL,pp,248,244,0,54,190
20260926,DBL,pp,252,250,14,0,236
20260723,DBL,pp,260,252,27,87,138
20260930,DBL,pp,329,253,28,92,133
20260730,DBL,pp,265,254,19,96,139
20260913,DBL,pp,262,258,0,31,227
20260825,DBL,pp,265,258,23,113,122
20260801,DBL,pp,321,258,28,72,158
20260921,DBL,pp,280,261,0,12,249
20260919,DBL,pp,290,263,20,0,243
20260731,DBL,pp,299,265,34,89,142
20260720,DBL,pp,270,266,2,67,197
20260726,DBL,pp,278,266,0,59,207
20260721,DBL,pp,272,268,0,112,156
20260718,DBL,pp,293,275,26,0,249
20260813,DBL,pp,281,276,30,124,122
20260717,DBL,pp,295,276,32,101,143
20260709,DBL,pp,282,277,25,94,158
20260722,DBL,pp,284,277,39,84,154
20260927,DBL,pp,284,281,0,74,207
20260715,DBL,pp,298,282,21,94,167
20260710,DBL,pp,292,286,26,94,166
20260716,DBL,pp,294,287,29,87,171
20260804,DBL,pp,304,288,31,110,147
20260826,DBL,pp,294,288,38,117,133
20260708,DBL,pp,297,288,21,100,167
20260830,DBL,pp,301,289,0,120,169
20260920,DBL,pp,297,289,0,53,236
20260812,DBL,pp,314,289,22,97,170
20260818,DBL,pp,294,290,34,119,137
20260714,DBL,pp,303,291,24,93,174
20260725,DBL,pp,311,292,22,0,270
20260814,DBL,pp,306,298,34,124,140
20260802,DBL,pp,344,299,10,131,158
20260707,DBL,pp,304,299,13,112,174
20260821,DBL,pp,303,299,28,114,157
20260824,DBL,pp,315,301,48,110,143
20260727,DBL,pp,316,302,0,112,190
20260719,DBL,pp,311,306,0,107,199
20260713,DBL,pp,319,308,0,91,217
20260819,DBL,pp,313,308,43,83,182
20260729,DBL,pp,326,312,35,102,175
20260811,DBL,pp,320,312,25,127,160
20260810,DBL,pp,326,319,40,94,185
20260809,DBL,pp,333,320,4,148,168
20260901,DBL,pp,324,320,0,126,194
20260820,DBL,pp,330,323,4,172,147
20260711,DBL,pp,331,324,13,0,311
20260822,DBL,pp,331,325,17,157,151
20260817,DBL,pp,329,325,40,111,174
20260808,DBL,pp,342,331,11,95,225
20260823,DBL,pp,344,335,36,166,133
20260728,DBL,pp,360,339,21,149,169
20260712,DBL,pp,367,360,0,64,296
20260816,DBL,pp,367,360,4,179,177
20260806,DBL,pp,366,361,52,147,162
20260805,DBL,pp,367,362,73,102,187
20260815,DBL,pp,393,381,44,124,213
20260807,DBL,pp,400,393,104,88,201
20260901,DEH,cod,3,0,0,0,0
20260827,DEH,pp,1,0,0,0,0
20260901,DEH,pp,3,0,0,0,0
20260831,DEH,pp,5,0,0,0,0
20260912,DEH,cod,2,1,0,0,1
20260910,DEH,pp,1,1,0,1,0
20260702,DFX,pp,5,0,0,0,0
20260704,DFX,pp,19,0,0,0,0
20260618,DFX,pp,2,0,0,0,0
20260525,DFX,pp,2,0,0,0,0
20260330,DFX,pp,1,0,0,0,0
20260703,DFX,pp,14,0,0,0,0
20260629,DFX,pp,2,0,0,0,0
20261005,DFX,pp,55,0,0,0,0
20260701,DFX,pp,6,0,0,0,0
20260706,DFX,pp,70,0,0,0,0
20260705,DFX,pp,47,0,0,0,0
20260630,DFX,pp,3,0,0,0,0
20260504,DFX,pp,1,0,0,0,0
20260627,DFX,pp,2,0,0,0,0
20260801,DFX,pp,3,3,3,0,0
20260808,DFX,pp,5,5,5,0,0
20260930,DFX,pp,8,8,8,0,0
20260929,DFX,pp,10,9,9,0,0
20260916,DFX,pp,10,10,10,0,0
20260928,DFX,pp,13,13,12,1,0
20260806,DFX,pp,14,13,13,0,0
20260803,DFX,pp,14,14,14,0,0
20260826,DFX,pp,16,16,15,1,0
20260731,DFX,pp,19,17,6,11,0
20260807,DFX,pp,18,18,15,0,3
20261001,DFX,pp,18,18,18,0,0
20260913,DFX,pp,19,19,19,0,0
20260805,DFX,pp,19,19,19,0,0
20260912,DFX,pp,20,20,20,0,0
20260813,DFX,pp,21,21,21,0,0
20260821,DFX,pp,22,21,21,0,0
20260810,DFX,pp,26,22,16,6,0
20260903,DFX,pp,22,22,22,0,0
20260907,DFX,pp,23,22,19,3,0
20260804,DFX,pp,22,22,8,14,0
20260814,DFX,pp,25,22,20,0,2
20260802,DFX,pp,22,22,18,4,0
20260923,DFX,pp,24,24,22,2,0
20260831,DFX,pp,25,25,23,2,0
20260915,DFX,pp,26,26,25,1,0
20260919,DFX,pp,26,26,26,0,0
20260925,DFX,pp,27,27,25,2,0
20260920,DFX,pp,28,28,28,0,0
20260926,DFX,pp,28,28,28,0,0
20260819,DFX,pp,29,29,28,1,0
20260909,DFX,pp,31,31,24,7,0
20260729,DFX,pp,31,31,30,1,0
20260823,DFX,pp,31,31,28,3,0
20260924,DFX,pp,33,33,28,5,0
20260904,DFX,pp,33,33,21,12,0
20260927,DFX,pp,34,34,33,0,1
20260712,DFX,pp,34,34,31,2,1
20260828,DFX,pp,35,35,28,7,0
20260822,DFX,pp,35,35,31,4,0
20260818,DFX,pp,36,36,29,7,0
20260908,DFX,pp,36,36,28,8,0
20260725,DFX,pp,37,37,37,0,0
20260906,DFX,pp,39,37,34,3,0
20260905,DFX,pp,38,37,35,2,0
20260911,DFX,pp,37,37,34,3,0
20260902,DFX,pp,37,37,31,6,0
20260817,DFX,pp,38,38,27,10,1
20260812,DFX,pp,38,38,29,9,0
20260816,DFX,pp,39,39,36,3,0
20260824,DFX,pp,40,39,39,0,0
20260830,DFX,pp,40,40,35,5,0
20260720,DFX,pp,41,40,28,11,1
20260730,DFX,pp,42,40,22,18,0
20260713,DFX,pp,41,41,19,22,0
20260829,DFX,pp,42,42,40,2,0
20260827,DFX,pp,42,42,41,1,0
20260708,DFX,pp,45,44,35,8,1
20260711,DFX,pp,45,44,40,2,2
20261003,DFX,pp,51,45,39,6,0
20260723,DFX,pp,45,45,36,8,1
20260718,DFX,pp,45,45,45,0,0
20260719,DFX,pp,46,46,32,13,1
20260721,DFX,pp,47,46,41,3,2
20260901,DFX,pp,48,48,41,7,0
20260726,DFX,pp,49,49,39,10,0
20260722,DFX,pp,53,50,49,1,0
20260717,DFX,pp,52,50,40,10,0
20260910,DFX,pp,51,51,36,15,0
20260918,DFX,pp,51,51,51,0,0
20260917,DFX,pp,52,52,48,3,1
20260922,DFX,pp,54,54,54,0,0
20260715,DFX,pp,60,55,46,9,0
20260716,DFX,pp,56,55,52,3,0
20260714,DFX,pp,55,55,54,0,1
20260709,DFX,pp,56,56,42,14,0
20260820,DFX,pp,57,57,55,2,0
20260809,DFX,pp,59,58,58,0,0
20260710,DFX,pp,62,61,55,5,1
20260707,DFX,pp,69,69,65,4,0
20260811,DFX,pp,73,72,61,11,0
20260825,DFX,pp,73,73,73,0,0
20260727,DFX,pp,76,73,71,2,0
20260921,DFX,pp,76,76,63,12,1
20261004,DFX,pp,104,91,91,0,0
20260724,DFX,pp,93,92,39,53,0
20260728,DFX,pp,105,97,45,52,0
20261005,DLH,pp,71,0,0,0,0
20260705,DLH,pp,3,0,0,0,0
20260701,DLH,pp,1,0,0,0,0
20260627,DLH,pp,1,0,0,0,0
20260702,DLH,pp,2,0,0,0,0
20260706,DLH,pp,8,0,0,0,0
20260712,DLH,pp,1,1,0,0,1
20260708,DLH,pp,3,3,3,0,0
20260707,DLH,pp,3,3,3,0,0
20260710,DLH,pp,4,4,3,1,0
20260709,DLH,pp,6,5,4,1,0
20260713,DLH,pp,5,5,3,2,0
20260711,DLH,pp,6,6,2,0,4
20260714,DLH,pp,9,7,6,1,0
20260924,DLH,pp,29,22,7,6,9
20261004,DLH,pp,77,24,24,0,0
20260715,DLH,pp,41,31,4,27,0
20261001,DLH,pp,49,33,12,18,3
20260929,DLH,pp,43,36,10,26,0
20260828,DLH,pp,42,36,3,32,1
20260827,DLH,pp,44,40,9,22,9
20260716,DLH,pp,53,41,13,28,0
20260825,DLH,pp,54,42,13,29,0
20260723,DLH,pp,45,42,11,31,0
20260911,DLH,pp,48,43,19,24,0
20260821,DLH,pp,54,43,14,29,0
20260925,DLH,pp,46,43,10,33,0
20260813,DLH,pp,56,44,11,27,6
20260930,DLH,pp,51,45,13,32,0
20260923,DLH,pp,50,45,18,25,2
20260926,DLH,pp,50,45,17,25,3
20260908,DLH,pp,56,46,8,34,4
20260722,DLH,pp,57,46,13,32,1
20260922,DLH,pp,51,47,16,31,0
20260718,DLH,pp,55,47,17,30,0
20260918,DLH,pp,53,47,13,32,2
20260928,DLH,pp,53,47,21,21,5
20260916,DLH,pp,53,48,18,30,0
20260917,DLH,pp,61,48,20,27,1
20260721,DLH,pp,58,49,16,33,0
20260919,DLH,pp,55,50,14,36,0
20260824,DLH,pp,62,50,19,25,6
20260815,DLH,pp,63,51,0,48,3
20260826,DLH,pp,64,53,12,33,8
20260909,DLH,pp,65,53,13,40,0
20260820,DLH,pp,58,53,16,35,2
20260811,DLH,pp,72,55,15,39,1
20260902,DLH,pp,74,55,23,29,3
20260812,DLH,pp,69,55,17,36,2
20260818,DLH,pp,71,56,15,41,0
20260822,DLH,pp,73,56,16,37,3
20261002,DLH,pp,69,56,11,45,0
20260904,DLH,pp,65,57,8,43,6
20260915,DLH,pp,68,58,16,39,3
20260717,DLH,pp,71,58,24,34,0
20260720,DLH,pp,68,58,14,44,0
20260829,DLH,pp,74,60,20,36,4
20260921,DLH,pp,67,61,21,38,2
20260901,DLH,pp,75,61,17,43,1
20260814,DLH,pp,72,62,20,20,22
20260903,DLH,pp,69,62,21,40,1
20260805,DLH,pp,74,62,12,44,6
20260819,DLH,pp,75,63,19,43,1
20260910,DLH,pp,74,64,28,36,0
20260823,DLH,pp,80,65,16,48,1
20260807,DLH,pp,81,66,11,51,4
20261003,DLH,pp,72,66,31,35,0
20260914,DLH,pp,81,67,16,51,0
20260803,DLH,pp,84,68,17,51,0
20260806,DLH,pp,86,70,16,52,2
20260804,DLH,pp,83,70,12,56,2
20260831,DLH,pp,77,70,20,44,6
20260724,DLH,pp,95,70,21,49,0
20260907,DLH,pp,81,71,22,45,4
20260731,DLH,pp,87,71,22,48,1
20260920,DLH,pp,77,72,9,61,2
20260913,DLH,pp,85,73,9,38,26
20260730,DLH,pp,86,73,16,57,0
20260801,DLH,pp,86,75,19,54,2
20260905,DLH,pp,87,75,21,43,11
20260927,DLH,pp,87,75,9,65,1
20260912,DLH,pp,86,76,23,51,2
20260817,DLH,pp,91,77,23,51,3
20260729,DLH,pp,88,78,19,59,0
20260830,DLH,pp,91,78,11,62,5
20260728,DLH,pp,93,81,16,65,0
20260810,DLH,pp,100,87,30,57,0
20260802,DLH,pp,100,88,9,79,0
20260727,DLH,pp,99,89,7,82,0
20260725,DLH,pp,108,89,25,62,2
20260906,DLH,pp,101,91,6,83,2
20260816,DLH,pp,105,93,4,82,7
20260719,DLH,pp,134,108,8,100,0
20260808,DLH,pp,141,123,21,92,10
20260726,DLH,pp,153,137,7,124,6
20260809,DLH,pp,163,141,31,107,3
20260625,EMB,cod,3,0,0,0,0
20260702,EMB,pp,30,0,0,0,0
20260615,EMB,cod,1,0,0,0,0
20260629,EMB,pp,4,0,0,0,0
20260625,EMB,pp,2,0,0,0,0
20260705,EMB,cod,29,0,0,0,0
20260624,EMB,pp,1,0,0,0,0
20260702,EMB,cod,26,0,0,0,0
20260624,EMB,cod,2,0,0,0,0
20260618,EMB,cod,1,0,0,0,0
20260704,EMB,cod,43,0,0,0,0
20260525,EMB,pp,1,0,0,0,0
20260620,EMB,cod,2,0,0,0,0
20260628,EMB,pp,5,0,0,0,0
20261005,EMB,pp,70,0,0,0,0
20260622,EMB,cod,1,0,0,0,0
20260627,EMB,cod,5,0,0,0,0
20260629,EMB,cod,13,0,0,0,0
20260627,EMB,pp,1,0,0,0,0
20260628,EMB,cod,5,0,0,0,0
20260528,EMB,pp,1,0,0,0,0
20260617,EMB,pp,1,0,0,0,0
20260630,EMB,cod,9,0,0,0,0
20260623,EMB,cod,1,0,0,0,0
20260703,EMB,pp,54,0,0,0,0
20261005,EMB,cod,41,0,0,0,0
20260618,EMB,pp,1,0,0,0,0
20260701,EMB,pp,28,0,0,0,0
20260630,EMB,pp,6,0,0,0,0
20260705,EMB,pp,79,0,0,0,0
20260706,EMB,pp,79,0,0,0,0
20260706,EMB,cod,35,0,0,0,0
20260626,EMB,cod,4,0,0,0,0
20260623,EMB,pp,1,0,0,0,0
20260703,EMB,cod,26,0,0,0,0
20260704,EMB,pp,111,0,0,0,0
20260701,EMB,cod,20,0,0,0,0
20260626,EMB,pp,2,0,0,0,0
20261004,EMB,cod,18,5,5,0,0
20260802,EMB,cod,11,10,8,2,0
20260830,EMB,cod,12,12,6,6,0
20260712,EMB,cod,12,12,10,2,0
20260828,EMB,cod,13,13,8,5,0
20260920,EMB,cod,13,13,13,0,0
20260813,EMB,cod,14,14,13,1,0
20260821,EMB,cod,15,14,14,0,0
20260808,EMB,cod,15,14,13,1,0
20260809,EMB,cod,16,16,10,6,0
20260719,EMB,cod,16,16,13,3,0
20260725,EMB,cod,16,16,14,1,1
20260913,EMB,cod,17,16,12,4,0
20260812,EMB,cod,18,16,11,5,0
20260925,EMB,cod,18,17,13,4,0
20260709,EMB,cod,19,17,15,2,0
20260930,EMB,cod,17,17,7,10,0
20260724,EMB,cod,19,18,13,5,0
20260726,EMB,pp,18,18,12,6,0
20260929,EMB,cod,19,18,13,5,0
20260718,EMB,cod,19,18,16,2,0
20260927,EMB,cod,18,18,6,12,0
20260926,EMB,cod,18,18,16,2,0
20260818,EMB,cod,19,18,16,2,0
20260801,EMB,cod,18,18,16,1,1
20260726,EMB,cod,19,19,13,6,0
20260822,EMB,cod,19,19,15,4,0
20260805,EMB,cod,19,19,15,4,0
20260823,EMB,cod,19,19,10,9,0
20261004,EMB,pp,35,20,20,0,0
20260909,EMB,cod,21,20,19,1,0
20260929,EMB,pp,24,20,14,6,0
20260728,EMB,cod,23,20,14,6,0
20260804,EMB,cod,22,21,15,6,0
20260716,EMB,cod,21,21,16,5,0
20260723,EMB,cod,21,21,18,3,0
20260810,EMB,cod,21,21,19,2,0
20260922,EMB,cod,22,21,16,5,0
20260919,EMB,cod,24,22,21,0,1
20260923,EMB,cod,23,22,19,3,0
20260708,EMB,cod,22,22,16,6,0
20260711,EMB,cod,23,22,22,0,0
20260816,EMB,cod,24,23,12,11,0
20260714,EMB,cod,23,23,22,1,0
20260918,EMB,cod,23,23,21,2,0
20260819,EMB,cod,37,23,8,12,3
20260715,EMB,cod,24,24,23,1,0
20260826,EMB,cod,24,24,15,9,0
20260729,EMB,cod,24,24,18,6,0
20260905,EMB,cod,24,24,20,4,0
20260820,EMB,cod,25,25,25,0,0
20260920,EMB,pp,25,25,22,2,1
20260811,EMB,cod,27,26,21,5,0
20260911,EMB,cod,29,26,22,4,0
20260806,EMB,cod,26,26,25,1,0
20260917,EMB,cod,26,26,24,2,0
20260802,EMB,pp,29,26,24,2,0
20260722,EMB,cod,26,26,24,2,0
20260712,EMB,pp,28,28,20,8,0
20260925,EMB,pp,29,28,22,6,0
20260710,EMB,cod,31,28,22,6,0
20260901,EMB,cod,30,29,22,7,0
20260717,EMB,cod,30,29,27,2,0
20260720,EMB,cod,31,29,28,1,0
20260921,EMB,cod,29,29,25,4,0
20261003,EMB,cod,30,29,22,7,0
20260928,EMB,cod,30,29,20,9,0
20260807,EMB,cod,30,30,29,1,0
20260806,EMB,pp,35,30,27,3,0
20260930,EMB,pp,30,30,23,7,0
20260910,EMB,cod,32,30,24,6,0
20260810,EMB,pp,33,31,30,0,1
20260730,EMB,cod,31,31,25,6,0
20260824,EMB,cod,31,31,27,3,1
20261001,EMB,cod,33,31,10,0,21
20260724,EMB,pp,31,31,27,4,0
20260908,EMB,cod,32,31,13,18,0
20260813,EMB,pp,34,32,29,2,1
20260825,EMB,cod,33,32,20,12,0
20260723,EMB,pp,33,32,26,6,0
20260731,EMB,cod,32,32,26,6,0
20260906,EMB,cod,34,33,18,14,1
20260719,EMB,pp,34,33,28,4,1
20260821,EMB,pp,34,33,29,3,1
20260826,EMB,pp,36,33,23,10,0
20260922,EMB,pp,33,33,22,11,0
20260914,EMB,cod,36,33,29,4,0
20260916,EMB,cod,33,33,30,3,0
20260829,EMB,cod,33,33,29,4,0
20260727,EMB,cod,34,34,29,5,0
20260808,EMB,pp,35,34,32,2,0
20260830,EMB,pp,35,34,15,19,0
20260817,EMB,cod,37,35,29,6,0
20260915,EMB,cod,38,35,32,2,1
20260803,EMB,cod,37,35,34,1,0
20260721,EMB,cod,36,35,34,1,0
20260827,EMB,cod,35,35,21,11,3
20260731,EMB,pp,51,36,27,9,0
20260825,EMB,pp,37,36,28,8,0
20260823,EMB,pp,36,36,26,10,0
20260812,EMB,pp,38,36,30,6,0
20260725,EMB,pp,38,36,33,2,1
20260924,EMB,cod,39,36,22,10,4
20260831,EMB,cod,37,37,32,5,0
20260718,EMB,pp,38,37,25,10,2
20260904,EMB,cod,40,37,27,9,1
20260801,EMB,pp,39,38,34,3,1
20260809,EMB,pp,42,38,23,15,0
20260822,EMB,pp,40,39,33,6,0
20260905,EMB,pp,42,39,32,7,0
20260923,EMB,pp,42,40,28,10,2
20260820,EMB,pp,50,40,36,4,0
20260710,EMB,pp,42,40,32,8,0
20260804,EMB,pp,48,41,36,5,0
20260729,EMB,pp,47,42,33,9,0
20260720,EMB,pp,44,42,40,2,0
20260713,EMB,cod,43,42,31,11,0
20260912,EMB,cod,43,43,30,13,0
20260819,EMB,pp,70,43,35,8,0
20260715,EMB,pp,46,43,35,8,0
20260816,EMB,pp,47,44,27,17,0
20260828,EMB,pp,45,44,18,25,1
20260722,EMB,pp,44,44,41,3,0
20260814,EMB,cod,44,44,31,0,13
20260824,EMB,pp,51,44,43,0,1
20260901,EMB,pp,49,44,24,18,2
20260811,EMB,pp,51,45,34,10,1
20260913,EMB,pp,47,46,26,20,0
20260717,EMB,pp,48,46,39,6,1
20260928,EMB,pp,49,47,35,11,1
20260714,EMB,pp,47,47,43,3,1
20260911,EMB,pp,51,47,37,10,0
20260727,EMB,pp,49,47,38,8,1
20260730,EMB,pp,50,48,42,6,0
20260707,EMB,cod,48,48,42,6,0
20260708,EMB,pp,53,50,37,12,1
20260910,EMB,pp,58,50,44,5,1
20260926,EMB,pp,51,51,43,7,1
20260818,EMB,pp,57,51,44,7,0
20260916,EMB,pp,52,51,40,11,0
20260709,EMB,pp,53,51,41,8,2
20260711,EMB,pp,52,52,44,8,0
20260919,EMB,pp,55,53,52,0,1
20260912,EMB,pp,57,53,39,14,0
20260721,EMB,pp,56,53,51,2,0
20260917,EMB,pp,56,54,48,5,1
20260805,EMB,pp,62,55,48,7,0
20260716,EMB,pp,57,55,48,7,0
20260907,EMB,cod,58,56,26,30,0
20260914,EMB,pp,59,56,49,7,0
20260728,EMB,pp,59,56,46,10,0
20260927,EMB,pp,58,58,39,19,0
20260918,EMB,pp,59,58,41,17,0
20260807,EMB,pp,62,60,49,9,2
20260909,EMB,pp,63,60,51,9,0
20260902,EMB,cod,60,60,45,14,1
20260803,EMB,pp,60,60,56,4,0
20260827,EMB,pp,64,62,45,16,1
20260713,EMB,pp,67,65,51,14,0
20260829,EMB,pp,65,65,44,21,0
20260814,EMB,pp,68,66,41,0,25
20260831,EMB,pp,70,67,53,13,1
20260903,EMB,cod,72,69,47,20,2
20260921,EMB,pp,73,69,59,10,0
20260908,EMB,pp,73,69,30,39,0
20260904,EMB,pp,74,73,49,22,2
20260915,EMB,pp,76,74,63,10,1
20261001,EMB,pp,87,81,26,0,55
20260907,EMB,pp,86,83,40,43,0
20261003,EMB,pp,98,92,63,29,0
20260707,EMB,pp,95,93,81,12,0
20260924,EMB,pp,97,94,62,27,5
20260906,EMB,pp,98,95,56,39,0
20260817,EMB,pp,120,117,89,27,1
20260902,EMB,pp,128,126,83,40,3
20260903,EMB,pp,145,141,88,50,3
20260622,EMH,cod,6,0,0,0,0
20260623,EMH,pp,1,0,0,0,0
20260609,EMH,pp,1,0,0,0,0
20260704,EMH,pp,185,0,0,0,0
20260622,EMH,pp,4,0,0,0,0
20260525,EMH,pp,1,0,0,0,0
20260706,EMH,pp,1021,0,0,0,0
20260531,EMH,cod,2,0,0,0,0
20260702,EMH,pp,38,0,0,0,0
20260620,EMH,pp,3,0,0,0,0
20260611,EMH,cod,1,0,0,0,0
20260625,EMH,cod,4,0,0,0,0
20260520,EMH,pp,1,0,0,0,0
20260624,EMH,cod,2,0,0,0,0
20260526,EMH,pp,1,0,0,0,0
20260619,EMH,cod,2,0,0,0,0
20260609,EMH,cod,3,0,0,0,0
20260510,EMH,cod,1,0,0,0,0
20260505,EMH,cod,1,0,0,0,0
20260701,EMH,pp,57,0,0,0,0
20260704,EMH,cod,43,0,0,0,0
20260608,EMH,pp,1,0,0,0,0
20260630,EMH,cod,7,0,0,0,0
20260511,EMH,cod,1,0,0,0,0
20260618,EMH,cod,1,0,0,0,0
20260702,EMH,cod,19,0,0,0,0
20260420,EMH,pp,1,0,0,0,0
20260617,EMH,pp,1,0,0,0,0
20260624,EMH,pp,4,0,0,0,0
20260626,EMH,cod,3,0,0,0,0
20260528,EMH,cod,1,0,0,0,0
20260703,EMH,pp,118,0,0,0,0
20261005,EMH,cod,200,0,0,0,0
20260501,EMH,cod,1,0,0,0,0
20260629,EMH,pp,15,0,0,0,0
20261005,EMH,pp,1148,0,0,0,0
20260703,EMH,cod,39,0,0,0,0
20260516,EMH,cod,1,0,0,0,0
20260630,EMH,pp,9,0,0,0,0
20260625,EMH,pp,1,0,0,0,0
20260618,EMH,pp,1,0,0,0,0
20260502,EMH,cod,1,0,0,0,0
20260616,EMH,pp,1,0,0,0,0
20260706,EMH,cod,179,0,0,0,0
20260701,EMH,cod,31,0,0,0,0
20260627,EMH,cod,4,0,0,0,0
20260629,EMH,cod,29,0,0,0,0
20260903,EMH,cod,50,48,45,0,3
20260923,EMH,cod,52,52,52,0,0
20260711,EMH,cod,56,55,55,0,0
20260707,EMH,cod,77,77,77,0,0
20260917,EMH,cod,79,78,78,0,0
20260926,EMH,cod,81,81,81,0,0
20261001,EMH,cod,83,82,82,0,0
20260716,EMH,cod,87,87,87,0,0
20260710,EMH,cod,91,90,90,0,0
20260924,EMH,cod,93,92,92,0,0
20260929,EMH,cod,95,92,91,1,0
20260731,EMH,cod,92,92,92,0,0
20260722,EMH,cod,98,93,93,0,0
20260729,EMH,cod,93,93,93,0,0
20260717,EMH,cod,94,94,93,1,0
20260930,EMH,cod,96,94,94,0,0
20260918,EMH,cod,98,95,95,0,0
20260708,EMH,cod,97,95,95,0,0
20260807,EMH,cod,100,95,95,0,0
20260718,EMH,cod,97,97,97,0,0
20260709,EMH,cod,106,98,98,0,0
20260801,EMH,cod,101,99,44,0,55
20260925,EMH,cod,100,100,100,0,0
20260730,EMH,cod,102,101,101,0,0
20260922,EMH,cod,102,102,102,0,0
20260909,EMH,cod,102,102,102,0,0
20260723,EMH,cod,104,102,102,0,0
20260724,EMH,cod,102,102,95,7,0
20260911,EMH,cod,104,102,102,0,0
20260715,EMH,cod,108,103,97,6,0
20260908,EMH,cod,103,103,103,0,0
20260721,EMH,cod,105,104,104,0,0
20260912,EMH,cod,107,107,107,0,0
20260805,EMH,cod,112,107,107,0,0
20260812,EMH,cod,112,109,109,0,0
20260916,EMH,cod,109,109,109,0,0
20260714,EMH,cod,110,110,109,1,0
20260814,EMH,cod,112,111,111,0,0
20260804,EMH,cod,118,115,115,0,0
20260725,EMH,cod,116,116,116,0,0
20260811,EMH,cod,119,117,117,0,0
20260813,EMH,cod,118,117,117,0,0
20260905,EMH,cod,118,118,118,0,0
20260910,EMH,cod,121,119,119,0,0
20260728,EMH,cod,125,120,120,0,0
20260915,EMH,cod,121,121,121,0,0
20260808,EMH,cod,129,125,125,0,0
20260919,EMH,cod,129,127,127,0,0
20260827,EMH,cod,135,135,135,0,0
20260806,EMH,cod,138,138,138,0,0
20260821,EMH,cod,140,139,139,0,0
20260822,EMH,cod,142,140,140,0,0
20260921,EMH,cod,140,140,140,0,0
20260828,EMH,cod,144,142,136,6,0
20260818,EMH,cod,145,144,141,3,0
20260901,EMH,cod,150,146,146,0,0
20260820,EMH,cod,149,147,147,0,0
20260928,EMH,cod,152,147,147,0,0
20260829,EMH,cod,149,149,149,0,0
20260819,EMH,cod,162,154,154,0,0
20260825,EMH,cod,158,155,155,0,0
20260902,EMH,cod,163,157,157,0,0
20261003,EMH,cod,175,171,171,0,0
20260914,EMH,cod,187,186,0,184,2
20260904,EMH,cod,191,188,156,32,0
20260713,EMH,cod,192,191,185,6,0
20260826,EMH,cod,192,192,192,0,0
20260720,EMH,cod,201,199,199,0,0
20260907,EMH,cod,206,201,200,1,0
20260803,EMH,cod,211,207,207,0,0
20260923,EMH,pp,227,226,226,0,0
20260727,EMH,cod,239,236,221,15,0
20260810,EMH,cod,260,259,259,0,0
20260831,EMH,cod,279,270,270,0,0
20260824,EMH,cod,300,290,290,0,0
20260711,EMH,pp,298,294,294,0,0
20260903,EMH,pp,300,300,272,2,26
20260710,EMH,pp,331,330,330,0,0
20260731,EMH,pp,394,393,393,0,0
20260722,EMH,pp,395,395,395,0,0
20260817,EMH,cod,396,396,396,0,0
20260721,EMH,pp,403,400,400,0,0
20260925,EMH,pp,400,400,399,1,0
20260724,EMH,pp,414,412,371,41,0
20260717,EMH,pp,422,421,419,2,0
20260926,EMH,pp,423,422,421,0,1
20260723,EMH,pp,425,422,422,0,0
20260718,EMH,pp,425,423,423,0,0
20260716,EMH,pp,425,424,424,0,0
20260730,EMH,pp,439,438,438,0,0
20260714,EMH,pp,451,450,447,2,1
20260709,EMH,pp,463,463,463,0,0
20260715,EMH,pp,468,464,383,81,0
20260725,EMH,pp,465,464,464,0,0
20260930,EMH,pp,479,476,476,0,0
20261001,EMH,pp,496,494,494,0,0
20260729,EMH,pp,504,502,502,0,0
20260707,EMH,pp,503,503,503,0,0
20260708,EMH,pp,508,505,505,0,0
20260929,EMH,pp,509,506,484,22,0
20260812,EMH,pp,517,513,513,0,0
20260807,EMH,pp,518,516,516,0,0
20260801,EMH,pp,530,528,210,1,317
20260808,EMH,pp,545,542,542,0,0
20260912,EMH,pp,546,544,543,0,1
20260924,EMH,pp,548,548,548,0,0
20260917,EMH,pp,555,551,551,0,0
20260728,EMH,pp,558,554,554,0,0
20260804,EMH,pp,558,556,554,2,0
20260805,EMH,pp,559,558,558,0,0
20260918,EMH,pp,565,561,561,0,0
20260916,EMH,pp,582,581,580,0,1
20260905,EMH,pp,584,583,583,0,0
20260919,EMH,pp,583,583,583,0,0
20260814,EMH,pp,594,593,593,0,0
20260915,EMH,pp,623,616,616,0,0
20260821,EMH,pp,628,626,623,0,3
20260822,EMH,pp,630,627,626,0,1
20260811,EMH,pp,644,642,639,0,3
20260813,EMH,pp,650,647,647,0,0
20260910,EMH,pp,656,654,654,0,0
20260922,EMH,pp,656,655,655,0,0
20260911,EMH,pp,657,656,654,2,0
20260909,EMH,pp,670,670,670,0,0
20260829,EMH,pp,701,700,700,0,0
20260820,EMH,pp,708,705,705,0,0
20260826,EMH,pp,710,708,708,0,0
20260806,EMH,pp,723,722,722,0,0
20260908,EMH,pp,736,734,734,0,0
20260819,EMH,pp,745,742,741,1,0
20260828,EMH,pp,749,747,645,102,0
20260827,EMH,pp,754,752,752,0,0
20260902,EMH,pp,775,766,766,0,0
20260825,EMH,pp,775,770,765,5,0
20260818,EMH,pp,810,808,803,4,1
20260901,EMH,pp,814,810,810,0,0
20260713,EMH,pp,896,895,849,45,1
20260727,EMH,pp,922,918,807,111,0
20260928,EMH,pp,933,931,928,2,1
20260720,EMH,pp,950,949,944,5,0
20261003,EMH,pp,979,972,972,0,0
20260921,EMH,pp,994,994,994,0,0
20260803,EMH,pp,1105,1100,1100,0,0
20260904,EMH,pp,1125,1120,877,243,0
20260914,EMH,pp,1303,1299,0,1295,4
20260810,EMH,pp,1404,1403,1402,1,0
20260907,EMH,pp,1428,1416,1415,1,0
20260824,EMH,pp,1437,1427,1427,0,0
20260831,EMH,pp,1461,1454,1454,0,0
20260817,EMH,pp,2154,2153,2150,1,2
20260604,EML,cod,1,0,0,0,0
20260622,EML,cod,3,0,0,0,0
20261005,EML,cod,1,0,0,0,0
20260630,EML,pp,2,0,0,0,0
20260421,EML,pp,1,0,0,0,0
20261002,EML,pp,1,0,0,0,0
20260525,EML,cod,1,0,0,0,0
20260610,EML,cod,2,0,0,0,0
20260625,EML,cod,17,0,0,0,0
20260623,EML,cod,2,0,0,0,0
20260619,EML,pp,1,0,0,0,0
20260704,EML,cod,6,0,0,0,0
20260607,EML,cod,1,0,0,0,0
20260629,EML,cod,15,0,0,0,0
20260705,EML,cod,5,0,0,0,0
20260613,EML,pp,1,0,0,0,0
20260704,EML,pp,7,0,0,0,0
20260605,EML,cod,1,0,0,0,0
20260626,EML,pp,1,0,0,0,0
20260627,EML,pp,2,0,0,0,0
20260705,EML,pp,7,0,0,0,0
20260505,EML,cod,1,0,0,0,0
20260610,EML,pp,1,0,0,0,0
20260601,EML,pp,3,0,0,0,0
20260624,EML,cod,3,0,0,0,0
20260620,EML,cod,1,0,0,0,0
20260630,EML,cod,32,0,0,0,0
20260526,EML,cod,1,0,0,0,0
20260507,EML,cod,1,0,0,0,0
20260617,EML,cod,3,0,0,0,0
20260702,EML,pp,5,0,0,0,0
20260702,EML,cod,16,0,0,0,0
20261003,EML,cod,1,0,0,0,0
20260627,EML,cod,7,0,0,0,0
20260529,EML,pp,1,0,0,0,0
20260613,EML,cod,1,0,0,0,0
20260628,EML,cod,6,0,0,0,0
20260407,EML,pp,1,0,0,0,0
20260615,EML,cod,10,0,0,0,0
20260629,EML,pp,2,0,0,0,0
20260701,EML,cod,11,0,0,0,0
20260530,EML,cod,1,0,0,0,0
20260526,EML,pp,1,0,0,0,0
20260509,EML,pp,1,0,0,0,0
20260621,EML,cod,4,0,0,0,0
20260619,EML,cod,17,0,0,0,0
20260601,EML,cod,4,0,0,0,0
20260529,EML,cod,1,0,0,0,0
20260602,EML,cod,1,0,0,0,0
20260518,EML,cod,1,0,0,0,0
20260528,EML,pp,1,0,0,0,0
20260701,EML,pp,3,0,0,0,0
20260615,EML,pp,3,0,0,0,0
20260625,EML,pp,1,0,0,0,0
20260527,EML,cod,3,0,0,0,0
20260626,EML,cod,17,0,0,0,0
20260703,EML,cod,3,0,0,0,0
20260706,EML,pp,3,0,0,0,0
20260603,EML,cod,1,0,0,0,0
20260604,EML,pp,1,0,0,0,0
20260521,EML,cod,1,0,0,0,0
20260612,EML,cod,2,0,0,0,0
20260706,EML,cod,7,0,0,0,0
20260611,EML,cod,1,0,0,0,0
20260831,EML,cod,1,1,0,0,1
20260913,EML,cod,1,1,0,0,1
20260809,EML,pp,1,1,0,1,0
20260921,EML,pp,1,1,0,1,0
20260830,EML,pp,1,1,0,0,1
20260908,EML,cod,1,1,0,0,1
20260830,EML,cod,1,1,1,0,0
20260925,EML,pp,2,1,0,0,1
20260814,EML,pp,1,1,0,0,1
20260920,EML,cod,1,1,0,1,0
20260823,EML,pp,2,1,0,0,1
20260804,EML,pp,3,1,0,0,1
20260918,EML,pp,1,1,0,1,0
20260922,EML,cod,1,1,0,0,1
20260925,EML,cod,1,1,0,1,0
20260905,EML,cod,1,1,0,1,0
20260915,EML,cod,1,1,0,0,1
20260926,EML,pp,1,1,0,0,1
20260908,EML,pp,1,1,0,0,1
20260716,EML,cod,3,1,0,0,1
20260819,EML,pp,2,1,0,0,1
20260827,EML,pp,2,1,0,0,1
20260901,EML,pp,2,2,0,1,1
20260802,EML,cod,2,2,0,2,0
20260927,EML,pp,2,2,0,1,1
20260911,EML,cod,2,2,0,0,2
20260906,EML,cod,2,2,0,2,0
20260729,EML,pp,2,2,0,0,2
20260730,EML,pp,2,2,0,1,1
20260819,EML,cod,2,2,0,2,0
20260926,EML,cod,2,2,0,1,1
20260803,EML,cod,4,2,0,2,0
20260903,EML,cod,2,2,0,2,0
20260920,EML,pp,2,2,0,2,0
20260813,EML,pp,2,2,0,0,2
20260914,EML,pp,2,2,0,1,1
20260929,EML,cod,2,2,0,1,1
20260727,EML,cod,2,2,0,0,2
20260715,EML,pp,2,2,0,0,2
20260821,EML,pp,2,2,0,0,2
20260820,EML,pp,2,2,0,0,2
20260805,EML,pp,2,2,0,1,1
20260821,EML,cod,2,2,0,0,2
20260829,EML,cod,2,2,0,2,0
20260912,EML,cod,2,2,0,2,0
20260909,EML,pp,2,2,1,1,0
20260924,EML,cod,2,2,0,0,2
20260811,EML,cod,2,2,0,2,0
20260815,EML,cod,3,2,0,0,2
20260727,EML,pp,2,2,0,0,2
20260707,EML,pp,3,2,0,2,0
20260825,EML,cod,6,2,0,0,2
20260918,EML,cod,2,2,0,2,0
20260817,EML,pp,3,2,1,1,0
20260816,EML,pp,2,2,0,0,2
20260811,EML,pp,2,2,0,2,0
20260829,EML,pp,2,2,0,0,2
20260810,EML,pp,2,2,1,1,0
20260929,EML,pp,2,2,0,2,0
20260928,EML,pp,2,2,0,1,1
20260709,EML,pp,2,2,0,2,0
20260712,EML,pp,2,2,0,1,1
20260715,EML,cod,2,2,0,1,1
20260717,EML,pp,4,3,0,1,2
20260820,EML,cod,3,3,0,0,3
20260713,EML,pp,5,3,0,3,0
20260824,EML,cod,3,3,0,0,3
20260909,EML,cod,4,3,0,0,3
20260923,EML,pp,3,3,0,0,3
20260725,EML,pp,4,3,0,1,2
20260812,EML,cod,4,3,0,2,1
20260712,EML,cod,3,3,0,2,1
20260816,EML,cod,3,3,0,1,2
20260924,EML,pp,3,3,1,0,2
20260716,EML,pp,3,3,0,3,0
20260927,EML,cod,3,3,0,3,0
20260824,EML,pp,4,3,0,1,2
20260731,EML,pp,4,3,1,1,1
20260808,EML,pp,3,3,0,2,1
20260814,EML,cod,4,3,0,0,3
20260928,EML,cod,3,3,0,1,2
20260708,EML,pp,4,3,0,2,1
20260919,EML,pp,4,3,0,2,1
20260710,EML,cod,4,3,0,3,0
20260817,EML,cod,4,4,4,0,0
20260915,EML,pp,4,4,1,2,1
20260804,EML,cod,7,4,1,1,2
20260808,EML,cod,4,4,0,2,2
20260923,EML,cod,5,4,0,2,2
20260719,EML,cod,4,4,0,1,3
20260726,EML,pp,5,4,0,0,4
20260827,EML,cod,4,4,1,0,3
20260722,EML,pp,4,4,0,0,4
20260718,EML,pp,4,4,0,1,3
20260901,EML,cod,4,4,0,2,2
20260826,EML,pp,5,4,1,0,3
20260822,EML,cod,4,4,0,0,4
20260726,EML,cod,6,4,0,1,3
20260720,EML,pp,4,4,0,0,4
20260813,EML,cod,5,4,0,3,1
20260709,EML,cod,4,4,0,2,2
20260912,EML,pp,4,4,0,1,3
20260921,EML,cod,4,4,0,2,2
20260730,EML,cod,5,4,0,3,1
20260913,EML,pp,4,4,0,0,4
20260930,EML,cod,4,4,0,2,2
20260809,EML,cod,4,4,0,3,1
20260724,EML,cod,6,5,0,1,4
20260707,EML,cod,7,5,0,4,1
20260801,EML,cod,6,5,0,1,4
20260818,EML,cod,5,5,3,1,1
20260922,EML,pp,5,5,0,3,2
20260714,EML,pp,5,5,1,4,0
20260916,EML,pp,5,5,2,2,1
20260728,EML,pp,6,5,1,1,3
20260728,EML,cod,5,5,2,1,2
20260904,EML,cod,5,5,2,2,1
20260723,EML,pp,5,5,0,3,2
20260713,EML,cod,6,5,0,4,1
20260910,EML,cod,8,6,0,2,4
20260721,EML,cod,7,6,0,1,5
20260803,EML,pp,6,6,0,0,6
20260807,EML,cod,7,6,2,0,4
20260723,EML,cod,7,6,1,0,5
20260919,EML,cod,7,6,0,5,1
20260714,EML,cod,6,6,0,4,2
20260721,EML,pp,8,6,0,1,5
20260902,EML,cod,6,6,3,3,0
20260711,EML,pp,6,6,0,3,3
20260722,EML,cod,7,6,0,0,6
20260914,EML,cod,6,6,0,3,3
20260805,EML,cod,9,6,0,1,5
20260916,EML,cod,8,7,3,2,2
20260718,EML,cod,7,7,0,2,5
20260725,EML,cod,7,7,0,2,5
20260910,EML,pp,7,7,0,3,4
20260826,EML,cod,7,7,1,2,4
20260717,EML,cod,11,8,0,7,1
20260719,EML,pp,8,8,0,0,8
20260711,EML,cod,10,8,1,6,1
20260720,EML,cod,12,9,0,1,8
20260729,EML,cod,10,10,0,3,7
20260917,EML,pp,10,10,2,4,4
20260806,EML,cod,10,10,2,3,5
20260708,EML,cod,12,10,5,4,1
20260731,EML,cod,16,11,1,3,7
20260917,EML,cod,18,17,1,9,7
20261005,EPL,pp,1,0,0,0,0
20260703,EPL,cod,1,0,0,0,0
20260704,EPL,pp,2,0,0,0,0
20260702,EPL,pp,1,0,0,0,0
20260819,EPL,pp,1,0,0,0,0
20260703,EPL,pp,1,0,0,0,0
20260618,EPL,cod,1,0,0,0,0
20260820,EPL,pp,1,0,0,0,0
20260630,EPL,pp,1,0,0,0,0
20260811,EPL,pp,1,0,0,0,0
20260821,EPL,pp,1,0,0,0,0
20260924,EPL,cod,1,1,1,0,0
20260925,EPL,pp,1,1,1,0,0
20260904,EPL,pp,1,1,1,0,0
20260730,EPL,cod,1,1,1,0,0
20260903,EPL,pp,1,1,0,1,0
20260902,EPL,cod,1,1,1,0,0
20260716,EPL,pp,1,1,1,0,0
20260820,EPL,cod,1,1,0,1,0
20260915,EPL,cod,1,1,0,1,0
20260829,EPL,cod,1,1,1,0,0
20260928,EPL,cod,1,1,0,1,0
20260810,EPL,pp,1,1,0,1,0
20260929,EPL,pp,1,1,0,1,0
20260727,EPL,pp,1,1,1,0,0
20260829,EPL,pp,1,1,1,0,0
20260728,EPL,pp,1,1,1,0,0
20261001,EPL,pp,1,1,0,1,0
20260905,EPL,pp,1,1,1,0,0
20260826,EPL,pp,1,1,1,0,0
20260806,EPL,pp,1,1,0,1,0
20260708,EPL,pp,1,1,0,1,0
20260915,EPL,pp,1,1,0,1,0
20260926,EPL,cod,1,1,0,1,0
20260919,EPL,pp,1,1,1,0,0
20260911,EPL,cod,1,1,1,0,0
20260801,EPL,pp,1,1,1,0,0
20260905,EPL,cod,1,1,1,0,0
20260727,EPL,cod,1,1,1,0,0
20260901,EPL,pp,1,1,1,0,0
20260711,EPL,pp,1,1,0,1,0
20260909,EPL,pp,1,1,0,0,1
20260729,EPL,pp,1,1,1,0,0
20260721,EPL,pp,1,1,1,0,0
20260902,EPL,pp,1,1,1,0,0
20260916,EPL,pp,1,1,0,0,1
20260930,EPL,cod,1,1,0,1,0
20260711,EPL,cod,1,1,0,1,0
20260803,EPL,pp,1,1,0,1,0
20260822,EPL,pp,1,1,1,0,0
20260808,EPL,pp,1,1,0,0,1
20260912,EPL,pp,2,2,2,0,0
20260813,EPL,pp,2,2,2,0,0
20260807,EPL,pp,2,2,2,0,0
20260715,EPL,pp,2,2,0,2,0
20260804,EPL,pp,2,2,1,1,0
20260707,EPL,pp,2,2,2,0,0
20260825,EPL,pp,2,2,2,0,0
20260724,EPL,pp,2,2,0,2,0
20260914,EPL,pp,2,2,2,0,0
20260731,EPL,pp,2,2,1,1,0
20260713,EPL,pp,3,3,2,1,0
20260930,EPL,pp,3,3,2,1,0
20260926,EPL,pp,3,3,0,3,0
20260730,EPL,pp,3,3,2,1,0
20260818,EPL,pp,3,3,0,2,1
20260723,EPL,pp,4,4,3,1,0
20260616,ESA,pp,16,0,0,0,0
20260702,ESA,pp,143,0,0,0,0
20260610,ESA,pp,3,0,0,0,0
20260629,ESA,pp,29,0,0,0,0
20260624,ESA,cod,1,0,0,0,0
20260705,ESA,cod,4,0,0,0,0
20260607,ESA,cod,1,0,0,0,0
20260703,ESA,pp,299,0,0,0,0
20260617,ESA,pp,4,0,0,0,0
20260706,ESA,pp,326,0,0,0,0
20260504,ESA,pp,1,0,0,0,0
20260704,ESA,pp,412,0,0,0,0
20260528,ESA,cod,1,0,0,0,0
20260614,ESA,pp,2,0,0,0,0
20260522,ESA,pp,3,0,0,0,0
20260504,ESA,cod,1,0,0,0,0
20260502,ESA,pp,1,0,0,0,0
20260624,ESA,pp,30,0,0,0,0
20260607,ESA,pp,2,0,0,0,0
20260621,ESA,pp,1,0,0,0,0
20260509,ESA,pp,1,0,0,0,0
20260627,ESA,pp,8,0,0,0,0
20260615,ESA,pp,2,0,0,0,0
20260512,ESA,pp,1,0,0,0,0
20260706,ESA,cod,6,0,0,0,0
20260611,ESA,pp,8,0,0,0,0
20260523,ESA,pp,2,0,0,0,0
20261005,ESA,cod,61,0,0,0,0
20260613,ESA,pp,9,0,0,0,0
20260619,ESA,pp,29,0,0,0,0
20260625,ESA,pp,15,0,0,0,0
20260630,ESA,cod,1,0,0,0,0
20260423,ESA,pp,2,0,0,0,0
20260701,ESA,cod,9,0,0,0,0
20260626,ESA,pp,27,0,0,0,0
20260425,ESA,pp,1,0,0,0,0
20260514,ESA,pp,1,0,0,0,0
20260609,ESA,pp,2,0,0,0,0
20260510,ESA,pp,1,0,0,0,0
20260704,ESA,cod,12,0,0,0,0
20261004,ESA,cod,69,0,0,0,0
20260705,ESA,pp,179,0,0,0,0
20260628,ESA,cod,1,0,0,0,0
20260603,ESA,pp,1,0,0,0,0
20260701,ESA,pp,186,0,0,0,0
20260620,ESA,pp,2,0,0,0,0
20260702,ESA,cod,12,0,0,0,0
20260417,ESA,pp,1,0,0,0,0
20260703,ESA,cod,11,0,0,0,0
20260518,ESA,cod,1,0,0,0,0
20260618,ESA,pp,3,0,0,0,0
20260430,ESA,pp,1,0,0,0,0
20260630,ESA,pp,53,0,0,0,0
20260622,ESA,pp,1,0,0,0,0
20261005,ESA,pp,967,0,0,0,0
20260628,ESA,pp,4,0,0,0,0
20260623,ESA,pp,5,0,0,0,0
20260629,ESA,cod,2,0,0,0,0
20260530,ESA,pp,1,0,0,0,0
20260612,ESA,pp,5,0,0,0,0
20260816,ESA,cod,1,1,1,0,0
20260719,ESA,cod,1,1,1,0,0
20260809,ESA,cod,5,3,3,0,0
20260920,ESA,cod,3,3,3,0,0
20260914,ESA,cod,4,4,1,2,1
20260712,ESA,cod,6,5,1,0,4
20260721,ESA,cod,5,5,1,3,1
20260927,ESA,cod,8,5,3,2,0
20260723,ESA,cod,6,6,6,0,0
20260823,ESA,cod,6,6,2,4,0
20260731,ESA,cod,9,7,3,4,0
20260830,ESA,cod,7,7,6,1,0
20260713,ESA,cod,11,8,3,5,0
20260717,ESA,cod,8,8,3,5,0
20260716,ESA,cod,9,9,5,3,1
20260708,ESA,cod,9,9,2,6,1
20260714,ESA,cod,10,10,9,1,0
20260906,ESA,cod,10,10,9,1,0
20260802,ESA,cod,10,10,9,1,0
20260905,ESA,cod,13,11,7,4,0
20260913,ESA,cod,12,11,0,9,2
20260801,ESA,cod,12,11,4,3,4
20260829,ESA,cod,20,12,7,4,1
20260826,ESA,cod,12,12,10,2,0
20260815,ESA,cod,12,12,8,4,0
20260707,ESA,cod,12,12,4,8,0
20260709,ESA,cod,12,12,5,6,1
20260831,ESA,cod,17,13,5,6,2
20260724,ESA,cod,14,13,11,0,2
20260911,ESA,cod,13,13,5,7,1
20260903,ESA,cod,13,13,6,3,4
20260808,ESA,cod,14,14,10,2,2
20260917,ESA,cod,14,14,5,9,0
20260803,ESA,cod,15,14,9,3,2
20260715,ESA,cod,15,15,6,9,0
20260907,ESA,cod,16,15,6,9,0
20260711,ESA,cod,16,15,8,6,1
20260825,ESA,cod,17,15,6,8,1
20260720,ESA,cod,18,16,8,8,0
20260925,ESA,cod,16,16,7,7,2
20260725,ESA,cod,17,16,3,0,13
20260912,ESA,cod,23,16,6,5,5
20260915,ESA,cod,49,17,5,11,1
20260813,ESA,cod,17,17,13,4,0
20260902,ESA,cod,17,17,10,7,0
20260909,ESA,cod,19,17,10,4,3
20260730,ESA,cod,20,17,5,8,4
20260805,ESA,cod,23,18,13,5,0
20260819,ESA,cod,27,19,15,4,0
20260710,ESA,cod,19,19,7,3,9
20260718,ESA,cod,19,19,12,1,6
20260807,ESA,cod,21,19,7,11,1
20260827,ESA,cod,20,20,12,1,7
20260828,ESA,cod,21,20,14,2,4
20260824,ESA,cod,21,21,17,3,1
20260811,ESA,cod,24,23,14,9,0
20260812,ESA,cod,25,23,17,5,1
20260722,ESA,cod,24,23,18,4,1
20260814,ESA,cod,26,24,12,3,9
20260804,ESA,cod,27,24,18,6,0
20260820,ESA,cod,26,25,11,11,3
20260727,ESA,cod,30,25,4,7,14
20260921,ESA,cod,28,25,5,18,2
20260810,ESA,cod,25,25,14,10,1
20260818,ESA,cod,30,27,7,20,0
20260817,ESA,cod,29,27,14,3,10
20260916,ESA,cod,29,27,17,9,1
20260929,ESA,cod,28,28,22,6,0
20260908,ESA,cod,39,28,8,15,5
20260904,ESA,cod,33,29,22,7,0
20260729,ESA,cod,31,29,18,11,0
20260924,ESA,cod,34,30,27,2,1
20260901,ESA,cod,43,32,24,7,1
20260728,ESA,cod,34,32,10,22,0
20260910,ESA,cod,42,33,8,25,0
20260923,ESA,cod,35,33,19,14,0
20260919,ESA,cod,35,33,28,4,1
20260806,ESA,cod,35,33,17,15,1
20260822,ESA,cod,35,34,19,10,5
20260918,ESA,cod,40,36,15,21,0
20260816,ESA,pp,40,38,8,13,17
20260802,ESA,pp,43,42,18,19,5
20261002,ESA,cod,58,44,30,13,1
20260928,ESA,cod,49,45,22,22,1
20260926,ESA,cod,50,47,14,18,15
20260922,ESA,cod,51,50,23,27,0
20260719,ESA,pp,53,51,18,30,3
20260815,ESA,pp,57,53,28,13,12
20260821,ESA,cod,81,56,20,35,1
20260712,ESA,pp,59,59,38,19,2
20260930,ESA,cod,71,66,56,10,0
20260809,ESA,pp,86,81,32,49,0
20261001,ESA,cod,111,89,62,24,3
20260906,ESA,pp,101,92,36,37,19
20261003,ESA,cod,119,100,96,4,0
20260913,ESA,pp,111,102,7,74,21
20260830,ESA,pp,112,112,82,22,8
20260927,ESA,pp,134,117,59,41,17
20260823,ESA,pp,122,117,71,36,10
20260920,ESA,pp,123,122,43,43,36
20260727,ESA,pp,213,183,82,66,35
20260726,ESA,pp,202,188,172,14,2
20260801,ESA,pp,225,213,128,50,35
20260707,ESA,pp,222,216,131,58,27
20260717,ESA,pp,244,227,143,70,14
20260721,ESA,pp,260,233,155,72,6
20260708,ESA,pp,251,244,98,76,70
20260714,ESA,pp,299,273,202,54,17
20260729,ESA,pp,286,277,176,95,6
20260904,ESA,pp,300,277,195,61,21
20261004,ESA,pp,357,278,278,0,0
20260811,ESA,pp,298,286,145,107,34
20260715,ESA,pp,305,287,155,109,23
20260730,ESA,pp,300,291,121,145,25
20260803,ESA,pp,296,292,110,176,6
20260825,ESA,pp,299,292,137,133,22
20260804,ESA,pp,357,300,188,75,37
20260716,ESA,pp,360,331,137,182,12
20260731,ESA,pp,361,333,129,156,48
20260807,ESA,pp,374,345,207,109,29
20260718,ESA,pp,368,351,256,36,59
20260810,ESA,pp,421,359,226,102,31
20260808,ESA,pp,380,362,248,40,74
20260805,ESA,pp,406,368,110,199,59
20260914,ESA,pp,404,376,145,201,30
20260824,ESA,pp,411,382,217,146,19
20260817,ESA,pp,472,386,136,170,80
20261002,ESA,pp,418,386,200,182,4
20260713,ESA,pp,401,389,261,101,27
20260826,ESA,pp,442,420,221,181,18
20260821,ESA,pp,471,425,126,257,42
20260710,ESA,pp,441,433,311,84,38
20260728,ESA,pp,453,434,225,196,13
20260711,ESA,pp,460,445,233,31,181
20260806,ESA,pp,469,445,276,128,41
20260724,ESA,pp,484,456,277,137,42
20260725,ESA,pp,506,457,347,54,56
20260720,ESA,pp,502,465,176,176,113
20260918,ESA,pp,487,466,214,177,75
20260926,ESA,pp,492,471,216,120,135
20260812,ESA,pp,495,482,331,123,28
20260921,ESA,pp,515,482,225,230,27
20260923,ESA,pp,529,489,272,169,48
20260814,ESA,pp,545,494,335,44,115
20260709,ESA,pp,527,504,290,197,17
20260827,ESA,pp,615,512,287,122,103
20260723,ESA,pp,623,528,302,180,46
20260915,ESA,pp,543,529,203,294,32
20260820,ESA,pp,577,535,227,292,16
20260722,ESA,pp,577,536,427,61,48
20260908,ESA,pp,577,545,247,278,20
20260925,ESA,pp,595,552,218,312,22
20260903,ESA,pp,603,564,293,179,92
20260919,ESA,pp,605,568,339,93,136
20260912,ESA,pp,716,573,475,45,53
20260813,ESA,pp,618,580,405,152,23
20260911,ESA,pp,680,597,298,276,23
20260905,ESA,pp,620,599,316,47,236
20260829,ESA,pp,630,601,459,79,63
20260828,ESA,pp,653,605,177,425,3
20260909,ESA,pp,647,611,408,187,16
20260907,ESA,pp,671,648,296,296,56
20260819,ESA,pp,682,650,343,238,69
20260822,ESA,pp,685,655,331,51,273
20260901,ESA,pp,682,661,272,366,23
20260910,ESA,pp,729,662,442,165,55
20261001,ESA,pp,746,688,348,293,47
20260917,ESA,pp,730,700,408,244,48
20260930,ESA,pp,843,749,343,378,28
20260929,ESA,pp,783,757,323,368,66
20260916,ESA,pp,821,765,348,387,30
20260924,ESA,pp,830,777,401,314,62
20260818,ESA,pp,845,830,326,178,326
20260922,ESA,pp,863,830,487,247,96
20260902,ESA,pp,1034,1006,516,470,20
20261003,ESA,pp,1577,1106,586,520,0
20260928,ESA,pp,1478,1443,346,200,897
20260831,ESA,pp,1591,1544,411,1091,42
20260608,ESC,cod,4,0,0,0,0
20260619,ESC,cod,1,0,0,0,0
20260607,ESC,cod,1,0,0,0,0
20260601,ESC,cod,1,0,0,0,0
20260629,ESC,cod,5,0,0,0,0
20260622,ESC,cod,5,0,0,0,0
20260606,ESC,cod,2,0,0,0,0
20260620,ESC,cod,1,0,0,0,0
20260704,ESC,pp,22,0,0,0,0
20260628,ESC,pp,1,0,0,0,0
20260621,ESC,pp,1,0,0,0,0
20260624,ESC,cod,3,0,0,0,0
20261005,ESC,cod,4,0,0,0,0
20260527,ESC,pp,1,0,0,0,0
20260621,ESC,cod,4,0,0,0,0
20260626,ESC,cod,5,0,0,0,0
20260701,ESC,pp,3,0,0,0,0
20260703,ESC,cod,34,0,0,0,0
20260616,ESC,cod,1,0,0,0,0
20260608,ESC,pp,1,0,0,0,0
20260627,ESC,cod,14,0,0,0,0
20260615,ESC,cod,1,0,0,0,0
20260625,ESC,cod,3,0,0,0,0
20260609,ESC,cod,1,0,0,0,0
20260630,ESC,cod,10,0,0,0,0
20260628,ESC,cod,16,0,0,0,0
20260623,ESC,pp,1,0,0,0,0
20260705,ESC,cod,67,0,0,0,0
20260706,ESC,pp,84,0,0,0,0
20260702,ESC,pp,9,0,0,0,0
20260702,ESC,cod,24,0,0,0,0
20260626,ESC,pp,3,0,0,0,0
20260617,ESC,cod,1,0,0,0,0
20260530,ESC,cod,2,0,0,0,0
20260618,ESC,cod,2,0,0,0,0
20260701,ESC,cod,24,0,0,0,0
20260623,ESC,cod,3,0,0,0,0
20260705,ESC,pp,65,0,0,0,0
20261005,ESC,pp,10,0,0,0,0
20260630,ESC,pp,2,0,0,0,0
20260704,ESC,cod,51,0,0,0,0
20260706,ESC,cod,112,0,0,0,0
20260703,ESC,pp,15,0,0,0,0
20260613,ESC,cod,2,0,0,0,0
20260529,ESC,cod,1,0,0,0,0
20260620,ESC,pp,2,0,0,0,0
20260922,ESC,cod,1,1,1,0,0
20260724,ESC,cod,2,2,2,0,0
20260914,ESC,cod,2,2,0,2,0
20260930,ESC,pp,2,2,2,0,0
20260928,ESC,cod,3,3,3,0,0
20260729,ESC,cod,3,3,3,0,0
20260911,ESC,cod,3,3,3,0,0
20261004,ESC,pp,5,3,3,0,0
20260728,ESC,cod,4,3,3,0,0
20260804,ESC,cod,4,4,4,0,0
20260927,ESC,cod,4,4,4,0,0
20261004,ESC,cod,6,4,4,0,0
20260731,ESC,pp,5,5,5,0,0
20260727,ESC,pp,15,5,5,0,0
20260924,ESC,cod,6,5,5,0,0
20260926,ESC,cod,5,5,5,0,0
20260807,ESC,cod,9,5,5,0,0
20260914,ESC,pp,6,6,0,6,0
20260924,ESC,pp,7,6,6,0,0
20260929,ESC,pp,6,6,6,0,0
20260921,ESC,pp,6,6,6,0,0
20260726,ESC,cod,6,6,6,0,0
20260915,ESC,cod,7,7,6,0,1
20260821,ESC,cod,8,7,5,0,2
20261001,ESC,cod,7,7,7,0,0
20260921,ESC,cod,7,7,7,0,0
20260915,ESC,pp,7,7,7,0,0
20260912,ESC,cod,7,7,7,0,0
20260805,ESC,cod,7,7,7,0,0
20260920,ESC,cod,7,7,4,3,0
20260928,ESC,pp,9,8,8,0,0
20260916,ESC,pp,9,8,8,0,0
20260923,ESC,pp,8,8,8,0,0
20260810,ESC,cod,9,8,8,0,0
20260909,ESC,cod,8,8,7,1,0
20260917,ESC,pp,8,8,8,0,0
20260918,ESC,pp,10,8,8,0,0
20260801,ESC,cod,9,8,8,0,0
20260913,ESC,cod,10,8,1,0,7
20260806,ESC,cod,8,8,7,1,0
20260918,ESC,cod,8,8,8,0,0
20260903,ESC,cod,15,9,9,0,0
20260920,ESC,pp,9,9,5,4,0
20260929,ESC,cod,9,9,9,0,0
20260908,ESC,cod,11,9,9,0,0
20260807,ESC,pp,10,9,5,1,3
20261001,ESC,pp,9,9,9,0,0
20260805,ESC,pp,9,9,9,0,0
20260910,ESC,cod,9,9,9,0,0
20260919,ESC,pp,9,9,9,0,0
20260804,ESC,pp,9,9,9,0,0
20260727,ESC,cod,9,9,9,0,0
20260831,ESC,pp,11,9,9,0,0
20260916,ESC,cod,11,9,9,0,0
20260907,ESC,cod,10,10,10,0,0
20260926,ESC,pp,11,10,10,0,0
20260820,ESC,cod,10,10,10,0,0
20260904,ESC,pp,10,10,10,0,0
20260801,ESC,pp,10,10,10,0,0
20260829,ESC,cod,11,10,10,0,0
20261003,ESC,pp,11,10,10,0,0
20260906,ESC,cod,11,11,2,9,0
20260925,ESC,cod,11,11,7,4,0
20260910,ESC,pp,13,11,9,2,0
20260803,ESC,pp,11,11,10,1,0
20260912,ESC,pp,11,11,11,0,0
20260906,ESC,pp,11,11,3,8,0
20260726,ESC,pp,19,12,12,0,0
20260919,ESC,cod,13,12,10,0,2
20260803,ESC,cod,12,12,12,0,0
20260728,ESC,pp,13,13,13,0,0
20260927,ESC,pp,15,13,8,5,0
20260917,ESC,cod,13,13,13,0,0
20260830,ESC,cod,13,13,9,4,0
20260809,ESC,pp,15,13,4,9,0
20260811,ESC,cod,13,13,13,0,0
20260829,ESC,pp,13,13,13,0,0
20260725,ESC,cod,14,13,13,0,0
20260808,ESC,cod,15,14,9,0,5
20260923,ESC,cod,15,14,14,0,0
20260812,ESC,cod,15,14,14,0,0
20260723,ESC,cod,19,14,12,1,1
20260809,ESC,cod,15,14,10,4,0
20260826,ESC,cod,14,14,14,0,0
20260905,ESC,cod,14,14,14,0,0
20260905,ESC,pp,15,14,14,0,0
20260730,ESC,cod,14,14,14,0,0
20260925,ESC,pp,16,14,5,9,0
20260930,ESC,cod,15,14,14,0,0
20260731,ESC,cod,16,14,14,0,0
20260802,ESC,pp,14,14,14,0,0
20260830,ESC,pp,15,15,7,8,0
20260806,ESC,pp,17,15,14,1,0
20260911,ESC,pp,16,15,15,0,0
20260729,ESC,pp,15,15,15,0,0
20260802,ESC,cod,17,15,15,0,0
20260820,ESC,pp,17,16,16,0,0
20260822,ESC,cod,18,16,7,0,9
20260814,ESC,cod,16,16,16,0,0
20260901,ESC,cod,19,17,17,0,0
20260907,ESC,pp,18,17,17,0,0
20260903,ESC,pp,18,17,17,0,0
20260908,ESC,pp,21,17,17,0,0
20260819,ESC,cod,17,17,10,7,0
20260904,ESC,cod,18,18,18,0,0
20260913,ESC,pp,22,18,14,0,4
20260901,ESC,pp,19,18,18,0,0
20260824,ESC,cod,18,18,18,0,0
20260902,ESC,cod,19,18,18,0,0
20260817,ESC,cod,20,19,19,0,0
20261003,ESC,cod,19,19,19,0,0
20260828,ESC,cod,19,19,19,0,0
20260718,ESC,cod,19,19,19,0,0
20260831,ESC,cod,20,19,19,0,0
20260813,ESC,cod,22,20,19,0,1
20260827,ESC,pp,20,20,20,0,0
20260816,ESC,cod,21,20,18,2,0
20260823,ESC,pp,21,20,14,6,0
20260827,ESC,cod,21,20,20,0,0
20260817,ESC,pp,22,20,19,1,0
20260819,ESC,pp,20,20,12,8,0
20260825,ESC,cod,22,21,20,1,0
20260818,ESC,cod,22,21,21,0,0
20260810,ESC,pp,21,21,20,1,0
20260719,ESC,cod,22,21,21,0,0
20260808,ESC,pp,23,21,13,0,8
20260824,ESC,pp,22,21,21,0,0
20260715,ESC,cod,23,22,22,0,0
20260826,ESC,pp,23,22,22,0,0
20260730,ESC,pp,23,22,21,0,1
20260821,ESC,pp,23,22,15,1,6
20260812,ESC,pp,24,23,22,0,1
20260813,ESC,pp,27,24,24,0,0
20260909,ESC,pp,30,24,20,4,0
20260822,ESC,pp,25,24,10,0,14
20260715,ESC,pp,26,25,25,0,0
20260825,ESC,pp,27,26,26,0,0
20260814,ESC,pp,26,26,26,0,0
20260828,ESC,pp,29,27,27,0,0
20260818,ESC,pp,32,27,24,3,0
20260720,ESC,cod,29,28,27,1,0
20260902,ESC,pp,28,28,28,0,0
20260716,ESC,pp,29,28,27,1,0
20260717,ESC,cod,30,30,30,0,0
20260823,ESC,cod,33,32,13,18,1
20260811,ESC,pp,33,32,32,0,0
20260719,ESC,pp,34,33,33,0,0
20260722,ESC,cod,34,34,33,0,1
20260725,ESC,pp,40,34,33,1,0
20260712,ESC,pp,34,34,34,0,0
20260722,ESC,pp,40,34,34,0,0
20260723,ESC,pp,94,35,31,4,0
20260714,ESC,pp,37,36,36,0,0
20260718,ESC,pp,39,37,37,0,0
20260714,ESC,cod,39,37,36,1,0
20260712,ESC,cod,40,38,38,0,0
20260716,ESC,cod,38,38,37,1,0
20260721,ESC,cod,42,39,39,0,0
20260720,ESC,pp,40,39,39,0,0
20260717,ESC,pp,40,40,39,0,1
20260724,ESC,pp,78,40,40,0,0
20260713,ESC,pp,45,40,40,0,0
20260721,ESC,pp,41,41,41,0,0
20260710,ESC,cod,50,44,44,0,0
20260707,ESC,cod,47,44,44,0,0
20260713,ESC,cod,46,45,45,0,0
20260708,ESC,pp,50,45,45,0,0
20260711,ESC,cod,50,49,49,0,0
20260707,ESC,pp,51,50,48,1,1
20260711,ESC,pp,55,52,52,0,0
20260816,ESC,pp,59,56,54,1,1
20260709,ESC,cod,62,58,56,2,0
20260710,ESC,pp,65,61,60,0,1
20260708,ESC,cod,68,64,64,0,0
20260709,ESC,pp,84,75,73,2,0
20260908,ESG,pp,1,0,0,0,0
20260706,ESL,pp,10,0,0,0,0
20260703,ESL,pp,1,0,0,0,0
20260702,ESL,pp,5,0,0,0,0
20260505,ESL,pp,1,0,0,0,0
20260929,ESL,pp,1,0,0,0,0
20260704,ESL,pp,6,0,0,0,0
20260922,ESL,pp,2,0,0,0,0
20260924,ESL,pp,2,1,0,1,0
20260917,ESL,pp,1,1,0,1,0
20261003,ESL,pp,3,1,1,0,0
20261001,ESL,pp,1,1,1,0,0
20260923,ESL,pp,2,1,1,0,0
20260919,ESL,pp,2,1,0,0,1
20260928,ESL,pp,5,1,1,0,0
20260813,ESL,pp,1,1,1,0,0
20260808,ESL,pp,2,2,0,0,2
20260731,ESL,pp,2,2,2,0,0
20260709,ESL,pp,2,2,2,0,0
20260710,ESL,pp,2,2,1,1,0
20260914,ESL,pp,3,2,2,0,0
20260827,ESL,pp,3,3,1,0,2
20260721,ESL,pp,4,3,0,3,0
20260811,ESL,pp,3,3,1,2,0
20260916,ESL,pp,3,3,3,0,0
20260812,ESL,pp,4,3,3,0,0
20260912,ESL,pp,3,3,0,0,3
20260711,ESL,pp,3,3,0,0,3
20260918,ESL,pp,3,3,0,2,1
20260826,ESL,pp,3,3,0,0,3
20260911,ESL,pp,3,3,0,0,3
20260822,ESL,pp,3,3,2,0,1
20260729,ESL,pp,4,4,1,3,0
20260716,ESL,pp,4,4,0,2,2
20260804,ESL,pp,4,4,0,0,4
20260814,ESL,pp,4,4,4,0,0
20260717,ESL,pp,4,4,3,1,0
20260801,ESL,pp,4,4,3,0,1
20260707,ESL,pp,4,4,1,3,0
20260715,ESL,pp,4,4,4,0,0
20260905,ESL,pp,5,4,2,0,2
20260818,ESL,pp,4,4,3,1,0
20260910,ESL,pp,4,4,1,3,0
20260909,ESL,pp,5,5,5,0,0
20260820,ESL,pp,5,5,3,2,0
20260806,ESL,pp,5,5,4,1,0
20260723,ESL,pp,5,5,5,0,0
20260708,ESL,pp,5,5,4,0,1
20260819,ESL,pp,5,5,5,0,0
20260915,ESL,pp,5,5,2,3,0
20260821,ESL,pp,6,5,5,0,0
20260825,ESL,pp,6,6,2,4,0
20260807,ESL,pp,7,6,4,0,2
20260714,ESL,pp,6,6,2,4,0
20260902,ESL,pp,6,6,4,0,2
20260904,ESL,pp,6,6,1,4,1
20260730,ESL,pp,6,6,1,5,0
20260725,ESL,pp,6,6,6,0,0
20260805,ESL,pp,7,7,2,1,4
20260921,ESL,pp,9,7,0,0,7
20260724,ESL,pp,7,7,7,0,0
20260718,ESL,pp,8,8,5,0,3
20260728,ESL,pp,8,8,8,0,0
20260722,ESL,pp,8,8,1,7,0
20260810,ESL,pp,9,9,6,3,0
20260903,ESL,pp,9,9,1,8,0
20260901,ESL,pp,9,9,8,1,0
20260908,ESL,pp,10,10,2,4,4
20260907,ESL,pp,10,10,10,0,0
20260803,ESL,pp,11,11,10,1,0
20260824,ESL,pp,11,11,10,0,1
20260720,ESL,pp,12,12,1,11,0
20260831,ESL,pp,13,13,4,9,0
20260727,ESL,pp,14,14,14,0,0
20260713,ESL,pp,14,14,14,0,0
20260817,ESL,pp,18,18,5,13,0
20260829,ESS,pp,1,1,0,0,1
20260709,EVR,pp,1,1,0,1,0
20260804,EZS,pp,3,0,0,0,0
20261005,EZS,pp,1,0,0,0,0
20260930,EZS,pp,1,1,0,0,1
20260923,EZS,pp,1,1,1,0,0
20260929,EZS,pp,1,1,0,1,0
20260907,EZS,pp,2,2,0,2,0
20260917,EZS,pp,2,2,0,2,0
20260825,EZS,pp,2,2,0,2,0
20260818,EZS,pp,2,2,2,0,0
20260918,EZS,pp,3,2,0,2,0
20260805,EZS,pp,2,2,2,0,0
20260911,EZS,pp,3,3,0,3,0
20260827,EZS,pp,6,6,0,6,0
20260902,EZS,pp,6,6,6,0,0
20261005,FCL,pp,423,0,0,0,0
20260523,FCL,cod,1,0,0,0,0
20260509,FCL,cod,1,0,0,0,0
20260526,FCL,cod,1,0,0,0,0
20260705,FCL,cod,203,0,0,0,0
20260624,FCL,pp,9,0,0,0,0
20260531,FCL,pp,2,0,0,0,0
20260610,FCL,pp,2,0,0,0,0
20260628,FCL,cod,26,0,0,0,0
20260706,FCL,pp,594,0,0,0,0
20260616,FCL,pp,1,0,0,0,0
20260626,FCL,pp,12,0,0,0,0
20260602,FCL,pp,5,0,0,0,0
20260612,FCL,pp,1,0,0,0,0
20260528,FCL,pp,2,0,0,0,0
20260630,FCL,cod,82,0,0,0,0
20260618,FCL,pp,3,0,0,0,0
20260614,FCL,cod,2,0,0,0,0
20260519,FCL,cod,1,0,0,0,0
20260627,FCL,pp,20,0,0,0,0
20260620,FCL,cod,3,0,0,0,0
20260706,FCL,cod,274,0,0,0,0
20260621,FCL,cod,4,0,0,0,0
20260606,FCL,pp,3,0,0,0,0
20260702,FCL,pp,194,0,0,0,0
20260606,FCL,cod,2,0,0,0,0
20260615,FCL,pp,3,0,0,0,0
20260609,FCL,cod,2,0,0,0,0
20260621,FCL,pp,1,0,0,0,0
20260625,FCL,pp,8,0,0,0,0
20260426,FCL,pp,1,0,0,0,0
20260701,FCL,cod,78,0,0,0,0
20260526,FCL,pp,1,0,0,0,0
20260626,FCL,cod,18,0,0,0,0
20260422,FCL,pp,1,0,0,0,0
20260601,FCL,pp,2,0,0,0,0
20260522,FCL,pp,1,0,0,0,0
20260607,FCL,cod,1,0,0,0,0
20260620,FCL,pp,3,0,0,0,0
20260622,FCL,pp,6,0,0,0,0
20260630,FCL,pp,70,0,0,0,0
20260428,FCL,pp,1,0,0,0,0
20260625,FCL,cod,10,0,0,0,0
20260619,FCL,cod,2,0,0,0,0
20260418,FCL,cod,1,0,0,0,0
20260701,FCL,pp,112,0,0,0,0
20261005,FCL,cod,179,0,0,0,0
20260502,FCL,pp,1,0,0,0,0
20260113,FCL,pp,1,0,0,0,0
20260629,FCL,cod,31,0,0,0,0
20260525,FCL,pp,1,0,0,0,0
20260617,FCL,cod,2,0,0,0,0
20260704,FCL,cod,246,0,0,0,0
20260619,FCL,pp,5,0,0,0,0
20260611,FCL,pp,1,0,0,0,0
20260607,FCL,pp,6,0,0,0,0
20260530,FCL,cod,1,0,0,0,0
20260510,FCL,cod,1,0,0,0,0
20260524,FCL,cod,1,0,0,0,0
20260608,FCL,cod,1,0,0,0,0
20260417,FCL,pp,1,0,0,0,0
20260702,FCL,cod,168,0,0,0,0
20260703,FCL,pp,283,0,0,0,0
20260623,FCL,cod,6,0,0,0,0
20260705,FCL,pp,469,0,0,0,0
20260629,FCL,pp,47,0,0,0,0
20260704,FCL,pp,448,0,0,0,0
20260622,FCL,cod,6,0,0,0,0
20260603,FCL,cod,2,0,0,0,0
20260628,FCL,pp,23,0,0,0,0
20260627,FCL,cod,23,0,0,0,0
20260605,FCL,pp,4,0,0,0,0
20260613,FCL,cod,1,0,0,0,0
20260616,FCL,cod,3,0,0,0,0
20260612,FCL,cod,3,0,0,0,0
20260624,FCL,cod,10,0,0,0,0
20260117,FCL,pp,2,0,0,0,0
20260416,FCL,pp,1,0,0,0,0
20260519,FCL,pp,1,0,0,0,0
20260623,FCL,pp,4,0,0,0,0
20260602,FCL,cod,2,0,0,0,0
20260608,FCL,pp,4,0,0,0,0
20260611,FCL,cod,1,0,0,0,0
20260613,FCL,pp,1,0,0,0,0
20260512,FCL,pp,1,0,0,0,0
20260610,FCL,cod,1,0,0,0,0
20260604,FCL,cod,1,0,0,0,0
20260703,FCL,cod,175,0,0,0,0
20260421,FCL,pp,1,0,0,0,0
20260601,FCL,cod,2,0,0,0,0
20260423,FCL,pp,1,0,0,0,0
20260531,FCL,cod,1,0,0,0,0
20260618,FCL,cod,1,0,0,0,0
20260615,FCL,cod,2,0,0,0,0
20261004,FCL,cod,154,73,73,0,0
20260815,FCL,cod,134,128,71,53,4
20261004,FCL,pp,332,140,140,0,0
20260828,FCL,cod,151,145,72,71,2
20261002,FCL,cod,153,150,72,77,1
20260906,FCL,cod,154,151,85,65,1
20260904,FCL,cod,161,151,100,48,3
20260927,FCL,cod,158,155,90,65,0
20261003,FCL,cod,170,156,97,59,0
20260905,FCL,cod,162,157,98,55,4
20260814,FCL,cod,163,158,96,46,16
20260918,FCL,cod,163,159,88,61,10
20260811,FCL,cod,166,160,96,62,2
20260809,FCL,cod,161,160,92,64,4
20260813,FCL,cod,169,164,94,66,4
20260907,FCL,cod,176,167,109,53,5
20260910,FCL,cod,175,172,92,76,4
20260914,FCL,cod,175,174,79,92,3
20260810,FCL,cod,180,175,112,61,2
20260826,FCL,cod,183,176,113,56,7
20260913,FCL,cod,183,177,91,59,27
20260912,FCL,cod,182,178,109,54,15
20260917,FCL,cod,180,178,120,52,6
20260824,FCL,cod,190,179,101,73,5
20260812,FCL,cod,184,179,96,80,3
20260925,FCL,cod,191,180,83,92,5
20260816,FCL,cod,188,182,95,84,3
20260829,FCL,cod,190,182,98,68,16
20260915,FCL,cod,187,183,97,78,8
20260929,FCL,cod,188,184,115,67,2
20260830,FCL,cod,189,184,110,68,6
20260908,FCL,cod,186,185,107,71,7
20260919,FCL,cod,193,188,120,59,9
20260805,FCL,cod,197,190,89,99,2
20260909,FCL,cod,193,191,104,76,11
20260806,FCL,cod,202,192,102,80,10
20260807,FCL,cod,200,193,129,58,6
20261001,FCL,cod,199,194,111,77,6
20260924,FCL,cod,199,198,121,49,28
20260921,FCL,cod,202,199,99,92,8
20260712,FCL,cod,210,199,94,92,13
20260726,FCL,cod,207,200,99,100,1
20260920,FCL,cod,206,202,108,86,8
20260714,FCL,cod,213,203,107,96,0
20260916,FCL,cod,208,203,104,97,2
20260922,FCL,cod,207,203,112,88,3
20260802,FCL,cod,209,204,93,106,5
20260930,FCL,cod,210,204,153,51,0
20260819,FCL,cod,208,204,115,80,9
20260822,FCL,cod,209,204,120,72,12
20260823,FCL,cod,208,205,111,85,9
20260831,FCL,cod,211,205,111,91,3
20260724,FCL,cod,213,206,131,72,3
20260911,FCL,cod,213,207,124,82,1
20260725,FCL,cod,210,207,131,73,3
20260825,FCL,cod,218,209,110,83,16
20260827,FCL,cod,218,214,121,65,28
20260903,FCL,cod,219,215,138,73,4
20260926,FCL,cod,219,215,141,58,16
20260818,FCL,cod,224,217,136,77,4
20260803,FCL,cod,222,217,110,99,8
20260801,FCL,cod,223,217,133,77,7
20260719,FCL,cod,224,217,128,79,10
20260722,FCL,cod,220,217,109,107,1
20260718,FCL,cod,222,217,126,77,14
20260729,FCL,cod,224,219,98,120,1
20260923,FCL,cod,225,219,126,90,3
20260928,FCL,cod,224,221,133,82,6
20260721,FCL,cod,230,223,123,100,0
20260817,FCL,cod,227,224,138,80,6
20260901,FCL,cod,229,224,132,91,1
20260820,FCL,cod,235,225,116,98,11
20260728,FCL,cod,234,227,130,95,2
20260723,FCL,cod,231,228,147,78,3
20260808,FCL,cod,234,229,142,85,2
20260821,FCL,cod,241,230,136,88,6
20260804,FCL,cod,238,233,120,99,14
20260710,FCL,cod,243,236,128,98,10
20260720,FCL,cod,246,236,126,99,11
20260730,FCL,cod,245,237,111,122,4
20260902,FCL,cod,248,239,141,87,11
20260713,FCL,cod,244,240,139,90,11
20260711,FCL,cod,248,242,135,83,24
20260727,FCL,cod,252,247,151,92,4
20260715,FCL,cod,255,248,148,100,0
20260731,FCL,cod,259,253,149,104,0
20260709,FCL,cod,266,261,116,125,20
20260717,FCL,cod,264,261,159,98,4
20260829,FCL,pp,276,269,159,91,19
20260707,FCL,cod,276,270,136,122,12
20260708,FCL,cod,282,273,157,72,44
20260905,FCL,pp,294,288,159,120,9
20260828,FCL,pp,293,289,143,143,3
20260716,FCL,cod,301,290,196,93,1
20260929,FCL,pp,301,300,179,116,5
20260826,FCL,pp,332,321,207,95,19
20260815,FCL,pp,327,321,138,162,21
20260830,FCL,pp,329,327,156,154,17
20260823,FCL,pp,336,328,174,142,12
20260822,FCL,pp,333,328,203,106,19
20260813,FCL,pp,331,328,206,110,12
20260913,FCL,pp,337,334,156,111,67
20260927,FCL,pp,343,336,177,155,4
20260906,FCL,pp,342,338,180,154,4
20260814,FCL,pp,345,340,200,107,33
20260825,FCL,pp,350,345,195,134,16
20260930,FCL,pp,350,345,216,125,4
20260918,FCL,pp,347,346,185,143,18
20260824,FCL,pp,351,348,196,138,14
20260907,FCL,pp,361,357,224,121,12
20260915,FCL,pp,361,357,186,160,11
20261003,FCL,pp,392,359,228,131,0
20260904,FCL,pp,360,360,194,155,11
20260925,FCL,pp,363,361,144,212,5
20260919,FCL,pp,373,367,227,122,18
20260827,FCL,pp,372,369,228,86,55
20260816,FCL,pp,377,370,215,149,6
20261002,FCL,pp,379,371,180,187,4
20260712,FCL,pp,377,374,185,158,31
20260912,FCL,pp,380,376,223,125,28
20260719,FCL,pp,386,380,186,180,14
20260911,FCL,pp,387,381,217,163,1
20260910,FCL,pp,386,382,191,181,10
20260908,FCL,pp,384,382,223,137,22
20260928,FCL,pp,388,386,232,133,21
20260831,FCL,pp,392,389,214,175,0
20260821,FCL,pp,394,389,235,150,4
20260903,FCL,pp,396,390,241,142,7
20260818,FCL,pp,402,393,209,175,9
20260725,FCL,pp,403,394,228,137,29
20260914,FCL,pp,402,396,182,194,20
20260901,FCL,pp,399,397,222,172,3
20260812,FCL,pp,405,400,253,144,3
20260820,FCL,pp,408,401,227,151,23
20260722,FCL,pp,408,402,237,158,7
20261001,FCL,pp,418,405,180,218,7
20260717,FCL,pp,409,407,276,127,4
20260917,FCL,pp,416,413,252,130,31
20260730,FCL,pp,424,417,233,171,13
20260811,FCL,pp,423,419,251,159,9
20260807,FCL,pp,428,420,260,144,16
20260819,FCL,pp,430,420,244,150,26
20260916,FCL,pp,431,426,239,180,7
20260810,FCL,pp,437,432,294,133,5
20260920,FCL,pp,441,435,247,176,12
20260909,FCL,pp,446,437,246,158,33
20260726,FCL,pp,448,442,220,217,5
20260921,FCL,pp,450,443,260,151,32
20260817,FCL,pp,448,445,278,161,6
20260714,FCL,pp,450,445,260,182,3
20260724,FCL,pp,452,446,267,176,3
20260723,FCL,pp,456,451,268,176,7
20260711,FCL,pp,455,453,261,139,53
20260716,FCL,pp,466,459,275,179,5
20260902,FCL,pp,468,462,260,181,21
20260720,FCL,pp,466,463,312,134,17
20260718,FCL,pp,468,463,270,170,23
20260805,FCL,pp,469,464,247,214,3
20260924,FCL,pp,471,466,265,123,78
20260801,FCL,pp,471,468,278,175,15
20260922,FCL,pp,475,469,267,196,6
20260721,FCL,pp,475,469,254,209,6
20260729,FCL,pp,477,471,240,227,4
20260731,FCL,pp,475,471,267,196,8
20260713,FCL,pp,477,473,283,167,23
20260715,FCL,pp,477,474,330,137,7
20260926,FCL,pp,487,476,255,182,39
20260923,FCL,pp,484,481,285,184,12
20260809,FCL,pp,489,485,279,186,20
20260727,FCL,pp,489,485,306,160,19
20260806,FCL,pp,499,491,273,196,22
20260710,FCL,pp,500,491,269,203,19
20260728,FCL,pp,499,493,253,233,7
20260709,FCL,pp,508,500,260,218,22
20260708,FCL,pp,515,510,287,129,94
20260803,FCL,pp,518,515,269,233,13
20260802,FCL,pp,531,526,226,284,16
20260804,FCL,pp,537,535,300,197,38
20260707,FCL,pp,568,562,317,222,23
20260808,FCL,pp,591,588,344,227,17
20260820,FGL,cod,1,0,0,0,0
20260825,FGL,pp,3,0,0,0,0
20260806,FGL,pp,1,0,0,0,0
20260829,FGL,pp,2,0,0,0,0
20260908,FGL,pp,1,0,0,0,0
20260827,FGL,pp,1,1,1,0,0
20260905,FGL,cod,1,1,1,0,0
20260923,FGL,cod,2,1,1,0,0
20260930,FGL,cod,1,1,0,1,0
20260903,FGL,cod,1,1,1,0,0
20261003,FGL,cod,1,1,1,0,0
20260814,FGL,pp,1,1,1,0,0
20260916,FGL,pp,1,1,0,1,0
20260914,FGL,cod,1,1,0,0,1
20261001,FGL,cod,1,1,0,1,0
20260919,FGL,cod,1,1,1,0,0
20261002,FGL,pp,1,1,0,1,0
20260909,FGL,pp,1,1,0,0,1
20260827,FGL,cod,2,2,2,0,0
20260916,FGL,cod,2,2,2,0,0
20260925,FGL,cod,2,2,0,2,0
20260918,FGL,cod,3,3,2,1,0
20260604,FLO,cod,12,0,0,0,0
20260521,FLO,pp,7,0,0,0,0
20260518,FLO,cod,1,0,0,0,0
20260630,FLO,cod,97,0,0,0,0
20260703,FLO,cod,125,0,0,0,0
20260630,FLO,pp,309,0,0,0,0
20260428,FLO,cod,1,0,0,0,0
20260409,FLO,pp,1,0,0,0,0
20260526,FLO,pp,5,0,0,0,0
20260706,FLO,pp,199,0,0,0,0
20260608,FLO,pp,1,0,0,0,0
20260618,FLO,cod,16,0,0,0,0
20260604,FLO,pp,5,0,0,0,0
20260522,FLO,cod,3,0,0,0,0
20260626,FLO,pp,29,0,0,0,0
20260620,FLO,cod,21,0,0,0,0
20261005,FLO,cod,394,0,0,0,0
20260702,FLO,pp,902,0,0,0,0
20260605,FLO,pp,5,0,0,0,0
20260520,FLO,pp,2,0,0,0,0
20260603,FLO,cod,3,0,0,0,0
20260528,FLO,cod,3,0,0,0,0
20260601,FLO,cod,2,0,0,0,0
20260629,FLO,cod,44,0,0,0,0
20260609,FLO,pp,4,0,0,0,0
20260531,FLO,cod,1,0,0,0,0
20260530,FLO,cod,3,0,0,0,0
20260521,FLO,cod,15,0,0,0,0
20260525,FLO,pp,4,0,0,0,0
20260619,FLO,pp,13,0,0,0,0
20261001,FLO,cod,1,0,0,0,0
20260623,FLO,cod,21,0,0,0,0
20260528,FLO,pp,8,0,0,0,0
20260617,FLO,cod,15,0,0,0,0
20260623,FLO,pp,5,0,0,0,0
20260527,FLO,cod,2,0,0,0,0
20260508,FLO,cod,1,0,0,0,0
20260519,FLO,cod,3,0,0,0,0
20260622,FLO,cod,24,0,0,0,0
20260706,FLO,cod,37,0,0,0,0
20260610,FLO,cod,9,0,0,0,0
20260615,FLO,cod,38,0,0,0,0
20260602,FLO,pp,10,0,0,0,0
20260620,FLO,pp,6,0,0,0,0
20260527,FLO,pp,4,0,0,0,0
20260624,FLO,cod,28,0,0,0,0
20260701,FLO,pp,2,0,0,0,0
20260515,FLO,cod,1,0,0,0,0
20260622,FLO,pp,5,0,0,0,0
20260627,FLO,cod,42,0,0,0,0
20260619,FLO,cod,16,0,0,0,0
20260312,FLO,pp,1,0,0,0,0
20260701,FLO,cod,1,0,0,0,0
20260602,FLO,cod,5,0,0,0,0
20260613,FLO,pp,6,0,0,0,0
20260705,FLO,pp,90,0,0,0,0
20261005,FLO,pp,1009,0,0,0,0
20260608,FLO,cod,6,0,0,0,0
20260704,FLO,cod,92,0,0,0,0
20260628,FLO,pp,5,0,0,0,0
20260525,FLO,cod,18,0,0,0,0
20260519,FLO,pp,1,0,0,0,0
20260424,FLO,pp,1,0,0,0,0
20260504,FLO,pp,1,0,0,0,0
20260530,FLO,pp,2,0,0,0,0
20260625,FLO,cod,34,0,0,0,0
20260611,FLO,cod,15,0,0,0,0
20260529,FLO,cod,12,0,0,0,0
20260518,FLO,pp,1,0,0,0,0
20260705,FLO,cod,36,0,0,0,0
20260616,FLO,cod,3,0,0,0,0
20260702,FLO,cod,233,0,0,0,0
20260621,FLO,cod,1,0,0,0,0
20260625,FLO,pp,18,0,0,0,0
20260601,FLO,pp,2,0,0,0,0
20260703,FLO,pp,343,0,0,0,0
20260616,FLO,pp,2,0,0,0,0
20260417,FLO,pp,1,0,0,0,0
20260624,FLO,pp,35,0,0,0,0
20260606,FLO,pp,1,0,0,0,0
20260610,FLO,pp,2,0,0,0,0
20260611,FLO,pp,9,0,0,0,0
20260606,FLO,cod,3,0,0,0,0
20260603,FLO,pp,3,0,0,0,0
20260520,FLO,cod,6,0,0,0,0
20260512,FLO,pp,1,0,0,0,0
20260704,FLO,pp,249,0,0,0,0
20260626,FLO,cod,21,0,0,0,0
20260627,FLO,pp,13,0,0,0,0
20260526,FLO,cod,5,0,0,0,0
20260605,FLO,cod,9,0,0,0,0
20260609,FLO,cod,8,0,0,0,0
20260618,FLO,pp,10,0,0,0,0
20260529,FLO,pp,1,0,0,0,0
20260420,FLO,pp,1,0,0,0,0
20260523,FLO,cod,11,0,0,0,0
20260629,FLO,pp,86,0,0,0,0
20260612,FLO,pp,4,0,0,0,0
20260418,FLO,pp,1,0,0,0,0
20260612,FLO,cod,15,0,0,0,0
20260809,FLO,cod,1,0,0,0,0
20260522,FLO,pp,1,0,0,0,0
20260615,FLO,pp,7,0,0,0,0
20260617,FLO,pp,6,0,0,0,0
20260523,FLO,pp,5,0,0,0,0
20260613,FLO,cod,15,0,0,0,0
20260517,FLO,cod,1,0,0,0,0
20260809,FLO,pp,4,2,0,0,2
20260715,FLO,cod,7,2,0,0,2
20260901,FLO,cod,2,2,0,0,2
20260801,FLO,cod,2,2,0,0,2
20260801,FLO,pp,3,3,0,0,3
20260816,FLO,pp,4,3,0,0,3
20260816,FLO,cod,3,3,0,0,3
20260720,FLO,cod,5,5,4,1,0
20260720,FLO,pp,13,12,10,2,0
20260901,FLO,pp,17,17,0,4,13
20260711,FLO,cod,28,26,26,0,0
20260830,FLO,cod,27,27,24,1,2
20260914,FLO,cod,43,43,42,1,0
20260713,FLO,cod,49,43,39,2,2
20260712,FLO,cod,49,45,0,44,1
20260927,FLO,pp,49,49,49,0,0
20260927,FLO,cod,52,52,52,0,0
20260714,FLO,cod,106,53,51,2,0
20260808,FLO,cod,56,54,54,0,0
20260817,FLO,cod,58,56,42,11,3
20260819,FLO,cod,60,59,53,6,0
20260906,FLO,cod,60,60,58,2,0
20260913,FLO,cod,61,61,48,10,3
20260810,FLO,cod,402,61,47,8,6
20260814,FLO,cod,65,63,48,0,15
20260811,FLO,cod,66,66,46,5,15
20260830,FLO,pp,74,74,66,1,7
20260709,FLO,cod,83,78,69,8,1
20260717,FLO,cod,116,81,81,0,0
20260707,FLO,cod,96,85,79,6,0
20260715,FLO,pp,97,88,83,3,2
20260710,FLO,cod,138,89,82,5,2
20260716,FLO,cod,94,91,84,6,1
20260906,FLO,pp,93,92,91,1,0
20260718,FLO,pp,95,94,93,0,1
20260818,FLO,cod,99,95,76,15,4
20261004,FLO,cod,107,103,103,0,0
20260920,FLO,cod,103,103,85,17,1
20260721,FLO,cod,114,106,99,4,3
20260807,FLO,cod,148,109,105,3,1
20260914,FLO,pp,113,113,111,2,0
20260812,FLO,cod,118,118,105,11,2
20260904,FLO,cod,120,120,111,9,0
20260821,FLO,cod,125,123,114,8,1
20260820,FLO,cod,133,127,107,14,6
20260708,FLO,cod,135,128,41,84,3
20260729,FLO,cod,134,129,121,8,0
20260826,FLO,cod,130,130,113,8,9
20260813,FLO,cod,132,132,119,10,3
20260806,FLO,cod,144,135,128,2,5
20260822,FLO,cod,137,137,111,0,26
20260713,FLO,pp,146,137,127,5,5
20260712,FLO,pp,160,142,0,139,3
20260731,FLO,cod,144,144,142,0,2
20260902,FLO,cod,167,145,140,2,3
20260829,FLO,cod,154,149,142,0,7
20260727,FLO,cod,197,151,125,21,5
20260723,FLO,cod,162,154,130,19,5
20260903,FLO,cod,163,161,151,7,3
20260804,FLO,cod,204,166,104,58,4
20260722,FLO,cod,181,169,127,28,14
20260728,FLO,cod,227,170,134,22,14
20260724,FLO,cod,197,172,155,16,1
20260730,FLO,cod,192,175,153,21,1
20260828,FLO,cod,177,176,172,4,0
20261003,FLO,cod,181,177,172,5,0
20260825,FLO,cod,263,182,165,12,5
20260912,FLO,cod,194,194,184,0,10
20260805,FLO,cod,228,194,148,28,18
20260913,FLO,pp,196,196,162,28,6
20261004,FLO,pp,201,197,197,0,0
20260725,FLO,cod,277,204,172,0,32
20260917,FLO,cod,223,204,194,8,2
20260920,FLO,pp,208,206,161,43,2
20260817,FLO,pp,215,207,170,25,12
20260831,FLO,cod,225,222,216,0,6
20260922,FLO,cod,226,225,220,4,1
20260926,FLO,cod,228,227,224,0,3
20260827,FLO,cod,229,229,217,9,3
20260717,FLO,pp,316,233,229,4,0
20260707,FLO,pp,284,236,220,11,5
20260911,FLO,cod,240,239,225,14,0
20260919,FLO,cod,242,240,230,0,10
20260810,FLO,pp,1387,240,198,29,13
20260808,FLO,pp,280,255,233,0,22
20260803,FLO,cod,297,265,201,51,13
20260924,FLO,cod,271,266,258,2,6
20260711,FLO,pp,271,268,248,0,20
20260811,FLO,pp,278,270,185,50,35
20260814,FLO,pp,277,276,237,0,39
20260925,FLO,cod,281,277,273,2,2
20260824,FLO,cod,293,280,257,17,6
20260819,FLO,pp,282,282,247,33,2
20260822,FLO,pp,294,293,224,0,69
20260905,FLO,cod,299,297,222,39,36
20260714,FLO,pp,546,305,287,7,11
20260923,FLO,cod,307,306,292,11,3
20260918,FLO,cod,311,306,273,32,1
20260916,FLO,cod,316,311,287,19,5
20260729,FLO,pp,333,311,287,22,2
20260909,FLO,cod,312,312,302,9,1
20260921,FLO,cod,315,313,297,14,2
20260928,FLO,cod,321,317,302,12,3
20260821,FLO,pp,319,318,264,45,9
20260709,FLO,pp,340,320,281,31,8
20260807,FLO,pp,430,324,313,9,2
20260929,FLO,cod,337,328,316,12,0
20260716,FLO,pp,338,329,280,45,4
20260910,FLO,cod,330,330,324,4,2
20260907,FLO,cod,355,338,257,72,9
20260708,FLO,pp,358,345,117,220,8
20260731,FLO,pp,350,349,336,0,13
20260710,FLO,pp,476,350,318,22,10
20260728,FLO,pp,503,357,264,52,41
20260908,FLO,cod,372,369,361,2,6
20260818,FLO,pp,441,369,287,82,0
20260724,FLO,pp,435,371,320,45,6
20260930,FLO,cod,388,381,374,0,7
20260813,FLO,pp,411,407,385,13,9
20260902,FLO,pp,467,409,389,11,9
20260812,FLO,pp,436,427,382,29,16
20260806,FLO,pp,464,430,413,11,6
20260730,FLO,pp,474,438,393,43,2
20260721,FLO,pp,496,449,423,24,2
20260915,FLO,cod,453,449,413,28,8
20260826,FLO,pp,468,464,438,19,7
20260725,FLO,pp,589,465,420,0,45
20260727,FLO,pp,623,480,412,47,21
20260820,FLO,pp,499,487,422,42,23
20260723,FLO,pp,534,493,429,60,4
20260825,FLO,pp,775,500,473,17,10
20260805,FLO,pp,611,515,402,79,34
20260829,FLO,pp,532,524,512,0,12
20261003,FLO,pp,538,527,512,15,0
20260828,FLO,pp,539,535,522,10,3
20260803,FLO,pp,608,564,454,89,21
20260917,FLO,pp,662,572,534,34,4
20260831,FLO,pp,586,580,554,0,26
20260722,FLO,pp,680,584,456,101,27
20260903,FLO,pp,603,602,586,13,3
20260804,FLO,pp,802,626,484,137,5
20260827,FLO,pp,642,633,600,22,11
20260904,FLO,pp,665,660,632,25,3
20260919,FLO,pp,664,661,612,0,49
20260926,FLO,pp,665,663,643,0,20
20260912,FLO,pp,692,682,653,8,21
20260925,FLO,pp,718,711,700,10,1
20260929,FLO,pp,748,732,697,35,0
20260922,FLO,pp,757,749,688,53,8
20260911,FLO,pp,757,751,672,65,14
20260928,FLO,pp,793,785,732,45,8
20260918,FLO,pp,795,787,698,85,4
20260824,FLO,pp,825,809,757,38,14
20260916,FLO,pp,816,814,709,82,23
20260909,FLO,pp,826,819,786,20,13
20260921,FLO,pp,858,857,824,28,5
20260930,FLO,pp,887,871,854,0,17
20260924,FLO,pp,910,905,884,6,15
20260923,FLO,pp,934,926,898,21,7
20260908,FLO,pp,937,934,899,19,16
20260905,FLO,pp,948,942,770,100,72
20260910,FLO,pp,969,963,922,35,6
20260907,FLO,pp,1097,1023,840,174,9
20260915,FLO,pp,1185,1179,1067,88,24
20260617,FLP,pp,3,0,0,0,0
20260624,FLP,pp,2,0,0,0,0
20260605,FLP,pp,2,0,0,0,0
20260630,FLP,pp,4,0,0,0,0
20260611,FLP,pp,1,0,0,0,0
20260618,FLP,pp,3,0,0,0,0
20260616,FLP,pp,2,0,0,0,0
20260615,FLP,pp,1,0,0,0,0
20260525,FLP,pp,1,0,0,0,0
20260619,FLP,pp,2,0,0,0,0
20260629,FLP,pp,4,0,0,0,0
20260516,FLP,pp,1,0,0,0,0
20260622,FLP,pp,1,0,0,0,0
20260602,FLP,pp,2,0,0,0,0
20260626,FLP,pp,2,0,0,0,0
20260620,FLP,pp,2,0,0,0,0
20260625,FLP,pp,1,0,0,0,0
20260701,FLP,pp,3,0,0,0,0
20260531,FLP,pp,1,0,0,0,0
20260530,FLP,pp,1,0,0,0,0
20260623,FLP,pp,2,0,0,0,0
20260608,FLP,pp,1,0,0,0,0
20260527,FLP,pp,1,0,0,0,0
20260627,FLP,pp,2,0,0,0,0
20260624,GBL,pp,1,0,0,0,0
20260704,GBL,pp,2,0,0,0,0
20260723,GBL,pp,1,1,0,1,0
20260720,GBL,pp,1,1,0,1,0
20260729,GBL,pp,1,1,0,1,0
20260715,GBL,pp,1,1,1,0,0
20260708,GBL,pp,1,1,0,1,0
20260707,GBL,pp,1,1,0,1,0
20260710,GBL,pp,2,1,1,0,0
20260724,GBL,pp,2,2,1,0,1
20260730,GBL,pp,2,2,1,0,1
20260722,GBL,pp,2,2,2,0,0
20260713,GBL,pp,2,2,0,2,0
20260717,GBL,pp,3,2,2,0,0
20260721,GBL,pp,2,2,0,2,0
20260709,GBL,pp,3,3,0,3,0
20260716,GBL,pp,3,3,0,3,0
20260711,GBL,pp,3,3,0,0,3
20260922,GOH,pp,2,0,0,0,0
20260929,GOH,pp,1,0,0,0,0
20260911,GOH,pp,2,0,0,0,0
20260928,GOH,pp,1,0,0,0,0
20260930,GOH,pp,2,0,0,0,0
20260907,GOH,pp,1,0,0,0,0
20260910,GOH,pp,3,0,0,0,0
20261005,GOH,pp,6,0,0,0,0
20260923,GOH,pp,4,0,0,0,0
20260914,GOH,pp,1,0,0,0,0
20260703,GRG,pp,5,0,0,0,0
20260706,GRG,pp,1,0,0,0,0
20260902,GRG,pp,1,1,1,0,0
20260824,GRG,pp,1,1,1,0,0
20260910,GRG,pp,1,1,1,0,0
20260912,GRG,pp,1,1,1,0,0
20260821,GRG,pp,1,1,1,0,0
20260926,GRG,pp,1,1,1,0,0
20260826,GRG,pp,1,1,1,0,0
20260901,GRG,pp,1,1,1,0,0
20260907,GRG,pp,1,1,1,0,0
20260817,GRG,pp,2,2,2,0,0
20260919,GRG,pp,2,2,0,0,2
20260813,GRG,pp,2,2,2,0,0
20260814,GRG,pp,2,2,2,0,0
20260909,GRG,pp,3,3,1,1,1
20260812,GRG,pp,3,3,2,1,0
20260917,GRG,pp,7,7,0,7,0
20260608,GUD,pp,1,0,0,0,0
20260627,GUD,pp,1,0,0,0,0
20260703,GUD,pp,7,0,0,0,0
20260701,GUD,pp,1,0,0,0,0
20260629,GUD,pp,1,0,0,0,0
20260706,GUD,pp,16,0,0,0,0
20260611,GUD,pp,1,0,0,0,0
20260702,GUD,pp,2,0,0,0,0
20260704,GUD,pp,2,0,0,0,0
20260630,GUD,pp,6,0,0,0,0
20260904,GUD,pp,1,1,1,0,0
20260709,GUD,pp,3,2,2,0,0
20260716,GUD,pp,2,2,2,0,0
20260829,GUD,pp,2,2,1,0,1
20260918,GUD,pp,2,2,2,0,0
20260828,GUD,pp,3,3,3,0,0
20260917,GUD,pp,3,3,3,0,0
20260711,GUD,pp,3,3,3,0,0
20260717,GUD,pp,3,3,3,0,0
20260824,GUD,pp,4,4,4,0,0
20260928,GUD,pp,5,5,5,0,0
20260708,GUD,pp,6,6,6,0,0
20260721,GUD,pp,8,6,5,1,0
20260715,GUD,pp,10,6,6,0,0
20260714,GUD,pp,8,8,8,0,0
20260915,GUD,pp,8,8,8,0,0
20260710,GUD,pp,8,8,6,2,0
20260707,GUD,pp,14,14,0,14,0
20260713,GUD,pp,15,15,15,0,0
20260720,GUD,pp,16,16,14,2,0
20260628,HBL,pp,18,0,0,0,0
20260604,HBL,pp,1,0,0,0,0
20260605,HBL,pp,1,0,0,0,0
20260513,HBL,pp,1,0,0,0,0
20260614,HBL,pp,5,0,0,0,0
20260704,HBL,pp,1615,0,0,0,0
20260417,HBL,pp,1,0,0,0,0
20260814,HBL,cod,1,0,0,0,0
20260616,HBL,pp,5,0,0,0,0
20260610,HBL,pp,4,0,0,0,0
20260611,HBL,pp,1,0,0,0,0
20260618,HBL,pp,7,0,0,0,0
20260615,HBL,pp,6,0,0,0,0
20260620,HBL,pp,3,0,0,0,0
20260706,HBL,pp,2487,0,0,0,0
20260613,HBL,pp,3,0,0,0,0
20260705,HBL,pp,1686,0,0,0,0
20261005,HBL,pp,3928,0,0,0,0
20260629,HBL,pp,35,0,0,0,0
20260703,HBL,pp,885,0,0,0,0
20260817,HBL,cod,2,0,0,0,0
20260623,HBL,pp,8,0,0,0,0
20260818,HBL,cod,1,0,0,0,0
20260530,HBL,pp,1,0,0,0,0
20260521,HBL,pp,1,0,0,0,0
20260621,HBL,pp,3,0,0,0,0
20260702,HBL,pp,452,0,0,0,0
20260627,HBL,pp,17,0,0,0,0
20260619,HBL,pp,4,0,0,0,0
20260806,HBL,cod,3,0,0,0,0
20260612,HBL,pp,3,0,0,0,0
20260622,HBL,pp,5,0,0,0,0
20260630,HBL,pp,99,0,0,0,0
20260807,HBL,cod,1,0,0,0,0
20260819,HBL,cod,6,0,0,0,0
20260701,HBL,pp,137,0,0,0,0
20260625,HBL,pp,9,0,0,0,0
20260624,HBL,pp,1,0,0,0,0
20260626,HBL,pp,20,0,0,0,0
20260805,HBL,cod,1,0,0,0,0
20260617,HBL,pp,2,0,0,0,0
20260609,HBL,pp,2,0,0,0,0
20260712,HBL,pp,40,40,22,18,0
20261004,HBL,pp,1655,90,90,0,0
20260822,HBL,pp,452,452,236,92,124
20260815,HBL,pp,791,790,303,486,1
20260816,HBL,pp,912,911,300,610,1
20260719,HBL,pp,930,915,383,531,1
20260715,HBL,pp,984,976,321,607,48
20260726,HBL,pp,1073,1032,155,875,2
20260913,HBL,pp,1329,1243,442,788,13
20260717,HBL,pp,1279,1267,514,750,3
20260920,HBL,pp,1287,1281,371,843,67
20260809,HBL,pp,1322,1311,133,1143,35
20260722,HBL,pp,1351,1333,498,834,1
20260710,HBL,pp,1371,1367,652,711,4
20260725,HBL,pp,1422,1379,544,735,100
20260724,HBL,pp,1398,1383,549,825,9
20260814,HBL,pp,1446,1424,600,819,5
20260804,HBL,pp,1471,1461,289,1143,29
20260803,HBL,pp,1619,1601,706,872,23
20260708,HBL,pp,1610,1605,562,948,95
20260718,HBL,pp,1641,1606,702,899,5
20260805,HBL,pp,1654,1646,859,734,53
20260802,HBL,pp,1783,1698,683,974,41
20260906,HBL,pp,1748,1731,337,1386,8
20260808,HBL,pp,1748,1741,627,1068,46
20260812,HBL,pp,1798,1785,710,1065,10
20260813,HBL,pp,1815,1797,616,1117,64
20260819,HBL,pp,1812,1805,766,1038,1
20260730,HBL,pp,1891,1818,628,1184,6
20260818,HBL,pp,1840,1834,871,963,0
20260806,HBL,pp,1862,1843,607,1223,13
20260830,HBL,pp,1878,1843,637,1181,25
20260716,HBL,pp,1863,1852,487,1364,1
20260817,HBL,pp,1917,1907,918,987,2
20260828,HBL,pp,1966,1937,1036,888,13
20260927,HBL,pp,1967,1943,526,1054,363
20260731,HBL,pp,2007,1998,1094,861,43
20260811,HBL,pp,2017,2009,631,1370,8
20260827,HBL,pp,2069,2065,810,1135,120
20260714,HBL,pp,2097,2089,482,1573,34
20260709,HBL,pp,2119,2115,567,1308,240
20260707,HBL,pp,2133,2128,568,1211,349
20260820,HBL,pp,2140,2131,907,1206,18
20260711,HBL,pp,2149,2142,566,1391,185
20260821,HBL,pp,2232,2223,782,1439,2
20260823,HBL,pp,2307,2255,33,2209,13
20260713,HBL,pp,2264,2256,852,1009,395
20260905,HBL,pp,2288,2283,1601,604,78
20260720,HBL,pp,2353,2340,583,1740,17
20260723,HBL,pp,2429,2423,1662,737,24
20260829,HBL,pp,2450,2440,963,1470,7
20260728,HBL,pp,2494,2452,635,1759,58
20260912,HBL,pp,2796,2520,1282,1008,230
20260826,HBL,pp,2705,2561,1101,1456,4
20260824,HBL,pp,2838,2648,536,2098,14
20260924,HBL,pp,2759,2696,1448,1247,1
20260916,HBL,pp,2713,2706,1344,1349,13
20260923,HBL,pp,2746,2729,634,1999,96
20260917,HBL,pp,2868,2764,1324,1437,3
20260914,HBL,pp,2832,2807,1482,1320,5
20260729,HBL,pp,2915,2839,1083,1496,260
20260727,HBL,pp,2987,2842,716,2044,82
20260907,HBL,pp,2905,2900,1739,1153,8
20260909,HBL,pp,2955,2901,1593,1298,10
20260910,HBL,pp,3150,2917,1550,1204,163
20260922,HBL,pp,2958,2935,1041,1880,14
20260919,HBL,pp,2965,2941,1154,1615,172
20260801,HBL,pp,2973,2963,1630,1294,39
20260925,HBL,pp,3001,2966,859,1967,140
20260918,HBL,pp,3001,2993,1462,1526,5
20260915,HBL,pp,3054,3029,1628,1399,2
20260810,HBL,pp,3094,3089,1334,1734,21
20260904,HBL,pp,3137,3125,1697,1426,2
20260926,HBL,pp,3176,3169,1433,1444,292
20260908,HBL,pp,3243,3191,1912,1261,18
20260911,HBL,pp,3344,3281,1696,1260,325
20260807,HBL,pp,3349,3337,667,2656,14
20260825,HBL,pp,3511,3494,1398,2052,44
20260831,HBL,pp,3712,3558,1706,1742,110
20260721,HBL,pp,3579,3560,1525,1694,341
20260921,HBL,pp,3663,3650,1488,1689,473
20261003,HBL,pp,4503,3742,1005,2737,0
20260929,HBL,pp,3973,3885,1393,2362,130
20260903,HBL,pp,4077,3986,1735,2149,102
20260901,HBL,pp,4280,4107,2080,1714,313
20260928,HBL,pp,4270,4227,1776,2174,277
20261002,HBL,pp,4511,4228,1536,2532,160
20260902,HBL,pp,4317,4293,1362,2758,173
20261001,HBL,pp,5355,4926,1697,2689,540
20260930,HBL,pp,5339,4938,3078,1703,157
20260704,HLL,pp,79,0,0,0,0
20260705,HLL,pp,69,0,0,0,0
20260729,HLL,pp,112,45,0,45,0
20260719,HLL,pp,55,55,0,55,0
20260717,HLL,pp,196,195,0,193,2
20260706,HSD,pp,2,0,0,0,0
20260924,HSD,pp,1,1,1,0,0
20260714,HSD,pp,1,1,0,0,1
20260708,HSD,pp,1,1,0,1,0
20260709,HSD,pp,2,2,2,0,0
20261002,IBH,cod,1,0,0,0,0
20260702,IBH,pp,8,0,0,0,0
20260704,IBH,pp,4,0,0,0,0
20260624,IBH,cod,1,0,0,0,0
20251230,IBH,cod,10,0,0,0,0
20260830,IBH,pp,10,0,0,0,0
20251227,IBH,pp,4,0,0,0,0
20260626,IBH,cod,1,0,0,0,0
20260906,IBH,cod,10,0,0,0,0
20260601,IBH,cod,1,0,0,0,0
20251228,IBH,pp,2,0,0,0,0
20260629,IBH,pp,1,0,0,0,0
20260630,IBH,pp,5,0,0,0,0
20251226,IBH,cod,3,0,0,0,0
20260625,IBH,pp,1,0,0,0,0
20260702,IBH,cod,10,0,0,0,0
20260630,IBH,cod,2,0,0,0,0
20260104,IBH,cod,2,0,0,0,0
20251229,IBH,pp,4,0,0,0,0
20260701,IBH,cod,2,0,0,0,0
20261003,IBH,pp,2,0,0,0,0
20260706,IBH,cod,5,0,0,0,0
20260701,IBH,pp,5,0,0,0,0
20251231,IBH,cod,6,0,0,0,0
20260830,IBH,cod,6,0,0,0,0
20260102,IBH,pp,3,0,0,0,0
20261005,IBH,cod,9,0,0,0,0
20260104,IBH,pp,7,0,0,0,0
20261005,IBH,pp,7,0,0,0,0
20260716,IBH,cod,2,0,0,0,0
20251230,IBH,pp,4,0,0,0,0
20260101,IBH,cod,6,0,0,0,0
20260629,IBH,cod,3,0,0,0,0
20260625,IBH,cod,1,0,0,0,0
20251227,IBH,cod,2,0,0,0,0
20260828,IBH,cod,9,0,0,0,0
20251225,IBH,pp,3,0,0,0,0
20251229,IBH,cod,7,0,0,0,0
20251225,IBH,cod,5,0,0,0,0
20251231,IBH,pp,6,0,0,0,0
20260618,IBH,cod,1,0,0,0,0
20260101,IBH,pp,3,0,0,0,0
20251228,IBH,cod,3,0,0,0,0
20261003,IBH,cod,1,0,0,0,0
20260103,IBH,cod,4,0,0,0,0
20260706,IBH,pp,6,0,0,0,0
20251226,IBH,pp,4,0,0,0,0
20260102,IBH,cod,1,0,0,0,0
20260703,IBH,pp,7,0,0,0,0
20260615,IBH,cod,2,0,0,0,0
20260703,IBH,cod,3,0,0,0,0
20260103,IBH,pp,1,0,0,0,0
20260911,IBH,pp,3,1,0,0,1
20260920,IBH,cod,1,1,0,1,0
20260724,IBH,cod,1,1,1,0,0
20260924,IBH,cod,1,1,0,0,1
20260726,IBH,cod,1,1,0,1,0
20260927,IBH,pp,1,1,1,0,0
20261004,IBH,pp,1,1,1,0,0
20260804,IBH,cod,2,1,0,0,1
20260904,IBH,cod,10,1,1,0,0
20260912,IBH,cod,1,1,0,0,1
20260913,IBH,cod,8,1,1,0,0
20260809,IBH,pp,1,1,0,0,1
20260726,IBH,pp,1,1,1,0,0
20260815,IBH,pp,1,1,1,0,0
20260712,IBH,pp,1,1,1,0,0
20260913,IBH,pp,20,1,1,0,0
20260905,IBH,cod,10,1,1,0,0
20260907,IBH,cod,4,1,0,1,0
20260823,IBH,pp,1,1,1,0,0
20260927,IBH,cod,1,1,0,1,0
20260802,IBH,cod,3,2,0,2,0
20260929,IBH,cod,3,2,1,1,0
20260719,IBH,cod,2,2,1,1,0
20260823,IBH,cod,2,2,1,1,0
20260725,IBH,cod,4,2,0,0,2
20260930,IBH,cod,3,2,1,1,0
20260817,IBH,cod,2,2,1,0,1
20260911,IBH,cod,2,2,1,1,0
20260917,IBH,cod,3,2,2,0,0
20260916,IBH,cod,7,2,1,0,1
20260711,IBH,pp,2,2,1,0,1
20260906,IBH,pp,21,2,0,2,0
20261002,IBH,pp,2,2,2,0,0
20260922,IBH,cod,2,2,1,1,0
20260708,IBH,pp,2,2,1,0,1
20260821,IBH,cod,4,2,2,0,0
20260713,IBH,cod,2,2,2,0,0
20260921,IBH,cod,2,2,0,0,2
20261001,IBH,pp,3,2,0,1,1
20260801,IBH,cod,2,2,1,0,1
20260812,IBH,pp,4,2,0,2,0
20260817,IBH,pp,2,2,1,0,1
20260721,IBH,cod,2,2,1,1,0
20260910,IBH,cod,3,2,1,1,0
20260816,IBH,pp,2,2,0,2,0
20260828,IBH,pp,16,2,1,1,0
20260824,IBH,cod,3,3,2,1,0
20260811,IBH,cod,4,3,2,1,0
20260920,IBH,pp,3,3,1,2,0
20260926,IBH,pp,3,3,1,0,2
20260722,IBH,cod,4,3,1,1,1
20260905,IBH,pp,24,3,0,1,2
20260918,IBH,cod,4,3,1,2,0
20260712,IBH,cod,3,3,0,3,0
20260803,IBH,cod,3,3,1,2,0
20260923,IBH,cod,3,3,0,1,2
20260807,IBH,cod,3,3,2,1,0
20260805,IBH,pp,4,3,2,0,1
20260822,IBH,pp,3,3,0,3,0
20260819,IBH,cod,4,3,1,0,2
20260723,IBH,pp,3,3,1,2,0
20260806,IBH,cod,3,3,2,1,0
20260926,IBH,cod,3,3,2,0,1
20260812,IBH,cod,4,3,3,0,0
20260818,IBH,cod,3,3,0,2,1
20260723,IBH,cod,6,4,1,0,3
20260928,IBH,cod,5,4,2,2,0
20260710,IBH,cod,4,4,1,1,2
20261001,IBH,cod,4,4,2,1,1
20260808,IBH,pp,5,4,4,0,0
20260919,IBH,cod,4,4,2,2,0
20260903,IBH,cod,4,4,2,2,0
20260730,IBH,cod,6,4,3,1,0
20260915,IBH,cod,4,4,2,2,0
20260718,IBH,cod,5,4,1,0,3
20260728,IBH,cod,4,4,1,2,1
20260728,IBH,pp,7,4,3,0,1
20260731,IBH,cod,4,4,2,1,1
20260826,IBH,cod,15,4,2,2,0
20260709,IBH,cod,4,4,1,1,2
20260912,IBH,pp,7,5,2,1,2
20260915,IBH,pp,5,5,2,0,3
20260810,IBH,cod,5,5,0,2,3
20260826,IBH,pp,16,5,4,1,0
20260916,IBH,pp,25,5,2,3,0
20260725,IBH,pp,5,5,3,0,2
20260714,IBH,cod,6,5,0,4,1
20260729,IBH,pp,10,5,1,3,1
20260908,IBH,cod,8,5,0,3,2
20260811,IBH,pp,8,5,3,2,0
20260824,IBH,pp,6,5,2,0,3
20260904,IBH,pp,25,5,2,0,3
20260902,IBH,pp,6,5,3,2,0
20260922,IBH,pp,5,5,1,3,1
20260711,IBH,cod,5,5,1,1,3
20260910,IBH,pp,6,5,4,0,1
20260909,IBH,cod,5,5,4,0,1
20260901,IBH,cod,8,5,0,1,4
20260729,IBH,cod,6,5,4,1,0
20260813,IBH,cod,7,6,1,4,1
20260720,IBH,cod,9,6,2,3,1
20260924,IBH,pp,6,6,4,0,2
20260929,IBH,pp,6,6,2,3,1
20260822,IBH,cod,7,6,2,1,3
20260914,IBH,cod,6,6,4,1,1
20260925,IBH,cod,6,6,1,3,2
20260715,IBH,cod,7,6,1,3,2
20260715,IBH,pp,6,6,2,1,3
20260708,IBH,cod,6,6,2,3,1
20260718,IBH,pp,9,7,4,0,3
20260814,IBH,cod,7,7,4,0,3
20260806,IBH,pp,8,7,1,3,3
20260825,IBH,cod,14,7,2,4,1
20260721,IBH,pp,8,7,4,2,1
20260731,IBH,pp,7,7,2,3,2
20260808,IBH,cod,7,7,5,0,2
20260714,IBH,pp,7,7,0,5,2
20260902,IBH,cod,7,7,4,0,3
20260813,IBH,pp,8,7,3,2,2
20260820,IBH,cod,8,7,3,3,1
20260707,IBH,pp,8,7,3,1,3
20260713,IBH,pp,8,7,4,2,1
20260919,IBH,pp,7,7,2,2,3
20260804,IBH,pp,7,7,5,2,0
20260727,IBH,cod,7,7,4,1,2
20260825,IBH,pp,19,7,0,6,1
20260717,IBH,pp,9,8,0,7,1
20260807,IBH,pp,8,8,4,4,0
20260819,IBH,pp,10,8,6,2,0
20260801,IBH,pp,8,8,8,0,0
20260903,IBH,pp,10,8,3,4,1
20260707,IBH,cod,8,8,1,5,2
20260928,IBH,pp,10,9,3,4,2
20260722,IBH,pp,10,9,6,2,1
20260901,IBH,pp,10,9,5,2,2
20260720,IBH,pp,12,9,3,4,2
20260827,IBH,cod,20,9,2,2,5
20260717,IBH,cod,9,9,4,4,1
20260814,IBH,pp,10,9,4,2,3
20260831,IBH,cod,10,9,3,4,2
20260829,IBH,cod,16,9,4,1,4
20260724,IBH,pp,12,10,8,1,1
20260821,IBH,pp,14,10,5,3,2
20260803,IBH,pp,10,10,2,3,5
20260829,IBH,pp,22,10,2,1,7
20260727,IBH,pp,12,10,5,3,2
20260921,IBH,pp,10,10,1,4,5
20260930,IBH,pp,11,10,3,6,1
20260917,IBH,pp,10,10,8,0,2
20260907,IBH,pp,20,10,4,3,3
20260710,IBH,pp,13,11,3,3,5
20260810,IBH,pp,13,11,3,4,4
20260918,IBH,pp,11,11,4,5,2
20260827,IBH,pp,35,11,4,0,7
20260914,IBH,pp,12,12,8,1,3
20260709,IBH,pp,14,13,6,5,2
20260730,IBH,pp,15,13,3,7,3
20260820,IBH,pp,13,13,3,7,3
20260909,IBH,pp,14,14,9,4,1
20260716,IBH,pp,15,14,6,5,3
20260831,IBH,pp,17,15,6,8,1
20260908,IBH,pp,20,15,3,10,2
20260818,IBH,pp,16,16,5,10,1
20260923,IBH,pp,23,21,9,10,2
20260925,IBH,pp,24,24,8,6,10
20260625,IGS,pp,1,0,0,0,0
20260919,IGS,pp,13,0,0,0,0
20260624,IGS,pp,5,0,0,0,0
20260926,IGS,pp,8,0,0,0,0
20260619,IGS,pp,4,0,0,0,0
20260726,IGS,pp,1,0,0,0,0
20260617,IGS,pp,1,0,0,0,0
20260712,IGS,pp,2,0,0,0,0
20260929,IGS,pp,13,0,0,0,0
20261005,IGS,pp,469,0,0,0,0
20260927,IGS,pp,6,0,0,0,0
20260702,IGS,pp,132,0,0,0,0
20260620,IGS,pp,4,0,0,0,0
20260627,IGS,pp,2,0,0,0,0
20260829,IGS,pp,83,0,0,0,0
20260612,IGS,pp,1,0,0,0,0
20260830,IGS,pp,54,0,0,0,0
20260817,IGS,pp,79,0,0,0,0
20260704,IGS,pp,320,0,0,0,0
20260626,IGS,pp,9,0,0,0,0
20260920,IGS,pp,6,0,0,0,0
20260806,IGS,pp,4,0,0,0,0
20260701,IGS,pp,605,0,0,0,0
20260802,IGS,pp,1,0,0,0,0
20260611,IGS,pp,2,0,0,0,0
20261004,IGS,pp,2,0,0,0,0
20260703,IGS,pp,700,0,0,0,0
20260924,IGS,pp,13,0,0,0,0
20260816,IGS,pp,32,0,0,0,0
20260910,IGS,pp,25,0,0,0,0
20260811,IGS,pp,3,0,0,0,0
20260922,IGS,pp,20,0,0,0,0
20260928,IGS,pp,8,0,0,0,0
20260706,IGS,pp,4,0,0,0,0
20260629,IGS,pp,10,0,0,0,0
20260603,IGS,pp,1,0,0,0,0
20260917,IGS,pp,2,0,0,0,0
20260616,IGS,pp,14,0,0,0,0
20260823,IGS,pp,179,0,0,0,0
20260901,IGS,pp,120,0,0,0,0
20260613,IGS,pp,2,0,0,0,0
20260722,IGS,pp,5,0,0,0,0
20260905,IGS,pp,13,0,0,0,0
20260615,IGS,pp,3,0,0,0,0
20260708,IGS,pp,4,0,0,0,0
20260731,IGS,pp,2,0,0,0,0
20260723,IGS,pp,10,0,0,0,0
20260904,IGS,pp,5,0,0,0,0
20260828,IGS,pp,86,0,0,0,0
20260914,IGS,pp,11,0,0,0,0
20260630,IGS,pp,9,0,0,0,0
20260605,IGS,pp,1,0,0,0,0
20260916,IGS,pp,13,0,0,0,0
20260815,IGS,pp,39,0,0,0,0
20260907,IGS,pp,16,0,0,0,0
20260809,IGS,pp,285,0,0,0,0
20260915,IGS,pp,9,0,0,0,0
20260820,IGS,pp,107,0,0,0,0
20260728,IGS,pp,7,1,1,0,0
20260827,IGS,pp,303,1,0,1,0
20260923,IGS,pp,11,1,0,1,0
20260707,IGS,pp,3,1,0,1,0
20260930,IGS,pp,16,1,1,0,0
20260720,IGS,pp,11,1,0,1,0
20260727,IGS,pp,2,1,0,1,0
20260831,IGS,pp,89,2,2,0,0
20260814,IGS,pp,20,2,2,0,0
20260721,IGS,pp,30,4,1,3,0
20260813,IGS,pp,39,5,5,0,0
20260805,IGS,pp,8,5,4,1,0
20260808,IGS,pp,31,5,5,0,0
20260921,IGS,pp,32,6,0,6,0
20260912,IGS,pp,18,7,6,0,1
20260810,IGS,pp,43,9,9,0,0
20260803,IGS,pp,16,10,10,0,0
20260718,IGS,pp,16,11,11,0,0
20260925,IGS,pp,22,15,0,15,0
20260812,IGS,pp,57,15,3,0,12
20260908,IGS,pp,22,15,0,15,0
20260918,IGS,pp,44,20,20,0,0
20260717,IGS,pp,23,23,13,10,0
20260911,IGS,pp,81,28,0,27,1
20260711,IGS,pp,33,30,26,0,4
20260709,IGS,pp,184,33,8,25,0
20261003,IGS,pp,170,36,36,0,0
20260903,IGS,pp,58,36,36,0,0
20260909,IGS,pp,55,47,35,12,0
20260822,IGS,pp,297,52,52,0,0
20260807,IGS,pp,84,59,2,57,0
20260824,IGS,pp,192,59,59,0,0
20260902,IGS,pp,86,67,66,1,0
20260713,IGS,pp,625,70,0,70,0
20260825,IGS,pp,360,72,36,36,0
20260826,IGS,pp,897,72,0,1,71
20260821,IGS,pp,150,76,64,0,12
20260716,IGS,pp,115,89,89,0,0
20260715,IGS,pp,103,100,93,7,0
20260714,IGS,pp,119,115,114,1,0
20260804,IGS,pp,140,129,5,0,124
20260724,IGS,pp,153,153,153,0,0
20260801,IGS,pp,193,189,2,187,0
20261002,IGS,pp,247,202,202,0,0
20260730,IGS,pp,213,204,204,0,0
20260729,IGS,pp,272,252,250,2,0
20260819,IGS,pp,343,295,0,295,0
20260710,IGS,pp,454,449,51,397,1
20260818,IGS,pp,566,534,534,0,0
20261001,IGS,pp,1271,765,382,383,0
20260725,IGS,pp,1157,1151,879,0,272
20260531,IKE,pp,5,0,0,0,0
20260626,IKE,pp,7,0,0,0,0
20260529,IKE,pp,9,0,0,0,0
20260525,IKE,pp,7,0,0,0,0
20260125,IKE,pp,1,0,0,0,0
20260514,IKE,pp,1,0,0,0,0
20260703,IKE,pp,53,0,0,0,0
20260330,IKE,pp,1,0,0,0,0
20260628,IKE,pp,2,0,0,0,0
20260704,IKE,pp,96,0,0,0,0
20260604,IKE,pp,1,0,0,0,0
20260428,IKE,pp,1,0,0,0,0
20260701,IKE,pp,1,0,0,0,0
20260702,IKE,pp,26,0,0,0,0
20260617,IKE,pp,1,0,0,0,0
20260706,IKE,pp,213,0,0,0,0
20260705,IKE,pp,179,0,0,0,0
20261005,IKE,pp,287,0,0,0,0
20260623,IKE,pp,5,0,0,0,0
20260826,IKE,pp,119,117,74,43,0
20260911,IKE,pp,126,126,116,10,0
20260917,IKE,pp,138,138,100,38,0
20260714,IKE,pp,144,144,103,41,0
20260910,IKE,pp,157,157,119,38,0
20261003,IKE,pp,160,160,139,21,0
20260829,IKE,pp,163,161,143,18,0
20260828,IKE,pp,227,164,99,65,0
20260716,IKE,pp,166,166,126,40,0
20260908,IKE,pp,166,166,131,35,0
20261004,IKE,pp,217,169,169,0,0
20260909,IKE,pp,171,170,129,41,0
20260713,IKE,pp,170,170,124,46,0
20260802,IKE,pp,172,172,147,25,0
20260914,IKE,pp,172,172,137,35,0
20260731,IKE,pp,173,173,113,60,0
20260924,IKE,pp,174,174,103,71,0
20260916,IKE,pp,176,176,117,59,0
20260707,IKE,pp,180,180,134,46,0
20260815,IKE,pp,185,180,149,31,0
20261002,IKE,pp,181,180,115,65,0
20260907,IKE,pp,183,183,131,52,0
20260801,IKE,pp,184,184,162,22,0
20260905,IKE,pp,186,186,120,66,0
20260729,IKE,pp,187,187,175,12,0
20260721,IKE,pp,188,188,143,45,0
20260715,IKE,pp,191,191,132,59,0
20260906,IKE,pp,194,194,131,63,0
20260918,IKE,pp,201,201,104,97,0
20260830,IKE,pp,202,202,186,16,0
20260709,IKE,pp,202,202,141,61,0
20260831,IKE,pp,202,202,156,46,0
20260718,IKE,pp,202,202,185,17,0
20260915,IKE,pp,211,205,158,47,0
20260812,IKE,pp,206,206,171,35,0
20260717,IKE,pp,207,206,160,46,0
20260827,IKE,pp,208,208,134,74,0
20260928,IKE,pp,210,210,153,57,0
20260922,IKE,pp,212,212,131,81,0
20260913,IKE,pp,212,212,177,35,0
20260725,IKE,pp,213,213,143,70,0
20260925,IKE,pp,213,213,143,70,0
20260711,IKE,pp,213,213,155,58,0
20260816,IKE,pp,214,214,201,13,0
20260814,IKE,pp,218,218,80,138,0
20260825,IKE,pp,218,218,176,42,0
20260819,IKE,pp,219,219,187,32,0
20260710,IKE,pp,222,220,160,60,0
20260904,IKE,pp,223,222,158,64,0
20260712,IKE,pp,222,222,178,44,0
20260820,IKE,pp,225,225,204,21,0
20260730,IKE,pp,226,226,190,36,0
20260726,IKE,pp,227,227,170,57,0
20260808,IKE,pp,227,227,219,8,0
20260708,IKE,pp,231,231,167,64,0
20260919,IKE,pp,231,231,189,42,0
20260807,IKE,pp,234,234,212,22,0
20260805,IKE,pp,238,235,194,41,0
20260822,IKE,pp,239,239,159,80,0
20260811,IKE,pp,241,241,199,42,0
20261001,IKE,pp,244,244,125,119,0
20260806,IKE,pp,245,245,220,25,0
20260923,IKE,pp,252,247,168,79,0
20260824,IKE,pp,249,249,136,113,0
20260903,IKE,pp,251,250,201,49,0
20260727,IKE,pp,253,253,192,61,0
20260722,IKE,pp,259,257,194,63,0
20260818,IKE,pp,259,259,193,66,0
20260920,IKE,pp,260,260,184,76,0
20260803,IKE,pp,264,262,213,49,0
20260724,IKE,pp,262,262,192,70,0
20260921,IKE,pp,268,268,189,79,0
20260810,IKE,pp,268,268,235,33,0
20260823,IKE,pp,269,269,147,122,0
20260821,IKE,pp,271,271,200,71,0
20260719,IKE,pp,272,272,246,26,0
20260930,IKE,pp,275,275,170,64,41
20260728,IKE,pp,291,279,194,85,0
20260927,IKE,pp,279,279,193,86,0
20260809,IKE,pp,284,284,240,44,0
20260902,IKE,pp,286,286,220,66,0
20260912,IKE,pp,310,300,251,49,0
20260804,IKE,pp,304,304,231,73,0
20260817,IKE,pp,312,311,240,71,0
20260901,IKE,pp,322,322,279,43,0
20260813,IKE,pp,329,327,188,139,0
20260720,IKE,pp,329,329,246,83,0
20260929,IKE,pp,342,340,203,137,0
20260723,IKE,pp,340,340,285,55,0
20260926,IKE,pp,482,482,410,72,0
20261005,INM,pp,312,0,0,0,0
20260804,INM,cod,1,0,0,0,0
20261005,INM,cod,61,0,0,0,0
20260826,INM,cod,1,1,0,1,0
20260826,INM,pp,4,4,0,4,0
20260915,INM,cod,5,5,0,5,0
20260928,INM,cod,21,21,17,4,0
20260914,INM,cod,21,21,17,4,0
20261004,INM,cod,38,25,25,0,0
20260830,INM,cod,30,30,27,3,0
20260921,INM,cod,30,30,20,10,0
20260917,INM,cod,33,33,33,0,0
20260831,INM,cod,34,34,10,24,0
20260919,INM,cod,36,36,26,10,0
20260912,INM,cod,36,36,31,5,0
20260923,INM,cod,37,37,31,6,0
20260913,INM,cod,38,38,36,2,0
20260829,INM,cod,40,40,39,0,1
20261002,INM,cod,41,41,37,4,0
20260930,INM,cod,42,42,25,17,0
20260929,INM,cod,43,43,32,10,1
20260922,INM,cod,45,44,42,2,0
20260926,INM,cod,46,46,39,6,1
20260901,INM,cod,52,47,47,0,0
20260907,INM,cod,49,49,29,9,11
20261001,INM,cod,53,51,41,9,1
20260908,INM,cod,55,54,47,7,0
20260918,INM,cod,56,56,52,4,0
20260828,INM,cod,57,57,54,3,0
20260902,INM,cod,57,57,43,1,13
20260905,INM,cod,59,59,50,3,6
20260925,INM,cod,59,59,53,6,0
20260910,INM,cod,59,59,47,12,0
20260903,INM,cod,64,64,42,4,18
20261003,INM,cod,70,65,41,24,0
20260916,INM,cod,65,65,51,14,0
20260909,INM,cod,66,66,48,18,0
20260906,INM,cod,71,67,63,0,4
20260927,INM,cod,68,68,57,11,0
20260924,INM,cod,69,68,64,4,0
20260920,INM,cod,69,69,60,9,0
20260911,INM,cod,69,69,50,19,0
20260827,INM,cod,74,70,54,15,1
20260904,INM,cod,79,79,68,3,8
20260915,INM,pp,82,81,23,58,0
20261004,INM,pp,258,88,88,0,0
20260916,INM,pp,139,139,117,22,0
20260928,INM,pp,144,143,52,91,0
20260923,INM,pp,154,152,107,43,2
20260919,INM,pp,152,152,101,51,0
20260926,INM,pp,159,159,86,69,4
20260907,INM,pp,162,162,76,14,72
20260921,INM,pp,166,165,85,77,3
20260922,INM,pp,171,171,99,72,0
20260913,INM,pp,172,172,118,54,0
20260927,INM,pp,178,178,98,79,1
20260925,INM,pp,181,179,117,62,0
20260917,INM,pp,188,187,137,50,0
20260914,INM,pp,191,191,133,58,0
20260930,INM,pp,198,198,94,102,2
20260830,INM,pp,200,199,169,16,14
20261002,INM,pp,206,205,99,104,2
20260924,INM,pp,213,207,142,61,4
20261003,INM,pp,216,210,98,112,0
20260929,INM,pp,214,213,113,96,4
20260829,INM,pp,218,214,185,3,26
20260912,INM,pp,218,217,139,78,0
20260905,INM,pp,230,229,122,35,72
20260911,INM,pp,238,238,162,76,0
20260918,INM,pp,247,244,173,71,0
20260920,INM,pp,252,252,217,35,0
20260908,INM,pp,267,254,130,120,4
20260909,INM,pp,264,258,137,119,2
20260901,INM,pp,267,266,99,48,119
20261001,INM,pp,269,268,126,140,2
20260903,INM,pp,277,277,76,40,161
20260831,INM,pp,279,278,72,206,0
20260910,INM,pp,281,281,205,75,1
20260828,INM,pp,306,298,261,11,26
20260906,INM,pp,335,330,152,29,149
20260904,INM,pp,335,335,201,37,97
20260827,INM,pp,345,345,201,144,0
20260902,INM,pp,371,366,198,26,142
20260619,INW,pp,3,0,0,0,0
20260615,INW,cod,2,0,0,0,0
20260514,INW,cod,2,0,0,0,0
20260617,INW,cod,7,0,0,0,0
20260625,INW,pp,9,0,0,0,0
20260615,INW,pp,2,0,0,0,0
20260517,INW,pp,1,0,0,0,0
20260602,INW,pp,1,0,0,0,0
20260510,INW,pp,2,0,0,0,0
20260521,INW,cod,3,0,0,0,0
20260627,INW,cod,11,0,0,0,0
20260606,INW,cod,1,0,0,0,0
20261005,INW,pp,550,0,0,0,0
20260611,INW,cod,2,0,0,0,0
20260531,INW,cod,1,0,0,0,0
20260616,INW,pp,1,0,0,0,0
20260509,INW,pp,3,0,0,0,0
20260514,INW,pp,1,0,0,0,0
20260612,INW,cod,3,0,0,0,0
20260329,INW,cod,3,0,0,0,0
20260618,INW,pp,3,0,0,0,0
20260621,INW,pp,5,0,0,0,0
20260624,INW,pp,7,0,0,0,0
20260701,INW,cod,28,0,0,0,0
20260528,INW,pp,6,0,0,0,0
20260609,INW,pp,3,0,0,0,0
20260530,INW,pp,1,0,0,0,0
20260701,INW,pp,60,0,0,0,0
20260528,INW,cod,2,0,0,0,0
20260624,INW,cod,6,0,0,0,0
20260527,INW,pp,4,0,0,0,0
20260706,INW,cod,100,0,0,0,0
20260704,INW,pp,610,0,0,0,0
20260412,INW,pp,5,0,0,0,0
20260607,INW,pp,4,0,0,0,0
20260605,INW,cod,1,0,0,0,0
20260622,INW,cod,1,0,0,0,0
20260617,INW,pp,4,0,0,0,0
20260705,INW,pp,887,0,0,0,0
20260507,INW,pp,3,0,0,0,0
20260605,INW,pp,4,0,0,0,0
20260627,INW,pp,16,0,0,0,0
20260628,INW,cod,25,0,0,0,0
20261005,INW,cod,147,0,0,0,0
20260410,INW,cod,4,0,0,0,0
20260601,INW,pp,5,0,0,0,0
20260613,INW,cod,4,0,0,0,0
20260402,INW,cod,5,0,0,0,0
20260606,INW,pp,4,0,0,0,0
20260703,INW,pp,458,0,0,0,0
20260508,INW,pp,4,0,0,0,0
20260523,INW,pp,5,0,0,0,0
20260530,INW,cod,1,0,0,0,0
20260616,INW,cod,4,0,0,0,0
20260506,INW,cod,4,0,0,0,0
20260620,INW,cod,2,0,0,0,0
20260705,INW,cod,89,0,0,0,0
20260420,INW,cod,2,0,0,0,0
20260529,INW,pp,1,0,0,0,0
20260611,INW,pp,4,0,0,0,0
20260604,INW,pp,1,0,0,0,0
20260623,INW,pp,9,0,0,0,0
20260629,INW,cod,19,0,0,0,0
20260630,INW,cod,8,0,0,0,0
20260629,INW,pp,54,0,0,0,0
20260630,INW,pp,27,0,0,0,0
20260425,INW,pp,2,0,0,0,0
20260504,INW,pp,3,0,0,0,0
20260601,INW,cod,1,0,0,0,0
20260625,INW,cod,8,0,0,0,0
20260703,INW,cod,98,0,0,0,0
20260423,INW,pp,2,0,0,0,0
20260628,INW,pp,26,0,0,0,0
20260525,INW,pp,2,0,0,0,0
20260618,INW,cod,3,0,0,0,0
20260518,INW,pp,2,0,0,0,0
20260706,INW,pp,1069,0,0,0,0
20260702,INW,cod,61,0,0,0,0
20260702,INW,pp,206,0,0,0,0
20260313,INW,pp,1,0,0,0,0
20260405,INW,cod,2,0,0,0,0
20260622,INW,pp,14,0,0,0,0
20260526,INW,pp,2,0,0,0,0
20260415,INW,cod,1,0,0,0,0
20260626,INW,cod,8,0,0,0,0
20260602,INW,cod,4,0,0,0,0
20260704,INW,cod,104,0,0,0,0
20260613,INW,pp,5,0,0,0,0
20260626,INW,pp,8,0,0,0,0
20260621,INW,cod,3,0,0,0,0
20260502,INW,pp,2,0,0,0,0
20260520,INW,pp,1,0,0,0,0
20260524,INW,pp,5,0,0,0,0
20260612,INW,pp,1,0,0,0,0
20260512,INW,pp,5,0,0,0,0
20260531,INW,pp,5,0,0,0,0
20260619,INW,cod,4,0,0,0,0
20260614,INW,pp,3,0,0,0,0
20260620,INW,pp,3,0,0,0,0
20260623,INW,cod,6,0,0,0,0
20260424,INW,pp,1,0,0,0,0
20261004,INW,cod,67,17,17,0,0
20260915,INW,cod,40,38,6,31,1
20260918,INW,cod,46,43,22,21,0
20260916,INW,cod,51,43,13,30,0
20260914,INW,cod,46,44,14,28,2
20260921,INW,cod,51,44,15,26,3
20260911,INW,cod,51,45,31,14,0
20261003,INW,cod,56,45,23,22,0
20260919,INW,cod,63,47,14,31,2
20260910,INW,cod,53,49,24,25,0
20260920,INW,cod,61,50,13,36,1
20260925,INW,cod,52,50,13,37,0
20260927,INW,cod,54,51,16,34,1
20260926,INW,cod,53,51,39,12,0
20260906,INW,cod,54,52,14,37,1
20260829,INW,cod,60,52,17,31,4
20260802,INW,cod,60,54,34,20,0
20260924,INW,cod,70,54,32,18,4
20260923,INW,cod,63,56,26,30,0
20260909,INW,cod,83,62,24,35,3
20260922,INW,cod,66,66,39,26,1
20260913,INW,cod,72,67,22,39,6
20260908,INW,cod,74,73,26,46,1
20260912,INW,cod,78,74,20,51,3
20260917,INW,cod,80,75,31,37,7
20260905,INW,cod,96,75,29,42,4
20260907,INW,cod,80,76,20,54,2
20260816,INW,cod,80,79,51,27,1
20260727,INW,cod,84,80,27,50,3
20260901,INW,cod,89,82,31,50,1
20260803,INW,cod,87,82,23,59,0
20260928,INW,cod,90,82,43,28,11
20260708,INW,cod,88,83,55,23,5
20261001,INW,cod,100,86,43,34,9
20260813,INW,cod,93,90,46,44,0
20260830,INW,cod,100,91,10,70,11
20261004,INW,pp,316,91,91,0,0
20260810,INW,cod,96,91,39,46,6
20260904,INW,cod,95,92,56,36,0
20260819,INW,cod,97,93,64,29,0
20261002,INW,cod,99,95,44,46,5
20260823,INW,cod,102,95,72,22,1
20260828,INW,cod,101,96,40,51,5
20260929,INW,cod,105,100,44,50,6
20260808,INW,cod,109,103,54,43,6
20260713,INW,cod,114,104,59,41,4
20260820,INW,cod,111,109,65,44,0
20260831,INW,cod,120,111,37,72,2
20260709,INW,cod,117,114,56,52,6
20260824,INW,cod,124,115,72,43,0
20260915,INW,pp,119,115,44,70,1
20260724,INW,cod,130,117,79,25,13
20260827,INW,cod,125,119,81,34,4
20260903,INW,cod,125,119,61,57,1
20260712,INW,cod,122,122,89,33,0
20260725,INW,cod,127,122,46,57,19
20260719,INW,cod,140,123,70,42,11
20260710,INW,cod,129,124,65,54,5
20260720,INW,cod,151,125,31,52,42
20260722,INW,cod,127,126,63,57,6
20260821,INW,cod,140,126,80,44,2
20260812,INW,cod,141,129,85,39,5
20260811,INW,cod,136,130,77,46,7
20260815,INW,cod,133,130,63,65,2
20260717,INW,cod,148,135,100,29,6
20260723,INW,cod,140,135,77,46,12
20260817,INW,cod,150,135,76,59,0
20260721,INW,cod,142,138,68,38,32
20260914,INW,pp,148,139,6,130,3
20260801,INW,cod,146,139,87,47,5
20260826,INW,cod,144,139,115,24,0
20260714,INW,cod,149,143,96,44,3
20260902,INW,cod,169,144,82,62,0
20260726,INW,cod,151,146,74,52,20
20260807,INW,cod,173,149,74,64,11
20260729,INW,cod,154,150,84,56,10
20260804,INW,cod,152,151,68,76,7
20260825,INW,cod,154,151,104,42,5
20260809,INW,cod,155,152,59,51,42
20260822,INW,cod,168,154,118,27,9
20260814,INW,cod,155,154,94,45,15
20260728,INW,cod,177,162,70,91,1
20260730,INW,cod,175,165,91,73,1
20260711,INW,cod,170,165,116,43,6
20260715,INW,cod,174,165,106,43,16
20260707,INW,cod,166,166,129,36,1
20260926,INW,pp,187,167,79,81,7
20260731,INW,cod,178,168,75,93,0
20260718,INW,cod,180,171,81,65,25
20260910,INW,pp,191,173,77,96,0
20260922,INW,pp,180,174,81,87,6
20260806,INW,cod,187,175,64,63,48
20260805,INW,cod,206,188,118,33,37
20260920,INW,pp,204,190,68,112,10
20260911,INW,pp,208,197,80,116,1
20260913,INW,pp,211,203,43,115,45
20260924,INW,pp,230,203,83,89,31
20260716,INW,cod,228,205,131,59,15
20260818,INW,cod,225,215,90,122,3
20260930,INW,cod,241,217,158,51,8
20260918,INW,pp,227,218,68,145,5
20260928,INW,pp,240,230,114,111,5
20260921,INW,pp,234,230,103,118,9
20260923,INW,pp,246,230,97,130,3
20260916,INW,pp,236,233,96,135,2
20260906,INW,pp,243,236,72,162,2
20260907,INW,pp,258,253,63,187,3
20261003,INW,pp,265,255,154,101,0
20260927,INW,pp,277,256,56,184,16
20261001,INW,pp,290,262,106,129,27
20260925,INW,pp,277,269,97,169,3
20260908,INW,pp,272,270,83,167,20
20260929,INW,pp,297,272,101,152,19
20260829,INW,pp,286,272,83,168,21
20260901,INW,pp,281,277,111,164,2
20260919,INW,pp,298,294,69,217,8
20260912,INW,pp,301,295,38,237,20
20260909,INW,pp,320,299,78,211,10
20260830,INW,pp,343,327,34,254,39
20260917,INW,pp,368,353,149,152,52
20260823,INW,pp,372,355,294,55,6
20261002,INW,pp,371,355,202,141,12
20260904,INW,pp,373,365,231,131,3
20260905,INW,pp,379,369,99,250,20
20260827,INW,pp,395,373,226,112,35
20260727,INW,pp,401,384,97,216,71
20260831,INW,pp,403,384,86,283,15
20260803,INW,pp,432,412,126,272,14
20260903,INW,pp,418,413,159,249,5
20260816,INW,pp,443,430,214,213,3
20260902,INW,pp,468,452,196,226,30
20260731,INW,pp,492,470,192,275,3
20260930,INW,pp,509,490,265,190,35
20260824,INW,pp,510,494,286,208,0
20260802,INW,pp,506,495,370,125,0
20260729,INW,pp,523,495,231,205,59
20260804,INW,pp,528,502,173,290,39
20260724,INW,pp,665,503,286,133,84
20260726,INW,pp,529,508,232,173,103
20260720,INW,pp,552,511,111,261,139
20260828,INW,pp,547,511,131,372,8
20260826,INW,pp,544,525,443,79,3
20260825,INW,pp,546,527,380,125,22
20260721,INW,pp,559,548,268,174,106
20260820,INW,pp,691,550,244,283,23
20260801,INW,pp,579,564,272,284,8
20260722,INW,pp,584,569,230,227,112
20260821,INW,pp,586,575,336,216,23
20260725,INW,pp,595,576,191,263,122
20260728,INW,pp,612,583,296,283,4
20260714,INW,pp,616,597,310,273,14
20260819,INW,pp,616,599,352,243,4
20260730,INW,pp,626,600,297,298,5
20260719,INW,pp,655,604,244,218,142
20260806,INW,pp,639,609,242,257,110
20260723,INW,pp,668,635,277,289,69
20260822,INW,pp,655,650,444,165,41
20260815,INW,pp,658,654,332,306,16
20260817,INW,pp,686,658,362,292,4
20260814,INW,pp,675,664,340,276,48
20260810,INW,pp,713,698,155,450,93
20260708,INW,pp,746,739,525,177,37
20260812,INW,pp,770,740,462,225,53
20260805,INW,pp,767,749,402,141,206
20260718,INW,pp,780,760,301,335,124
20260712,INW,pp,791,769,489,256,24
20260813,INW,pp,783,771,437,318,16
20260717,INW,pp,804,776,438,236,102
20260715,INW,pp,807,790,420,219,151
20260710,INW,pp,817,806,428,347,31
20260811,INW,pp,887,852,397,328,127
20260808,INW,pp,864,852,472,279,101
20260713,INW,pp,868,859,390,444,25
20260818,INW,pp,923,914,327,577,10
20260716,INW,pp,994,963,634,239,90
20260807,INW,pp,1154,976,485,460,31
20260809,INW,pp,1020,1015,342,446,227
20260709,INW,pp,1105,1087,519,526,42
20260707,INW,pp,1354,1346,932,394,20
20260711,INW,pp,1443,1414,728,471,215
20260706,IOH,pp,35,0,0,0,0
20260611,IOH,pp,1,0,0,0,0
20260702,IOH,pp,32,0,0,0,0
20260628,IOH,pp,2,0,0,0,0
20260705,IOH,pp,19,0,0,0,0
20260624,IOH,pp,1,0,0,0,0
20261005,IOH,pp,35,0,0,0,0
20260629,IOH,pp,13,0,0,0,0
20260704,IOH,pp,43,0,0,0,0
20260701,IOH,pp,11,0,0,0,0
20260605,IOH,pp,1,0,0,0,0
20260622,IOH,pp,2,0,0,0,0
20260703,IOH,pp,109,0,0,0,0
20260607,IOH,pp,3,0,0,0,0
20260620,IOH,pp,5,0,0,0,0
20260630,IOH,pp,10,0,0,0,0
20260604,IOH,pp,1,0,0,0,0
20260619,IOH,pp,2,0,0,0,0
20260626,IOH,pp,1,0,0,0,0
20260517,IOH,pp,1,0,0,0,0
20260613,IOH,pp,3,0,0,0,0
20261004,IOH,pp,12,3,3,0,0
20260816,IOH,pp,16,10,2,6,2
20260906,IOH,pp,15,11,7,4,0
20260815,IOH,pp,13,12,3,7,2
20260828,IOH,pp,15,14,10,2,2
20260726,IOH,pp,20,18,12,6,0
20260809,IOH,pp,18,18,11,7,0
20260920,IOH,pp,19,19,11,8,0
20260712,IOH,pp,20,20,4,5,11
20260707,IOH,pp,31,20,6,14,0
20260719,IOH,pp,23,21,10,4,7
20260905,IOH,pp,27,23,19,2,2
20260926,IOH,pp,31,23,15,6,2
20260913,IOH,pp,27,23,14,9,0
20260724,IOH,pp,27,24,13,9,2
20260711,IOH,pp,33,24,7,11,6
20260908,IOH,pp,33,24,14,10,0
20260727,IOH,pp,27,25,17,7,1
20260813,IOH,pp,37,27,18,8,1
20260804,IOH,pp,30,28,14,9,5
20260916,IOH,pp,35,28,16,8,4
20260715,IOH,pp,42,29,21,5,3
20260823,IOH,pp,34,29,13,6,10
20260927,IOH,pp,29,29,12,17,0
20260901,IOH,pp,33,29,20,7,2
20260928,IOH,pp,33,30,16,6,8
20260722,IOH,pp,40,31,4,25,2
20260716,IOH,pp,34,32,22,10,0
20260911,IOH,pp,36,32,23,8,1
20260718,IOH,pp,35,32,19,6,7
20260914,IOH,pp,37,32,11,19,2
20260827,IOH,pp,61,33,28,1,4
20260811,IOH,pp,42,33,15,16,2
20260929,IOH,pp,42,34,17,13,4
20260805,IOH,pp,39,34,16,15,3
20260904,IOH,pp,41,35,24,10,1
20260802,IOH,pp,35,35,19,15,1
20260810,IOH,pp,45,36,20,15,1
20260902,IOH,pp,48,36,13,21,2
20260803,IOH,pp,38,37,31,6,0
20260801,IOH,pp,41,38,30,7,1
20260821,IOH,pp,40,38,27,10,1
20260708,IOH,pp,42,38,19,16,3
20261003,IOH,pp,48,38,24,14,0
20260921,IOH,pp,85,39,23,8,8
20260907,IOH,pp,42,39,14,22,3
20260717,IOH,pp,42,40,24,14,2
20260912,IOH,pp,46,40,34,5,1
20260819,IOH,pp,45,40,29,11,0
20260723,IOH,pp,53,42,23,17,2
20260729,IOH,pp,47,43,21,15,7
20260728,IOH,pp,44,43,29,13,1
20260909,IOH,pp,59,43,31,12,0
20260923,IOH,pp,50,44,25,18,1
20260830,IOH,pp,52,46,20,26,0
20260917,IOH,pp,48,46,29,17,0
20260930,IOH,pp,59,46,29,14,3
20261002,IOH,pp,50,47,30,17,0
20260731,IOH,pp,54,47,40,7,0
20260713,IOH,pp,52,48,41,5,2
20260721,IOH,pp,56,49,34,14,1
20260915,IOH,pp,51,50,34,14,2
20260710,IOH,pp,53,50,24,16,10
20260825,IOH,pp,57,50,44,4,2
20260826,IOH,pp,63,51,32,16,3
20260807,IOH,pp,57,51,25,23,3
20260818,IOH,pp,54,52,35,10,7
20260709,IOH,pp,62,53,41,9,3
20260831,IOH,pp,61,54,24,27,3
20260820,IOH,pp,57,54,32,22,0
20260808,IOH,pp,62,54,42,10,2
20260918,IOH,pp,61,57,44,11,2
20260922,IOH,pp,66,57,17,40,0
20260919,IOH,pp,66,59,37,13,9
20260925,IOH,pp,61,59,40,18,1
20260814,IOH,pp,68,61,49,0,12
20260730,IOH,pp,67,62,49,12,1
20260725,IOH,pp,76,63,47,4,12
20260714,IOH,pp,84,64,43,17,4
20260924,IOH,pp,77,65,39,16,10
20260817,IOH,pp,73,66,47,19,0
20260824,IOH,pp,70,66,51,14,1
20260903,IOH,pp,70,67,39,24,4
20260806,IOH,pp,82,71,51,20,0
20260812,IOH,pp,92,72,46,21,5
20260720,IOH,pp,75,73,42,27,4
20261001,IOH,pp,90,76,55,2,19
20260910,IOH,pp,86,80,59,19,2
20260829,IOH,pp,91,81,64,8,9
20260822,IOH,pp,97,86,59,13,14
20261003,JAI,cod,1,0,0,0,0
20260831,JAI,pp,1,0,0,0,0
20260717,JAI,pp,1,0,0,0,0
20260813,JAI,pp,2,0,0,0,0
20261005,JAI,cod,3,0,0,0,0
20261001,JAI,cod,1,0,0,0,0
20260928,JAI,cod,1,1,1,0,0
20260722,JAI,cod,1,1,1,0,0
20260901,JAI,cod,1,1,0,1,0
20260904,JAI,pp,1,1,0,1,0
20260713,JEE,pp,1,0,0,0,0
20260618,JEE,pp,1,0,0,0,0
20260626,JEE,pp,1,0,0,0,0
20260929,KER,pp,1,0,0,0,0
20260527,KIC,cod,4,0,0,0,0
20260617,KIC,cod,20,0,0,0,0
20260324,KIC,cod,1,0,0,0,0
20260316,KIC,cod,1,0,0,0,0
20260604,KIC,cod,4,0,0,0,0
20260521,KIC,cod,1,0,0,0,0
20260321,KIC,cod,1,0,0,0,0
20260430,KIC,cod,1,0,0,0,0
20260701,KIC,pp,2,0,0,0,0
20260620,KIC,cod,8,0,0,0,0
20260609,KIC,cod,9,0,0,0,0
20260621,KIC,cod,1,0,0,0,0
20260624,KIC,pp,1,0,0,0,0
20260625,KIC,cod,32,0,0,0,0
20260531,KIC,cod,5,0,0,0,0
20260626,KIC,cod,25,0,0,0,0
20260528,KIC,cod,1,0,0,0,0
20260613,KIC,cod,18,0,0,0,0
20260522,KIC,cod,2,0,0,0,0
20260611,KIC,cod,6,0,0,0,0
20260602,KIC,cod,14,0,0,0,0
20260524,KIC,cod,3,0,0,0,0
20260607,KIC,cod,1,0,0,0,0
20260603,KIC,cod,4,0,0,0,0
20260610,KIC,cod,4,0,0,0,0
20260629,KIC,cod,71,0,0,0,0
20260703,KIC,pp,7,0,0,0,0
20260627,KIC,pp,1,0,0,0,0
20260615,KIC,cod,32,0,0,0,0
20260406,KIC,cod,1,0,0,0,0
20260701,KIC,cod,65,0,0,0,0
20260629,KIC,pp,6,0,0,0,0
20260605,KIC,cod,8,0,0,0,0
20260706,KIC,cod,179,0,0,0,0
20260625,KIC,pp,1,0,0,0,0
20260514,KIC,cod,1,0,0,0,0
20260626,KIC,pp,2,0,0,0,0
20260529,KIC,cod,8,0,0,0,0
20260525,KIC,cod,2,0,0,0,0
20260404,KIC,cod,1,0,0,0,0
20260526,KIC,cod,1,0,0,0,0
20260608,KIC,cod,5,0,0,0,0
20260513,KIC,cod,1,0,0,0,0
20260619,KIC,cod,17,0,0,0,0
20260614,KIC,cod,8,0,0,0,0
20260624,KIC,cod,17,0,0,0,0
20260703,KIC,cod,112,0,0,0,0
20260529,KIC,pp,1,0,0,0,0
20260523,KIC,cod,1,0,0,0,0
20260530,KIC,cod,6,0,0,0,0
20260627,KIC,cod,33,0,0,0,0
20260612,KIC,cod,10,0,0,0,0
20261005,KIC,cod,464,0,0,0,0
20260507,KIC,cod,1,0,0,0,0
20260622,KIC,cod,23,0,0,0,0
20260628,KIC,cod,9,0,0,0,0
20261005,KIC,pp,44,0,0,0,0
20260623,KIC,cod,31,0,0,0,0
20260705,KIC,cod,20,0,0,0,0
20260608,KIC,pp,1,0,0,0,0
20260503,KIC,cod,3,0,0,0,0
20260617,KIC,pp,2,0,0,0,0
20260508,KIC,cod,2,0,0,0,0
20260516,KIC,cod,1,0,0,0,0
20260601,KIC,cod,5,0,0,0,0
20260618,KIC,cod,15,0,0,0,0
20260606,KIC,cod,11,0,0,0,0
20260428,KIC,cod,1,0,0,0,0
20260523,KIC,pp,1,0,0,0,0
20260702,KIC,cod,101,0,0,0,0
20260515,KIC,cod,1,0,0,0,0
20260704,KIC,cod,143,0,0,0,0
20260702,KIC,pp,5,0,0,0,0
20260401,KIC,cod,1,0,0,0,0
20260630,KIC,pp,5,0,0,0,0
20260623,KIC,pp,1,0,0,0,0
20260706,KIC,pp,8,0,0,0,0
20260517,KIC,cod,1,0,0,0,0
20260704,KIC,pp,5,0,0,0,0
20260616,KIC,cod,30,0,0,0,0
20260615,KIC,pp,1,0,0,0,0
20260630,KIC,cod,92,0,0,0,0
20260726,KIC,pp,1,1,0,0,1
20260802,KIC,pp,1,1,0,1,0
20260711,KIC,pp,8,2,2,0,0
20260809,KIC,pp,2,2,0,2,0
20260816,KIC,pp,2,2,0,1,1
20260927,KIC,pp,3,3,2,1,0
20260815,KIC,pp,3,3,1,0,2
20260717,KIC,pp,3,3,3,0,0
20260913,KIC,pp,3,3,1,1,1
20260828,KIC,pp,4,4,4,0,0
20260712,KIC,pp,7,4,4,0,0
20260719,KIC,pp,5,5,2,3,0
20260714,KIC,pp,7,6,2,3,1
20261002,KIC,pp,6,6,2,4,0
20260709,KIC,pp,6,6,3,1,2
20260722,KIC,pp,8,7,5,2,0
20260823,KIC,pp,7,7,2,5,0
20261004,KIC,pp,15,7,7,0,0
20260708,KIC,pp,8,7,5,2,0
20260718,KIC,pp,7,7,3,2,2
20260725,KIC,pp,8,8,4,0,4
20260920,KIC,pp,9,9,3,6,0
20260710,KIC,pp,10,9,2,7,0
20260906,KIC,pp,11,9,2,6,1
20260707,KIC,pp,9,9,7,2,0
20260724,KIC,pp,9,9,7,2,0
20260830,KIC,pp,9,9,4,4,1
20260731,KIC,pp,10,10,7,2,1
20260802,KIC,cod,10,10,6,4,0
20260826,KIC,pp,11,11,11,0,0
20260804,KIC,pp,11,11,7,3,1
20260821,KIC,pp,13,12,6,5,1
20260715,KIC,pp,12,12,4,8,0
20260805,KIC,pp,12,12,7,5,0
20260803,KIC,pp,12,12,6,5,1
20260806,KIC,pp,13,13,9,3,1
20260929,KIC,pp,13,13,10,3,0
20260825,KIC,pp,13,13,9,3,1
20260922,KIC,pp,13,13,9,4,0
20260726,KIC,cod,13,13,8,2,3
20260905,KIC,pp,15,14,9,0,5
20260716,KIC,pp,14,14,6,7,1
20260712,KIC,cod,16,14,9,5,0
20260812,KIC,pp,15,14,10,4,0
20260911,KIC,pp,15,14,9,5,0
20260728,KIC,pp,16,14,10,4,0
20260925,KIC,pp,14,14,9,4,1
20260813,KIC,pp,17,15,8,6,1
20260727,KIC,pp,15,15,9,6,0
20260923,KIC,pp,16,15,8,7,0
20260723,KIC,pp,17,15,14,1,0
20260908,KIC,pp,17,15,11,3,1
20260904,KIC,pp,16,16,12,3,1
20260730,KIC,pp,17,16,9,6,1
20260909,KIC,pp,16,16,7,5,4
20260808,KIC,pp,18,16,9,1,6
20261003,KIC,pp,17,16,12,4,0
20260814,KIC,pp,16,16,12,1,3
20260815,KIC,cod,20,16,6,0,10
20260915,KIC,pp,16,16,10,6,0
20260829,KIC,pp,18,17,10,5,2
20260924,KIC,pp,17,17,13,4,0
20260919,KIC,pp,18,17,11,1,5
20260910,KIC,pp,17,17,11,5,1
20260729,KIC,pp,19,18,12,4,2
20260827,KIC,pp,18,18,17,0,1
20260810,KIC,pp,20,18,8,10,0
20260917,KIC,pp,18,18,9,6,3
20260807,KIC,pp,19,18,10,8,0
20260819,KIC,pp,22,19,14,5,0
20260916,KIC,pp,20,19,10,6,3
20260720,KIC,pp,20,19,10,8,1
20260831,KIC,pp,24,19,15,4,0
20260820,KIC,pp,20,19,9,7,3
20260902,KIC,pp,21,19,9,8,2
20260713,KIC,pp,22,20,11,8,1
20260824,KIC,pp,20,20,15,4,1
20260918,KIC,pp,21,20,12,8,0
20260914,KIC,pp,24,21,11,8,2
20260818,KIC,pp,21,21,16,3,2
20260811,KIC,pp,22,21,10,9,2
20260928,KIC,pp,22,22,18,4,0
20260903,KIC,pp,22,22,15,6,1
20260912,KIC,pp,25,22,12,2,8
20260930,KIC,pp,24,22,8,13,1
20260926,KIC,pp,24,23,20,0,3
20260921,KIC,pp,26,24,16,5,3
20260822,KIC,pp,28,24,16,0,8
20260801,KIC,pp,26,25,14,1,10
20260907,KIC,pp,25,25,13,11,1
20260721,KIC,pp,27,26,19,6,1
20260901,KIC,pp,31,30,15,12,3
20260817,KIC,pp,32,31,11,20,0
20261004,KIC,cod,121,39,39,0,0
20261001,KIC,pp,41,39,24,2,13
20260809,KIC,cod,40,40,0,40,0
20260816,KIC,cod,46,44,12,26,6
20260828,KIC,cod,53,50,46,2,2
20261002,KIC,cod,67,54,28,26,0
20260719,KIC,cod,64,62,29,32,1
20260823,KIC,cod,85,81,10,70,1
20260709,KIC,cod,98,93,55,34,4
20260927,KIC,cod,100,99,80,18,1
20260711,KIC,cod,110,107,77,3,27
20260710,KIC,cod,116,112,54,50,8
20260714,KIC,cod,124,118,52,62,4
20260906,KIC,cod,121,118,15,81,22
20260708,KIC,cod,121,121,76,43,2
20260913,KIC,cod,135,123,41,68,14
20260707,KIC,cod,132,128,63,56,9
20260716,KIC,cod,132,129,64,61,4
20260718,KIC,cod,133,130,72,22,36
20260724,KIC,cod,141,134,73,54,7
20260717,KIC,cod,139,134,95,31,8
20260830,KIC,cod,147,143,85,53,5
20260725,KIC,cod,163,147,109,5,33
20260723,KIC,cod,160,148,102,43,3
20260715,KIC,cod,152,151,76,74,1
20260713,KIC,cod,158,155,89,59,7
20260920,KIC,cod,157,156,44,109,3
20260722,KIC,cod,163,157,93,62,2
20260827,KIC,cod,162,160,107,5,48
20260914,KIC,cod,179,174,77,89,8
20260808,KIC,cod,183,178,117,17,44
20260727,KIC,cod,196,181,111,63,7
20260731,KIC,cod,197,183,101,69,13
20260911,KIC,cod,188,184,125,56,3
20260806,KIC,cod,189,186,128,49,9
20260814,KIC,cod,210,189,128,3,58
20260721,KIC,cod,201,191,112,76,3
20260720,KIC,cod,204,194,131,58,5
20260728,KIC,cod,220,202,139,58,5
20260807,KIC,cod,208,204,123,80,1
20260821,KIC,cod,224,207,110,78,19
20260812,KIC,cod,215,208,119,81,8
20260915,KIC,cod,213,208,132,64,12
20260801,KIC,cod,217,209,115,7,87
20260825,KIC,cod,233,211,143,50,18
20260917,KIC,cod,218,212,107,94,11
20260904,KIC,cod,227,212,140,47,25
20260922,KIC,cod,220,215,121,92,2
20260829,KIC,cod,222,215,101,54,60
20260919,KIC,cod,231,217,150,14,53
20260822,KIC,cod,227,217,135,5,77
20260805,KIC,cod,230,221,143,47,31
20260729,KIC,cod,229,221,127,74,20
20260926,KIC,cod,235,225,177,15,33
20260923,KIC,cod,236,226,142,73,11
20260803,KIC,cod,248,227,142,62,23
20260909,KIC,cod,240,228,145,70,13
20260910,KIC,cod,260,229,132,70,27
20260813,KIC,cod,253,230,127,94,9
20260925,KIC,cod,239,230,160,61,9
20260811,KIC,cod,241,234,120,97,17
20260804,KIC,cod,248,240,142,86,12
20260826,KIC,cod,254,240,172,43,25
20260918,KIC,cod,248,240,139,86,15
20260908,KIC,cod,246,241,139,80,22
20260730,KIC,cod,252,242,149,88,5
20260824,KIC,cod,256,243,127,104,12
20260924,KIC,cod,254,244,154,79,11
20260912,KIC,cod,268,256,157,20,79
20260818,KIC,cod,265,257,175,65,17
20260819,KIC,cod,271,260,171,79,10
20260903,KIC,cod,278,270,195,71,4
20260905,KIC,cod,276,271,170,2,99
20260916,KIC,cod,277,272,183,65,24
20260810,KIC,cod,289,280,155,120,5
20260817,KIC,cod,305,296,174,111,11
20260820,KIC,cod,314,297,175,74,48
20260921,KIC,cod,306,298,172,96,30
20260907,KIC,cod,304,299,180,101,18
20260831,KIC,cod,311,304,202,93,9
20260902,KIC,cod,313,307,176,119,12
20261003,KIC,cod,415,324,241,83,0
20260929,KIC,cod,345,330,201,124,5
20260901,KIC,cod,345,338,193,102,43
20260930,KIC,cod,365,355,243,110,2
20260928,KIC,cod,370,359,255,104,0
20261001,KIC,cod,396,375,263,43,69
20260728,KOL,cod,3,0,0,0,0
20261005,KOL,cod,17,0,0,0,0
20261003,KOL,cod,10,0,0,0,0
20261003,KOL,pp,2,0,0,0,0
20260725,KOL,pp,1,0,0,0,0
20261005,KOL,pp,4,0,0,0,0
20260725,KOL,cod,11,0,0,0,0
20260930,KOL,pp,1,1,0,0,1
20260920,KOL,pp,1,1,0,1,0
20260903,KOL,pp,1,1,0,1,0
20260918,KOL,pp,1,1,0,1,0
20260922,KOL,pp,1,1,0,1,0
20260921,KOL,pp,1,1,0,1,0
20260928,KOL,pp,1,1,0,0,1
20260909,KOL,pp,1,1,0,1,0
20260913,KOL,pp,1,1,0,1,0
20260925,KOL,cod,1,1,0,1,0
20260904,KOL,pp,1,1,0,1,0
20260905,KOL,cod,1,1,0,0,1
20260917,KOL,pp,1,1,0,1,0
20260915,KOL,pp,1,1,0,1,0
20260812,KOL,pp,1,1,0,0,1
20260926,KOL,pp,2,2,0,0,2
20260909,KOL,cod,4,2,0,1,1
20260815,KOL,pp,3,2,0,0,2
20260910,KOL,pp,2,2,0,2,0
20260908,KOL,pp,2,2,0,2,0
20260905,KOL,pp,2,2,0,0,2
20260923,KOL,pp,2,2,0,1,1
20260821,KOL,pp,3,2,0,2,0
20260919,KOL,pp,2,2,0,0,2
20260914,KOL,pp,2,2,0,2,0
20260815,KOL,cod,5,2,0,0,2
20260928,KOL,cod,3,2,0,0,2
20260927,KOL,pp,3,3,0,3,0
20260826,KOL,pp,3,3,0,3,0
20260903,KOL,cod,3,3,0,2,1
20260922,KOL,cod,3,3,0,3,0
20260813,KOL,pp,3,3,0,2,1
20260925,KOL,pp,3,3,0,3,0
20260929,KOL,pp,3,3,0,3,0
20261001,KOL,pp,3,3,0,2,1
20260814,KOL,pp,3,3,0,0,3
20260822,KOL,pp,3,3,0,0,3
20260817,KOL,pp,4,3,0,2,1
20260819,KOL,pp,4,4,0,0,4
20260820,KOL,pp,4,4,0,4,0
20261002,KOL,cod,4,4,0,4,0
20260907,KOL,pp,4,4,3,0,1
20260901,KOL,pp,4,4,0,0,4
20260913,KOL,cod,4,4,0,3,1
20260912,KOL,pp,4,4,1,0,3
20260902,KOL,pp,5,5,0,2,3
20260926,KOL,cod,5,5,0,0,5
20260919,KOL,cod,6,5,0,0,5
20261001,KOL,cod,5,5,0,5,0
20260910,KOL,cod,5,5,1,4,0
20260911,KOL,cod,5,5,0,5,0
20260812,KOL,cod,6,5,0,2,3
20260824,KOL,pp,6,6,4,1,1
20260930,KOL,cod,7,6,0,6,0
20260927,KOL,cod,6,6,0,6,0
20260914,KOL,cod,7,7,0,6,1
20260916,KOL,cod,7,7,0,6,1
20260904,KOL,cod,7,7,0,7,0
20260918,KOL,cod,8,8,1,7,0
20260929,KOL,cod,10,9,0,8,1
20260808,KOL,pp,9,9,0,0,9
20260811,KOL,pp,9,9,0,5,4
20260807,KOL,cod,9,9,0,0,9
20260921,KOL,cod,9,9,0,8,1
20260923,KOL,cod,10,10,1,9,0
20260908,KOL,cod,10,10,0,6,4
20260831,KOL,pp,10,10,1,1,8
20260810,KOL,pp,11,10,0,7,3
20260915,KOL,cod,10,10,0,10,0
20260822,KOL,cod,10,10,0,0,10
20260821,KOL,cod,12,11,2,9,0
20260920,KOL,cod,11,11,0,11,0
20260902,KOL,cod,12,12,0,4,8
20260917,KOL,cod,12,12,1,9,2
20260826,KOL,cod,14,13,0,13,0
20260912,KOL,cod,14,14,6,0,8
20260806,KOL,cod,15,15,0,13,2
20260814,KOL,cod,15,15,0,0,15
20260924,KOL,cod,16,16,1,12,3
20260820,KOL,cod,17,17,0,12,5
20260819,KOL,cod,23,17,0,0,17
20260825,KOL,cod,18,17,0,15,2
20260813,KOL,cod,26,18,1,14,3
20260817,KOL,cod,22,21,0,11,10
20260901,KOL,cod,24,23,0,5,18
20260810,KOL,cod,25,24,0,14,10
20260824,KOL,cod,24,24,11,13,0
20260803,KOL,cod,34,24,0,0,24
20260907,KOL,cod,31,30,11,16,3
20260811,KOL,cod,31,30,0,15,15
20260805,KOL,cod,34,31,0,24,7
20260831,KOL,cod,37,37,6,11,20
20260808,KOL,cod,43,41,0,0,41
20260702,KPI,pp,10,0,0,0,0
20260704,KPI,cod,4,0,0,0,0
20260623,KPI,cod,1,0,0,0,0
20260703,KPI,pp,15,0,0,0,0
20260701,KPI,cod,4,0,0,0,0
20260517,KPI,cod,1,0,0,0,0
20260705,KPI,cod,20,0,0,0,0
20261005,KPI,cod,52,0,0,0,0
20260703,KPI,cod,9,0,0,0,0
20260602,KPI,pp,1,0,0,0,0
20260629,KPI,pp,1,0,0,0,0
20260624,KPI,cod,1,0,0,0,0
20260702,KPI,cod,6,0,0,0,0
20260628,KPI,cod,3,0,0,0,0
20260704,KPI,pp,16,0,0,0,0
20261005,KPI,pp,89,0,0,0,0
20260515,KPI,cod,1,0,0,0,0
20260706,KPI,pp,31,0,0,0,0
20260705,KPI,pp,38,0,0,0,0
20260609,KPI,cod,1,0,0,0,0
20260706,KPI,cod,23,0,0,0,0
20260620,KPI,cod,1,0,0,0,0
20260625,KPI,cod,1,0,0,0,0
20260630,KPI,cod,4,0,0,0,0
20260701,KPI,pp,2,0,0,0,0
20260622,KPI,pp,1,0,0,0,0
20260528,KPI,pp,1,0,0,0,0
20260630,KPI,pp,3,0,0,0,0
20260624,KPI,pp,1,0,0,0,0
20260619,KPI,cod,1,0,0,0,0
20260720,KPI,cod,9,9,9,0,0
20260723,KPI,cod,11,11,11,0,0
20260726,KPI,cod,12,12,8,4,0
20260725,KPI,cod,12,12,12,0,0
20260814,KPI,cod,13,13,12,0,1
20260721,KPI,cod,15,13,10,3,0
20260724,KPI,cod,15,14,14,0,0
20260714,KPI,cod,14,14,13,1,0
20260810,KPI,cod,15,15,11,2,2
20260715,KPI,cod,16,16,15,1,0
20260713,KPI,cod,16,16,16,0,0
20260712,KPI,cod,16,16,10,6,0
20260813,KPI,cod,16,16,16,0,0
20260719,KPI,cod,16,16,15,1,0
20260707,KPI,cod,16,16,11,5,0
20260716,KPI,cod,16,16,15,1,0
20260728,KPI,cod,16,16,16,0,0
20260708,KPI,cod,16,16,16,0,0
20260808,KPI,cod,17,17,16,1,0
20260709,KPI,cod,17,17,13,4,0
20260807,KPI,cod,18,18,18,0,0
20260717,KPI,cod,18,18,18,0,0
20260809,KPI,cod,20,19,16,0,3
20260720,KPI,pp,21,19,18,1,0
20260921,KPI,cod,21,20,20,0,0
20260819,KPI,cod,20,20,18,2,0
20260919,KPI,cod,20,20,19,1,0
20260812,KPI,cod,22,21,13,8,0
20260817,KPI,cod,21,21,21,0,0
20260722,KPI,cod,21,21,18,3,0
20260718,KPI,cod,21,21,20,1,0
20260715,KPI,pp,22,21,19,2,0
20260717,KPI,pp,24,21,19,1,1
20260710,KPI,cod,21,21,16,5,0
20260811,KPI,cod,22,22,21,0,1
20260714,KPI,pp,27,23,21,2,0
20260821,KPI,cod,23,23,23,0,0
20260723,KPI,pp,25,23,23,0,0
20260711,KPI,cod,23,23,23,0,0
20260806,KPI,cod,23,23,15,8,0
20260922,KPI,cod,23,23,21,2,0
20260920,KPI,cod,24,24,21,3,0
20260818,KPI,cod,24,24,24,0,0
20260801,KPI,cod,25,25,22,2,1
20260721,KPI,pp,33,25,24,1,0
20260730,KPI,cod,25,25,23,2,0
20260820,KPI,cod,25,25,24,1,0
20260724,KPI,pp,31,25,24,1,0
20260727,KPI,cod,26,25,25,0,0
20260919,KPI,pp,25,25,25,0,0
20260822,KPI,cod,26,26,26,0,0
20260718,KPI,pp,29,26,24,2,0
20260719,KPI,pp,28,27,23,4,0
20260716,KPI,pp,33,27,27,0,0
20260729,KPI,cod,28,28,27,1,0
20260804,KPI,cod,28,28,14,14,0
20260810,KPI,pp,42,28,25,1,2
20260711,KPI,pp,31,28,28,0,0
20260731,KPI,cod,29,29,29,0,0
20260822,KPI,pp,32,29,29,0,0
20260722,KPI,pp,30,29,26,3,0
20260726,KPI,pp,31,31,24,7,0
20260725,KPI,pp,33,31,29,0,2
20260709,KPI,pp,33,31,23,8,0
20260802,KPI,pp,31,31,25,6,0
20260727,KPI,pp,33,32,29,3,0
20260916,KPI,pp,32,32,30,2,0
20260712,KPI,pp,32,32,25,7,0
20260802,KPI,cod,33,33,26,7,0
20260728,KPI,pp,35,33,29,4,0
20260918,KPI,pp,33,33,25,8,0
20260805,KPI,cod,34,34,32,1,1
20260823,KPI,cod,34,34,29,5,0
20260814,KPI,pp,42,34,30,0,4
20260928,KPI,cod,34,34,28,6,0
20260707,KPI,pp,35,34,23,11,0
20260813,KPI,pp,36,34,33,1,0
20260803,KPI,cod,34,34,34,0,0
20260917,KPI,cod,35,35,32,3,0
20260821,KPI,pp,35,35,32,2,1
20260830,KPI,pp,36,36,17,17,2
20260801,KPI,pp,39,37,33,4,0
20260809,KPI,pp,37,37,36,0,1
20260916,KPI,cod,38,37,37,0,0
20260731,KPI,pp,44,37,36,1,0
20261004,KPI,cod,60,38,38,0,0
20260729,KPI,pp,47,39,32,6,1
20260823,KPI,pp,39,39,29,10,0
20260730,KPI,pp,39,39,38,1,0
20260827,KPI,cod,39,39,36,1,2
20260816,KPI,cod,39,39,30,9,0
20260713,KPI,pp,41,39,37,2,0
20260804,KPI,pp,43,40,27,11,2
20260921,KPI,pp,41,41,41,0,0
20260831,KPI,pp,46,41,38,3,0
20260820,KPI,pp,42,41,37,4,0
20260812,KPI,pp,44,41,24,17,0
20260828,KPI,pp,46,41,34,7,0
20260708,KPI,pp,43,42,42,0,0
20260805,KPI,pp,45,42,40,1,1
20261001,KPI,cod,43,42,39,0,3
20260818,KPI,pp,44,43,43,0,0
20260915,KPI,cod,48,43,36,5,2
20260807,KPI,pp,46,43,42,0,1
20260830,KPI,cod,44,44,29,13,2
20260924,KPI,cod,44,44,43,0,1
20260918,KPI,cod,45,44,34,10,0
20260817,KPI,pp,47,45,45,0,0
20260922,KPI,pp,45,45,26,19,0
20260806,KPI,pp,48,45,38,7,0
20260819,KPI,pp,48,45,41,4,0
20260926,KPI,cod,45,45,44,0,1
20260930,KPI,cod,46,45,40,5,0
20260826,KPI,cod,45,45,45,0,0
20260906,KPI,cod,48,46,27,16,3
20260927,KPI,cod,47,46,30,8,8
20260905,KPI,pp,47,46,27,14,5
20260905,KPI,cod,46,46,25,15,6
20261004,KPI,pp,60,47,47,0,0
20260925,KPI,cod,48,47,41,6,0
20260811,KPI,pp,47,47,42,0,5
20260824,KPI,cod,49,49,46,3,0
20260827,KPI,pp,51,50,49,1,0
20260923,KPI,pp,50,50,47,3,0
20260923,KPI,cod,50,50,48,2,0
20260924,KPI,pp,52,51,49,0,2
20260903,KPI,cod,51,51,51,0,0
20260911,KPI,cod,51,51,50,1,0
20260829,KPI,cod,52,52,33,18,1
20260710,KPI,pp,53,52,48,4,0
20260914,KPI,cod,52,52,40,12,0
20260904,KPI,pp,57,54,54,0,0
20260829,KPI,pp,54,54,40,14,0
20260915,KPI,pp,56,55,50,4,1
20260908,KPI,cod,56,55,45,8,2
20260803,KPI,pp,60,56,55,1,0
20260825,KPI,pp,60,56,53,3,0
20260808,KPI,pp,59,57,42,13,2
20260904,KPI,cod,57,57,55,0,2
20260828,KPI,cod,59,57,57,0,0
20260912,KPI,cod,57,57,57,0,0
20260913,KPI,cod,60,58,47,10,1
20260929,KPI,cod,59,58,56,2,0
20260907,KPI,cod,58,58,53,5,0
20260912,KPI,pp,59,59,56,2,1
20260910,KPI,cod,61,59,56,3,0
20260930,KPI,pp,60,59,51,8,0
20260824,KPI,pp,62,59,56,3,0
20260902,KPI,cod,60,59,57,2,0
20261001,KPI,pp,63,62,58,0,4
20260920,KPI,pp,62,62,50,12,0
20260906,KPI,pp,63,63,36,27,0
20260825,KPI,cod,63,63,57,6,0
20260826,KPI,pp,63,63,63,0,0
20260901,KPI,pp,67,64,61,3,0
20260928,KPI,pp,64,64,47,17,0
20260917,KPI,pp,66,65,61,4,0
20260831,KPI,cod,68,65,64,0,1
20260926,KPI,pp,66,66,62,0,4
20260914,KPI,pp,67,67,50,17,0
20260907,KPI,pp,69,68,59,9,0
20260903,KPI,pp,68,68,68,0,0
20260909,KPI,pp,71,69,66,3,0
20260925,KPI,pp,70,70,51,18,1
20260911,KPI,pp,73,71,69,2,0
20260909,KPI,cod,72,72,71,1,0
20260816,KPI,pp,78,77,55,22,0
20260901,KPI,cod,80,79,77,2,0
20260913,KPI,pp,80,80,59,18,3
20260929,KPI,pp,81,80,76,4,0
20260910,KPI,pp,83,81,74,7,0
20260908,KPI,pp,85,83,80,3,0
20260927,KPI,pp,86,85,34,32,19
20260902,KPI,pp,92,87,80,7,0
20261003,KPI,cod,91,90,62,28,0
20261003,KPI,pp,95,94,65,29,0
20260716,LGL,pp,1,0,0,0,0
20260715,LGL,pp,1,0,0,0,0
20260721,LGL,pp,3,0,0,0,0
20260917,LGL,pp,2,2,2,0,0
20260912,LGL,pp,2,2,2,0,0
20260825,LGL,pp,3,3,3,0,0
20260730,LGL,pp,6,3,0,0,3
20260729,LGL,pp,6,4,0,0,4
20260828,LGL,pp,5,5,4,0,1
20260815,LGL,pp,5,5,0,0,5
20260901,LGL,pp,6,6,6,0,0
20260908,LGL,pp,7,7,7,0,0
20260802,LGL,pp,8,7,0,6,1
20260906,LGL,pp,15,9,0,9,0
20260913,LGL,pp,11,10,0,10,0
20260727,LGL,pp,10,10,0,0,10
20260813,LGL,pp,10,10,5,5,0
20260902,LGL,pp,10,10,10,0,0
20260916,LGL,pp,11,11,0,11,0
20260829,LGL,pp,11,11,0,0,11
20260808,LGL,pp,11,11,3,0,8
20260816,LGL,pp,26,13,0,12,1
20260903,LGL,pp,15,14,14,0,0
20260826,LGL,pp,14,14,4,10,0
20260807,LGL,pp,20,15,15,0,0
20260904,LGL,pp,18,15,0,15,0
20260910,LGL,pp,15,15,7,8,0
20260822,LGL,pp,16,16,7,0,9
20260820,LGL,pp,16,16,16,0,0
20260907,LGL,pp,17,17,3,14,0
20260818,LGL,pp,19,18,16,2,0
20260806,LGL,pp,27,19,0,19,0
20260905,LGL,pp,22,20,8,0,12
20260915,LGL,pp,23,23,14,9,0
20260821,LGL,pp,27,25,6,6,13
20260805,LGL,pp,25,25,24,0,1
20260811,LGL,pp,27,27,15,12,0
20260804,LGL,pp,34,30,0,30,0
20260824,LGL,pp,33,33,33,0,0
20260819,LGL,pp,92,41,6,35,0
20260731,LGL,pp,44,42,35,0,7
20260722,LGL,pp,46,43,0,42,1
20260728,LGL,pp,51,47,0,47,0
20260911,LGL,pp,54,53,24,29,0
20260723,LGL,pp,57,55,0,52,3
20260803,LGL,pp,61,59,57,0,2
20260817,LGL,pp,72,61,50,11,0
20260814,LGL,pp,74,64,5,31,28
20260827,LGL,pp,71,69,0,67,2
20260812,LGL,pp,74,71,59,12,0
20260831,LGL,pp,79,71,51,0,20
20260909,LGL,pp,85,83,72,11,0
20261005,LKH,pp,98,0,0,0,0
20260829,LKH,pp,10,10,10,0,0
20260828,LKH,pp,12,11,11,0,0
20260831,LKH,pp,13,13,13,0,0
20260902,LKH,pp,15,14,14,0,0
20260827,LKH,pp,15,15,13,0,2
20260901,LKH,pp,15,15,15,0,0
20260825,LKH,pp,20,20,20,0,0
20260826,LKH,pp,33,31,31,0,0
20260919,LKH,pp,41,39,39,0,0
20260923,LKH,pp,40,40,40,0,0
20260922,LKH,pp,41,41,40,0,1
20260918,LKH,pp,46,46,46,0,0
20260915,LKH,pp,47,47,47,0,0
20260917,LKH,pp,49,48,48,0,0
20260925,LKH,pp,49,49,49,0,0
20260903,LKH,pp,49,49,49,0,0
20260905,LKH,pp,50,50,50,0,0
20260904,LKH,pp,50,50,49,0,1
20260924,LKH,pp,50,50,50,0,0
20260907,LKH,pp,50,50,50,0,0
20260916,LKH,pp,56,56,55,0,1
20260926,LKH,pp,69,69,69,0,0
20261001,LKH,pp,72,70,70,0,0
20260909,LKH,pp,74,73,72,0,1
20260908,LKH,pp,76,75,75,0,0
20260910,LKH,pp,83,81,81,0,0
20260930,LKH,pp,89,88,88,0,0
20260912,LKH,pp,94,93,92,0,1
20260914,LKH,pp,94,94,0,94,0
20260929,LKH,pp,94,94,94,0,0
20260921,LKH,pp,101,101,100,1,0
20260911,LKH,pp,120,120,120,0,0
20260928,LKH,pp,129,129,118,11,0
20261003,LKH,pp,151,150,150,0,0
20260625,LOI,pp,6,0,0,0,0
20260702,LOI,cod,53,0,0,0,0
20260626,LOI,cod,8,0,0,0,0
20260601,LOI,pp,2,0,0,0,0
20260605,LOI,cod,1,0,0,0,0
20260621,LOI,cod,2,0,0,0,0
20260629,LOI,cod,43,0,0,0,0
20260630,LOI,pp,81,0,0,0,0
20260417,LOI,pp,1,0,0,0,0
20260702,LOI,pp,159,0,0,0,0
20260620,LOI,cod,1,0,0,0,0
20260609,LOI,pp,2,0,0,0,0
20260612,LOI,pp,2,0,0,0,0
20260613,LOI,pp,2,0,0,0,0
20260526,LOI,cod,1,0,0,0,0
20260625,LOI,cod,7,0,0,0,0
20260427,LOI,cod,1,0,0,0,0
20260706,LOI,cod,129,0,0,0,0
20260520,LOI,pp,1,0,0,0,0
20260628,LOI,cod,12,0,0,0,0
20260618,LOI,pp,4,0,0,0,0
20260623,LOI,cod,9,0,0,0,0
20260619,LOI,cod,6,0,0,0,0
20260627,LOI,pp,9,0,0,0,0
20260505,LOI,pp,1,0,0,0,0
20260125,LOI,pp,1,0,0,0,0
20260523,LOI,pp,2,0,0,0,0
20260627,LOI,cod,12,0,0,0,0
20260628,LOI,pp,46,0,0,0,0
20260701,LOI,pp,99,0,0,0,0
20260527,LOI,pp,1,0,0,0,0
20260612,LOI,cod,2,0,0,0,0
20260524,LOI,pp,1,0,0,0,0
20261005,LOI,pp,622,0,0,0,0
20260621,LOI,pp,8,0,0,0,0
20260620,LOI,pp,2,0,0,0,0
20260617,LOI,pp,3,0,0,0,0
20260705,LOI,cod,48,0,0,0,0
20260606,LOI,pp,1,0,0,0,0
20260703,LOI,cod,101,0,0,0,0
20260626,LOI,pp,8,0,0,0,0
20260518,LOI,cod,1,0,0,0,0
20260622,LOI,cod,8,0,0,0,0
20260619,LOI,pp,3,0,0,0,0
20260616,LOI,cod,3,0,0,0,0
20260617,LOI,cod,3,0,0,0,0
20260624,LOI,cod,2,0,0,0,0
20260611,LOI,pp,1,0,0,0,0
20260507,LOI,pp,1,0,0,0,0
20260607,LOI,pp,2,0,0,0,0
20260623,LOI,pp,5,0,0,0,0
20260704,LOI,cod,117,0,0,0,0
20260703,LOI,pp,279,0,0,0,0
20260615,LOI,cod,10,0,0,0,0
20260615,LOI,pp,3,0,0,0,0
20260705,LOI,pp,213,0,0,0,0
20260616,LOI,pp,1,0,0,0,0
20260611,LOI,cod,2,0,0,0,0
20260610,LOI,pp,2,0,0,0,0
20260624,LOI,pp,4,0,0,0,0
20260419,LOI,cod,1,0,0,0,0
20260608,LOI,pp,1,0,0,0,0
20260614,LOI,cod,1,0,0,0,0
20261005,LOI,cod,225,0,0,0,0
20260701,LOI,cod,56,0,0,0,0
20260630,LOI,cod,57,0,0,0,0
20260629,LOI,pp,37,0,0,0,0
20260704,LOI,pp,330,0,0,0,0
20260622,LOI,pp,4,0,0,0,0
20260618,LOI,cod,5,0,0,0,0
20260706,LOI,pp,447,0,0,0,0
20260708,LOI,cod,153,29,5,12,12
20260719,LOI,cod,81,73,38,28,7
20260914,LOI,cod,82,75,46,25,4
20261004,LOI,cod,147,83,83,0,0
20260828,LOI,cod,94,86,65,20,1
20260726,LOI,cod,104,94,62,28,4
20260709,LOI,cod,204,96,49,36,11
20260728,LOI,cod,109,99,63,24,12
20260707,LOI,cod,105,100,64,21,15
20260809,LOI,cod,113,102,66,31,5
20260722,LOI,cod,114,102,49,50,3
20260919,LOI,cod,115,103,65,32,6
20260927,LOI,cod,136,103,55,44,4
20260904,LOI,cod,120,104,42,62,0
20260830,LOI,cod,115,105,73,32,0
20260715,LOI,cod,120,107,63,38,6
20260925,LOI,cod,131,108,44,64,0
20260815,LOI,cod,124,109,78,30,1
20260920,LOI,cod,126,110,63,45,2
20260905,LOI,cod,130,110,64,39,7
20260729,LOI,cod,117,110,78,24,8
20260921,LOI,cod,130,110,71,35,4
20260717,LOI,cod,123,111,64,35,12
20260911,LOI,cod,124,114,74,40,0
20260906,LOI,cod,136,114,55,57,2
20260724,LOI,cod,125,115,89,25,1
20260924,LOI,cod,140,116,69,37,10
20260725,LOI,cod,127,116,75,28,13
20261003,LOI,cod,158,117,79,38,0
20260918,LOI,cod,125,117,79,35,3
20260912,LOI,cod,131,119,82,34,3
20260922,LOI,cod,132,119,75,43,1
20260712,LOI,cod,126,119,71,42,6
20260823,LOI,cod,140,120,68,48,4
20260829,LOI,cod,130,120,86,28,6
20260926,LOI,cod,131,121,82,28,11
20260718,LOI,cod,133,122,62,29,31
20260723,LOI,cod,137,123,81,42,0
20260907,LOI,cod,132,123,81,37,5
20260720,LOI,cod,131,124,66,35,23
20260714,LOI,cod,130,124,73,48,3
20260805,LOI,cod,136,124,78,45,1
20260825,LOI,cod,137,126,78,42,6
20260820,LOI,cod,138,128,86,40,2
20261001,LOI,cod,142,129,76,38,15
20260923,LOI,cod,140,129,81,48,0
20260807,LOI,cod,144,130,74,46,10
20260913,LOI,cod,150,132,88,26,18
20260903,LOI,cod,145,132,98,23,11
20260831,LOI,cod,147,133,84,41,8
20260721,LOI,cod,146,133,83,47,3
20260801,LOI,cod,140,134,82,34,18
20261002,LOI,cod,146,134,79,55,0
20260711,LOI,cod,152,136,60,53,23
20260730,LOI,cod,152,136,96,38,2
20260713,LOI,cod,149,136,45,56,35
20260802,LOI,cod,146,137,68,58,11
20260821,LOI,cod,154,138,83,52,3
20260902,LOI,cod,154,139,103,21,15
20260917,LOI,cod,155,139,101,36,2
20260909,LOI,cod,166,140,68,64,8
20260806,LOI,cod,162,143,99,23,21
20260727,LOI,cod,154,143,92,21,30
20260929,LOI,cod,160,144,84,56,4
20260827,LOI,cod,161,144,115,24,5
20260826,LOI,cod,165,146,71,62,13
20260716,LOI,cod,155,148,71,48,29
20260804,LOI,cod,176,149,110,32,7
20260910,LOI,cod,175,149,79,67,3
20260928,LOI,cod,167,150,99,28,23
20260710,LOI,cod,162,154,106,38,10
20260901,LOI,cod,172,156,97,58,1
20260822,LOI,cod,171,156,101,39,16
20260930,LOI,cod,172,158,107,50,1
20260916,LOI,cod,181,159,93,61,5
20260731,LOI,cod,180,160,79,72,9
20260824,LOI,cod,185,163,100,55,8
20260915,LOI,cod,170,163,88,71,4
20260803,LOI,cod,177,168,123,18,27
20260908,LOI,cod,187,169,80,86,3
20260819,LOI,cod,190,178,110,27,41
20260812,LOI,cod,205,180,106,63,11
20260818,LOI,cod,201,182,129,44,9
20260808,LOI,cod,207,184,126,13,45
20260814,LOI,cod,214,189,115,21,53
20260810,LOI,cod,222,191,114,72,5
20260816,LOI,cod,225,199,137,57,5
20260811,LOI,cod,243,209,146,50,13
20260813,LOI,cod,251,225,140,66,19
20260708,LOI,pp,262,243,190,31,22
20261004,LOI,pp,436,247,247,0,0
20260828,LOI,pp,288,249,161,86,2
20260926,LOI,pp,295,256,172,64,20
20260923,LOI,pp,287,258,161,93,4
20260924,LOI,pp,290,264,153,75,36
20260919,LOI,pp,299,267,164,86,17
20260925,LOI,pp,297,267,111,153,3
20260815,LOI,pp,303,273,202,58,13
20260730,LOI,pp,318,276,177,96,3
20260830,LOI,pp,321,288,180,102,6
20260927,LOI,pp,326,289,181,96,12
20261002,LOI,pp,322,293,172,118,3
20260911,LOI,pp,331,293,225,62,6
20260726,LOI,pp,340,295,217,63,15
20260719,LOI,pp,330,295,178,94,23
20260914,LOI,pp,330,299,181,100,18
20260729,LOI,pp,341,300,199,84,17
20260722,LOI,pp,344,306,193,109,4
20260929,LOI,pp,359,308,194,99,15
20260725,LOI,pp,345,311,226,58,27
20260905,LOI,pp,395,317,201,104,12
20260913,LOI,pp,365,317,198,66,53
20260718,LOI,pp,350,317,160,97,60
20260712,LOI,pp,355,320,166,128,26
20260707,LOI,pp,347,321,192,85,44
20260817,LOI,cod,354,329,214,62,53
20260717,LOI,pp,365,329,175,128,26
20260918,LOI,pp,374,332,222,102,8
20260922,LOI,pp,369,333,253,79,1
20260822,LOI,pp,378,337,217,87,33
20260906,LOI,pp,380,338,149,179,10
20260823,LOI,pp,383,340,185,149,6
20260920,LOI,pp,388,341,197,139,5
20260909,LOI,pp,400,342,188,140,14
20260807,LOI,pp,387,342,228,84,30
20260826,LOI,pp,375,343,193,126,24
20260904,LOI,pp,401,346,204,139,3
20261003,LOI,pp,459,348,241,107,0
20260829,LOI,pp,393,351,237,82,32
20260825,LOI,pp,406,353,230,93,30
20260723,LOI,pp,404,357,263,90,4
20260809,LOI,pp,400,357,268,65,24
20260821,LOI,pp,416,358,214,136,8
20260902,LOI,pp,400,360,231,75,54
20260912,LOI,pp,401,363,225,125,13
20260728,LOI,pp,400,364,241,72,51
20260827,LOI,pp,409,365,272,68,25
20260724,LOI,pp,404,365,263,98,4
20260917,LOI,pp,405,369,271,92,6
20260801,LOI,pp,419,371,255,67,49
20260930,LOI,pp,429,373,255,111,7
20260721,LOI,pp,413,373,224,139,10
20260804,LOI,pp,430,378,271,89,18
20260910,LOI,pp,433,386,225,149,12
20260820,LOI,pp,423,386,227,136,23
20261001,LOI,pp,443,392,239,110,43
20260802,LOI,pp,438,394,233,128,33
20260916,LOI,pp,432,395,241,146,8
20260921,LOI,pp,447,396,251,126,19
20260711,LOI,pp,436,401,270,81,50
20260709,LOI,pp,427,402,240,127,35
20260805,LOI,pp,448,403,286,111,6
20260715,LOI,pp,482,415,226,151,38
20260928,LOI,pp,459,415,246,104,65
20260727,LOI,pp,460,416,271,87,58
20260806,LOI,pp,466,420,282,71,67
20260731,LOI,pp,481,429,279,127,23
20260716,LOI,pp,489,430,237,132,61
20260710,LOI,pp,469,434,238,147,49
20260903,LOI,pp,490,436,306,78,52
20260714,LOI,pp,476,438,255,170,13
20260915,LOI,pp,493,450,234,200,16
20260720,LOI,pp,507,457,279,135,43
20260812,LOI,pp,535,460,283,138,39
20260811,LOI,pp,526,463,314,113,36
20260808,LOI,pp,519,464,335,42,87
20260814,LOI,pp,530,467,315,53,99
20260713,LOI,pp,520,488,206,170,112
20260819,LOI,pp,527,493,306,61,126
20260831,LOI,pp,547,494,320,156,18
20260824,LOI,pp,559,507,300,181,26
20260901,LOI,pp,581,510,293,202,15
20260907,LOI,pp,568,515,299,195,21
20260803,LOI,pp,560,523,351,73,99
20260908,LOI,pp,611,540,298,225,17
20260813,LOI,pp,640,557,366,148,43
20260818,LOI,pp,674,612,494,80,38
20260810,LOI,pp,685,615,369,193,53
20260816,LOI,pp,715,620,449,156,15
20260817,LOI,pp,969,899,549,202,148
20260623,LOS,pp,3,0,0,0,0
20260926,LOS,cod,1,0,0,0,0
20260704,LOS,pp,596,0,0,0,0
20260616,LOS,pp,2,0,0,0,0
20260630,LOS,pp,6,0,0,0,0
20261004,LOS,pp,1,0,0,0,0
20260702,LOS,pp,20,0,0,0,0
20260706,LOS,pp,37,0,0,0,0
20260529,LOS,pp,1,0,0,0,0
20260622,LOS,pp,8,0,0,0,0
20260629,LOS,pp,5,0,0,0,0
20260626,LOS,pp,2,0,0,0,0
20260627,LOS,pp,1,0,0,0,0
20260703,LOS,pp,19,0,0,0,0
20260618,LOS,pp,1,0,0,0,0
20260701,LOS,cod,1,0,0,0,0
20260624,LOS,pp,4,0,0,0,0
20260705,LOS,pp,5,0,0,0,0
20261005,LOS,pp,38,0,0,0,0
20260701,LOS,pp,3,0,0,0,0
20261001,LOS,cod,1,1,0,1,0
20260913,LOS,pp,1,1,1,0,0
20260726,LOS,pp,1,1,0,1,0
20260815,LOS,pp,5,2,1,0,1
20260731,LOS,pp,3,3,3,0,0
20260816,LOS,pp,3,3,0,0,3
20260802,LOS,pp,4,4,0,4,0
20260712,LOS,pp,4,4,2,2,0
20260920,LOS,pp,5,5,0,5,0
20260729,LOS,pp,6,6,4,2,0
20260823,LOS,pp,6,6,1,5,0
20260809,LOS,pp,7,6,0,6,0
20260711,LOS,pp,7,7,4,2,1
20260708,LOS,pp,8,7,2,4,1
20260719,LOS,pp,7,7,0,7,0
20260720,LOS,pp,7,7,5,1,1
20261003,LOS,pp,17,8,3,5,0
20260717,LOS,pp,13,9,3,4,2
20260713,LOS,pp,9,9,3,6,0
20260721,LOS,pp,11,10,4,3,3
20260714,LOS,pp,11,10,8,1,1
20260803,LOS,pp,11,10,7,3,0
20260710,LOS,pp,12,11,10,1,0
20260724,LOS,pp,14,11,5,3,3
20260725,LOS,pp,13,11,6,1,4
20260801,LOS,pp,11,11,10,0,1
20260918,LOS,pp,15,12,7,4,1
20260707,LOS,pp,12,12,8,4,0
20260806,LOS,pp,14,12,8,4,0
20260728,LOS,pp,22,13,9,3,1
20260722,LOS,pp,13,13,9,3,1
20260730,LOS,pp,13,13,8,5,0
20260709,LOS,pp,13,13,3,10,0
20260814,LOS,pp,18,13,8,1,4
20260718,LOS,pp,14,13,8,1,4
20260810,LOS,pp,16,16,13,3,0
20260716,LOS,pp,20,18,3,13,2
20260819,LOS,pp,19,18,8,9,1
20260824,LOS,pp,19,18,8,9,1
20260811,LOS,pp,20,18,7,11,0
20260907,LOS,pp,19,18,13,4,1
20260715,LOS,pp,18,18,1,17,0
20260921,LOS,pp,19,19,11,7,1
20260807,LOS,pp,20,19,1,14,4
20260929,LOS,pp,23,19,8,11,0
20260927,LOS,pp,19,19,1,18,0
20260827,LOS,pp,21,20,7,7,6
20260804,LOS,pp,24,21,14,7,0
20261001,LOS,pp,24,21,15,5,1
20260808,LOS,pp,27,21,10,5,6
20260903,LOS,pp,23,22,8,10,4
20260908,LOS,pp,25,22,13,7,2
20260914,LOS,pp,23,22,12,8,2
20260822,LOS,pp,24,23,11,0,12
20260901,LOS,pp,24,23,7,16,0
20260911,LOS,pp,25,24,17,6,1
20260917,LOS,pp,44,24,13,10,1
20260805,LOS,pp,25,24,13,8,3
20260919,LOS,pp,27,25,19,3,3
20260826,LOS,pp,30,30,11,19,0
20260723,LOS,pp,33,31,8,23,0
20260829,LOS,pp,33,31,7,3,21
20260924,LOS,pp,36,34,20,5,9
20260925,LOS,pp,37,36,21,14,1
20260922,LOS,pp,42,36,19,16,1
20260930,LOS,pp,41,36,16,13,7
20260916,LOS,pp,46,38,14,18,6
20260912,LOS,pp,41,38,16,8,14
20260928,LOS,pp,41,40,15,20,5
20260915,LOS,pp,43,42,30,10,2
20260905,LOS,pp,50,42,25,5,12
20260926,LOS,pp,50,46,33,8,5
20260821,LOS,pp,47,46,35,8,3
20260831,LOS,pp,54,46,28,15,3
20260727,LOS,pp,52,49,14,35,0
20260910,LOS,pp,59,51,12,32,7
20261002,LOS,pp,58,53,4,49,0
20260909,LOS,pp,60,56,7,46,3
20260812,LOS,pp,88,88,16,9,63
20260902,LOS,pp,90,88,58,29,1
20260818,LOS,pp,92,89,78,7,4
20260828,LOS,pp,124,121,0,121,0
20260923,LOS,pp,127,125,9,114,2
20260817,LOS,pp,158,127,6,113,8
20260904,LOS,pp,166,127,7,117,3
20260813,LOS,pp,273,165,24,141,0
20260825,LOS,pp,167,165,20,139,6
20260820,LOS,pp,374,371,216,96,59
20261001,LOW,pp,3,0,0,0,0
20260923,LOW,pp,1,0,0,0,0
20260902,LOW,pp,1,1,0,0,1
20260916,LOW,pp,1,1,0,0,1
20260901,LOW,pp,1,1,0,0,1
20260915,LOW,pp,2,2,0,0,2
20260910,LOW,pp,2,2,0,0,2
20260917,LOW,pp,3,3,0,0,3
20260907,LOW,pp,4,4,0,0,4
20260617,LSR,cod,1,0,0,0,0
20260627,LSR,pp,3,0,0,0,0
20260630,LSR,cod,3,0,0,0,0
20260706,LSR,pp,14,0,0,0,0
20260630,LSR,pp,6,0,0,0,0
20260701,LSR,pp,8,0,0,0,0
20260703,LSR,pp,25,0,0,0,0
20261001,LSR,cod,2,0,0,0,0
20260705,LSR,cod,3,0,0,0,0
20260623,LSR,cod,1,0,0,0,0
20260626,LSR,cod,1,0,0,0,0
20260706,LSR,cod,4,0,0,0,0
20260501,LSR,pp,1,0,0,0,0
20260629,LSR,pp,6,0,0,0,0
20260624,LSR,cod,1,0,0,0,0
20260705,LSR,pp,4,0,0,0,0
20260703,LSR,cod,2,0,0,0,0
20260620,LSR,pp,2,0,0,0,0
20260625,LSR,pp,1,0,0,0,0
20260704,LSR,pp,17,0,0,0,0
20261005,LSR,pp,33,0,0,0,0
20260622,LSR,cod,1,0,0,0,0
20261005,LSR,cod,13,0,0,0,0
20260604,LSR,pp,1,0,0,0,0
20260704,LSR,cod,1,0,0,0,0
20260702,LSR,cod,5,0,0,0,0
20260702,LSR,pp,11,0,0,0,0
20260701,LSR,cod,2,0,0,0,0
20260616,LSR,pp,1,0,0,0,0
20260629,LSR,cod,4,0,0,0,0
20260612,LSR,cod,1,0,0,0,0
20260627,LSR,cod,1,0,0,0,0
20260823,LSR,cod,1,1,0,1,0
20260809,LSR,pp,5,1,0,1,0
20260906,LSR,pp,3,1,0,0,1
20260723,LSR,cod,1,1,0,0,1
20261003,LSR,cod,4,1,1,0,0
20260920,LSR,cod,1,1,0,1,0
20260719,LSR,cod,1,1,1,0,0
20261004,LSR,pp,11,2,2,0,0
20260816,LSR,cod,2,2,1,1,0
20260815,LSR,cod,3,2,0,2,0
20260726,LSR,cod,4,2,0,1,1
20260707,LSR,cod,3,2,0,2,0
20260926,LSR,cod,2,2,0,0,2
20260927,LSR,cod,2,2,1,0,1
20260912,LSR,cod,3,2,1,0,1
20260718,LSR,pp,5,2,1,1,0
20260925,LSR,cod,2,2,0,2,0
20260709,LSR,cod,2,2,0,1,1
20260906,LSR,cod,4,2,0,0,2
20261002,LSR,cod,2,2,1,1,0
20260806,LSR,cod,4,3,2,1,0
20260715,LSR,cod,3,3,0,2,1
20260816,LSR,pp,6,3,0,2,1
20260708,LSR,cod,3,3,1,0,2
20260711,LSR,cod,3,3,2,0,1
20260807,LSR,cod,5,3,2,1,0
20260815,LSR,pp,4,3,0,0,3
20260725,LSR,cod,3,3,3,0,0
20260713,LSR,cod,3,3,1,1,1
20260722,LSR,cod,3,3,1,0,2
20260814,LSR,cod,3,3,2,0,1
20260805,LSR,cod,4,3,1,2,0
20260724,LSR,cod,3,3,2,0,1
20260712,LSR,pp,5,3,0,1,2
20260809,LSR,cod,4,3,1,2,0
20260721,LSR,cod,5,4,1,1,2
20260818,LSR,cod,9,4,2,0,2
20260802,LSR,pp,6,4,1,3,0
20260708,LSR,pp,7,4,2,1,1
20260917,LSR,cod,6,4,2,2,0
20260719,LSR,pp,4,4,1,2,1
20260712,LSR,cod,4,4,0,3,1
20260930,LSR,cod,4,4,1,1,2
20260918,LSR,cod,4,4,2,2,0
20260804,LSR,cod,4,4,2,2,0
20260716,LSR,cod,6,5,1,4,0
20260924,LSR,cod,8,5,1,3,1
20260731,LSR,cod,6,5,4,1,0
20260922,LSR,cod,6,5,3,0,2
20260728,LSR,cod,6,5,1,2,2
20260730,LSR,cod,7,5,4,1,0
20260727,LSR,cod,5,5,2,2,1
20260919,LSR,cod,7,5,1,0,4
20261002,LSR,pp,11,5,1,3,1
20260913,LSR,cod,5,5,0,1,4
20260929,LSR,cod,6,5,2,1,2
20260916,LSR,cod,6,6,3,3,0
20260914,LSR,cod,7,6,1,3,2
20260828,LSR,cod,8,6,0,6,0
20260710,LSR,cod,7,6,1,2,3
20260810,LSR,cod,9,6,2,3,1
20260923,LSR,cod,7,6,4,1,1
20260718,LSR,cod,6,6,0,2,4
20260830,LSR,cod,6,6,4,2,0
20260801,LSR,cod,6,6,2,0,4
20260928,LSR,cod,11,6,2,3,1
20261001,LSR,pp,8,7,6,0,1
20260724,LSR,pp,10,7,4,2,1
20260915,LSR,cod,9,7,3,2,2
20260725,LSR,pp,11,7,4,2,1
20260911,LSR,cod,9,7,3,4,0
20260802,LSR,cod,8,7,2,5,0
20260831,LSR,cod,8,7,2,2,3
20260829,LSR,cod,7,7,3,2,2
20260726,LSR,pp,8,7,0,7,0
20260929,LSR,pp,15,7,4,2,1
20260927,LSR,pp,7,7,0,3,4
20260808,LSR,cod,8,7,1,0,6
20260717,LSR,cod,8,7,4,3,0
20260924,LSR,pp,21,7,0,5,2
20260711,LSR,pp,8,8,4,1,3
20260729,LSR,cod,9,8,5,2,1
20260823,LSR,pp,11,8,3,4,1
20260913,LSR,pp,8,8,1,6,1
20260811,LSR,cod,10,8,5,3,0
20260812,LSR,cod,10,8,2,4,2
20260808,LSR,pp,14,9,3,1,5
20260921,LSR,cod,11,9,6,1,2
20260920,LSR,pp,12,9,1,4,4
20260803,LSR,cod,10,9,3,3,3
20260723,LSR,pp,13,9,5,1,3
20260714,LSR,cod,10,9,4,1,4
20260819,LSR,cod,14,9,4,3,2
20260824,LSR,cod,12,9,6,1,2
20260801,LSR,pp,14,10,8,0,2
20260907,LSR,cod,10,10,6,3,1
20260827,LSR,cod,14,10,4,2,4
20260905,LSR,cod,10,10,7,1,2
20260812,LSR,pp,24,11,5,5,1
20260820,LSR,cod,14,11,2,3,6
20260828,LSR,pp,14,11,1,8,2
20260909,LSR,cod,12,11,6,2,3
20260904,LSR,cod,13,11,8,1,2
20260825,LSR,cod,12,11,9,0,2
20260813,LSR,cod,14,11,4,4,3
20260722,LSR,pp,16,11,6,3,2
20260710,LSR,pp,18,12,6,2,4
20260720,LSR,cod,16,12,1,6,5
20260717,LSR,pp,17,12,4,6,2
20260707,LSR,pp,14,12,5,6,1
20260709,LSR,pp,15,12,4,7,1
20260826,LSR,cod,14,13,7,2,4
20260730,LSR,pp,23,13,7,2,4
20260729,LSR,pp,16,13,7,2,4
20260925,LSR,pp,16,13,5,5,3
20260804,LSR,pp,17,14,8,4,2
20260814,LSR,pp,20,14,13,0,1
20260821,LSR,pp,24,14,6,6,2
20260910,LSR,cod,17,15,5,5,5
20260821,LSR,cod,18,15,5,7,3
20260923,LSR,pp,22,15,4,7,4
20260901,LSR,cod,18,15,6,5,4
20260903,LSR,cod,17,16,10,1,5
20260727,LSR,pp,19,16,7,7,2
20260830,LSR,pp,20,16,5,8,3
20260902,LSR,cod,17,16,8,6,2
20260822,LSR,cod,19,16,8,4,4
20260731,LSR,pp,30,16,8,7,1
20260714,LSR,pp,20,16,9,6,1
20260916,LSR,pp,18,16,5,6,5
20261003,LSR,pp,30,17,11,6,0
20260915,LSR,pp,21,17,7,6,4
20260807,LSR,pp,20,17,11,3,3
20260912,LSR,pp,24,18,11,4,3
20260813,LSR,pp,30,18,6,10,2
20260805,LSR,pp,28,18,9,7,2
20260810,LSR,pp,29,19,4,13,2
20260811,LSR,pp,25,19,8,7,4
20260918,LSR,pp,26,19,11,4,4
20260919,LSR,pp,28,19,12,1,6
20260819,LSR,pp,32,19,13,5,1
20260713,LSR,pp,22,20,12,4,4
20260930,LSR,pp,27,20,10,8,2
20260822,LSR,pp,25,20,11,1,8
20260917,LSR,pp,25,21,8,10,3
20260829,LSR,pp,24,22,9,4,9
20260721,LSR,pp,28,22,10,6,6
20260825,LSR,pp,32,22,14,6,2
20260716,LSR,pp,27,22,14,6,2
20260928,LSR,pp,26,23,8,7,8
20260905,LSR,pp,24,23,16,1,6
20260806,LSR,pp,27,23,13,9,1
20260827,LSR,pp,27,23,9,5,9
20260903,LSR,pp,30,23,14,8,1
20260908,LSR,cod,27,24,9,10,5
20260926,LSR,pp,24,24,9,6,9
20260817,LSR,cod,28,25,11,9,5
20260914,LSR,pp,27,25,17,7,1
20260818,LSR,pp,37,25,6,18,1
20260921,LSR,pp,37,26,16,7,3
20260820,LSR,pp,37,26,16,9,1
20260904,LSR,pp,29,26,17,5,4
20260715,LSR,pp,32,27,8,14,5
20260902,LSR,pp,33,27,16,11,0
20260728,LSR,pp,32,27,16,6,5
20260922,LSR,pp,33,28,10,15,3
20260911,LSR,pp,33,29,15,7,7
20260824,LSR,pp,48,30,11,14,5
20260803,LSR,pp,35,31,18,6,7
20260826,LSR,pp,36,32,16,8,8
20260720,LSR,pp,35,32,23,8,1
20260910,LSR,pp,40,34,25,7,2
20260817,LSR,pp,47,37,18,12,7
20260901,LSR,pp,50,39,30,6,3
20260909,LSR,pp,44,40,26,10,4
20260907,LSR,pp,56,50,33,15,2
20260831,LSR,pp,60,53,38,11,4
20260908,LSR,pp,68,56,35,15,6
20260703,LTL,pp,1,0,0,0,0
20260629,LTL,pp,1,0,0,0,0
20260616,LTL,pp,1,0,0,0,0
20260704,LTL,pp,3,0,0,0,0
20260706,LTL,pp,4,0,0,0,0
20261005,LTL,pp,7,0,0,0,0
20260921,LTL,pp,1,1,1,0,0
20260925,LTL,pp,1,1,0,1,0
20260907,LTL,pp,1,1,0,0,1
20260926,LTL,pp,1,1,1,0,0
20260804,LTL,pp,1,1,0,1,0
20260929,LTL,pp,1,1,1,0,0
20260727,LTL,pp,1,1,1,0,0
20260924,LTL,pp,1,1,0,0,1
20260707,LTL,pp,1,1,1,0,0
20260819,LTL,pp,1,1,1,0,0
20260720,LTL,pp,1,1,0,1,0
20260928,LTL,pp,1,1,0,1,0
20260922,LTL,pp,1,1,0,0,1
20260724,LTL,pp,1,1,1,0,0
20260829,LTL,pp,1,1,1,0,0
20260822,LTL,pp,1,1,0,0,1
20260730,LTL,pp,1,1,0,1,0
20260801,LTL,pp,1,1,1,0,0
20260805,LTL,pp,1,1,0,1,0
20260825,LTL,pp,1,1,0,1,0
20260722,LTL,pp,2,2,0,2,0
20260826,LTL,pp,2,2,2,0,0
20260910,LTL,pp,2,2,2,0,0
20260807,LTL,pp,2,2,0,0,2
20260820,LTL,pp,2,2,2,0,0
20260821,LTL,pp,3,3,0,3,0
20260824,LTL,pp,3,3,2,1,0
20260811,LTL,pp,3,3,3,0,0
20260716,LTL,pp,3,3,3,0,0
20260817,LTL,pp,3,3,0,0,3
20260709,LTL,pp,4,3,2,1,0
20261003,LTL,pp,6,4,4,0,0
20260903,LTL,pp,4,4,0,0,4
20260814,LTL,pp,4,4,4,0,0
20260803,LTL,pp,5,5,5,0,0
20260715,LTL,pp,5,5,2,3,0
20260714,LTL,pp,5,5,3,2,0
20260911,LTL,pp,5,5,5,0,0
20260813,LTL,pp,6,6,2,4,0
20260909,LTL,pp,6,6,0,6,0
20260710,LTL,pp,7,7,5,0,2
20260810,LTL,pp,7,7,6,1,0
20260918,LTL,pp,8,8,0,0,8
20260717,LTL,pp,9,9,9,0,0
20260914,LTL,pp,10,10,10,0,0
20260818,LTL,pp,12,12,0,12,0
20260713,LTL,pp,13,13,9,4,0
20260919,LTL,pp,16,16,0,0,16
20260630,LUA,pp,36,0,0,0,0
20260619,LUA,pp,1,0,0,0,0
20260704,LUA,pp,62,0,0,0,0
20260626,LUA,pp,6,0,0,0,0
20260622,LUA,pp,14,0,0,0,0
20260703,LUA,cod,21,0,0,0,0
20260420,LUA,pp,1,0,0,0,0
20260218,LUA,pp,1,0,0,0,0
20260623,LUA,cod,3,0,0,0,0
20260627,LUA,cod,4,0,0,0,0
20260623,LUA,pp,6,0,0,0,0
20260625,LUA,cod,2,0,0,0,0
20260620,LUA,cod,3,0,0,0,0
20260701,LUA,pp,37,0,0,0,0
20260619,LUA,cod,1,0,0,0,0
20260506,LUA,pp,1,0,0,0,0
20260628,LUA,pp,4,0,0,0,0
20260227,LUA,pp,1,0,0,0,0
20260625,LUA,pp,5,0,0,0,0
20260702,LUA,cod,19,0,0,0,0
20260626,LUA,cod,4,0,0,0,0
20261005,LUA,cod,27,0,0,0,0
20260704,LUA,cod,17,0,0,0,0
20261005,LUA,pp,172,0,0,0,0
20260701,LUA,cod,10,0,0,0,0
20260702,LUA,pp,43,0,0,0,0
20260526,LUA,pp,1,0,0,0,0
20260706,LUA,cod,37,0,0,0,0
20260618,LUA,pp,1,0,0,0,0
20260521,LUA,pp,1,0,0,0,0
20260620,LUA,pp,1,0,0,0,0
20260622,LUA,cod,1,0,0,0,0
20260611,LUA,pp,2,0,0,0,0
20260703,LUA,pp,64,0,0,0,0
20260705,LUA,pp,38,0,0,0,0
20260705,LUA,cod,3,0,0,0,0
20260528,LUA,cod,1,0,0,0,0
20260615,LUA,cod,3,0,0,0,0
20260624,LUA,pp,3,0,0,0,0
20260627,LUA,pp,23,0,0,0,0
20260605,LUA,cod,1,0,0,0,0
20260629,LUA,cod,10,0,0,0,0
20260629,LUA,pp,31,0,0,0,0
20260613,LUA,cod,1,0,0,0,0
20260706,LUA,pp,79,0,0,0,0
20260317,LUA,pp,1,0,0,0,0
20260624,LUA,cod,4,0,0,0,0
20260630,LUA,cod,13,0,0,0,0
20260603,LUA,cod,1,0,0,0,0
20260616,LUA,pp,2,0,0,0,0
20261004,LUA,pp,81,1,1,0,0
20261004,LUA,cod,6,1,1,0,0
20260816,LUA,cod,2,2,0,1,1
20260920,LUA,cod,3,3,0,1,2
20260913,LUA,cod,6,4,0,2,2
20260906,LUA,cod,6,4,1,1,2
20260809,LUA,cod,7,6,0,3,3
20260828,LUA,cod,9,6,4,2,0
20260823,LUA,cod,7,7,0,3,4
20260719,LUA,cod,9,8,6,2,0
20260927,LUA,cod,9,8,4,2,2
20260830,LUA,cod,10,9,0,7,2
20260903,LUA,cod,16,12,10,2,0
20260823,LUA,pp,15,12,1,5,6
20260802,LUA,pp,14,13,4,8,1
20260915,LUA,cod,14,13,5,4,4
20260729,LUA,cod,13,13,9,1,3
20260723,LUA,cod,16,13,7,3,3
20260726,LUA,pp,16,13,6,3,4
20260927,LUA,pp,14,13,2,9,2
20260712,LUA,pp,14,13,2,10,1
20260802,LUA,cod,14,14,10,3,1
20260809,LUA,pp,17,14,0,10,4
20260914,LUA,cod,20,15,7,5,3
20260924,LUA,cod,22,15,5,9,1
20260827,LUA,cod,18,16,10,4,2
20260816,LUA,pp,16,16,3,3,10
20261002,LUA,cod,20,17,10,5,2
20260819,LUA,cod,27,18,13,3,2
20260925,LUA,cod,19,18,11,5,2
20260715,LUA,cod,18,18,9,5,4
20260804,LUA,cod,26,19,14,4,1
20260726,LUA,cod,20,19,19,0,0
20260714,LUA,cod,21,19,11,3,5
20260905,LUA,cod,22,19,10,2,7
20260722,LUA,cod,20,20,10,10,0
20260814,LUA,cod,24,20,14,3,3
20261001,LUA,cod,22,20,13,3,4
20260822,LUA,cod,22,20,13,1,6
20260810,LUA,cod,21,21,16,4,1
20260710,LUA,cod,22,21,8,9,4
20260708,LUA,cod,27,22,16,4,2
20260923,LUA,cod,25,22,8,8,6
20260909,LUA,cod,23,22,9,12,1
20260918,LUA,cod,23,22,16,1,5
20260811,LUA,cod,22,22,14,5,3
20260711,LUA,cod,28,22,7,0,15
20260818,LUA,cod,25,22,8,13,1
20260718,LUA,cod,25,23,10,3,10
20260724,LUA,cod,24,23,9,11,3
20260902,LUA,cod,27,23,9,11,3
20260817,LUA,cod,27,24,13,4,7
20260912,LUA,cod,30,24,13,1,10
20260919,LUA,cod,36,24,7,2,15
20260709,LUA,cod,33,25,11,9,5
20260716,LUA,cod,28,25,20,4,1
20260926,LUA,cod,31,26,17,2,7
20260719,LUA,pp,29,26,16,6,4
20260829,LUA,cod,29,26,15,3,8
20260717,LUA,cod,30,27,17,7,3
20260921,LUA,cod,34,27,14,10,3
20260920,LUA,pp,48,27,4,16,7
20260721,LUA,cod,30,28,17,6,5
20260713,LUA,cod,32,28,25,2,1
20260929,LUA,cod,30,28,12,10,6
20260821,LUA,cod,31,28,13,12,3
20261003,LUA,cod,35,28,22,6,0
20260824,LUA,cod,31,29,20,8,1
20260930,LUA,cod,31,29,21,8,0
20260907,LUA,cod,40,30,18,6,6
20260707,LUA,cod,31,30,20,7,3
20260917,LUA,cod,32,30,18,10,2
20260728,LUA,cod,38,31,24,4,3
20260720,LUA,cod,32,31,16,11,4
20260825,LUA,cod,42,32,16,12,4
20260922,LUA,cod,33,32,29,1,2
20260803,LUA,cod,37,32,21,10,1
20260906,LUA,pp,42,32,6,18,8
20260806,LUA,cod,37,34,24,8,2
20260804,LUA,pp,52,35,19,11,5
20260928,LUA,cod,42,35,18,9,8
20260815,LUA,cod,68,38,6,0,32
20260714,LUA,pp,64,38,24,10,4
20260914,LUA,pp,42,40,25,9,6
20260727,LUA,cod,45,40,17,20,3
20260731,LUA,cod,42,40,32,4,4
20260725,LUA,cod,43,41,32,1,8
20260814,LUA,pp,52,41,23,1,17
20260910,LUA,cod,44,41,19,19,3
20260815,LUA,pp,51,43,19,9,15
20260907,LUA,pp,58,43,29,11,3
20260806,LUA,pp,52,45,26,17,2
20260812,LUA,cod,64,45,23,4,18
20260828,LUA,pp,55,45,15,17,13
20260913,LUA,pp,48,45,10,22,13
20260821,LUA,pp,56,46,22,19,5
20260818,LUA,pp,61,46,19,24,3
20260720,LUA,pp,59,48,32,10,6
20260905,LUA,pp,52,48,26,11,11
20260831,LUA,cod,56,51,25,21,5
20260904,LUA,pp,61,52,23,19,10
20260803,LUA,pp,64,53,27,22,4
20260830,LUA,pp,59,54,31,21,2
20260723,LUA,pp,59,54,28,20,6
20260829,LUA,pp,75,58,16,20,22
20260725,LUA,pp,67,59,42,5,12
20260807,LUA,pp,64,59,28,26,5
20260813,LUA,pp,69,60,30,17,13
20260708,LUA,pp,73,60,37,20,3
20260908,LUA,pp,66,61,43,6,12
20260728,LUA,pp,67,61,31,27,3
20260801,LUA,pp,66,61,36,12,13
20260918,LUA,pp,84,61,32,24,5
20260709,LUA,pp,71,62,28,26,8
20260902,LUA,pp,79,62,36,19,7
20260718,LUA,pp,70,63,36,10,17
20260716,LUA,pp,68,63,43,15,5
20260730,LUA,pp,73,64,44,17,3
20260724,LUA,pp,73,64,25,28,11
20260923,LUA,pp,75,64,19,27,18
20260919,LUA,pp,71,65,21,21,23
20260817,LUA,pp,71,65,42,17,6
20260729,LUA,pp,73,65,29,33,3
20260715,LUA,pp,79,65,22,24,19
20260731,LUA,pp,77,66,38,16,12
20260721,LUA,pp,71,66,31,26,9
20260717,LUA,pp,82,67,17,43,7
20260826,LUA,cod,76,67,9,57,1
20260711,LUA,pp,74,67,40,3,24
20260710,LUA,pp,81,71,29,38,4
20260924,LUA,pp,81,71,42,17,12
20260922,LUA,pp,84,71,26,17,28
20260727,LUA,pp,82,72,37,19,16
20261002,LUA,pp,81,72,47,20,5
20260825,LUA,pp,81,72,28,36,8
20260912,LUA,pp,79,74,42,18,14
20260903,LUA,pp,94,74,22,32,20
20260826,LUA,pp,87,75,38,32,5
20260822,LUA,pp,83,76,43,17,16
20260901,LUA,pp,93,78,27,29,22
20260807,LUA,cod,86,79,3,60,16
20260810,LUA,pp,85,79,53,12,14
20260805,LUA,pp,85,79,32,41,6
20260808,LUA,pp,88,80,44,16,20
20260916,LUA,pp,90,81,51,21,9
20260819,LUA,pp,93,81,44,29,8
20260722,LUA,pp,96,81,42,29,10
20260813,LUA,cod,91,82,12,54,16
20260917,LUA,pp,100,83,47,26,10
20260925,LUA,pp,96,83,30,27,26
20260820,LUA,pp,97,86,52,23,11
20260911,LUA,pp,147,87,29,37,21
20260831,LUA,pp,102,88,45,32,11
20260909,LUA,pp,94,91,46,42,3
20260915,LUA,pp,95,91,48,31,12
20260921,LUA,pp,110,91,42,37,12
20260812,LUA,pp,100,92,36,45,11
20260824,LUA,pp,100,94,52,29,13
20260707,LUA,pp,95,94,43,33,18
20260801,LUA,cod,103,98,15,78,5
20260713,LUA,pp,109,98,34,51,13
20260910,LUA,pp,104,101,56,32,13
20260904,LUA,cod,126,105,10,75,20
20260811,LUA,pp,125,111,55,46,10
20260730,LUA,cod,113,113,108,3,2
20261003,LUA,pp,195,114,96,18,0
20260827,LUA,pp,129,115,28,71,16
20260820,LUA,cod,121,116,17,87,12
20261001,LUA,pp,126,117,55,23,39
20260808,LUA,cod,137,118,17,4,97
20260805,LUA,cod,142,118,12,81,25
20260929,LUA,pp,142,119,41,44,34
20260901,LUA,cod,134,124,14,8,102
20260928,LUA,pp,147,129,88,25,16
20260926,LUA,pp,143,133,102,8,23
20260911,LUA,cod,138,134,19,14,101
20260916,LUA,cod,142,137,20,5,112
20260930,LUA,pp,212,144,56,45,43
20260908,LUA,cod,164,152,17,5,130
20260706,LVP,pp,5,0,0,0,0
20260619,LVP,cod,1,0,0,0,0
20260623,LVP,pp,1,0,0,0,0
20260703,LVP,cod,4,0,0,0,0
20261005,LVP,cod,1,0,0,0,0
20260709,LVP,cod,3,0,0,0,0
20260704,LVP,pp,6,0,0,0,0
20260704,LVP,cod,1,0,0,0,0
20260703,LVP,pp,1,0,0,0,0
20260630,LVP,pp,3,0,0,0,0
20260706,LVP,cod,1,0,0,0,0
20260627,LVP,pp,1,0,0,0,0
20260705,LVP,cod,2,0,0,0,0
20260705,LVP,pp,11,0,0,0,0
20260802,LVP,pp,2,1,1,0,0
20260830,LVP,cod,1,1,1,0,0
20260811,LVP,pp,1,1,1,0,0
20260908,LVP,cod,1,1,1,0,0
20260928,LVP,pp,1,1,1,0,0
20260810,LVP,pp,1,1,1,0,0
20260923,LVP,cod,1,1,1,0,0
20260826,LVP,cod,1,1,1,0,0
20260807,LVP,cod,2,1,1,0,0
20260726,LVP,pp,1,1,1,0,0
20260919,LVP,cod,1,1,1,0,0
20260905,LVP,cod,1,1,1,0,0
20260821,LVP,cod,1,1,1,0,0
20260824,LVP,cod,1,1,1,0,0
20260801,LVP,pp,1,1,1,0,0
20260909,LVP,cod,1,1,1,0,0
20260904,LVP,cod,1,1,1,0,0
20260812,LVP,cod,1,1,0,1,0
20260903,LVP,cod,1,1,1,0,0
20260809,LVP,pp,1,1,0,1,0
20260817,LVP,cod,1,1,1,0,0
20260827,LVP,cod,1,1,1,0,0
20260809,LVP,cod,1,1,0,1,0
20260803,LVP,cod,1,1,1,0,0
20260923,LVP,pp,1,1,1,0,0
20260921,LVP,pp,1,1,1,0,0
20260813,LVP,cod,1,1,1,0,0
20260730,LVP,pp,1,1,1,0,0
20260825,LVP,cod,1,1,1,0,0
20260902,LVP,cod,1,1,1,0,0
20260713,LVP,cod,1,1,1,0,0
20260922,LVP,cod,1,1,1,0,0
20260816,LVP,cod,1,1,1,0,0
20260928,LVP,cod,1,1,1,0,0
20260906,LVP,pp,2,2,2,0,0
20260728,LVP,cod,2,2,2,0,0
20260816,LVP,pp,3,2,1,1,0
20260918,LVP,cod,2,2,2,0,0
20260710,LVP,cod,2,2,2,0,0
20260827,LVP,pp,2,2,2,0,0
20260810,LVP,cod,2,2,2,0,0
20260802,LVP,cod,2,2,1,1,0
20260821,LVP,pp,2,2,2,0,0
20260726,LVP,cod,2,2,2,0,0
20260725,LVP,cod,2,2,1,1,0
20260806,LVP,cod,3,2,2,0,0
20261004,LVP,cod,2,2,2,0,0
20260901,LVP,cod,2,2,2,0,0
20260904,LVP,pp,2,2,1,0,1
20260720,LVP,cod,2,2,2,0,0
20260710,LVP,pp,3,2,2,0,0
20260914,LVP,pp,2,2,2,0,0
20260711,LVP,pp,2,2,2,0,0
20260727,LVP,cod,2,2,2,0,0
20260927,LVP,pp,2,2,1,0,1
20260812,LVP,pp,3,3,3,0,0
20260712,LVP,cod,3,3,3,0,0
20260724,LVP,cod,3,3,1,2,0
20260911,LVP,pp,3,3,3,0,0
20260916,LVP,cod,3,3,3,0,0
20260813,LVP,pp,3,3,3,0,0
20260910,LVP,pp,3,3,3,0,0
20260829,LVP,pp,3,3,3,0,0
20260731,LVP,cod,3,3,3,0,0
20260715,LVP,cod,3,3,2,1,0
20260908,LVP,pp,3,3,3,0,0
20260903,LVP,pp,3,3,3,0,0
20260902,LVP,pp,3,3,3,0,0
20260718,LVP,cod,3,3,2,1,0
20260927,LVP,cod,3,3,2,0,1
20260730,LVP,cod,3,3,3,0,0
20260808,LVP,pp,3,3,3,0,0
20260723,LVP,cod,4,3,0,3,0
20260721,LVP,cod,4,3,3,0,0
20260716,LVP,cod,3,3,3,0,0
20260924,LVP,cod,3,3,3,0,0
20260831,LVP,cod,3,3,0,3,0
20260918,LVP,pp,3,3,3,0,0
20260825,LVP,pp,3,3,2,1,0
20260804,LVP,cod,4,3,2,1,0
20260823,LVP,cod,3,3,3,0,0
20260823,LVP,pp,4,4,4,0,0
20260930,LVP,pp,5,4,0,4,0
20260901,LVP,pp,5,4,3,1,0
20260724,LVP,pp,4,4,0,4,0
20260805,LVP,cod,4,4,3,1,0
20260717,LVP,cod,4,4,4,0,0
20260728,LVP,pp,5,5,5,0,0
20260830,LVP,pp,35,5,4,1,0
20260822,LVP,pp,5,5,5,0,0
20260708,LVP,cod,5,5,5,0,0
20260714,LVP,cod,5,5,5,0,0
20260930,LVP,cod,6,5,1,4,0
20260731,LVP,pp,5,5,2,3,0
20260716,LVP,pp,6,6,6,0,0
20260721,LVP,pp,7,6,5,0,1
20260729,LVP,cod,6,6,6,0,0
20260720,LVP,pp,7,6,6,0,0
20260807,LVP,pp,7,7,7,0,0
20260709,LVP,pp,8,7,7,0,0
20260727,LVP,pp,7,7,5,2,0
20260806,LVP,pp,7,7,6,1,0
20260803,LVP,pp,8,8,5,3,0
20260725,LVP,pp,8,8,2,6,0
20260719,LVP,pp,9,9,4,5,0
20260723,LVP,pp,10,9,2,7,0
20260805,LVP,pp,12,10,8,2,0
20260729,LVP,pp,10,10,9,1,0
20260715,LVP,pp,10,10,10,0,0
20260718,LVP,pp,10,10,9,1,0
20260722,LVP,cod,11,11,3,8,0
20260804,LVP,pp,13,11,11,0,0
20260714,LVP,pp,12,12,12,0,0
20260708,LVP,pp,13,13,13,0,0
20260722,LVP,pp,13,13,4,8,1
20260707,LVP,pp,15,15,15,0,0
20260717,LVP,pp,18,18,18,0,0
20260713,LVP,pp,65,65,36,29,0
20260712,LVP,pp,150,149,13,136,0
20260825,MEX,pp,2,0,0,0,0
20260819,MEX,pp,1,0,0,0,0
20260618,MOH,cod,21,0,0,0,0
20261005,MOH,pp,46,0,0,0,0
20260609,MOH,cod,3,0,0,0,0
20260628,MOH,cod,70,0,0,0,0
20260627,MOH,pp,2,0,0,0,0
20260611,MOH,cod,10,0,0,0,0
20260706,MOH,pp,71,0,0,0,0
20260531,MOH,cod,1,0,0,0,0
20260527,MOH,cod,1,0,0,0,0
20260614,MOH,cod,5,0,0,0,0
20260626,MOH,pp,1,0,0,0,0
20260629,MOH,cod,134,0,0,0,0
20260702,MOH,pp,19,0,0,0,0
20260601,MOH,cod,6,0,0,0,0
20260608,MOH,cod,1,0,0,0,0
20260406,MOH,cod,1,0,0,0,0
20260622,MOH,pp,3,0,0,0,0
20260701,MOH,pp,11,0,0,0,0
20260512,MOH,cod,1,0,0,0,0
20261005,MOH,cod,160,0,0,0,0
20260605,MOH,cod,1,0,0,0,0
20260525,MOH,cod,2,0,0,0,0
20260703,MOH,pp,26,0,0,0,0
20260615,MOH,cod,20,0,0,0,0
20260604,MOH,cod,3,0,0,0,0
20260706,MOH,cod,299,0,0,0,0
20260630,MOH,cod,121,0,0,0,0
20260628,MOH,pp,4,0,0,0,0
20260528,MOH,cod,5,0,0,0,0
20260603,MOH,cod,6,0,0,0,0
20260416,MOH,cod,1,0,0,0,0
20260511,MOH,cod,3,0,0,0,0
20260701,MOH,cod,112,0,0,0,0
20260425,MOH,cod,1,0,0,0,0
20260502,MOH,cod,1,0,0,0,0
20260705,MOH,cod,71,0,0,0,0
20260705,MOH,pp,21,0,0,0,0
20260704,MOH,cod,160,0,0,0,0
20260702,MOH,cod,125,0,0,0,0
20260625,MOH,cod,74,0,0,0,0
20260317,MOH,pp,1,0,0,0,0
20260613,MOH,cod,11,0,0,0,0
20260606,MOH,cod,2,0,0,0,0
20260619,MOH,cod,16,0,0,0,0
20260423,MOH,cod,1,0,0,0,0
20260615,MOH,pp,1,0,0,0,0
20260602,MOH,cod,2,0,0,0,0
20260526,MOH,cod,3,0,0,0,0
20260530,MOH,cod,4,0,0,0,0
20260521,MOH,cod,2,0,0,0,0
20260630,MOH,pp,12,0,0,0,0
20260518,MOH,cod,1,0,0,0,0
20260624,MOH,pp,1,0,0,0,0
20260616,MOH,cod,20,0,0,0,0
20260626,MOH,cod,49,0,0,0,0
20260703,MOH,cod,204,0,0,0,0
20260620,MOH,cod,32,0,0,0,0
20260617,MOH,cod,30,0,0,0,0
20260528,MOH,pp,1,0,0,0,0
20260622,MOH,cod,83,0,0,0,0
20260523,MOH,cod,1,0,0,0,0
20260627,MOH,cod,39,0,0,0,0
20260509,MOH,cod,1,0,0,0,0
20260610,MOH,cod,10,0,0,0,0
20260624,MOH,cod,46,0,0,0,0
20260704,MOH,pp,47,0,0,0,0
20260507,MOH,cod,1,0,0,0,0
20260629,MOH,pp,19,0,0,0,0
20260522,MOH,cod,1,0,0,0,0
20260529,MOH,cod,1,0,0,0,0
20260527,MOH,pp,1,0,0,0,0
20260407,MOH,cod,1,0,0,0,0
20260612,MOH,cod,6,0,0,0,0
20260621,MOH,cod,10,0,0,0,0
20260623,MOH,cod,58,0,0,0,0
20261004,MOH,pp,16,1,1,0,0
20260815,MOH,pp,2,2,0,0,2
20260828,MOH,pp,5,4,3,0,1
20260802,MOH,pp,6,5,5,0,0
20260913,MOH,pp,6,6,3,1,2
20260823,MOH,pp,7,7,3,3,1
20260920,MOH,pp,10,8,4,2,2
20260809,MOH,pp,11,9,8,1,0
20261002,MOH,pp,11,9,5,4,0
20260815,MOH,cod,13,9,1,1,7
20261004,MOH,cod,37,10,10,0,0
20260906,MOH,pp,10,10,9,1,0
20260927,MOH,pp,11,11,7,4,0
20260830,MOH,pp,12,11,5,4,2
20260712,MOH,pp,15,15,7,8,0
20260924,MOH,pp,20,15,6,3,6
20260919,MOH,pp,21,17,13,2,2
20260827,MOH,pp,23,19,16,1,2
20260719,MOH,pp,19,19,16,2,1
20260910,MOH,pp,26,20,17,3,0
20261001,MOH,pp,24,21,17,1,3
20260809,MOH,cod,22,21,13,6,2
20261002,MOH,cod,28,22,10,12,0
20260801,MOH,pp,24,23,15,4,4
20260930,MOH,pp,26,24,20,1,3
20260822,MOH,pp,25,24,17,4,3
20261003,MOH,pp,39,26,20,6,0
20260926,MOH,pp,29,26,16,5,5
20260726,MOH,pp,28,26,11,13,2
20260729,MOH,pp,31,27,14,9,4
20260920,MOH,cod,42,29,17,8,4
20260929,MOH,pp,34,29,25,4,0
20260901,MOH,pp,39,29,22,3,4
20260903,MOH,pp,32,30,23,4,3
20260808,MOH,pp,37,31,10,6,15
20260905,MOH,pp,33,31,19,6,6
20260909,MOH,pp,37,31,25,3,3
20260811,MOH,pp,40,32,20,5,7
20260904,MOH,pp,40,33,20,13,0
20260928,MOH,pp,35,33,25,2,6
20260812,MOH,pp,40,35,22,6,7
20260918,MOH,pp,37,35,16,18,1
20260711,MOH,pp,37,35,26,4,5
20260806,MOH,pp,40,35,28,7,0
20260823,MOH,cod,42,36,19,12,5
20260828,MOH,cod,39,36,32,2,2
20260917,MOH,pp,37,36,16,10,10
20260807,MOH,pp,48,36,20,15,1
20260722,MOH,pp,46,36,32,3,1
20260709,MOH,pp,41,36,27,7,2
20260913,MOH,cod,37,37,21,9,7
20260915,MOH,pp,44,37,29,6,2
20260927,MOH,cod,41,38,28,9,1
20260923,MOH,pp,38,38,30,6,2
20260908,MOH,pp,45,39,25,5,9
20260718,MOH,pp,41,39,26,4,9
20260804,MOH,pp,51,39,34,5,0
20260708,MOH,pp,44,39,24,11,4
20260821,MOH,pp,50,40,29,8,3
20260731,MOH,pp,45,40,30,7,3
20260912,MOH,pp,45,40,19,7,14
20260819,MOH,pp,49,40,28,11,1
20260925,MOH,pp,46,41,27,6,8
20260723,MOH,pp,45,41,31,6,4
20260922,MOH,pp,46,41,31,8,2
20260826,MOH,pp,50,42,35,5,2
20260802,MOH,cod,45,42,19,10,13
20260902,MOH,pp,49,42,31,9,2
20260725,MOH,pp,43,42,28,3,11
20260730,MOH,pp,52,42,32,5,5
20260724,MOH,pp,50,43,28,9,6
20260820,MOH,pp,49,43,32,7,4
20260916,MOH,pp,48,43,21,18,4
20260829,MOH,pp,47,44,25,14,5
20260814,MOH,pp,52,45,32,2,11
20260810,MOH,pp,61,46,27,14,5
20260911,MOH,pp,52,47,30,13,4
20260830,MOH,cod,54,49,20,25,4
20260921,MOH,pp,54,50,38,10,2
20260805,MOH,pp,52,50,28,19,3
20260824,MOH,pp,55,51,37,11,3
20260825,MOH,pp,55,53,37,10,6
20260906,MOH,cod,54,54,35,10,9
20260831,MOH,pp,58,55,37,11,7
20260914,MOH,pp,58,56,45,7,4
20260907,MOH,pp,67,57,37,13,7
20260717,MOH,pp,61,57,32,22,3
20260816,MOH,pp,62,60,28,29,3
20260715,MOH,pp,75,61,36,13,12
20260926,MOH,cod,75,63,44,3,16
20260712,MOH,cod,65,63,28,28,7
20260930,MOH,cod,76,64,52,9,3
20260817,MOH,pp,76,65,37,22,6
20260710,MOH,pp,66,65,50,9,6
20260727,MOH,pp,78,66,40,17,9
20260803,MOH,pp,77,68,46,11,11
20260728,MOH,pp,71,68,47,19,2
20260818,MOH,pp,78,68,36,24,8
20260721,MOH,pp,77,68,49,14,5
20260808,MOH,cod,86,69,36,13,20
20260925,MOH,cod,81,69,51,15,3
20260719,MOH,cod,74,72,45,25,2
20260813,MOH,pp,87,74,40,28,6
20260714,MOH,pp,81,76,52,18,6
20260707,MOH,pp,79,78,41,29,8
20260919,MOH,cod,84,79,33,29,17
20260918,MOH,cod,95,80,44,27,9
20260716,MOH,pp,88,81,68,6,7
20260917,MOH,cod,103,82,54,17,11
20260801,MOH,cod,90,83,49,8,26
20260912,MOH,cod,100,83,58,6,19
20261003,MOH,cod,125,84,69,15,0
20260816,MOH,cod,87,84,29,48,7
20260827,MOH,cod,99,85,41,29,15
20260904,MOH,cod,111,94,48,37,9
20260924,MOH,cod,112,95,60,13,22
20260819,MOH,cod,109,96,74,16,6
20261001,MOH,cod,124,98,82,10,6
20260911,MOH,cod,108,99,79,14,6
20260724,MOH,cod,129,100,75,17,8
20260908,MOH,cod,117,102,82,11,9
20260806,MOH,cod,124,102,63,27,12
20260909,MOH,cod,134,104,76,26,2
20260811,MOH,cod,118,105,65,29,11
20260713,MOH,pp,110,105,74,26,5
20260916,MOH,cod,136,105,59,32,14
20260905,MOH,cod,116,105,77,17,11
20260903,MOH,cod,115,107,62,13,32
20260923,MOH,cod,130,108,78,27,3
20260822,MOH,cod,115,110,69,18,23
20260720,MOH,pp,118,111,84,23,4
20260929,MOH,cod,126,111,93,13,5
20260826,MOH,cod,118,112,80,19,13
20260726,MOH,cod,119,114,45,61,8
20260820,MOH,cod,132,116,68,29,19
20260910,MOH,cod,151,116,96,14,6
20260818,MOH,cod,123,116,69,30,17
20260922,MOH,cod,134,117,83,23,11
20260807,MOH,cod,150,117,82,30,5
20260915,MOH,cod,157,119,76,36,7
20260825,MOH,cod,131,119,66,38,15
20260813,MOH,cod,135,122,74,39,9
20260730,MOH,cod,162,123,88,24,11
20260901,MOH,cod,133,124,98,18,8
20260812,MOH,cod,136,124,95,13,16
20260902,MOH,cod,141,127,94,16,17
20260729,MOH,cod,175,128,76,36,16
20260805,MOH,cod,179,131,75,36,20
20260914,MOH,cod,141,134,115,9,10
20260814,MOH,cod,150,135,113,1,21
20260821,MOH,cod,140,135,97,33,5
20260804,MOH,cod,181,137,95,36,6
20260722,MOH,cod,178,137,98,34,5
20260928,MOH,cod,174,139,93,31,15
20260725,MOH,cod,167,141,67,12,62
20260829,MOH,cod,152,142,51,64,27
20260728,MOH,cod,156,142,99,31,12
20260711,MOH,cod,152,146,90,12,44
20260718,MOH,cod,163,147,97,20,30
20260907,MOH,cod,194,147,119,24,4
20260731,MOH,cod,214,153,93,21,39
20260723,MOH,cod,181,157,118,31,8
20260824,MOH,cod,186,165,119,32,14
20260721,MOH,cod,196,167,115,38,14
20260709,MOH,cod,181,169,138,25,6
20260921,MOH,cod,192,173,107,51,15
20260708,MOH,cod,188,173,101,58,14
20260810,MOH,cod,212,173,100,33,40
20260727,MOH,cod,261,185,130,34,21
20260716,MOH,cod,206,193,140,26,27
20260817,MOH,cod,219,196,111,47,38
20260803,MOH,cod,220,208,131,73,4
20260831,MOH,cod,228,213,153,41,19
20260710,MOH,cod,239,216,170,31,15
20260717,MOH,cod,242,229,114,93,22
20260715,MOH,cod,276,246,175,26,45
20260714,MOH,cod,282,259,177,68,14
20260707,MOH,cod,298,285,159,68,58
20260713,MOH,cod,346,316,228,45,43
20260720,MOH,cod,362,323,206,96,21
20260703,MRR,pp,3,0,0,0,0
20260630,MRR,pp,1,0,0,0,0
20260702,MRR,pp,1,0,0,0,0
20260706,MRR,pp,6,0,0,0,0
20261005,MRR,pp,3,0,0,0,0
20260701,MRR,pp,1,0,0,0,0
20260917,MRR,pp,2,2,2,0,0
20260922,MRR,pp,2,2,2,0,0
20260921,MRR,pp,2,2,2,0,0
20260720,MRR,pp,2,2,2,0,0
20260919,MRR,pp,3,3,3,0,0
20260912,MRR,pp,3,3,3,0,0
20260923,MRR,pp,3,3,3,0,0
20260731,MRR,pp,3,3,3,0,0
20260711,MRR,pp,4,4,4,0,0
20260724,MRR,pp,4,4,4,0,0
20260929,MRR,pp,4,4,4,0,0
20260710,MRR,pp,5,5,5,0,0
20260713,MRR,pp,6,6,6,0,0
20260715,MRR,pp,7,7,7,0,0
20260707,MRR,pp,8,8,8,0,0
20260714,MRR,pp,10,8,8,0,0
20260709,MRR,pp,9,9,9,0,0
20260716,MRR,pp,11,11,11,0,0
20260708,MRR,pp,11,11,11,0,0
20261003,MRR,pp,11,11,11,0,0
20260928,MRR,pp,13,13,13,0,0
20260925,MRR,pp,109,109,2,107,0
20260630,MSR,pp,32,0,0,0,0
20260625,MSR,cod,3,0,0,0,0
20260622,MSR,cod,5,0,0,0,0
20260706,MSR,cod,47,0,0,0,0
20260612,MSR,cod,2,0,0,0,0
20260401,MSR,pp,1,0,0,0,0
20260628,MSR,pp,1,0,0,0,0
20260614,MSR,cod,1,0,0,0,0
20261005,MSR,pp,152,0,0,0,0
20260705,MSR,cod,6,0,0,0,0
20260628,MSR,cod,3,0,0,0,0
20260620,MSR,pp,1,0,0,0,0
20260625,MSR,pp,1,0,0,0,0
20260626,MSR,pp,7,0,0,0,0
20260512,MSR,pp,1,0,0,0,0
20260618,MSR,pp,2,0,0,0,0
20260606,MSR,cod,2,0,0,0,0
20260518,MSR,cod,1,0,0,0,0
20260620,MSR,cod,3,0,0,0,0
20260702,MSR,cod,35,0,0,0,0
20260629,MSR,cod,21,0,0,0,0
20260520,MSR,pp,1,0,0,0,0
20260605,MSR,cod,1,0,0,0,0
20260604,MSR,cod,2,0,0,0,0
20260522,MSR,cod,2,0,0,0,0
20260629,MSR,pp,25,0,0,0,0
20260706,MSR,pp,141,0,0,0,0
20260623,MSR,cod,6,0,0,0,0
20260615,MSR,pp,4,0,0,0,0
20260608,MSR,pp,1,0,0,0,0
20260701,MSR,cod,27,0,0,0,0
20260608,MSR,cod,1,0,0,0,0
20260612,MSR,pp,2,0,0,0,0
20260519,MSR,pp,1,0,0,0,0
20260610,MSR,pp,1,0,0,0,0
20260528,MSR,pp,2,0,0,0,0
20260624,MSR,pp,1,0,0,0,0
20260622,MSR,pp,2,0,0,0,0
20260519,MSR,cod,2,0,0,0,0
20260618,MSR,cod,2,0,0,0,0
20260611,MSR,cod,2,0,0,0,0
20260705,MSR,pp,19,0,0,0,0
20260530,MSR,pp,1,0,0,0,0
20260703,MSR,pp,56,0,0,0,0
20260703,MSR,cod,38,0,0,0,0
20260512,MSR,cod,1,0,0,0,0
20260627,MSR,cod,13,0,0,0,0
20260415,MSR,cod,1,0,0,0,0
20260704,MSR,pp,66,0,0,0,0
20260610,MSR,cod,2,0,0,0,0
20260704,MSR,cod,37,0,0,0,0
20260626,MSR,cod,5,0,0,0,0
20260619,MSR,cod,3,0,0,0,0
20260617,MSR,cod,2,0,0,0,0
20260621,MSR,cod,2,0,0,0,0
20260702,MSR,pp,59,0,0,0,0
20260529,MSR,cod,1,0,0,0,0
20260623,MSR,pp,5,0,0,0,0
20261005,MSR,cod,56,0,0,0,0
20260630,MSR,cod,18,0,0,0,0
20260602,MSR,pp,1,0,0,0,0
20260615,MSR,cod,2,0,0,0,0
20260701,MSR,pp,27,0,0,0,0
20260627,MSR,pp,2,0,0,0,0
20260616,MSR,cod,4,0,0,0,0
20261004,MSR,cod,13,2,2,0,0
20261004,MSR,pp,35,3,3,0,0
20260809,MSR,cod,7,6,0,4,2
20260802,MSR,cod,12,9,2,5,2
20260920,MSR,cod,11,9,4,3,2
20260927,MSR,pp,11,10,0,7,3
20260823,MSR,cod,14,12,8,2,2
20260712,MSR,cod,12,12,5,3,4
20260726,MSR,cod,13,12,2,6,4
20260926,MSR,cod,16,12,8,0,4
20260925,MSR,cod,15,13,3,8,2
20261001,MSR,cod,22,13,9,3,1
20260927,MSR,cod,16,14,0,6,8
20261002,MSR,cod,16,14,3,11,0
20260913,MSR,cod,17,15,3,4,8
20260719,MSR,cod,20,17,5,6,6
20260815,MSR,cod,21,17,6,1,10
20260830,MSR,cod,28,19,5,8,6
20260802,MSR,pp,24,21,2,10,9
20260816,MSR,cod,28,21,0,9,12
20260719,MSR,pp,23,21,6,8,7
20260726,MSR,pp,22,22,9,9,4
20260828,MSR,cod,26,23,3,14,6
20260922,MSR,cod,35,25,13,9,3
20260906,MSR,cod,28,25,4,9,12
20260815,MSR,pp,33,25,1,0,24
20260923,MSR,cod,29,26,10,10,6
20260928,MSR,cod,35,27,6,13,8
20260924,MSR,cod,29,28,11,9,8
20261003,MSR,cod,52,29,27,2,0
20260929,MSR,cod,34,29,11,11,7
20260712,MSR,pp,42,30,4,24,2
20260725,MSR,cod,35,30,18,1,11
20260919,MSR,cod,41,32,20,2,10
20260710,MSR,cod,44,33,16,6,11
20260920,MSR,pp,40,33,8,20,5
20260709,MSR,cod,37,34,16,16,2
20261001,MSR,pp,45,34,19,8,7
20261002,MSR,pp,48,35,15,15,5
20260707,MSR,cod,42,35,8,14,13
20260816,MSR,pp,43,35,9,12,14
20260930,MSR,cod,50,36,15,16,5
20260711,MSR,cod,48,36,11,3,22
20260708,MSR,cod,39,36,11,15,10
20260909,MSR,cod,47,37,17,11,9
20260809,MSR,pp,40,37,6,13,18
20260918,MSR,cod,48,37,21,9,7
20260905,MSR,cod,47,37,16,10,11
20260722,MSR,cod,49,39,21,12,6
20260823,MSR,pp,45,39,20,13,6
20260913,MSR,pp,50,40,6,17,17
20260912,MSR,cod,43,40,12,4,24
20260806,MSR,cod,51,40,21,11,8
20260716,MSR,cod,42,40,17,15,8
20260714,MSR,cod,49,40,13,15,12
20260724,MSR,cod,52,42,19,20,3
20260718,MSR,cod,48,43,23,6,14
20260915,MSR,cod,52,43,17,15,11
20260731,MSR,cod,49,44,21,17,6
20260717,MSR,cod,55,44,25,12,7
20260921,MSR,cod,62,45,23,14,8
20260801,MSR,cod,56,45,24,5,16
20260830,MSR,pp,55,45,7,25,13
20260827,MSR,cod,56,46,23,8,15
20260917,MSR,cod,56,46,13,25,8
20260926,MSR,pp,57,47,23,4,20
20260721,MSR,cod,53,47,15,21,11
20260906,MSR,pp,52,48,6,29,13
20260904,MSR,cod,58,48,12,28,8
20260709,MSR,pp,66,49,21,13,15
20260902,MSR,cod,61,49,18,18,13
20260814,MSR,cod,56,50,41,1,8
20260807,MSR,cod,60,50,20,24,6
20260808,MSR,cod,62,51,20,4,27
20260728,MSR,cod,62,52,25,24,3
20260723,MSR,cod,59,52,33,13,6
20260825,MSR,cod,66,52,19,24,9
20260916,MSR,cod,62,52,23,19,10
20260821,MSR,cod,65,52,30,13,9
20260730,MSR,cod,68,53,21,23,9
20260725,MSR,pp,67,53,21,7,25
20260826,MSR,cod,72,54,28,20,6
20260903,MSR,cod,79,54,30,17,7
20260727,MSR,cod,70,56,23,21,12
20260711,MSR,pp,76,58,27,5,26
20260910,MSR,cod,63,59,31,24,4
20260811,MSR,cod,67,59,14,30,15
20260730,MSR,pp,72,59,25,18,16
20260901,MSR,cod,72,60,27,24,9
20260707,MSR,pp,73,60,22,19,19
20260919,MSR,pp,73,60,34,5,21
20260708,MSR,pp,95,60,22,27,11
20261003,MSR,pp,125,60,41,19,0
20260911,MSR,cod,76,60,29,14,17
20260923,MSR,pp,79,61,29,20,12
20260805,MSR,cod,71,61,29,28,4
20260829,MSR,cod,80,62,39,2,21
20260715,MSR,cod,74,62,27,29,6
20260914,MSR,cod,68,63,29,19,15
20260713,MSR,cod,71,63,44,14,5
20260912,MSR,pp,79,64,30,7,27
20260925,MSR,pp,83,65,25,25,15
20260822,MSR,cod,76,65,39,3,23
20260828,MSR,pp,75,66,17,41,8
20260724,MSR,pp,83,67,28,29,10
20260812,MSR,cod,72,68,31,25,12
20260820,MSR,cod,79,69,42,18,9
20260710,MSR,pp,86,69,40,20,9
20260720,MSR,cod,82,70,37,23,10
20260718,MSR,pp,96,72,49,3,20
20260924,MSR,pp,84,72,21,41,10
20260928,MSR,pp,94,73,33,31,9
20260729,MSR,cod,80,73,29,31,13
20260804,MSR,cod,79,73,31,32,10
20260908,MSR,cod,93,74,25,35,14
20260818,MSR,cod,86,75,29,30,16
20260810,MSR,cod,77,75,43,26,6
20260801,MSR,pp,93,76,43,4,29
20260728,MSR,pp,93,77,34,38,5
20260803,MSR,cod,86,78,40,24,14
20260929,MSR,pp,92,78,48,24,6
20260907,MSR,cod,88,78,46,20,12
20260714,MSR,pp,102,79,25,41,13
20260807,MSR,pp,101,79,36,37,6
20260805,MSR,pp,101,80,31,37,12
20260916,MSR,pp,105,82,38,35,9
20260930,MSR,pp,99,82,20,29,33
20260831,MSR,cod,98,83,51,21,11
20260824,MSR,cod,87,83,34,25,24
20260918,MSR,pp,101,83,36,23,24
20260917,MSR,pp,101,84,31,29,24
20260922,MSR,pp,102,85,35,25,25
20260806,MSR,pp,109,87,37,34,16
20260911,MSR,pp,113,87,42,29,16
20260904,MSR,pp,104,87,40,34,13
20260819,MSR,cod,104,88,38,37,13
20260723,MSR,pp,101,88,35,45,8
20260729,MSR,pp,116,88,29,30,29
20260813,MSR,cod,98,91,36,41,14
20260727,MSR,pp,101,91,30,40,21
20260731,MSR,pp,106,91,38,41,12
20260721,MSR,pp,120,92,48,27,17
20260814,MSR,pp,106,94,69,4,21
20260910,MSR,pp,124,96,33,54,9
20260829,MSR,pp,117,96,41,17,38
20260901,MSR,pp,112,97,43,39,15
20260902,MSR,pp,119,98,43,38,17
20260822,MSR,pp,123,98,49,15,34
20260826,MSR,pp,128,99,53,37,9
20260921,MSR,pp,116,100,40,42,18
20260819,MSR,pp,133,102,50,40,12
20260915,MSR,pp,128,105,55,26,24
20260722,MSR,pp,130,107,65,26,16
20260817,MSR,cod,124,107,64,24,19
20260804,MSR,pp,138,110,33,66,11
20260905,MSR,pp,139,111,42,28,41
20260831,MSR,pp,140,112,59,38,15
20260914,MSR,pp,122,113,32,57,24
20260717,MSR,pp,130,113,67,26,20
20260713,MSR,pp,136,117,50,52,15
20260820,MSR,pp,144,119,72,34,13
20260716,MSR,pp,134,120,71,36,13
20260813,MSR,pp,143,120,56,48,16
20260825,MSR,pp,153,122,48,59,15
20260808,MSR,pp,143,124,67,10,47
20260715,MSR,pp,151,125,43,63,19
20260909,MSR,pp,144,125,66,45,14
20260803,MSR,pp,144,125,71,33,21
20260821,MSR,pp,147,126,76,41,9
20260811,MSR,pp,156,129,56,47,26
20260908,MSR,pp,146,130,70,41,19
20260824,MSR,pp,158,132,73,41,18
20260907,MSR,pp,155,137,61,53,23
20260827,MSR,pp,161,138,52,28,58
20260812,MSR,pp,172,140,62,47,31
20260818,MSR,pp,165,141,61,52,28
20260903,MSR,pp,163,148,51,69,28
20260720,MSR,pp,177,157,64,74,19
20260810,MSR,pp,212,185,100,66,19
20260817,MSR,pp,243,205,110,57,38
20260527,MVK,cod,4,0,0,0,0
20260904,MVK,cod,4,0,0,0,0
20260724,MVK,cod,2,0,0,0,0
20261005,MWK,pp,26,0,0,0,0
20261004,MWK,pp,19,6,6,0,0
20261001,MWK,pp,20,12,0,7,5
20261002,MWK,pp,15,14,0,14,0
20261003,MWK,pp,26,25,11,14,0
20260614,NAH,cod,4,0,0,0,0
20260704,NAH,pp,1,0,0,0,0
20260626,NAH,cod,58,0,0,0,0
20260624,NAH,cod,30,0,0,0,0
20260610,NAH,cod,3,0,0,0,0
20260727,NAH,pp,2,0,0,0,0
20260706,NAH,cod,206,0,0,0,0
20260511,NAH,cod,1,0,0,0,0
20260623,NAH,cod,32,0,0,0,0
20260612,NAH,cod,2,0,0,0,0
20260630,NAH,cod,76,0,0,0,0
20260609,NAH,cod,4,0,0,0,0
20260705,NAH,cod,166,0,0,0,0
20260702,NAH,cod,131,0,0,0,0
20260620,NAH,cod,21,0,0,0,0
20260704,NAH,cod,192,0,0,0,0
20260616,NAH,cod,6,0,0,0,0
20260703,NAH,cod,158,0,0,0,0
20260701,NAH,cod,93,0,0,0,0
20260408,NAH,cod,1,0,0,0,0
20260630,NAH,pp,1,0,0,0,0
20260512,NAH,cod,1,0,0,0,0
20260628,NAH,cod,56,0,0,0,0
20260613,NAH,cod,5,0,0,0,0
20260621,NAH,cod,16,0,0,0,0
20260822,NAH,pp,1,0,0,0,0
20260622,NAH,cod,25,0,0,0,0
20260518,NAH,cod,1,0,0,0,0
20260702,NAH,pp,1,0,0,0,0
20260130,NAH,cod,1,0,0,0,0
20260806,NAH,pp,1,0,0,0,0
20260627,NAH,cod,81,0,0,0,0
20261005,NAH,pp,3,0,0,0,0
20260619,NAH,cod,18,0,0,0,0
20260421,NAH,pp,1,0,0,0,0
20260617,NAH,cod,6,0,0,0,0
20260615,NAH,cod,2,0,0,0,0
20260629,NAH,cod,79,0,0,0,0
20260525,NAH,cod,1,0,0,0,0
20261005,NAH,cod,176,0,0,0,0
20260705,NAH,pp,3,0,0,0,0
20260706,NAH,pp,2,0,0,0,0
20260623,NAH,pp,1,0,0,0,0
20260608,NAH,cod,1,0,0,0,0
20260625,NAH,cod,35,0,0,0,0
20260603,NAH,cod,1,0,0,0,0
20260418,NAH,cod,1,0,0,0,0
20260618,NAH,cod,12,0,0,0,0
20260516,NAH,cod,1,0,0,0,0
20260927,NAH,pp,2,1,0,1,0
20260718,NAH,pp,1,1,1,0,0
20260709,NAH,pp,1,1,0,1,0
20260808,NAH,pp,1,1,1,0,0
20260721,NAH,pp,1,1,1,0,0
20260712,NAH,pp,1,1,1,0,0
20260828,NAH,pp,2,1,0,0,1
20260716,NAH,pp,1,1,1,0,0
20260909,NAH,pp,2,1,0,0,1
20260919,NAH,pp,1,1,1,0,0
20260720,NAH,pp,1,1,1,0,0
20260728,NAH,pp,1,1,0,0,1
20260711,NAH,pp,1,1,0,0,1
20260809,NAH,pp,1,1,1,0,0
20261001,NAH,pp,1,1,1,0,0
20260707,NAH,pp,1,1,0,0,1
20260805,NAH,pp,1,1,0,1,0
20261002,NAH,pp,1,1,1,0,0
20260813,NAH,pp,2,1,1,0,0
20261004,NAH,pp,1,1,1,0,0
20260906,NAH,pp,1,1,1,0,0
20260722,NAH,pp,2,1,0,1,0
20260815,NAH,pp,2,1,0,1,0
20260921,NAH,pp,6,1,1,0,0
20260916,NAH,pp,2,1,0,1,0
20260830,NAH,pp,2,1,0,1,0
20260801,NAH,pp,1,1,1,0,0
20260926,NAH,pp,2,2,2,0,0
20260817,NAH,pp,2,2,0,2,0
20260920,NAH,pp,2,2,1,1,0
20260824,NAH,pp,2,2,0,0,2
20260914,NAH,pp,2,2,2,0,0
20260819,NAH,pp,2,2,1,1,0
20260823,NAH,pp,2,2,0,2,0
20260715,NAH,pp,2,2,1,1,0
20260730,NAH,pp,2,2,2,0,0
20260901,NAH,pp,2,2,1,1,0
20260731,NAH,pp,4,2,2,0,0
20260725,NAH,pp,2,2,1,1,0
20260723,NAH,pp,2,2,1,1,0
20260729,NAH,pp,3,2,0,1,1
20260925,NAH,pp,3,2,0,2,0
20260719,NAH,pp,2,2,1,0,1
20260918,NAH,pp,3,2,2,0,0
20260923,NAH,pp,2,2,1,1,0
20260902,NAH,pp,2,2,1,1,0
20260910,NAH,pp,2,2,1,1,0
20260714,NAH,pp,2,2,1,1,0
20260708,NAH,pp,2,2,1,1,0
20260717,NAH,pp,3,2,0,2,0
20260827,NAH,pp,3,3,3,0,0
20260903,NAH,pp,4,3,1,0,2
20260907,NAH,pp,3,3,1,2,0
20260803,NAH,pp,3,3,3,0,0
20260826,NAH,pp,3,3,1,1,1
20260831,NAH,pp,5,3,3,0,0
20260905,NAH,pp,3,3,1,1,1
20260810,NAH,pp,3,3,2,0,1
20260820,NAH,pp,3,3,0,2,1
20260908,NAH,pp,4,3,2,1,0
20260913,NAH,pp,3,3,3,0,0
20260922,NAH,pp,3,3,1,2,0
20260812,NAH,pp,3,3,1,2,0
20260825,NAH,pp,3,3,2,1,0
20260811,NAH,pp,3,3,1,1,1
20260911,NAH,pp,4,4,1,3,0
20260924,NAH,pp,6,4,4,0,0
20260928,NAH,pp,4,4,2,2,0
20260807,NAH,pp,4,4,3,0,1
20261003,NAH,pp,5,4,4,0,0
20260713,NAH,pp,4,4,2,2,0
20260930,NAH,pp,5,5,3,2,0
20260726,NAH,pp,5,5,2,3,0
20260724,NAH,pp,5,5,2,1,2
20260915,NAH,pp,5,5,2,2,1
20260829,NAH,pp,7,5,3,1,1
20260821,NAH,pp,5,5,3,2,0
20260818,NAH,pp,5,5,2,1,2
20260929,NAH,pp,6,5,3,2,0
20260912,NAH,pp,5,5,3,2,0
20260904,NAH,pp,6,6,2,4,0
20260917,NAH,pp,7,6,3,1,2
20261004,NAH,cod,98,75,75,0,0
20261002,NAH,cod,83,83,83,0,0
20261001,NAH,cod,84,84,83,1,0
20260828,NAH,cod,96,96,86,6,4
20260930,NAH,cod,103,103,102,1,0
20260928,NAH,cod,121,121,119,2,0
20260707,NAH,cod,121,121,109,11,1
20260823,NAH,cod,127,126,113,13,0
20261003,NAH,cod,138,138,137,1,0
20260924,NAH,cod,143,143,141,2,0
20260710,NAH,cod,147,147,146,1,0
20260827,NAH,cod,149,149,147,2,0
20260718,NAH,cod,159,158,158,0,0
20260802,NAH,cod,160,160,149,11,0
20260713,NAH,cod,162,162,162,0,0
20260724,NAH,cod,166,166,141,25,0
20260814,NAH,cod,166,166,166,0,0
20260709,NAH,cod,169,169,165,4,0
20260821,NAH,cod,175,175,174,0,1
20260728,NAH,cod,175,175,175,0,0
20260715,NAH,cod,179,178,173,5,0
20260830,NAH,cod,185,183,176,5,2
20260729,NAH,cod,183,183,178,5,0
20260921,NAH,cod,185,184,161,21,2
20260708,NAH,cod,185,185,149,34,2
20260714,NAH,cod,186,185,182,3,0
20260905,NAH,cod,200,185,148,27,10
20260711,NAH,cod,186,186,171,15,0
20260824,NAH,cod,187,187,187,0,0
20260717,NAH,cod,187,187,148,39,0
20260801,NAH,cod,188,188,182,5,1
20260826,NAH,cod,189,188,178,10,0
20260721,NAH,cod,190,189,169,20,0
20260819,NAH,cod,192,191,98,0,93
20260726,NAH,cod,194,194,192,2,0
20260731,NAH,cod,198,195,189,6,0
20260804,NAH,cod,197,196,194,2,0
20260809,NAH,cod,198,197,186,11,0
20260927,NAH,cod,198,198,190,4,4
20260815,NAH,cod,201,199,124,71,4
20260822,NAH,cod,202,200,198,1,1
20260914,NAH,cod,200,200,174,17,9
20260712,NAH,cod,201,201,197,4,0
20260925,NAH,cod,204,204,189,15,0
20260720,NAH,cod,206,206,202,1,3
20260808,NAH,cod,209,208,176,22,10
20260811,NAH,cod,210,209,204,5,0
20260725,NAH,cod,209,209,203,5,1
20260805,NAH,cod,235,210,208,2,0
20260807,NAH,cod,211,211,207,4,0
20260906,NAH,cod,216,214,83,127,4
20260818,NAH,cod,215,214,200,13,1
20260816,NAH,cod,215,215,180,32,3
20260825,NAH,cod,217,217,211,4,2
20260730,NAH,cod,218,217,205,12,0
20260727,NAH,cod,218,218,215,3,0
20260913,NAH,cod,219,219,202,8,9
20260902,NAH,cod,220,220,216,4,0
20260716,NAH,cod,227,226,218,8,0
20260719,NAH,cod,228,228,227,1,0
20260820,NAH,cod,230,230,58,171,1
20260917,NAH,cod,232,232,223,4,5
20260911,NAH,cod,235,232,224,8,0
20260916,NAH,cod,237,237,208,29,0
20260901,NAH,cod,245,245,236,8,1
20260922,NAH,cod,259,249,245,1,3
20260803,NAH,cod,250,249,247,2,0
20260722,NAH,cod,250,250,243,7,0
20260813,NAH,cod,252,251,250,1,0
20260910,NAH,cod,252,252,246,6,0
20260723,NAH,cod,256,256,246,10,0
20260909,NAH,cod,257,257,252,5,0
20260810,NAH,cod,262,262,259,3,0
20260926,NAH,cod,263,263,254,4,5
20260903,NAH,cod,264,264,261,3,0
20260920,NAH,cod,268,267,242,22,3
20260907,NAH,cod,268,268,259,9,0
20260812,NAH,cod,277,276,274,2,0
20260929,NAH,cod,281,279,243,31,5
20260831,NAH,cod,279,279,270,5,4
20260806,NAH,cod,285,284,281,3,0
20260919,NAH,cod,286,286,177,103,6
20260817,NAH,cod,288,288,268,20,0
20260908,NAH,cod,289,289,285,3,1
20260904,NAH,cod,306,306,302,1,3
20260915,NAH,cod,330,330,319,10,1
20260918,NAH,cod,340,340,335,5,0
20260912,NAH,cod,362,360,247,110,3
20260923,NAH,cod,456,452,310,142,0
20260829,NAH,cod,573,573,563,1,9
20260814,NCR,pp,1,0,0,0,0
20260622,NCR,cod,1,0,0,0,0
20260707,NCR,pp,1,1,0,0,1
20260710,NCR,pp,1,1,1,0,0
20260708,NCR,pp,1,1,0,0,1
20260709,NCR,pp,2,2,0,2,0
20261003,NEH,pp,1,0,0,0,0
20260928,NEH,pp,1,1,1,0,0
20260926,NEH,pp,1,1,1,0,0
20261001,NEH,pp,4,4,4,0,0
20260929,NEH,pp,5,5,0,5,0
20260624,NEX,pp,2,0,0,0,0
20260716,NEX,cod,10,0,0,0,0
20261005,NEX,pp,36,0,0,0,0
20260626,NEX,pp,1,0,0,0,0
20260702,NEX,pp,8,0,0,0,0
20260606,NEX,cod,1,0,0,0,0
20260629,NEX,cod,10,0,0,0,0
20260610,NEX,pp,7,0,0,0,0
20260528,NEX,cod,1,0,0,0,0
20260523,NEX,cod,1,0,0,0,0
20260702,NEX,cod,7,0,0,0,0
20260629,NEX,pp,33,0,0,0,0
20260704,NEX,pp,9,0,0,0,0
20260701,NEX,pp,78,0,0,0,0
20260706,NEX,cod,78,0,0,0,0
20261005,NEX,cod,65,0,0,0,0
20260610,NEX,cod,1,0,0,0,0
20260608,NEX,pp,1,0,0,0,0
20260706,NEX,pp,65,0,0,0,0
20260617,NEX,pp,4,0,0,0,0
20260602,NEX,pp,1,0,0,0,0
20260704,NEX,cod,5,0,0,0,0
20260701,NEX,cod,2,0,0,0,0
20260630,NEX,pp,3,0,0,0,0
20260703,NEX,pp,43,0,0,0,0
20260622,NEX,pp,1,0,0,0,0
20260703,NEX,cod,25,0,0,0,0
20260726,NEX,pp,1,1,0,1,0
20260709,NEX,cod,2,2,0,1,1
20261002,NEX,pp,8,2,2,0,0
20260718,NEX,cod,4,3,0,0,3
20260909,NEX,pp,5,3,3,0,0
20260827,NEX,cod,3,3,3,0,0
20260924,NEX,pp,5,3,3,0,0
20260825,NEX,cod,6,4,0,1,3
20260713,NEX,cod,15,4,0,2,2
20260715,NEX,cod,12,4,1,3,0
20260926,NEX,cod,9,5,4,0,1
20260731,NEX,pp,6,5,3,1,1
20260919,NEX,pp,5,5,1,2,2
20261002,NEX,cod,12,5,5,0,0
20260925,NEX,cod,5,5,3,2,0
20260915,NEX,pp,9,5,1,3,1
20260904,NEX,pp,7,6,3,2,1
20260707,NEX,cod,6,6,0,0,6
20260928,NEX,pp,9,6,3,2,1
20260813,NEX,pp,11,6,1,5,0
20260730,NEX,pp,7,6,4,2,0
20260925,NEX,pp,8,7,1,2,4
20260721,NEX,pp,7,7,4,3,0
20260807,NEX,cod,9,7,7,0,0
20260807,NEX,pp,19,7,5,2,0
20261003,NEX,pp,14,7,4,3,0
20260721,NEX,cod,8,8,6,2,0
20260821,NEX,cod,8,8,5,1,2
20260829,NEX,cod,8,8,8,0,0
20260725,NEX,cod,8,8,8,0,0
20260919,NEX,cod,8,8,8,0,0
20260915,NEX,cod,11,9,8,1,0
20260818,NEX,cod,9,9,6,2,1
20260729,NEX,pp,13,9,1,7,1
20260922,NEX,cod,9,9,1,6,2
20260801,NEX,cod,9,9,8,0,1
20260918,NEX,cod,9,9,7,2,0
20260907,NEX,pp,9,9,3,5,1
20260811,NEX,pp,12,9,3,0,6
20260908,NEX,cod,9,9,7,2,0
20260824,NEX,cod,10,10,6,0,4
20260827,NEX,pp,10,10,9,0,1
20260730,NEX,cod,10,10,6,4,0
20260811,NEX,cod,10,10,9,1,0
20260930,NEX,pp,10,10,9,1,0
20260926,NEX,pp,11,11,4,0,7
20260728,NEX,pp,13,11,9,2,0
20260918,NEX,pp,13,11,7,0,4
20260909,NEX,cod,12,11,8,1,2
20260728,NEX,cod,12,12,6,0,6
20260813,NEX,cod,13,12,3,7,2
20260812,NEX,cod,12,12,11,1,0
20260708,NEX,cod,13,13,5,6,2
20260808,NEX,cod,13,13,5,0,8
20260801,NEX,pp,13,13,6,0,7
20260722,NEX,cod,14,13,12,1,0
20260805,NEX,cod,13,13,8,0,5
20260905,NEX,cod,13,13,9,0,4
20260901,NEX,cod,13,13,10,0,3
20260810,NEX,pp,16,14,4,7,3
20260930,NEX,cod,14,14,11,3,0
20260817,NEX,cod,14,14,11,0,3
20260803,NEX,cod,14,14,10,4,0
20260810,NEX,cod,15,15,10,3,2
20260910,NEX,cod,15,15,12,1,2
20260806,NEX,cod,17,15,13,2,0
20260804,NEX,pp,16,15,8,6,1
20260923,NEX,cod,15,15,7,4,4
20260904,NEX,cod,16,16,15,1,0
20260711,NEX,cod,17,16,6,0,10
20260825,NEX,pp,24,16,7,7,2
20260720,NEX,cod,16,16,13,2,1
20260727,NEX,cod,16,16,13,1,2
20260822,NEX,pp,21,17,7,3,7
20261003,NEX,cod,41,17,17,0,0
20260903,NEX,cod,17,17,13,2,2
20260903,NEX,pp,17,17,7,8,2
20260928,NEX,cod,18,18,16,1,1
20260924,NEX,cod,18,18,14,0,4
20260912,NEX,cod,20,19,18,0,1
20260722,NEX,pp,19,19,4,15,0
20260917,NEX,pp,23,19,7,3,9
20260723,NEX,cod,19,19,11,7,1
20260829,NEX,pp,21,20,8,10,2
20260711,NEX,pp,28,20,10,0,10
20260824,NEX,pp,22,20,16,2,2
20260818,NEX,pp,20,20,2,13,5
20260731,NEX,cod,20,20,18,2,0
20260914,NEX,cod,20,20,15,4,1
20260729,NEX,cod,21,20,13,5,2
20260921,NEX,cod,21,20,11,3,6
20260923,NEX,pp,22,21,19,2,0
20260723,NEX,pp,26,21,19,1,1
20260710,NEX,cod,33,22,14,7,1
20260806,NEX,pp,26,22,19,2,1
20260819,NEX,cod,31,23,6,17,0
20260911,NEX,pp,28,23,21,1,1
20260804,NEX,cod,29,23,11,11,1
20261001,NEX,cod,39,23,23,0,0
20260929,NEX,pp,28,23,11,11,1
20260716,NEX,pp,24,24,20,3,1
20260929,NEX,cod,25,25,22,1,2
20260916,NEX,cod,27,25,20,5,0
20260717,NEX,pp,27,26,19,7,0
20260902,NEX,cod,26,26,26,0,0
20260724,NEX,cod,29,26,20,4,2
20260910,NEX,pp,29,27,23,1,3
20260708,NEX,pp,41,28,16,7,5
20260717,NEX,cod,28,28,22,6,0
20260917,NEX,cod,32,30,23,6,1
20260912,NEX,pp,34,30,15,1,14
20260905,NEX,pp,31,31,27,1,3
20260831,NEX,cod,32,31,28,3,0
20260820,NEX,cod,33,32,27,5,0
20260814,NEX,cod,47,34,32,0,2
20260805,NEX,pp,44,37,21,15,1
20260822,NEX,cod,38,38,20,0,18
20260808,NEX,pp,43,39,10,0,29
20260710,NEX,pp,63,39,33,3,3
20260907,NEX,cod,67,42,17,25,0
20260911,NEX,cod,73,43,43,0,0
20260709,NEX,pp,44,43,20,17,6
20260826,NEX,cod,43,43,15,28,0
20260707,NEX,pp,58,45,2,43,0
20260725,NEX,pp,48,47,39,3,5
20260921,NEX,pp,50,48,22,23,3
20260724,NEX,pp,61,49,1,46,2
20260715,NEX,pp,55,49,21,27,1
20260714,NEX,cod,50,49,40,6,3
20260720,NEX,pp,70,52,44,8,0
20260714,NEX,pp,61,53,47,0,6
20260713,NEX,pp,84,56,23,22,11
20260718,NEX,pp,56,56,33,20,3
20260821,NEX,pp,62,58,3,4,51
20260916,NEX,pp,73,60,5,53,2
20260803,NEX,pp,63,62,10,22,30
20260814,NEX,pp,63,62,56,1,5
20260922,NEX,pp,65,64,7,46,11
20260826,NEX,pp,65,64,62,2,0
20260727,NEX,pp,69,66,46,14,6
20260902,NEX,pp,78,75,17,56,2
20260901,NEX,pp,89,75,50,24,1
20260820,NEX,pp,80,80,77,0,3
20260831,NEX,pp,89,89,39,48,2
20260908,NEX,pp,104,101,80,21,0
20260914,NEX,pp,110,105,103,1,1
20260817,NEX,pp,225,112,10,0,102
20261001,NEX,pp,197,122,54,14,54
20260819,NEX,pp,217,181,134,47,0
20260812,NEX,pp,337,299,97,170,32
20260728,NGA,cod,1,0,0,0,0
20260704,NGA,cod,1,0,0,0,0
20260901,NGA,cod,1,0,0,0,0
20260819,NGA,cod,1,0,0,0,0
20260709,NGA,cod,1,0,0,0,0
20260914,NGA,cod,1,1,1,0,0
20260907,NGA,cod,1,1,0,1,0
20260921,NGA,cod,1,1,0,1,0
20260912,NGA,cod,1,1,0,0,1
20260919,NGA,cod,2,2,0,0,2
20260903,NGA,cod,2,2,2,0,0
20260706,NKD,pp,18,0,0,0,0
20260628,NKD,pp,1,0,0,0,0
20260629,NKD,cod,22,0,0,0,0
20260617,NKD,cod,11,0,0,0,0
20260501,NKD,cod,2,0,0,0,0
20260521,NKD,cod,2,0,0,0,0
20260611,NKD,cod,1,0,0,0,0
20260602,NKD,cod,6,0,0,0,0
20260702,NKD,cod,190,0,0,0,0
20260705,NKD,pp,21,0,0,0,0
20260610,NKD,cod,2,0,0,0,0
20260624,NKD,cod,26,0,0,0,0
20260621,NKD,cod,10,0,0,0,0
20260704,NKD,cod,309,0,0,0,0
20260603,NKD,cod,7,0,0,0,0
20260506,NKD,cod,1,0,0,0,0
20260524,NKD,cod,2,0,0,0,0
20260604,NKD,cod,3,0,0,0,0
20260609,NKD,cod,1,0,0,0,0
20260616,NKD,cod,4,0,0,0,0
20260519,NKD,cod,3,0,0,0,0
20260525,NKD,cod,3,0,0,0,0
20260629,NKD,pp,1,0,0,0,0
20261005,NKD,pp,6,0,0,0,0
20260706,NKD,cod,192,0,0,0,0
20261004,NKD,pp,11,0,0,0,0
20260416,NKD,cod,2,0,0,0,0
20260530,NKD,cod,10,0,0,0,0
20260630,NKD,cod,28,0,0,0,0
20260703,NKD,pp,1,0,0,0,0
20260626,NKD,cod,15,0,0,0,0
20260614,NKD,cod,5,0,0,0,0
20260627,NKD,cod,20,0,0,0,0
20260417,NKD,pp,1,0,0,0,0
20260609,NKD,pp,6,0,0,0,0
20260622,NKD,cod,13,0,0,0,0
20260619,NKD,cod,9,0,0,0,0
20260618,NKD,cod,3,0,0,0,0
20260704,NKD,pp,7,0,0,0,0
20260606,NKD,cod,6,0,0,0,0
20260608,NKD,cod,4,0,0,0,0
20260703,NKD,cod,173,0,0,0,0
20260507,NKD,cod,2,0,0,0,0
20260531,NKD,cod,4,0,0,0,0
20260513,NKD,cod,1,0,0,0,0
20260603,NKD,pp,2,0,0,0,0
20260529,NKD,cod,6,0,0,0,0
20260613,NKD,cod,1,0,0,0,0
20260623,NKD,cod,10,0,0,0,0
20260705,NKD,cod,249,0,0,0,0
20260628,NKD,cod,27,0,0,0,0
20260620,NKD,cod,9,0,0,0,0
20260625,NKD,cod,20,0,0,0,0
20260502,NKD,cod,4,0,0,0,0
20260607,NKD,cod,11,0,0,0,0
20260612,NKD,cod,8,0,0,0,0
20260702,NKD,pp,23,0,0,0,0
20260522,NKD,cod,2,0,0,0,0
20260701,NKD,cod,34,0,0,0,0
20261005,NKD,cod,220,0,0,0,0
20260421,NKD,cod,1,0,0,0,0
20260601,NKD,cod,6,0,0,0,0
20260825,NKD,pp,2,1,1,0,0
20260915,NKD,pp,3,3,0,3,0
20260920,NKD,pp,12,5,4,1,0
20260921,NKD,pp,5,5,1,3,1
20260913,NKD,pp,6,6,2,0,4
20260713,NKD,pp,6,6,5,1,0
20260927,NKD,pp,7,7,3,4,0
20260725,NKD,pp,7,7,4,3,0
20260907,NKD,pp,8,8,5,3,0
20260901,NKD,pp,8,8,4,2,2
20260912,NKD,pp,8,8,6,2,0
20261001,NKD,pp,9,9,2,7,0
20260926,NKD,pp,9,9,7,2,0
20260831,NKD,pp,9,9,4,5,0
20260807,NKD,pp,9,9,3,6,0
20260910,NKD,pp,9,9,5,0,4
20260827,NKD,pp,9,9,6,3,0
20260909,NKD,pp,9,9,3,2,4
20260717,NKD,pp,10,10,8,1,1
20260818,NKD,pp,10,10,9,1,0
20260828,NKD,pp,10,10,3,7,0
20260829,NKD,pp,11,11,4,7,0
20260711,NKD,pp,11,11,6,5,0
20260806,NKD,pp,11,11,6,4,1
20260914,NKD,pp,11,11,1,10,0
20260801,NKD,pp,11,11,8,2,1
20260924,NKD,pp,11,11,10,1,0
20260823,NKD,pp,11,11,7,4,0
20260905,NKD,pp,12,12,9,2,1
20260822,NKD,pp,12,12,10,2,0
20260904,NKD,pp,33,12,7,5,0
20260916,NKD,pp,13,13,8,4,1
20260819,NKD,pp,13,13,7,6,0
20260906,NKD,pp,14,13,6,7,0
20261003,NKD,pp,14,14,8,6,0
20260802,NKD,pp,15,15,9,5,1
20260923,NKD,pp,15,15,6,9,0
20260925,NKD,pp,15,15,10,2,3
20260929,NKD,pp,15,15,4,11,0
20260721,NKD,pp,16,16,10,6,0
20260811,NKD,pp,16,16,13,3,0
20260730,NKD,pp,18,17,6,8,3
20260908,NKD,pp,17,17,4,13,0
20260922,NKD,pp,17,17,9,2,6
20260723,NKD,pp,18,17,4,13,0
20260728,NKD,pp,18,18,5,13,0
20260708,NKD,pp,19,19,8,11,0
20260820,NKD,pp,19,19,3,16,0
20260731,NKD,pp,19,19,13,5,1
20260712,NKD,pp,19,19,11,7,1
20260817,NKD,pp,19,19,7,12,0
20260821,NKD,pp,20,20,8,12,0
20260815,NKD,pp,21,20,4,15,1
20260720,NKD,pp,20,20,12,8,0
20260826,NKD,pp,20,20,13,7,0
20260928,NKD,pp,20,20,7,13,0
20260718,NKD,pp,22,21,7,14,0
20260919,NKD,pp,22,22,11,11,0
20261002,NKD,pp,22,22,12,10,0
20260911,NKD,pp,22,22,6,16,0
20260727,NKD,pp,23,23,13,10,0
20260719,NKD,pp,23,23,10,10,3
20260917,NKD,pp,24,24,9,13,2
20260918,NKD,pp,25,24,17,6,1
20260830,NKD,pp,24,24,19,5,0
20260804,NKD,pp,25,25,11,14,0
20260724,NKD,pp,25,25,11,14,0
20260930,NKD,pp,27,27,9,18,0
20260816,NKD,pp,27,27,23,4,0
20260714,NKD,pp,28,28,11,15,2
20260803,NKD,pp,29,29,12,11,6
20260722,NKD,pp,31,30,13,15,2
20260709,NKD,pp,30,30,24,6,0
20260902,NKD,pp,31,31,16,15,0
20260729,NKD,pp,33,32,26,4,2
20260903,NKD,pp,33,33,23,10,0
20260707,NKD,pp,33,33,10,19,4
20260812,NKD,pp,34,34,9,13,12
20260726,NKD,pp,37,37,11,26,0
20260808,NKD,pp,38,38,22,15,1
20260805,NKD,pp,39,39,27,12,0
20260710,NKD,pp,40,39,31,8,0
20260809,NKD,pp,42,42,20,22,0
20260814,NKD,pp,43,43,27,16,0
20260715,NKD,pp,52,49,27,22,0
20260824,NKD,pp,51,51,7,44,0
20260813,NKD,pp,54,54,31,21,2
20260810,NKD,pp,55,55,14,39,2
20260716,NKD,pp,64,64,56,7,1
20260908,NKD,cod,123,122,29,91,2
20260907,NKD,cod,132,131,68,43,20
20260831,NKD,cod,146,142,72,70,0
20260914,NKD,cod,142,142,29,106,7
20261004,NKD,cod,412,148,148,0,0
20260731,NKD,cod,153,151,94,48,9
20260921,NKD,cod,180,162,75,73,14
20260726,NKD,cod,166,165,109,49,7
20260816,NKD,cod,171,171,116,55,0
20260930,NKD,cod,176,173,85,88,0
20260823,NKD,cod,178,176,96,80,0
20260913,NKD,cod,182,182,89,84,9
20260915,NKD,cod,187,185,53,124,8
20260830,NKD,cod,187,187,111,76,0
20260713,NKD,cod,195,195,92,72,31
20260910,NKD,cod,203,201,99,92,10
20260929,NKD,cod,203,201,71,130,0
20260928,NKD,cod,203,201,87,114,0
20260720,NKD,cod,202,202,92,110,0
20260826,NKD,cod,204,203,80,123,0
20260817,NKD,cod,208,206,114,91,1
20260916,NKD,cod,207,207,69,135,3
20260729,NKD,cod,212,212,107,88,17
20260710,NKD,cod,216,214,121,65,28
20260827,NKD,cod,220,214,92,115,7
20260909,NKD,cod,214,214,100,108,6
20260923,NKD,cod,218,218,119,96,3
20260829,NKD,cod,221,218,119,93,6
20260906,NKD,cod,221,220,122,78,20
20260828,NKD,cod,223,222,121,92,9
20260803,NKD,cod,229,225,102,117,6
20260723,NKD,cod,231,227,107,117,3
20260722,NKD,cod,248,228,124,94,10
20260810,NKD,cod,231,230,85,136,9
20260807,NKD,cod,234,233,110,122,1
20260821,NKD,cod,242,239,108,126,5
20260802,NKD,cod,242,241,141,98,2
20260920,NKD,cod,278,243,161,69,13
20260708,NKD,cod,248,245,121,121,3
20260825,NKD,cod,248,246,130,116,0
20260820,NKD,cod,249,247,137,109,1
20260924,NKD,cod,250,248,95,148,5
20260728,NKD,cod,250,249,85,164,0
20260922,NKD,cod,249,249,128,112,9
20260712,NKD,cod,251,250,151,79,20
20260721,NKD,cod,253,252,141,109,2
20260719,NKD,cod,258,257,163,87,7
20260730,NKD,cod,260,257,71,123,63
20260927,NKD,cod,259,259,149,99,11
20260824,NKD,cod,260,260,125,135,0
20260901,NKD,cod,266,262,114,141,7
20260811,NKD,cod,266,266,154,99,13
20260727,NKD,cod,266,266,138,128,0
20260818,NKD,cod,271,269,146,123,0
20260804,NKD,cod,274,273,112,155,6
20260717,NKD,cod,274,274,126,139,9
20260714,NKD,cod,277,276,106,112,58
20261003,NKD,cod,282,282,137,145,0
20261002,NKD,cod,292,289,165,124,0
20260801,NKD,cod,293,292,150,133,9
20260724,NKD,cod,293,293,173,120,0
20260926,NKD,cod,293,293,143,145,5
20260725,NKD,cod,296,293,161,131,1
20260715,NKD,cod,296,294,162,102,30
20260917,NKD,cod,296,295,134,152,9
20260707,NKD,cod,302,296,106,154,36
20260718,NKD,cod,302,296,131,154,11
20260812,NKD,cod,303,299,113,141,45
20260912,NKD,cod,307,305,183,118,4
20260911,NKD,cod,305,305,138,157,10
20260822,NKD,cod,308,306,163,133,10
20260815,NKD,cod,310,308,118,172,18
20260819,NKD,cod,316,309,111,197,1
20260709,NKD,cod,314,310,178,125,7
20260806,NKD,cod,313,312,162,136,14
20260925,NKD,cod,314,313,166,88,59
20260903,NKD,cod,318,317,160,155,2
20260904,NKD,cod,317,317,150,161,6
20260808,NKD,cod,322,321,170,147,4
20260813,NKD,cod,325,325,113,201,11
20260814,NKD,cod,327,326,152,161,13
20260919,NKD,cod,337,332,149,143,40
20260716,NKD,cod,346,346,201,142,3
20260809,NKD,cod,353,351,189,146,16
20260711,NKD,cod,365,363,154,150,59
20260918,NKD,cod,369,369,177,164,28
20261001,NKD,cod,376,374,137,237,0
20260805,NKD,cod,428,428,130,296,2
20260905,NKD,cod,437,435,176,250,9
20260902,NKD,cod,475,475,249,224,2
20261005,NLH,pp,7,0,0,0,0
20260928,NLH,pp,11,10,8,2,0
20260930,NLH,pp,16,14,12,2,0
20261003,NLH,pp,18,16,16,0,0
20261001,NLH,pp,19,19,19,0,0
20260926,NLH,pp,23,22,22,0,0
20260929,NLH,pp,29,29,18,10,1
20260810,ORM,pp,1,0,0,0,0
20260801,ORM,pp,1,0,0,0,0
20260701,PBR,cod,1,0,0,0,0
20260627,PBR,cod,2,0,0,0,0
20261004,PBR,cod,2,0,0,0,0
20260703,PBR,cod,3,0,0,0,0
20260620,PBR,cod,1,0,0,0,0
20260804,PBR,pp,1,0,0,0,0
20260929,PBR,cod,1,0,0,0,0
20260706,PBR,cod,6,0,0,0,0
20260624,PBR,cod,1,0,0,0,0
20261005,PBR,pp,2,0,0,0,0
20261005,PBR,cod,2,0,0,0,0
20260930,PBR,cod,1,0,0,0,0
20260615,PBR,cod,1,0,0,0,0
20260728,PBR,pp,1,1,0,1,0
20260811,PBR,cod,1,1,1,0,0
20260803,PBR,pp,1,1,1,0,0
20260821,PBR,pp,1,1,1,0,0
20260727,PBR,pp,1,1,1,0,0
20260913,PBR,cod,1,1,0,1,0
20260708,PBR,cod,1,1,1,0,0
20260807,PBR,pp,1,1,0,1,0
20260731,PBR,pp,1,1,0,1,0
20260819,PBR,pp,1,1,1,0,0
20260916,PBR,pp,1,1,0,0,1
20260902,PBR,pp,1,1,1,0,0
20260708,PBR,pp,1,1,0,1,0
20260923,PBR,pp,1,1,0,1,0
20260716,PBR,pp,1,1,0,1,0
20260919,PBR,pp,1,1,1,0,0
20260911,PBR,pp,1,1,0,1,0
20260812,PBR,pp,1,1,0,1,0
20260710,PBR,pp,1,1,1,0,0
20260825,PBR,pp,1,1,1,0,0
20260718,PBR,cod,1,1,1,0,0
20260929,PBR,pp,1,1,1,0,0
20260724,PBR,pp,2,1,0,1,0
20260808,PBR,cod,2,1,1,0,0
20260805,PBR,pp,1,1,1,0,0
20260707,PBR,pp,1,1,1,0,0
20260722,PBR,cod,1,1,1,0,0
20260903,PBR,pp,1,1,0,1,0
20260814,PBR,pp,1,1,1,0,0
20260723,PBR,pp,1,1,1,0,0
20260928,PBR,cod,1,1,1,0,0
20260730,PBR,cod,1,1,1,0,0
20260729,PBR,cod,1,1,0,1,0
20260922,PBR,cod,1,1,1,0,0
20260810,PBR,cod,3,2,0,2,0
20260827,PBR,cod,3,2,0,0,2
20261003,PBR,cod,5,2,2,0,0
20260725,PBR,pp,2,2,1,0,1
20260924,PBR,pp,2,2,1,1,0
20260826,PBR,cod,3,2,1,1,0
20260718,PBR,pp,2,2,2,0,0
20260921,PBR,pp,2,2,1,1,0
20260715,PBR,cod,2,2,2,0,0
20260904,PBR,pp,2,2,1,1,0
20260720,PBR,pp,3,2,2,0,0
20260831,PBR,pp,2,2,1,1,0
20260811,PBR,pp,2,2,2,0,0
20260714,PBR,cod,3,2,0,2,0
20260817,PBR,pp,2,2,1,0,1
20260917,PBR,pp,2,2,2,0,0
20260713,PBR,pp,2,2,2,0,0
20260710,PBR,cod,2,2,2,0,0
20260822,PBR,pp,3,2,1,0,1
20260908,PBR,cod,2,2,1,1,0
20260813,PBR,pp,3,2,2,0,0
20260730,PBR,pp,2,2,1,1,0
20260909,PBR,cod,2,2,1,1,0
20260907,PBR,cod,3,2,0,2,0
20260907,PBR,pp,2,2,1,1,0
20260822,PBR,cod,3,3,1,0,2
20260902,PBR,cod,4,3,2,1,0
20260717,PBR,cod,4,3,2,1,0
20260917,PBR,cod,3,3,2,1,0
20260928,PBR,pp,3,3,1,2,0
20260901,PBR,cod,4,3,1,2,0
20260807,PBR,cod,3,3,0,3,0
20260814,PBR,cod,3,3,2,0,1
20261001,PBR,cod,4,3,1,0,2
20260910,PBR,pp,3,3,3,0,0
20260709,PBR,cod,3,3,2,1,0
20260911,PBR,cod,4,3,3,0,0
20260914,PBR,pp,3,3,0,3,0
20260801,PBR,cod,3,3,2,0,1
20260724,PBR,cod,4,3,1,2,0
20260813,PBR,cod,3,3,2,1,0
20260918,PBR,cod,3,3,1,1,1
20260827,PBR,pp,3,3,3,0,0
20260820,PBR,cod,4,4,2,2,0
20260812,PBR,cod,5,4,2,2,0
20260819,PBR,cod,4,4,3,1,0
20260824,PBR,pp,4,4,2,2,0
20260912,PBR,cod,4,4,4,0,0
20261002,PBR,cod,4,4,0,4,0
20260721,PBR,cod,4,4,3,1,0
20260919,PBR,cod,5,4,3,0,1
20260926,PBR,cod,4,4,2,1,1
20260804,PBR,cod,5,4,3,1,0
20260824,PBR,cod,4,4,2,2,0
20260818,PBR,cod,4,4,1,3,0
20260903,PBR,cod,5,5,2,2,1
20260829,PBR,cod,9,5,2,0,3
20260904,PBR,cod,6,5,3,1,1
20260923,PBR,cod,5,5,5,0,0
20260725,PBR,cod,5,5,3,0,2
20260713,PBR,cod,6,5,5,0,0
20260707,PBR,cod,6,6,4,1,1
20260727,PBR,cod,6,6,4,2,0
20260731,PBR,cod,6,6,5,1,0
20260723,PBR,cod,7,6,0,2,4
20260711,PBR,cod,7,6,3,0,3
20260924,PBR,cod,7,6,4,1,1
20260825,PBR,cod,8,7,4,3,0
20260720,PBR,cod,7,7,7,0,0
20260914,PBR,cod,7,7,2,4,1
20260916,PBR,cod,7,7,4,3,0
20260817,PBR,cod,7,7,5,2,0
20260803,PBR,cod,10,8,5,2,1
20260831,PBR,cod,8,8,7,0,1
20260716,PBR,cod,9,8,4,4,0
20260921,PBR,cod,10,9,7,2,0
20260910,PBR,cod,9,9,3,6,0
20260927,PEP,pp,2,0,0,0,0
20260819,PEP,pp,2,0,0,0,0
20260722,PEP,pp,1,0,0,0,0
20260809,PEP,pp,1,0,0,0,0
20260916,PEP,pp,1,0,0,0,0
20260723,PEP,pp,4,0,0,0,0
20260714,PEP,pp,1,0,0,0,0
20260830,PEP,pp,1,0,0,0,0
20260720,PEP,pp,1,0,0,0,0
20260926,PEP,pp,2,0,0,0,0
20260914,PEP,pp,6,0,0,0,0
20260713,PEP,pp,2,0,0,0,0
20260810,PEP,pp,6,0,0,0,0
20260726,PEP,pp,2,0,0,0,0
20260820,PEP,pp,6,0,0,0,0
20260630,PEP,pp,3,0,0,0,0
20260917,PEP,pp,3,0,0,0,0
20260703,PEP,pp,12,0,0,0,0
20260801,PEP,pp,4,0,0,0,0
20260707,PEP,pp,2,0,0,0,0
20260716,PEP,pp,4,0,0,0,0
20260905,PEP,pp,1,0,0,0,0
20261002,PEP,pp,2,0,0,0,0
20260817,PEP,pp,1,0,0,0,0
20260922,PEP,pp,1,0,0,0,0
20260727,PEP,pp,2,0,0,0,0
20260930,PEP,pp,2,0,0,0,0
20260802,PEP,pp,1,0,0,0,0
20261004,PEP,pp,2,0,0,0,0
20260702,PEP,pp,9,0,0,0,0
20260913,PEP,pp,1,0,0,0,0
20260704,PEP,pp,6,0,0,0,0
20260928,PEP,pp,1,0,0,0,0
20260920,PEP,pp,4,0,0,0,0
20260906,PEP,pp,4,0,0,0,0
20260730,PEP,pp,3,0,0,0,0
20260715,PEP,pp,1,0,0,0,0
20261005,PEP,pp,3,0,0,0,0
20260731,PEP,pp,1,0,0,0,0
20260904,PEP,pp,2,0,0,0,0
20260807,PEP,pp,5,0,0,0,0
20260719,PEP,pp,2,0,0,0,0
20260805,PEP,pp,1,0,0,0,0
20260627,PEP,pp,1,0,0,0,0
20260823,PEP,pp,5,0,0,0,0
20260728,PEP,pp,2,0,0,0,0
20261001,PEP,pp,1,0,0,0,0
20260712,PEP,pp,4,0,0,0,0
20260725,PEP,pp,1,0,0,0,0
20260829,PEP,pp,5,0,0,0,0
20260919,PEP,pp,2,0,0,0,0
20260909,PEP,pp,4,0,0,0,0
20260812,PEP,pp,4,0,0,0,0
20260825,PEP,pp,2,1,0,1,0
20260814,PEP,pp,4,1,0,0,1
20260910,PEP,pp,6,1,0,1,0
20260929,PEP,pp,11,1,0,1,0
20260709,PEP,pp,8,1,1,0,0
20260826,PEP,pp,6,2,2,0,0
20260923,PEP,pp,3,2,2,0,0
20260902,PEP,pp,3,2,1,0,1
20260911,PEP,pp,7,2,0,0,2
20260821,PEP,pp,5,3,0,3,0
20260921,PEP,pp,4,3,1,0,2
20260903,PEP,pp,5,3,3,0,0
20260711,PEP,pp,4,3,0,0,3
20260824,PEP,pp,4,3,0,0,3
20260915,PEP,pp,13,4,0,0,4
20260907,PEP,pp,5,4,4,0,0
20260924,PEP,pp,8,5,5,0,0
20261003,PEP,pp,5,5,5,0,0
20260811,PEP,pp,6,5,0,0,5
20260831,PEP,pp,8,6,0,0,6
20260828,PEP,pp,12,8,0,8,0
20260827,PEP,pp,9,9,8,0,1
20260710,PEP,pp,10,9,0,0,9
20260721,PEP,pp,15,13,0,0,13
20260617,PRE,pp,2,0,0,0,0
20260620,PRE,pp,1,0,0,0,0
20260619,PRE,pp,1,0,0,0,0
20260618,PRE,pp,1,0,0,0,0
20260610,PRE,pp,1,0,0,0,0
20260702,PRH,cod,5,0,0,0,0
20260705,PRH,pp,39,0,0,0,0
20260701,PRH,pp,25,0,0,0,0
20260509,PRH,pp,1,0,0,0,0
20260619,PRH,pp,1,0,0,0,0
20260525,PRH,pp,1,0,0,0,0
20260706,PRH,pp,153,0,0,0,0
20260618,PRH,cod,1,0,0,0,0
20260611,PRH,pp,1,0,0,0,0
20261005,PRH,pp,43,0,0,0,0
20260626,PRH,pp,2,0,0,0,0
20260706,PRH,cod,17,0,0,0,0
20260701,PRH,cod,5,0,0,0,0
20260623,PRH,cod,13,0,0,0,0
20260624,PRH,cod,1,0,0,0,0
20260630,PRH,pp,22,0,0,0,0
20260628,PRH,cod,1,0,0,0,0
20260703,PRH,pp,61,0,0,0,0
20260416,PRH,pp,1,0,0,0,0
20260702,PRH,pp,70,0,0,0,0
20260628,PRH,pp,1,0,0,0,0
20260703,PRH,cod,8,0,0,0,0
20260627,PRH,pp,8,0,0,0,0
20260530,PRH,cod,1,0,0,0,0
20260629,PRH,cod,5,0,0,0,0
20260625,PRH,pp,1,0,0,0,0
20260620,PRH,pp,104,0,0,0,0
20261005,PRH,cod,12,0,0,0,0
20260210,PRH,cod,1,0,0,0,0
20260629,PRH,pp,11,0,0,0,0
20260704,PRH,cod,14,0,0,0,0
20260630,PRH,cod,1,0,0,0,0
20260604,PRH,pp,2,0,0,0,0
20260705,PRH,cod,12,0,0,0,0
20260620,PRH,cod,15,0,0,0,0
20260704,PRH,pp,76,0,0,0,0
20260612,PRH,pp,1,0,0,0,0
20260828,PRH,cod,1,1,1,0,0
20260726,PRH,cod,2,2,0,2,0
20261002,PRH,cod,3,2,2,0,0
20260906,PRH,cod,3,2,0,2,0
20260815,PRH,cod,2,2,0,2,0
20260913,PRH,cod,3,3,3,0,0
20260719,PRH,cod,3,3,2,1,0
20261004,PRH,cod,3,3,3,0,0
20260910,PRH,cod,3,3,2,1,0
20260905,PRH,cod,4,4,3,0,1
20260929,PRH,cod,7,5,2,2,1
20260714,PRH,cod,5,5,3,2,0
20260823,PRH,cod,6,5,4,1,0
20260802,PRH,cod,7,6,4,1,1
20260920,PRH,cod,6,6,3,3,0
20260918,PRH,cod,6,6,6,0,0
20260922,PRH,cod,7,6,4,1,1
20260707,PRH,cod,12,6,1,4,1
20261001,PRH,cod,10,7,6,1,0
20260904,PRH,cod,7,7,3,2,2
20260906,PRH,pp,7,7,3,4,0
20260712,PRH,cod,7,7,3,4,0
20260715,PRH,cod,10,7,4,3,0
20260821,PRH,cod,8,8,5,3,0
20260920,PRH,pp,8,8,1,3,4
20260815,PRH,pp,15,8,6,1,1
20260830,PRH,cod,10,8,2,6,0
20260724,PRH,cod,10,9,3,6,0
20260909,PRH,cod,11,9,7,2,0
20260913,PRH,pp,11,9,6,1,2
20260708,PRH,cod,10,9,6,2,1
20260801,PRH,cod,10,10,5,2,3
20261003,PRH,cod,17,10,4,6,0
20260717,PRH,cod,11,10,8,2,0
20260927,PRH,cod,13,10,1,5,4
20260924,PRH,cod,12,10,8,2,0
20261004,PRH,pp,11,10,10,0,0
20260912,PRH,cod,11,10,8,0,2
20260710,PRH,cod,12,10,4,5,1
20260930,PRH,cod,16,11,5,6,0
20260919,PRH,cod,11,11,9,0,2
20260816,PRH,cod,11,11,5,5,1
20260824,PRH,cod,11,11,7,3,1
20260914,PRH,cod,12,11,7,4,0
20260722,PRH,cod,11,11,10,0,1
20260716,PRH,cod,11,11,8,3,0
20260822,PRH,cod,12,11,9,2,0
20260916,PRH,cod,11,11,8,0,3
20260907,PRH,cod,12,12,6,5,1
20260731,PRH,cod,13,12,9,3,0
20260718,PRH,cod,13,12,5,3,4
20260924,PRH,pp,14,12,8,4,0
20260828,PRH,pp,14,12,5,5,2
20260819,PRH,cod,14,13,6,7,0
20260908,PRH,cod,13,13,11,2,0
20260903,PRH,cod,13,13,7,5,1
20260917,PRH,cod,13,13,10,2,1
20260713,PRH,cod,14,13,9,3,1
20260923,PRH,cod,14,13,12,1,0
20260823,PRH,pp,22,14,4,10,0
20260814,PRH,cod,14,14,9,0,5
20260921,PRH,cod,14,14,12,2,0
20260915,PRH,cod,14,14,11,2,1
20260723,PRH,cod,16,14,6,7,1
20260804,PRH,cod,16,15,7,7,1
20260711,PRH,cod,15,15,12,0,3
20260908,PRH,pp,21,15,6,8,1
20260902,PRH,cod,15,15,10,4,1
20261003,PRH,pp,31,15,15,0,0
20260901,PRH,cod,16,16,7,9,0
20260911,PRH,cod,18,16,15,1,0
20260709,PRH,cod,18,17,15,2,0
20260725,PRH,cod,17,17,14,2,1
20260826,PRH,cod,18,17,12,5,0
20261001,PRH,pp,29,17,13,2,2
20260721,PRH,cod,18,17,9,6,2
20260727,PRH,cod,17,17,9,7,1
20260927,PRH,pp,28,17,4,6,7
20261002,PRH,pp,21,18,4,14,0
20260825,PRH,cod,18,18,10,8,0
20260831,PRH,cod,19,18,15,3,0
20260730,PRH,cod,19,18,12,4,2
20260728,PRH,cod,20,19,15,3,1
20260720,PRH,cod,21,19,15,0,4
20260817,PRH,cod,20,19,10,5,4
20260818,PRH,cod,19,19,9,6,4
20260925,PRH,cod,19,19,8,10,1
20260912,PRH,pp,29,20,18,0,2
20260803,PRH,cod,20,20,10,6,4
20260928,PRH,cod,23,20,6,13,1
20260829,PRH,cod,20,20,7,4,9
20260827,PRH,cod,25,22,11,1,10
20260926,PRH,cod,25,23,16,2,5
20260904,PRH,pp,24,23,17,6,0
20260805,PRH,cod,29,24,11,9,4
20260820,PRH,cod,25,24,14,8,2
20260806,PRH,cod,26,25,17,7,1
20260729,PRH,cod,29,26,16,6,4
20260726,PRH,pp,33,26,16,10,0
20260807,PRH,cod,28,27,13,13,1
20260926,PRH,pp,38,28,9,5,14
20260811,PRH,cod,35,28,8,6,14
20260909,PRH,pp,30,28,21,5,2
20260816,PRH,pp,34,28,16,12,0
20260916,PRH,pp,33,28,12,12,4
20260905,PRH,pp,34,30,18,5,7
20260802,PRH,pp,34,31,15,12,4
20260910,PRH,pp,34,31,18,12,1
20260922,PRH,pp,35,33,19,13,1
20260917,PRH,pp,48,35,13,14,8
20260719,PRH,pp,49,36,17,18,1
20260813,PRH,cod,49,36,19,12,5
20260911,PRH,pp,40,36,17,16,3
20260809,PRH,cod,48,36,22,10,4
20260809,PRH,pp,37,36,29,2,5
20260829,PRH,pp,46,37,13,2,22
20260914,PRH,pp,42,38,18,20,0
20260919,PRH,pp,41,39,32,4,3
20260918,PRH,pp,42,39,26,9,4
20260923,PRH,pp,45,40,24,9,7
20260915,PRH,pp,44,40,15,11,14
20260925,PRH,pp,45,40,25,11,4
20260812,PRH,cod,49,40,17,20,3
20260731,PRH,pp,44,41,33,6,2
20260810,PRH,cod,50,42,30,4,8
20260929,PRH,pp,57,43,13,15,15
20260819,PRH,pp,47,43,10,33,0
20260907,PRH,pp,47,44,23,19,2
20260830,PRH,pp,46,45,1,43,1
20260724,PRH,pp,55,46,27,15,4
20260712,PRH,pp,47,47,30,16,1
20260930,PRH,pp,53,48,21,20,7
20260921,PRH,pp,56,51,38,10,3
20260808,PRH,cod,55,52,1,1,50
20260722,PRH,pp,57,53,29,14,10
20260821,PRH,pp,58,53,31,22,0
20260807,PRH,pp,66,55,34,17,4
20260725,PRH,pp,64,56,28,7,21
20260901,PRH,pp,68,58,31,27,0
20260831,PRH,pp,81,59,21,36,2
20260730,PRH,pp,63,60,34,23,3
20260723,PRH,pp,68,60,30,20,10
20260718,PRH,pp,71,60,28,16,16
20260814,PRH,pp,67,61,40,1,20
20260711,PRH,pp,75,61,27,6,28
20260822,PRH,pp,72,62,45,4,13
20260902,PRH,pp,68,63,29,31,3
20260811,PRH,pp,76,63,12,17,34
20260824,PRH,pp,71,64,25,32,7
20260805,PRH,pp,84,64,41,21,2
20260721,PRH,pp,77,66,47,13,6
20260729,PRH,pp,78,66,50,12,4
20260714,PRH,pp,73,66,25,33,8
20260717,PRH,pp,82,68,39,24,5
20260728,PRH,pp,98,69,19,45,5
20260715,PRH,pp,82,69,45,20,4
20260820,PRH,pp,69,69,42,24,3
20260928,PRH,pp,88,72,38,31,3
20260818,PRH,pp,75,72,39,12,21
20260801,PRH,pp,77,73,49,9,15
20260825,PRH,pp,87,76,35,39,2
20260806,PRH,pp,83,78,39,32,7
20260716,PRH,pp,94,83,44,32,7
20260903,PRH,pp,98,86,22,63,1
20260707,PRH,pp,93,90,65,23,2
20260713,PRH,pp,103,91,41,40,10
20260804,PRH,pp,104,93,59,31,3
20260710,PRH,pp,110,94,76,17,1
20260803,PRH,pp,106,97,64,26,7
20260827,PRH,pp,112,99,44,8,47
20260727,PRH,pp,120,99,70,20,9
20260708,PRH,pp,108,101,85,8,8
20260720,PRH,pp,112,103,48,54,1
20260826,PRH,pp,116,106,45,60,1
20260709,PRH,pp,113,110,77,32,1
20260812,PRH,pp,129,114,34,66,14
20260817,PRH,pp,134,120,66,46,8
20260808,PRH,pp,129,121,32,26,63
20260813,PRH,pp,166,156,112,39,5
20260810,PRH,pp,242,201,67,123,11
20260722,PWL,pp,1,0,0,0,0
20261005,PWL,cod,1,0,0,0,0
20260920,PWL,pp,1,0,0,0,0
20260706,PWL,pp,1,0,0,0,0
20260729,PWL,pp,1,0,0,0,0
20260731,PWL,pp,2,0,0,0,0
20260827,PWL,pp,2,1,1,0,0
20260821,PWL,pp,1,1,1,0,0
20260915,PWL,pp,1,1,0,1,0
20260909,PWL,cod,1,1,0,1,0
20260824,PWL,cod,1,1,1,0,0
20260904,PWL,pp,1,1,0,1,0
20260909,PWL,pp,1,1,0,1,0
20260921,PWL,pp,1,1,1,0,0
20260903,PWL,pp,1,1,1,0,0
20260906,PWL,cod,1,1,0,1,0
20260826,PWL,cod,1,1,1,0,0
20260902,PWL,pp,1,1,1,0,0
20260921,PWL,cod,1,1,1,0,0
20260810,PWL,cod,1,1,0,1,0
20260928,PWL,pp,2,1,1,0,0
20260821,PWL,cod,1,1,1,0,0
20260816,PWL,cod,2,2,1,1,0
20260818,PWL,pp,2,2,2,0,0
20260901,PWL,pp,2,2,0,2,0
20260823,PWL,pp,2,2,2,0,0
20260822,PWL,pp,3,2,2,0,0
20260831,PWL,pp,2,2,2,0,0
20260812,PWL,cod,2,2,2,0,0
20260813,PWL,pp,3,3,3,0,0
20260817,PWL,pp,4,3,2,1,0
20260826,PWL,pp,3,3,2,1,0
20260928,PWL,cod,6,3,3,0,0
20260808,PWL,pp,4,4,0,0,4
20260829,PWL,pp,4,4,4,0,0
20260910,PWL,pp,4,4,4,0,0
20260819,PWL,pp,5,5,4,0,1
20260825,PWL,pp,5,5,0,5,0
20260820,PWL,pp,5,5,5,0,0
20260805,PWL,pp,5,5,5,0,0
20260811,PWL,pp,5,5,5,0,0
20260824,PWL,pp,6,6,6,0,0
20260814,PWL,pp,7,7,7,0,0
20260810,PWL,pp,11,8,1,7,0
20260809,PWL,pp,8,8,0,8,0
20260816,PWL,pp,10,10,4,6,0
20260812,PWL,pp,11,11,11,0,0
20260626,REH,pp,1,0,0,0,0
20260619,REH,pp,2,0,0,0,0
20260418,REH,pp,1,0,0,0,0
20260425,REH,pp,1,0,0,0,0
20260622,REH,pp,2,0,0,0,0
20260616,REH,pp,2,0,0,0,0
20260625,REH,pp,1,0,0,0,0
20260629,REH,pp,3,0,0,0,0
20260630,REH,pp,18,0,0,0,0
20260608,REH,pp,1,0,0,0,0
20260702,REH,pp,77,0,0,0,0
20260704,REH,pp,20,0,0,0,0
20260610,REH,pp,1,0,0,0,0
20260701,REH,pp,35,0,0,0,0
20260627,REH,pp,1,0,0,0,0
20260706,REH,pp,14,0,0,0,0
20260703,REH,pp,96,0,0,0,0
20260623,REH,pp,1,0,0,0,0
20261005,REH,pp,236,0,0,0,0
20260712,REH,pp,1,1,0,1,0
20260708,REH,pp,3,2,2,0,0
20260709,REH,pp,7,4,4,0,0
20260707,REH,pp,8,6,6,0,0
20260710,REH,pp,8,8,8,0,0
20260711,REH,pp,14,14,8,6,0
20260823,REH,pp,26,26,0,26,0
20261002,REH,pp,26,26,26,0,0
20260927,REH,pp,26,26,14,12,0
20260906,REH,pp,35,35,34,1,0
20260801,REH,pp,60,60,60,0,0
20260803,REH,pp,67,67,50,17,0
20260814,REH,pp,73,73,64,0,9
20260718,REH,pp,74,74,71,3,0
20260729,REH,pp,80,79,76,3,0
20260924,REH,pp,82,82,15,65,2
20260722,REH,pp,85,85,71,14,0
20260724,REH,pp,93,91,84,5,2
20260720,REH,pp,93,92,92,0,0
20260721,REH,pp,92,92,88,4,0
20260828,REH,pp,93,93,84,8,1
20260923,REH,pp,93,93,50,36,7
20260831,REH,pp,96,95,64,30,1
20260916,REH,pp,97,97,83,13,1
20260817,REH,pp,108,103,103,0,0
20260807,REH,pp,107,107,107,0,0
20260808,REH,pp,108,107,104,0,3
20260805,REH,pp,111,111,96,15,0
20260905,REH,pp,114,114,114,0,0
20260727,REH,pp,115,115,115,0,0
20260731,REH,pp,119,119,94,25,0
20260806,REH,pp,122,122,115,7,0
20260717,REH,pp,123,123,69,54,0
20260713,REH,pp,125,123,118,5,0
20260818,REH,pp,124,124,120,4,0
20261004,REH,pp,142,124,124,0,0
20260728,REH,pp,127,125,124,1,0
20260802,REH,pp,130,129,122,6,1
20260811,REH,pp,130,130,130,0,0
20260822,REH,pp,136,132,117,15,0
20260903,REH,pp,136,136,134,2,0
20260730,REH,pp,136,136,134,2,0
20260820,REH,pp,142,142,131,0,11
20260930,REH,pp,147,144,95,49,0
20260826,REH,pp,150,145,117,28,0
20260725,REH,pp,147,147,147,0,0
20260919,REH,pp,149,148,142,0,6
20260827,REH,pp,152,150,109,41,0
20261001,REH,pp,150,150,112,38,0
20260825,REH,pp,153,153,115,37,1
20260723,REH,pp,156,156,156,0,0
20260813,REH,pp,157,157,85,72,0
20261003,REH,pp,158,158,145,13,0
20260929,REH,pp,161,161,60,73,28
20260714,REH,pp,165,162,162,0,0
20260804,REH,pp,164,163,134,29,0
20260918,REH,pp,166,166,83,83,0
20260909,REH,pp,174,169,168,1,0
20260819,REH,pp,180,170,148,22,0
20260921,REH,pp,171,170,169,1,0
20260719,REH,pp,178,171,166,2,3
20260908,REH,pp,172,172,172,0,0
20260922,REH,pp,176,175,167,8,0
20260902,REH,pp,177,177,171,6,0
20260829,REH,pp,180,179,130,0,49
20260907,REH,pp,191,181,171,9,1
20260911,REH,pp,184,184,163,21,0
20260915,REH,pp,186,186,186,0,0
20260810,REH,pp,189,189,189,0,0
20260904,REH,pp,192,191,170,20,1
20260925,REH,pp,198,198,182,16,0
20260824,REH,pp,199,199,142,57,0
20260910,REH,pp,200,200,184,16,0
20260716,REH,pp,202,200,192,8,0
20260715,REH,pp,205,205,194,11,0
20260917,REH,pp,211,211,211,0,0
20260812,REH,pp,214,214,186,28,0
20260901,REH,pp,218,217,183,34,0
20260926,REH,pp,229,228,210,1,17
20260912,REH,pp,305,304,298,0,6
20260928,REH,pp,330,329,321,8,0
20260703,RHH,pp,1,0,0,0,0
20260811,RHH,pp,1,0,0,0,0
20260706,RHH,pp,2,0,0,0,0
20260702,RHH,pp,7,0,0,0,0
20260902,RHH,pp,1,1,1,0,0
20260810,RHH,pp,1,1,1,0,0
20260729,RHH,pp,1,1,1,0,0
20260922,RHH,pp,1,1,0,1,0
20260918,RHH,pp,1,1,1,0,0
20260923,RHH,pp,1,1,1,0,0
20260905,RHH,pp,1,1,1,0,0
20260724,RHH,pp,2,1,0,1,0
20260804,RHH,pp,1,1,0,1,0
20260805,RHH,pp,2,1,1,0,0
20260916,RHH,pp,1,1,1,0,0
20260908,RHH,pp,2,2,1,0,1
20260813,RHH,pp,2,2,2,0,0
20260728,RHH,pp,2,2,0,2,0
20260828,RHH,pp,2,2,0,0,2
20260915,RHH,pp,2,2,0,2,0
20260819,RHH,pp,2,2,2,0,0
20260807,RHH,pp,2,2,0,1,1
20260904,RHH,pp,2,2,0,2,0
20260717,RHH,pp,2,2,2,0,0
20260721,RHH,pp,2,2,0,0,2
20260910,RHH,pp,2,2,0,2,0
20260911,RHH,pp,2,2,2,0,0
20260821,RHH,pp,2,2,1,1,0
20260827,RHH,pp,2,2,0,2,0
20260825,RHH,pp,3,3,3,0,0
20260907,RHH,pp,3,3,3,0,0
20260806,RHH,pp,4,3,3,0,0
20260730,RHH,pp,3,3,3,0,0
20260713,RHH,pp,3,3,2,0,1
20260912,RHH,pp,3,3,3,0,0
20260820,RHH,pp,5,4,4,0,0
20260826,RHH,pp,4,4,4,0,0
20260723,RHH,pp,6,6,6,0,0
20260703,RHY,pp,1,0,0,0,0
20260616,RHY,pp,1,0,0,0,0
20260629,RHY,pp,2,0,0,0,0
20260624,RHY,pp,1,0,0,0,0
20260706,RHY,pp,10,0,0,0,0
20260625,RHY,pp,2,0,0,0,0
20260702,RHY,pp,12,0,0,0,0
20260914,RHY,pp,1,1,1,0,0
20260714,RHY,pp,2,2,2,0,0
20260715,RHY,pp,2,2,2,0,0
20260708,RHY,pp,9,3,0,0,3
20260811,RHY,pp,9,3,3,0,0
20260710,RHY,pp,3,3,2,0,1
20260709,RHY,pp,3,3,0,0,3
20260806,RHY,pp,4,4,0,2,2
20260723,RHY,pp,6,4,1,0,3
20260720,RHY,pp,4,4,0,4,0
20260805,RHY,pp,7,6,5,0,1
20260721,RHY,pp,6,6,2,2,2
20260725,RHY,pp,6,6,6,0,0
20260909,RHY,pp,7,7,6,1,0
20260808,RHY,pp,8,7,0,0,7
20260910,RHY,pp,8,8,7,1,0
20260727,RHY,pp,8,8,8,0,0
20260828,RHY,pp,8,8,2,0,6
20260817,RHY,pp,8,8,7,1,0
20260916,RHY,pp,9,9,8,1,0
20260814,RHY,pp,10,9,4,0,5
20260803,RHY,pp,9,9,0,9,0
20260825,RHY,pp,10,10,10,0,0
20260729,RHY,pp,10,10,8,1,1
20260810,RHY,pp,21,10,2,2,6
20260907,RHY,pp,10,10,3,7,0
20260903,RHY,pp,10,10,10,0,0
20260718,RHY,pp,10,10,9,0,1
20260918,RHY,pp,11,11,9,0,2
20260919,RHY,pp,11,11,10,0,1
20260911,RHY,pp,11,11,9,0,2
20260822,RHY,pp,12,12,9,0,3
20260912,RHY,pp,13,13,13,0,0
20260731,RHY,pp,13,13,12,1,0
20260724,RHY,pp,13,13,8,5,0
20260821,RHY,pp,13,13,11,2,0
20260831,RHY,pp,14,14,10,4,0
20260819,RHY,pp,15,14,13,1,0
20260921,RHY,pp,15,15,5,10,0
20260801,RHY,pp,15,15,15,0,0
20260902,RHY,pp,15,15,15,0,0
20260829,RHY,pp,15,15,7,6,2
20260905,RHY,pp,16,16,15,0,1
20260722,RHY,pp,16,16,10,4,2
20260818,RHY,pp,17,17,13,2,2
20260807,RHY,pp,18,17,2,1,14
20260826,RHY,pp,18,17,17,0,0
20260730,RHY,pp,17,17,13,4,0
20260713,RHY,pp,19,18,13,0,5
20260804,RHY,pp,20,19,5,5,9
20260922,RHY,pp,19,19,3,14,2
20260717,RHY,pp,20,20,15,4,1
20260923,RHY,pp,21,21,11,6,4
20260728,RHY,pp,21,21,0,20,1
20260901,RHY,pp,21,21,21,0,0
20260813,RHY,pp,35,23,11,8,4
20260908,RHY,pp,26,25,23,1,1
20260917,RHY,pp,26,25,24,1,0
20260824,RHY,pp,30,28,8,20,0
20260904,RHY,pp,28,28,27,0,1
20260827,RHY,pp,33,31,24,4,3
20260915,RHY,pp,34,34,21,9,4
20260820,RHY,pp,37,37,28,9,0
20260615,RLL,cod,1,0,0,0,0
20260703,RLL,pp,8,0,0,0,0
20260622,RLL,cod,2,0,0,0,0
20260701,RLL,cod,2,0,0,0,0
20260628,RLL,pp,1,0,0,0,0
20260701,RLL,pp,2,0,0,0,0
20260616,RLL,pp,1,0,0,0,0
20260624,RLL,cod,1,0,0,0,0
20260629,RLL,pp,1,0,0,0,0
20260704,RLL,pp,7,0,0,0,0
20260703,RLL,cod,4,0,0,0,0
20260619,RLL,pp,2,0,0,0,0
20260630,RLL,pp,1,0,0,0,0
20260704,RLL,cod,1,0,0,0,0
20260706,RLL,pp,15,0,0,0,0
20260702,RLL,pp,6,0,0,0,0
20260627,RLL,pp,1,0,0,0,0
20260929,RLL,cod,2,0,0,0,0
20260706,RLL,cod,6,0,0,0,0
20260605,RLL,cod,1,0,0,0,0
20260626,RLL,pp,1,0,0,0,0
20260624,RLL,pp,1,0,0,0,0
20260509,RLL,pp,2,0,0,0,0
20260702,RLL,cod,1,0,0,0,0
20261004,RLL,pp,2,0,0,0,0
20260630,RLL,cod,2,0,0,0,0
20261005,RLL,pp,5,0,0,0,0
20260928,RLL,cod,1,0,0,0,0
20260805,RLL,cod,1,1,1,0,0
20260811,RLL,cod,1,1,0,0,1
20260820,RLL,cod,1,1,1,0,0
20260815,RLL,pp,1,1,0,1,0
20260802,RLL,pp,1,1,1,0,0
20260726,RLL,pp,3,1,0,1,0
20260810,RLL,cod,1,1,0,1,0
20260816,RLL,pp,1,1,0,1,0
20260715,RLL,cod,2,1,1,0,0
20260925,RLL,pp,2,1,0,0,1
20260722,RLL,cod,1,1,0,1,0
20260712,RLL,pp,1,1,0,0,1
20260916,RLL,pp,3,1,0,1,0
20260801,RLL,cod,1,1,1,0,0
20260919,RLL,pp,1,1,0,0,1
20260905,RLL,pp,1,1,0,0,1
20260716,RLL,cod,2,1,0,0,1
20260707,RLL,cod,1,1,1,0,0
20260923,RLL,pp,1,1,1,0,0
20260806,RLL,cod,2,1,0,1,0
20261001,RLL,pp,5,1,0,0,1
20260719,RLL,pp,3,2,0,1,1
20260902,RLL,cod,2,2,2,0,0
20260725,RLL,cod,2,2,2,0,0
20260904,RLL,pp,2,2,1,1,0
20260727,RLL,cod,3,2,0,2,0
20261003,RLL,pp,6,2,2,0,0
20260817,RLL,cod,2,2,2,0,0
20260911,RLL,pp,2,2,0,2,0
20260924,RLL,pp,2,2,1,1,0
20260826,RLL,cod,2,2,0,2,0
20260822,RLL,cod,2,2,0,0,2
20260730,RLL,cod,3,2,1,1,0
20260922,RLL,cod,2,2,0,2,0
20260714,RLL,cod,2,2,0,0,2
20260729,RLL,cod,3,3,3,0,0
20260914,RLL,pp,4,3,2,1,0
20260915,RLL,pp,4,3,0,3,0
20260804,RLL,cod,3,3,0,3,0
20260713,RLL,cod,3,3,0,2,1
20260906,RLL,pp,4,4,0,1,3
20260710,RLL,cod,4,4,0,3,1
20260723,RLL,cod,4,4,4,0,0
20260918,RLL,pp,4,4,1,1,2
20260717,RLL,pp,6,5,1,4,0
20260818,RLL,pp,7,5,1,3,1
20260711,RLL,pp,6,5,2,0,3
20260808,RLL,pp,7,5,0,0,5
20260912,RLL,pp,5,5,1,0,4
20260907,RLL,cod,5,5,5,0,0
20260827,RLL,pp,5,5,3,0,2
20260928,RLL,pp,5,5,0,4,1
20260728,RLL,cod,6,5,1,2,2
20260930,RLL,pp,6,6,0,6,0
20260825,RLL,pp,6,6,1,4,1
20260921,RLL,pp,6,6,1,5,0
20260922,RLL,pp,6,6,2,4,0
20260812,RLL,pp,7,7,2,3,2
20260725,RLL,pp,10,7,2,1,4
20260801,RLL,pp,7,7,0,0,7
20260821,RLL,pp,8,7,3,4,0
20260819,RLL,cod,7,7,0,7,0
20260902,RLL,pp,7,7,4,2,1
20260807,RLL,pp,8,8,4,4,0
20260818,RLL,cod,8,8,1,7,0
20260908,RLL,cod,8,8,1,0,7
20260929,RLL,pp,9,8,1,5,2
20260718,RLL,pp,8,8,1,2,5
20260901,RLL,pp,8,8,5,2,1
20260707,RLL,pp,8,8,3,5,0
20260917,RLL,pp,9,8,2,6,0
20260806,RLL,pp,10,9,1,6,2
20260708,RLL,pp,11,9,6,2,1
20260909,RLL,pp,10,9,4,5,0
20260826,RLL,pp,10,10,3,7,0
20260821,RLL,cod,12,10,0,10,0
20260824,RLL,cod,10,10,10,0,0
20260819,RLL,pp,11,10,10,0,0
20260831,RLL,cod,11,11,0,11,0
20260825,RLL,cod,11,11,2,9,0
20260908,RLL,pp,14,12,3,4,5
20260729,RLL,pp,13,12,6,6,0
20260822,RLL,pp,14,12,1,1,10
20260903,RLL,cod,12,12,0,12,0
20260817,RLL,pp,13,12,11,1,0
20260731,RLL,pp,13,12,7,2,3
20260926,RLL,pp,13,13,0,1,12
20260820,RLL,pp,14,13,2,10,1
20260721,RLL,pp,13,13,8,2,3
20260716,RLL,pp,17,14,8,5,1
20260730,RLL,pp,14,14,4,3,7
20260903,RLL,pp,19,14,1,13,0
20260803,RLL,pp,18,15,4,11,0
20260811,RLL,pp,15,15,5,6,4
20260722,RLL,pp,17,16,6,5,5
20260907,RLL,pp,17,16,12,2,2
20260813,RLL,pp,17,16,7,9,0
20260910,RLL,pp,17,17,13,3,1
20260714,RLL,pp,19,18,5,10,3
20260810,RLL,pp,19,18,9,9,0
20260709,RLL,pp,19,18,7,9,2
20260824,RLL,pp,20,19,7,9,3
20260727,RLL,pp,23,19,4,14,1
20260720,RLL,pp,20,20,11,8,1
20260831,RLL,pp,20,20,1,16,3
20260728,RLL,pp,22,20,11,4,5
20260715,RLL,pp,26,21,14,7,0
20260804,RLL,pp,24,21,3,18,0
20260713,RLL,pp,23,21,4,14,3
20260724,RLL,pp,24,22,4,9,9
20260710,RLL,pp,24,23,4,15,4
20260805,RLL,pp,25,25,10,14,1
20260723,RLL,pp,28,25,13,10,2
20260829,RLL,pp,29,29,24,0,5
20260814,RLL,pp,88,85,9,0,76
20260523,ROI,pp,2,0,0,0,0
20260721,ROI,pp,1,0,0,0,0
20260818,ROI,pp,1,0,0,0,0
20260522,ROI,pp,3,0,0,0,0
20260525,ROI,pp,2,0,0,0,0
20260527,ROI,pp,2,0,0,0,0
20260718,ROI,pp,2,0,0,0,0
20260829,ROI,pp,1,0,0,0,0
20260704,ROI,pp,7,0,0,0,0
20260521,ROI,pp,1,0,0,0,0
20260824,ROI,pp,1,0,0,0,0
20260804,ROI,pp,1,0,0,0,0
20260717,ROI,pp,1,1,0,0,1
20260711,ROI,pp,1,1,0,0,1
20260724,ROI,pp,32,1,0,0,1
20260828,ROI,pp,8,8,0,0,8
20260903,ROI,pp,10,10,3,0,7
20260831,ROI,pp,10,10,3,0,7
20260917,ROI,pp,14,13,5,0,8
20260728,ROI,pp,14,14,14,0,0
20260825,ROI,pp,16,16,3,0,13
20260716,ROI,pp,19,17,16,0,1
20260720,ROI,pp,22,18,18,0,0
20260815,ROI,pp,21,21,0,7,14
20260707,ROI,pp,27,24,0,5,19
20260910,ROI,pp,28,28,10,0,18
20260822,ROI,pp,28,28,7,0,21
20260813,ROI,pp,32,31,11,0,20
20260713,ROI,pp,35,33,26,0,7
20260801,ROI,pp,38,35,35,0,0
20260704,RSL,cod,6,0,0,0,0
20260630,RSL,pp,4,0,0,0,0
20260629,RSL,pp,2,0,0,0,0
20260704,RSL,pp,17,0,0,0,0
20260629,RSL,cod,2,0,0,0,0
20260615,RSL,pp,1,0,0,0,0
20260907,RSL,cod,1,0,0,0,0
20261005,RSL,pp,25,0,0,0,0
20260613,RSL,pp,2,0,0,0,0
20260706,RSL,pp,44,0,0,0,0
20260702,RSL,pp,4,0,0,0,0
20260615,RSL,cod,1,0,0,0,0
20260703,RSL,cod,9,0,0,0,0
20260705,RSL,cod,1,0,0,0,0
20260703,RSL,pp,15,0,0,0,0
20261004,RSL,pp,11,0,0,0,0
20260626,RSL,pp,2,0,0,0,0
20260702,RSL,cod,6,0,0,0,0
20260616,RSL,cod,1,0,0,0,0
20260617,RSL,cod,1,0,0,0,0
20260619,RSL,cod,1,0,0,0,0
20260625,RSL,pp,1,0,0,0,0
20260606,RSL,cod,1,0,0,0,0
20260626,RSL,cod,1,0,0,0,0
20260706,RSL,cod,11,0,0,0,0
20260630,RSL,cod,2,0,0,0,0
20260618,RSL,cod,1,0,0,0,0
20261004,RSL,cod,1,0,0,0,0
20261005,RSL,cod,7,0,0,0,0
20260530,RSL,pp,1,0,0,0,0
20260625,RSL,cod,1,0,0,0,0
20260613,RSL,cod,1,0,0,0,0
20260622,RSL,cod,1,0,0,0,0
20260701,RSL,pp,11,0,0,0,0
20260623,RSL,cod,1,0,0,0,0
20260624,RSL,pp,2,0,0,0,0
20260705,RSL,pp,4,0,0,0,0
20260701,RSL,cod,2,0,0,0,0
20260627,RSL,pp,3,0,0,0,0
20260712,RSL,pp,2,1,0,1,0
20260814,RSL,cod,1,1,1,0,0
20260721,RSL,cod,1,1,0,0,1
20260828,RSL,cod,1,1,1,0,0
20260822,RSL,cod,1,1,1,0,0
20260817,RSL,cod,1,1,0,0,1
20260901,RSL,cod,1,1,1,0,0
20260821,RSL,cod,1,1,0,1,0
20260831,RSL,cod,1,1,0,1,0
20260815,RSL,cod,2,1,0,0,1
20260929,RSL,cod,1,1,1,0,0
20260825,RSL,cod,1,1,1,0,0
20260921,RSL,cod,2,1,1,0,0
20260816,RSL,cod,1,1,1,0,0
20260830,RSL,cod,1,1,0,1,0
20260729,RSL,cod,1,1,1,0,0
20260802,RSL,cod,1,1,0,1,0
20260829,RSL,cod,1,1,1,0,0
20260809,RSL,pp,1,1,0,1,0
20260911,RSL,cod,2,1,1,0,0
20260714,RSL,cod,2,1,0,0,1
20260801,RSL,cod,1,1,1,0,0
20260928,RSL,cod,1,1,0,1,0
20260823,RSL,cod,1,1,1,0,0
20260709,RSL,cod,2,1,1,0,0
20261002,RSL,pp,1,1,0,1,0
20260912,RSL,cod,1,1,1,0,0
20260924,RSL,cod,1,1,1,0,0
20260725,RSL,cod,2,2,0,0,2
20260811,RSL,cod,3,2,0,2,0
20260913,RSL,cod,2,2,0,0,2
20260808,RSL,cod,2,2,1,1,0
20260922,RSL,cod,2,2,1,1,0
20260827,RSL,cod,2,2,0,0,2
20260908,RSL,cod,2,2,0,2,0
20260731,RSL,cod,2,2,1,0,1
20260806,RSL,cod,3,2,1,0,1
20261002,RSL,cod,2,2,0,2,0
20261003,RSL,cod,2,2,2,0,0
20260718,RSL,cod,3,2,2,0,0
20260916,RSL,cod,2,2,2,0,0
20260926,RSL,cod,4,3,2,0,1
20260719,RSL,pp,3,3,0,3,0
20261003,RSL,pp,24,3,2,1,0
20260830,RSL,pp,4,3,3,0,0
20260927,RSL,pp,4,3,1,1,1
20260913,RSL,pp,3,3,2,0,1
20260711,RSL,cod,5,3,1,1,1
20261001,RSL,pp,7,3,2,0,1
20260918,RSL,cod,3,3,0,3,0
20260815,RSL,pp,3,3,0,0,3
20260722,RSL,cod,3,3,1,2,0
20260813,RSL,cod,4,3,0,3,0
20260920,RSL,pp,4,3,1,2,0
20260905,RSL,pp,4,4,4,0,0
20260915,RSL,pp,4,4,0,4,0
20260726,RSL,pp,4,4,1,3,0
20260724,RSL,cod,4,4,1,1,2
20260824,RSL,cod,4,4,0,4,0
20261001,RSL,cod,4,4,4,0,0
20260919,RSL,pp,6,5,2,0,3
20260708,RSL,cod,6,5,1,3,1
20260715,RSL,cod,5,5,1,4,0
20260925,RSL,pp,5,5,2,3,0
20260819,RSL,cod,5,5,4,1,0
20260802,RSL,pp,5,5,2,0,3
20260911,RSL,pp,6,6,1,5,0
20260717,RSL,cod,6,6,2,4,0
20260713,RSL,cod,6,6,1,5,0
20260828,RSL,pp,7,6,5,1,0
20260923,RSL,pp,8,6,0,6,0
20260812,RSL,pp,7,6,0,4,2
20260806,RSL,pp,7,6,2,4,0
20260903,RSL,pp,12,6,6,0,0
20260720,RSL,cod,6,6,3,3,0
20260803,RSL,cod,11,7,3,4,0
20260723,RSL,cod,7,7,5,2,0
20260710,RSL,cod,9,7,4,2,1
20260918,RSL,pp,7,7,2,1,4
20260707,RSL,cod,7,7,0,7,0
20260827,RSL,pp,8,7,5,0,2
20260807,RSL,cod,7,7,0,7,0
20260930,RSL,pp,8,8,1,7,0
20260912,RSL,pp,8,8,4,0,4
20260926,RSL,pp,8,8,0,0,8
20260825,RSL,pp,9,8,3,5,0
20260914,RSL,cod,8,8,0,8,0
20260804,RSL,cod,9,9,1,8,0
20260727,RSL,cod,9,9,1,8,0
20260728,RSL,cod,9,9,1,4,4
20260904,RSL,pp,10,9,8,1,0
20260730,RSL,cod,10,10,2,7,1
20260924,RSL,pp,11,10,6,4,0
20260801,RSL,pp,14,10,3,1,6
20260711,RSL,pp,13,11,6,0,5
20260708,RSL,pp,13,11,6,5,0
20260910,RSL,pp,13,12,8,4,0
20260721,RSL,pp,14,12,5,7,0
20260819,RSL,pp,12,12,6,2,4
20260902,RSL,pp,14,12,5,7,0
20260808,RSL,pp,15,12,7,0,5
20260929,RSL,pp,13,13,4,1,8
20260716,RSL,cod,13,13,7,5,1
20260805,RSL,cod,13,13,1,12,0
20260724,RSL,pp,14,13,6,7,0
20260727,RSL,pp,15,13,5,8,0
20260725,RSL,pp,14,13,7,0,6
20260707,RSL,pp,15,13,10,3,0
20260811,RSL,pp,13,13,7,5,1
20260901,RSL,pp,13,13,4,8,1
20260917,RSL,pp,16,14,6,6,2
20260908,RSL,pp,17,14,0,7,7
20260928,RSL,pp,14,14,0,14,0
20260820,RSL,pp,15,14,2,12,0
20260709,RSL,pp,15,15,7,7,1
20260914,RSL,pp,17,15,5,8,2
20260814,RSL,pp,15,15,10,3,2
20260717,RSL,pp,18,16,10,5,1
20260731,RSL,pp,16,16,9,6,1
20260826,RSL,pp,17,16,0,13,3
20260804,RSL,pp,19,17,7,8,2
20260720,RSL,pp,19,17,9,6,2
20260818,RSL,pp,21,17,11,6,0
20260718,RSL,pp,21,17,11,0,6
20260822,RSL,pp,20,17,9,0,8
20260916,RSL,pp,17,17,4,12,1
20260805,RSL,pp,19,18,8,10,0
20260831,RSL,pp,20,19,1,18,0
20260714,RSL,pp,24,19,12,7,0
20260909,RSL,pp,22,20,7,13,0
20260730,RSL,pp,23,20,10,6,4
20260821,RSL,pp,20,20,12,7,1
20260729,RSL,pp,21,21,14,5,2
20260715,RSL,pp,39,21,5,15,1
20260922,RSL,pp,24,22,5,17,0
20260728,RSL,pp,23,22,9,7,6
20260710,RSL,pp,29,25,12,0,13
20260813,RSL,pp,26,25,11,13,1
20260722,RSL,pp,32,26,17,4,5
20260713,RSL,pp,27,26,7,18,1
20260803,RSL,pp,29,27,20,7,0
20260817,RSL,pp,31,29,22,2,5
20260807,RSL,pp,30,29,21,8,0
20260824,RSL,pp,31,29,2,25,2
20260921,RSL,pp,30,30,10,18,2
20260723,RSL,pp,34,31,14,13,4
20260810,RSL,pp,31,31,12,17,2
20260716,RSL,pp,35,31,26,4,1
20260829,RSL,pp,36,34,20,1,13
20260907,RSL,pp,48,45,19,18,8
20260721,RST,pp,2,0,0,0,0
20260706,RST,cod,1,0,0,0,0
20260703,RST,pp,1,0,0,0,0
20260706,RST,pp,1,0,0,0,0
20260722,RST,pp,1,0,0,0,0
20260715,RST,pp,1,0,0,0,0
20260705,RST,pp,1,0,0,0,0
20260727,RST,pp,1,0,0,0,0
20260723,RST,pp,1,1,0,1,0
20260716,RST,pp,3,1,0,1,0
20260728,RST,pp,1,1,0,0,1
20260708,RST,pp,3,1,0,1,0
20260717,RST,pp,3,2,2,0,0
20261005,SAC,pp,328,0,0,0,0
20260927,SAC,pp,1,1,0,1,0
20260826,SAC,pp,2,2,2,0,0
20260911,SAC,pp,8,8,0,7,1
20261004,SAC,pp,56,31,31,0,0
20260824,SAC,pp,35,34,0,16,18
20260825,SAC,pp,47,46,16,22,8
20260905,SAC,pp,70,54,50,4,0
20260914,SAC,pp,68,67,55,12,0
20260918,SAC,pp,78,78,60,17,1
20260913,SAC,pp,96,91,78,4,9
20260916,SAC,pp,92,92,62,29,1
20260831,SAC,pp,93,93,1,82,10
20260915,SAC,pp,110,104,58,32,14
20260917,SAC,pp,116,116,95,18,3
20260922,SAC,pp,150,120,74,43,3
20260903,SAC,pp,140,123,94,27,2
20260919,SAC,pp,129,129,73,0,56
20260904,SAC,pp,170,132,69,52,11
20260902,SAC,pp,139,136,74,61,1
20260921,SAC,pp,164,159,64,92,3
20260912,SAC,pp,173,170,86,61,23
20260923,SAC,pp,183,170,94,60,16
20260901,SAC,pp,177,175,82,55,38
20261001,SAC,pp,184,181,141,2,38
20260924,SAC,pp,195,192,86,88,18
20261003,SAC,pp,364,213,165,48,0
20260925,SAC,pp,285,277,172,94,11
20260930,SAC,pp,315,314,193,115,6
20260929,SAC,pp,328,325,172,142,11
20260926,SAC,pp,332,327,172,9,146
20260928,SAC,pp,439,436,260,122,54
20260918,SCH,pp,3,0,0,0,0
20260924,SCH,cod,1,1,0,0,1
20260617,SDD,cod,1,0,0,0,0
20260622,SDD,cod,2,0,0,0,0
20260615,SDD,cod,1,0,0,0,0
20260628,SDD,cod,1,0,0,0,0
20260619,SDD,pp,1,0,0,0,0
20260624,SDD,cod,2,0,0,0,0
20260806,SDD,pp,1,0,0,0,0
20260629,SDD,pp,6,0,0,0,0
20260605,SDD,pp,1,0,0,0,0
20260705,SDD,cod,39,0,0,0,0
20260623,SDD,cod,2,0,0,0,0
20260521,SDD,pp,1,0,0,0,0
20260611,SDD,cod,1,0,0,0,0
20260703,SDD,cod,20,0,0,0,0
20260705,SDD,pp,81,0,0,0,0
20261005,SDD,cod,14,0,0,0,0
20260622,SDD,pp,3,0,0,0,0
20261005,SDD,pp,22,0,0,0,0
20260620,SDD,pp,1,0,0,0,0
20260626,SDD,cod,4,0,0,0,0
20260624,SDD,pp,2,0,0,0,0
20260627,SDD,cod,2,0,0,0,0
20260626,SDD,pp,1,0,0,0,0
20260523,SDD,pp,1,0,0,0,0
20260701,SDD,pp,24,0,0,0,0
20260608,SDD,pp,1,0,0,0,0
20260630,SDD,pp,15,0,0,0,0
20260610,SDD,cod,1,0,0,0,0
20260701,SDD,cod,10,0,0,0,0
20260702,SDD,cod,14,0,0,0,0
20260702,SDD,pp,42,0,0,0,0
20260625,SDD,pp,4,0,0,0,0
20260704,SDD,pp,93,0,0,0,0
20260615,SDD,pp,1,0,0,0,0
20260617,SDD,pp,2,0,0,0,0
20260620,SDD,cod,1,0,0,0,0
20260628,SDD,pp,2,0,0,0,0
20260623,SDD,pp,3,0,0,0,0
20260619,SDD,cod,1,0,0,0,0
20260706,SDD,pp,106,0,0,0,0
20260704,SDD,cod,32,0,0,0,0
20260706,SDD,cod,27,0,0,0,0
20260703,SDD,pp,91,0,0,0,0
20260627,SDD,pp,2,0,0,0,0
20260630,SDD,cod,4,0,0,0,0
20260529,SDD,pp,1,0,0,0,0
20260916,SDD,cod,2,1,1,0,0
20260925,SDD,cod,3,2,1,1,0
20260912,SDD,cod,5,3,2,1,0
20260923,SDD,cod,3,3,2,1,0
20260918,SDD,cod,4,4,4,0,0
20260929,SDD,cod,4,4,4,0,0
20261004,SDD,cod,6,5,5,0,0
20260928,SDD,cod,6,5,3,2,0
20260921,SDD,cod,7,5,3,2,0
20261001,SDD,cod,5,5,5,0,0
20260920,SDD,cod,6,6,4,1,1
20261004,SDD,pp,15,6,6,0,0
20260919,SDD,cod,7,7,6,1,0
20260922,SDD,cod,10,7,6,1,0
20260917,SDD,cod,8,8,0,8,0
20260930,SDD,cod,10,8,7,1,0
20260914,SDD,cod,9,8,2,3,3
20260913,SDD,cod,9,8,6,2,0
20260926,SDD,cod,11,9,9,0,0
20260915,SDD,cod,10,10,9,1,0
20260927,SDD,cod,11,10,4,5,1
20260913,SDD,pp,13,10,4,5,1
20260911,SDD,cod,10,10,8,2,0
20260905,SDD,cod,12,10,4,1,5
20261003,SDD,cod,11,11,4,7,0
20260910,SDD,cod,11,11,10,1,0
20260927,SDD,pp,12,12,6,2,4
20260922,SDD,pp,25,13,8,4,1
20260826,SDD,cod,18,14,5,8,1
20260915,SDD,pp,14,14,10,4,0
20260916,SDD,pp,14,14,10,0,4
20260924,SDD,cod,14,14,13,1,0
20260914,SDD,pp,17,15,3,9,3
20260802,SDD,cod,24,16,10,6,0
20260820,SDD,cod,21,16,10,5,1
20260824,SDD,cod,19,17,7,9,1
20260921,SDD,pp,23,17,8,8,1
20260917,SDD,pp,22,18,0,17,1
20260904,SDD,cod,22,18,14,4,0
20260918,SDD,pp,21,19,17,1,1
20260923,SDD,pp,20,19,15,1,3
20260924,SDD,pp,20,19,16,2,1
20260919,SDD,pp,23,20,9,2,9
20260822,SDD,cod,20,20,15,4,1
20260830,SDD,cod,20,20,12,6,2
20260903,SDD,cod,20,20,16,4,0
20260809,SDD,cod,25,21,15,6,0
20260814,SDD,cod,24,21,19,0,2
20260911,SDD,pp,22,21,9,5,7
20260825,SDD,cod,26,21,17,3,1
20260920,SDD,pp,23,21,8,5,8
20260725,SDD,cod,23,22,16,6,0
20260726,SDD,cod,26,22,19,3,0
20261001,SDD,pp,23,22,22,0,0
20260727,SDD,cod,27,22,17,4,1
20260808,SDD,cod,29,22,6,15,1
20260827,SDD,cod,25,24,18,0,6
20260823,SDD,cod,26,24,19,4,1
20260901,SDD,cod,29,24,19,5,0
20260902,SDD,cod,26,24,17,7,0
20260707,SDD,cod,27,25,11,11,3
20260928,SDD,pp,28,25,17,6,2
20260821,SDD,cod,32,26,20,5,1
20260926,SDD,pp,29,26,23,0,3
20260907,SDD,cod,30,27,16,8,3
20260930,SDD,pp,30,27,18,6,3
20260724,SDD,cod,28,27,20,7,0
20260912,SDD,pp,33,27,12,10,5
20260715,SDD,cod,29,28,18,10,0
20260804,SDD,cod,32,29,21,0,8
20260812,SDD,cod,35,29,15,11,3
20260718,SDD,cod,35,29,23,5,1
20260719,SDD,cod,31,30,15,13,2
20260722,SDD,cod,40,30,18,11,1
20260813,SDD,cod,37,30,25,4,1
20260728,SDD,cod,32,31,17,13,1
20260714,SDD,cod,34,31,29,1,1
20260909,SDD,cod,32,31,24,7,0
20260711,SDD,cod,32,31,23,7,1
20260712,SDD,cod,36,32,23,9,0
20260721,SDD,cod,33,32,25,4,3
20260908,SDD,cod,36,32,18,13,1
20260925,SDD,pp,33,32,17,12,3
20260929,SDD,pp,36,32,23,1,8
20260818,SDD,cod,35,32,15,9,8
20260720,SDD,cod,32,32,16,14,2
20260803,SDD,cod,40,33,26,7,0
20260819,SDD,cod,36,33,15,11,7
20260816,SDD,cod,40,33,10,20,3
20260810,SDD,cod,36,34,21,7,6
20260708,SDD,cod,38,34,20,10,4
20260709,SDD,cod,37,34,18,15,1
20260730,SDD,cod,40,34,28,6,0
20260906,SDD,cod,41,35,24,8,3
20260729,SDD,cod,40,35,24,11,0
20260805,SDD,pp,36,35,34,1,0
20260829,SDD,cod,47,36,27,7,2
20260713,SDD,cod,42,36,25,11,0
20260723,SDD,cod,37,36,29,7,0
20260801,SDD,cod,39,37,16,19,2
20261003,SDD,pp,44,38,23,15,0
20260831,SDD,cod,41,38,27,10,1
20260710,SDD,cod,43,41,29,11,1
20260731,SDD,cod,45,43,32,10,1
20260716,SDD,cod,44,43,31,9,3
20260717,SDD,cod,49,44,37,7,0
20260910,SDD,pp,49,45,35,4,6
20260811,SDD,cod,50,47,36,10,1
20260808,SDD,pp,58,48,3,44,1
20260817,SDD,cod,66,60,20,37,3
20260810,SDD,pp,72,62,35,18,9
20260731,SDD,pp,76,71,54,17,0
20260825,SDD,pp,87,75,63,7,5
20260804,SDD,pp,81,76,56,0,20
20260824,SDD,pp,84,76,50,25,1
20260807,SDD,cod,96,76,72,1,3
20260827,SDD,pp,83,76,49,0,27
20260830,SDD,pp,81,77,42,25,10
20260809,SDD,pp,90,77,58,16,3
20260907,SDD,pp,83,79,35,43,1
20260826,SDD,pp,87,80,38,35,7
20260905,SDD,pp,91,81,44,17,20
20260909,SDD,pp,91,81,38,38,5
20260903,SDD,pp,82,81,62,17,2
20260904,SDD,pp,89,86,42,37,7
20260709,SDD,pp,96,86,52,27,7
20260730,SDD,pp,104,88,70,16,2
20260802,SDD,pp,100,89,62,27,0
20260901,SDD,pp,92,89,67,18,4
20260823,SDD,pp,96,91,68,16,7
20260727,SDD,pp,107,92,66,22,4
20260718,SDD,pp,107,94,68,24,2
20260819,SDD,pp,111,96,43,49,4
20260820,SDD,pp,108,96,53,38,5
20260821,SDD,pp,105,97,61,29,7
20260803,SDD,pp,109,98,76,21,1
20260801,SDD,pp,106,99,58,35,6
20260725,SDD,pp,111,102,71,30,1
20260722,SDD,pp,120,102,67,31,4
20260906,SDD,pp,112,103,52,41,10
20260710,SDD,pp,112,103,74,28,1
20260812,SDD,pp,117,104,57,41,6
20260708,SDD,pp,107,104,66,23,15
20260719,SDD,pp,110,105,64,39,2
20260712,SDD,pp,116,106,72,24,10
20260717,SDD,pp,123,107,78,25,4
20260822,SDD,pp,118,108,68,31,9
20260813,SDD,pp,130,109,49,52,8
20260724,SDD,pp,118,110,80,23,7
20260713,SDD,pp,122,110,75,32,3
20260831,SDD,pp,120,111,40,60,11
20260908,SDD,pp,120,114,87,22,5
20260711,SDD,pp,124,115,87,21,7
20260829,SDD,pp,128,116,78,27,11
20260723,SDD,pp,128,120,100,17,3
20260707,SDD,pp,129,120,74,38,8
20260729,SDD,pp,135,120,47,63,10
20260817,SDD,pp,125,121,94,21,6
20260726,SDD,pp,141,122,93,27,2
20260814,SDD,pp,146,122,111,0,11
20260902,SDD,pp,127,122,90,28,4
20260721,SDD,pp,138,123,99,21,3
20260818,SDD,pp,140,125,82,25,18
20260720,SDD,pp,133,127,57,64,6
20260715,SDD,pp,141,127,80,41,6
20260728,SDD,pp,139,133,83,46,4
20260716,SDD,pp,146,139,99,33,7
20260714,SDD,pp,151,142,114,3,25
20260811,SDD,pp,171,146,77,56,13
20260807,SDD,pp,237,204,179,10,15
20260816,SDD,pp,244,231,117,107,7
20260703,SDH,cod,24,0,0,0,0
20260616,SDH,cod,8,0,0,0,0
20260619,SDH,cod,14,0,0,0,0
20260618,SDH,cod,15,0,0,0,0
20260701,SDH,cod,24,0,0,0,0
20260706,SDH,pp,3,0,0,0,0
20260608,SDH,cod,3,0,0,0,0
20260615,SDH,cod,10,0,0,0,0
20260625,SDH,pp,1,0,0,0,0
20260602,SDH,pp,1,0,0,0,0
20260629,SDH,pp,3,0,0,0,0
20260317,SDH,cod,1,0,0,0,0
20260703,SDH,pp,8,0,0,0,0
20260629,SDH,cod,26,0,0,0,0
20260620,SDH,cod,4,0,0,0,0
20260614,SDH,cod,7,0,0,0,0
20260525,SDH,cod,3,0,0,0,0
20260624,SDH,pp,2,0,0,0,0
20260622,SDH,cod,18,0,0,0,0
20260704,SDH,cod,48,0,0,0,0
20260610,SDH,cod,6,0,0,0,0
20260702,SDH,cod,26,0,0,0,0
20260705,SDH,pp,10,0,0,0,0
20260626,SDH,cod,4,0,0,0,0
20260531,SDH,cod,1,0,0,0,0
20260610,SDH,pp,1,0,0,0,0
20260628,SDH,pp,1,0,0,0,0
20260621,SDH,cod,6,0,0,0,0
20260705,SDH,cod,78,0,0,0,0
20260609,SDH,pp,1,0,0,0,0
20260617,SDH,cod,18,0,0,0,0
20260702,SDH,pp,2,0,0,0,0
20260623,SDH,cod,27,0,0,0,0
20260612,SDH,cod,5,0,0,0,0
20260625,SDH,cod,8,0,0,0,0
20260628,SDH,cod,11,0,0,0,0
20260608,SDH,pp,1,0,0,0,0
20260630,SDH,pp,2,0,0,0,0
20260630,SDH,cod,17,0,0,0,0
20260701,SDH,pp,5,0,0,0,0
20260605,SDH,cod,1,0,0,0,0
20260518,SDH,cod,1,0,0,0,0
20260604,SDH,cod,2,0,0,0,0
20260611,SDH,cod,5,0,0,0,0
20260411,SDH,cod,1,0,0,0,0
20260609,SDH,cod,7,0,0,0,0
20260613,SDH,cod,4,0,0,0,0
20260706,SDH,cod,110,0,0,0,0
20260704,SDH,pp,8,0,0,0,0
20260624,SDH,cod,11,0,0,0,0
20260526,SDH,cod,2,0,0,0,0
20260627,SDH,cod,18,0,0,0,0
20260519,SDH,cod,1,0,0,0,0
20260721,SDH,pp,19,1,0,1,0
20260720,SDH,pp,13,2,0,1,1
20260726,SDH,pp,19,2,1,1,0
20260730,SDH,pp,18,3,0,1,2
20260708,SDH,pp,16,3,3,0,0
20260724,SDH,pp,15,3,1,0,2
20260719,SDH,pp,11,3,1,2,0
20260709,SDH,pp,15,3,1,1,1
20260722,SDH,pp,22,3,1,2,0
20260707,SDH,pp,6,3,0,3,0
20260723,SDH,pp,21,3,2,0,1
20260729,SDH,pp,14,3,3,0,0
20260801,SDH,pp,14,4,1,0,3
20260813,SDH,pp,16,4,2,2,0
20260807,SDH,pp,20,4,0,3,1
20260815,SDH,pp,16,4,0,3,1
20260810,SDH,pp,24,4,0,2,2
20260727,SDH,pp,27,4,2,2,0
20260809,SDH,pp,10,4,0,2,2
20260808,SDH,pp,32,5,2,2,1
20260812,SDH,pp,23,5,1,2,2
20260725,SDH,pp,34,5,2,0,3
20260718,SDH,pp,12,5,1,0,4
20260803,SDH,pp,14,5,4,1,0
20260728,SDH,pp,25,6,2,3,1
20260710,SDH,pp,17,6,2,2,2
20260806,SDH,pp,21,6,3,3,0
20260715,SDH,pp,14,6,3,2,1
20260716,SDH,pp,19,6,0,0,6
20260731,SDH,pp,20,6,0,5,1
20260811,SDH,pp,26,7,4,2,1
20260802,SDH,pp,23,8,2,5,1
20260713,SDH,pp,23,8,0,6,2
20260818,SDH,pp,26,9,2,5,2
20260814,SDH,pp,15,9,6,1,2
20260824,SDH,pp,32,9,7,2,0
20260822,SDH,pp,29,9,4,5,0
20260825,SDH,pp,16,10,8,2,0
20260823,SDH,pp,28,10,3,5,2
20260804,SDH,pp,21,10,3,4,3
20260805,SDH,pp,19,10,2,8,0
20260817,SDH,pp,23,10,7,2,1
20260711,SDH,pp,22,11,0,3,8
20260714,SDH,pp,29,11,2,8,1
20260717,SDH,pp,29,11,3,8,0
20260722,SDH,cod,76,14,2,5,7
20260820,SDH,pp,38,14,10,4,0
20260712,SDH,pp,35,14,0,2,12
20260707,SDH,cod,75,16,6,7,3
20260720,SDH,cod,56,16,8,7,1
20260816,SDH,pp,33,17,8,8,1
20260821,SDH,pp,43,17,7,7,3
20260724,SDH,cod,91,18,4,12,2
20260719,SDH,cod,69,18,1,8,9
20260819,SDH,pp,53,18,9,8,1
20260721,SDH,cod,98,19,3,13,3
20260708,SDH,cod,96,21,7,4,10
20260726,SDH,cod,120,21,6,13,2
20260730,SDH,cod,101,22,12,4,6
20260729,SDH,cod,109,23,13,7,3
20260802,SDH,cod,93,25,1,18,6
20260709,SDH,cod,138,25,3,11,11
20260731,SDH,cod,120,26,9,12,5
20260728,SDH,cod,114,26,11,13,2
20260801,SDH,cod,96,29,5,4,20
20260718,SDH,cod,87,30,3,4,23
20260806,SDH,cod,146,31,8,16,7
20260723,SDH,cod,121,31,14,8,9
20260825,SDH,cod,134,32,18,10,4
20260804,SDH,cod,118,34,9,13,12
20260715,SDH,cod,88,35,9,20,6
20260727,SDH,cod,128,36,13,15,8
20260810,SDH,cod,121,37,8,17,12
20260824,SDH,cod,184,38,27,11,0
20260813,SDH,cod,175,38,10,24,4
20260807,SDH,cod,136,38,16,10,12
20260716,SDH,cod,88,40,6,12,22
20260711,SDH,cod,180,40,6,7,27
20260713,SDH,cod,142,40,6,18,16
20260725,SDH,cod,230,42,14,9,19
20260815,SDH,cod,183,42,10,13,19
20260808,SDH,cod,214,42,12,5,25
20260809,SDH,cod,151,43,3,10,30
20260817,SDH,cod,157,44,16,14,14
20260811,SDH,cod,155,44,15,20,9
20260710,SDH,cod,197,44,10,21,13
20260812,SDH,cod,205,45,23,17,5
20260803,SDH,cod,145,45,17,20,8
20260714,SDH,cod,136,47,22,20,5
20260818,SDH,cod,208,48,20,15,13
20260823,SDH,cod,208,49,16,26,7
20260805,SDH,cod,147,50,8,34,8
20260717,SDH,cod,202,52,15,27,10
20260816,SDH,cod,182,53,11,29,13
20260819,SDH,cod,218,63,17,32,14
20260822,SDH,cod,227,65,35,13,17
20260712,SDH,cod,216,65,8,25,32
20260814,SDH,cod,233,69,41,10,18
20260821,SDH,cod,249,80,35,40,5
20260820,SDH,cod,285,87,37,37,13
20260323,SED,pp,1,0,0,0,0
20260930,SFU,pp,1,1,0,1,0
20261004,SFU,pp,12,12,12,0,0
20261001,SFU,pp,26,26,26,0,0
20260918,SHQ,cod,2,2,0,0,2
20260924,SHQ,pp,2,2,0,0,2
20260701,SLB,pp,1,0,0,0,0
20260913,SLB,cod,1,0,0,0,0
20260914,SLB,cod,1,0,0,0,0
20260802,SLB,pp,1,0,0,0,0
20260912,SLB,cod,1,0,0,0,0
20260926,SLB,cod,1,0,0,0,0
20261004,SLB,cod,2,0,0,0,0
20260726,SLB,pp,1,1,0,1,0
20260911,SLB,pp,1,1,1,0,0
20260731,SLB,cod,1,1,1,0,0
20260905,SLB,cod,1,1,0,1,0
20260901,SLB,cod,1,1,1,0,0
20260831,SLB,cod,1,1,1,0,0
20260730,SLB,pp,1,1,1,0,0
20260927,SLB,pp,1,1,1,0,0
20260923,SLB,cod,1,1,1,0,0
20260724,SLB,cod,1,1,0,1,0
20260905,SLB,pp,1,1,0,1,0
20260918,SLB,cod,1,1,0,1,0
20260712,SLB,cod,1,1,0,1,0
20260725,SLB,pp,1,1,1,0,0
20260810,SLB,pp,2,1,1,0,0
20260827,SLB,cod,1,1,1,0,0
20260907,SLB,cod,1,1,1,0,0
20260807,SLB,cod,1,1,0,1,0
20260826,SLB,pp,1,1,1,0,0
20260915,SLB,cod,1,1,1,0,0
20260914,SLB,pp,1,1,0,1,0
20260925,SLB,cod,1,1,1,0,0
20260712,SLB,pp,1,1,1,0,0
20260911,SLB,cod,1,1,1,0,0
20260916,SLB,pp,1,1,1,0,0
20260711,SLB,pp,1,1,1,0,0
20260920,SLB,pp,1,1,0,1,0
20261002,SLB,pp,1,1,0,1,0
20260922,SLB,pp,1,1,1,0,0
20260910,SLB,cod,1,1,1,0,0
20260821,SLB,cod,1,1,1,0,0
20260816,SLB,pp,1,1,1,0,0
20260724,SLB,pp,1,1,1,0,0
20260927,SLB,cod,1,1,0,1,0
20260808,SLB,cod,1,1,1,0,0
20260817,SLB,cod,1,1,1,0,0
20260819,SLB,cod,1,1,1,0,0
20260902,SLB,pp,1,1,1,0,0
20260804,SLB,cod,1,1,1,0,0
20260908,SLB,cod,1,1,1,0,0
20260930,SLB,pp,1,1,0,1,0
20260918,SLB,pp,1,1,0,1,0
20260916,SLB,cod,2,1,1,0,0
20260825,SLB,pp,1,1,1,0,0
20260919,SLB,pp,1,1,1,0,0
20260723,SLB,pp,1,1,0,1,0
20260803,SLB,cod,1,1,0,1,0
20260913,SLB,pp,1,1,0,0,1
20260929,SLB,pp,1,1,0,1,0
20260811,SLB,pp,1,1,1,0,0
20260728,SLB,cod,1,1,0,1,0
20260928,SLB,cod,1,1,1,0,0
20260805,SLB,cod,1,1,0,1,0
20260919,SLB,cod,1,1,0,0,1
20260917,SLB,cod,1,1,0,0,1
20260828,SLB,pp,1,1,1,0,0
20260904,SLB,cod,2,2,2,0,0
20260718,SLB,pp,2,2,0,0,2
20260707,SLB,cod,2,2,2,0,0
20260818,SLB,cod,2,2,2,0,0
20260806,SLB,cod,2,2,2,0,0
20260924,SLB,cod,2,2,2,0,0
20261001,SLB,cod,2,2,2,0,0
20261001,SLB,pp,2,2,1,0,1
20260622,SOL,cod,25,0,0,0,0
20260619,SOL,cod,37,0,0,0,0
20260629,SOL,pp,1,0,0,0,0
20260629,SOL,cod,160,0,0,0,0
20260521,SOL,cod,1,0,0,0,0
20260615,SOL,cod,28,0,0,0,0
20260705,SOL,cod,71,0,0,0,0
20260625,SOL,cod,46,0,0,0,0
20260627,SOL,cod,76,0,0,0,0
20260612,SOL,cod,17,0,0,0,0
20260527,SOL,cod,9,0,0,0,0
20260703,SOL,cod,417,0,0,0,0
20260507,SOL,cod,1,0,0,0,0
20260603,SOL,cod,2,0,0,0,0
20260703,SOL,pp,9,0,0,0,0
20260520,SOL,cod,2,0,0,0,0
20260529,SOL,cod,1,0,0,0,0
20260417,SOL,cod,1,0,0,0,0
20260701,SOL,pp,2,0,0,0,0
20261005,SOL,pp,29,0,0,0,0
20260104,SOL,cod,1,0,0,0,0
20260705,SOL,pp,2,0,0,0,0
20261005,SOL,cod,923,0,0,0,0
20260605,SOL,cod,2,0,0,0,0
20260609,SOL,cod,13,0,0,0,0
20260706,SOL,cod,428,0,0,0,0
20260511,SOL,pp,1,0,0,0,0
20260630,SOL,cod,205,0,0,0,0
20260228,SOL,cod,3,0,0,0,0
20260702,SOL,pp,3,0,0,0,0
20260621,SOL,cod,16,0,0,0,0
20260620,SOL,cod,57,0,0,0,0
20260616,SOL,cod,22,0,0,0,0
20260523,SOL,cod,1,0,0,0,0
20260530,SOL,cod,3,0,0,0,0
20260511,SOL,cod,1,0,0,0,0
20260513,SOL,cod,1,0,0,0,0
20260606,SOL,cod,1,0,0,0,0
20260624,SOL,cod,44,0,0,0,0
20260623,SOL,cod,45,0,0,0,0
20260704,SOL,cod,327,0,0,0,0
20260512,SOL,cod,2,0,0,0,0
20260610,SOL,cod,8,0,0,0,0
20260628,SOL,cod,41,0,0,0,0
20260704,SOL,pp,9,0,0,0,0
20260617,SOL,cod,23,0,0,0,0
20260701,SOL,cod,241,0,0,0,0
20260528,SOL,cod,1,0,0,0,0
20260613,SOL,cod,6,0,0,0,0
20260522,SOL,cod,1,0,0,0,0
20260602,SOL,cod,1,0,0,0,0
20260614,SOL,cod,4,0,0,0,0
20260608,SOL,cod,9,0,0,0,0
20260626,SOL,cod,58,0,0,0,0
20260618,SOL,cod,20,0,0,0,0
20260611,SOL,cod,18,0,0,0,0
20260702,SOL,cod,318,0,0,0,0
20260706,SOL,pp,14,0,0,0,0
20260630,SOL,pp,6,0,0,0,0
20260525,SOL,cod,2,0,0,0,0
20260830,SOL,pp,1,1,0,0,1
20260906,SOL,pp,1,1,0,0,1
20260809,SOL,pp,2,2,0,1,1
20260726,SOL,pp,2,2,0,2,0
20260719,SOL,pp,3,2,0,1,1
20260816,SOL,pp,3,3,0,0,3
20260920,SOL,pp,4,4,0,2,2
20260926,SOL,pp,7,4,2,0,2
20260927,SOL,pp,4,4,1,0,3
20260712,SOL,pp,4,4,0,2,2
20261004,SOL,pp,6,4,4,0,0
20260815,SOL,pp,6,5,3,0,2
20260913,SOL,pp,5,5,0,5,0
20260801,SOL,pp,5,5,0,0,5
20260925,SOL,pp,6,5,0,2,3
20260709,SOL,pp,6,5,2,1,2
20260707,SOL,pp,6,6,1,5,0
20260710,SOL,pp,6,6,3,2,1
20260828,SOL,pp,6,6,6,0,0
20260823,SOL,pp,6,6,0,3,3
20260717,SOL,pp,7,7,2,4,1
20260805,SOL,pp,9,7,2,4,1
20261002,SOL,pp,8,7,4,3,0
20260718,SOL,pp,9,8,5,0,3
20260813,SOL,pp,10,9,5,0,4
20260802,SOL,pp,10,9,0,9,0
20260715,SOL,pp,13,9,6,3,0
20260708,SOL,pp,11,9,2,4,3
20260722,SOL,pp,12,10,5,2,3
20260910,SOL,pp,11,11,6,5,0
20260714,SOL,pp,12,11,1,8,2
20260826,SOL,pp,15,11,2,1,8
20260912,SOL,pp,11,11,4,1,6
20260716,SOL,pp,12,11,5,6,0
20260724,SOL,pp,14,12,3,6,3
20260902,SOL,pp,12,12,6,3,3
20260711,SOL,pp,12,12,5,0,7
20260811,SOL,pp,12,12,2,6,4
20260729,SOL,pp,13,13,4,5,4
20260730,SOL,pp,15,13,5,5,3
20260917,SOL,pp,13,13,11,1,1
20261003,SOL,pp,28,13,12,1,0
20260728,SOL,pp,13,13,6,4,3
20260731,SOL,pp,14,13,9,4,0
20260727,SOL,pp,16,13,9,3,1
20260821,SOL,pp,13,13,6,4,3
20260930,SOL,pp,17,14,7,5,2
20260810,SOL,pp,14,14,7,4,3
20260723,SOL,pp,15,14,9,3,2
20260903,SOL,pp,14,14,5,3,6
20260814,SOL,pp,14,14,6,0,8
20260804,SOL,pp,15,15,9,6,0
20260808,SOL,pp,15,15,5,1,9
20260904,SOL,pp,16,15,9,4,2
20260929,SOL,pp,16,15,9,3,3
20260806,SOL,pp,17,15,10,4,1
20260915,SOL,pp,17,15,5,8,2
20260905,SOL,pp,16,16,6,0,10
20260725,SOL,pp,18,17,9,1,7
20261001,SOL,pp,23,17,8,2,7
20260911,SOL,pp,19,17,9,1,7
20260822,SOL,pp,20,18,7,0,11
20260908,SOL,pp,19,18,3,7,8
20260901,SOL,pp,18,18,7,10,1
20260919,SOL,pp,19,19,0,2,17
20260721,SOL,pp,19,19,5,9,5
20260918,SOL,pp,20,20,3,13,4
20260820,SOL,pp,22,20,4,7,9
20260829,SOL,pp,21,20,12,0,8
20260812,SOL,pp,20,20,8,7,5
20260916,SOL,pp,21,21,5,3,13
20260713,SOL,pp,21,21,5,10,6
20260807,SOL,pp,23,22,14,7,1
20260909,SOL,pp,25,24,11,6,7
20261004,SOL,cod,135,24,24,0,0
20260924,SOL,pp,33,24,7,4,13
20260831,SOL,pp,25,24,13,2,9
20260819,SOL,pp,25,25,9,10,6
20260907,SOL,pp,25,25,14,7,4
20260827,SOL,pp,27,27,3,2,22
20260803,SOL,pp,27,27,13,6,8
20260921,SOL,pp,32,28,7,14,7
20260923,SOL,pp,28,28,12,6,10
20260825,SOL,pp,29,29,17,3,9
20260818,SOL,pp,31,30,16,7,7
20260922,SOL,pp,30,30,10,9,11
20260824,SOL,pp,33,31,13,6,12
20260914,SOL,pp,35,35,13,5,17
20260720,SOL,pp,35,35,19,15,1
20260817,SOL,pp,41,36,8,20,8
20260809,SOL,cod,47,42,13,13,16
20260823,SOL,cod,47,45,9,23,13
20260928,SOL,pp,58,51,33,9,9
20260815,SOL,cod,74,68,28,1,39
20260816,SOL,cod,76,74,10,34,30
20260828,SOL,cod,79,79,35,22,22
20260802,SOL,cod,95,92,16,37,39
20260726,SOL,cod,98,92,13,39,40
20260719,SOL,cod,122,109,4,76,29
20260830,SOL,cod,111,110,21,34,55
20260913,SOL,cod,124,122,12,71,39
20260920,SOL,cod,138,130,10,38,82
20260927,SOL,cod,138,135,34,71,30
20260906,SOL,cod,147,145,17,43,85
20260712,SOL,cod,161,152,29,35,88
20261002,SOL,cod,208,156,73,82,1
20260731,SOL,cod,265,240,121,76,43
20260829,SOL,cod,270,259,138,9,112
20260814,SOL,cod,311,274,134,18,122
20260730,SOL,cod,308,279,112,101,66
20260801,SOL,cod,295,285,131,9,145
20260822,SOL,cod,318,306,113,12,181
20260821,SOL,cod,312,310,116,133,61
20260728,SOL,cod,326,311,130,121,60
20260718,SOL,cod,340,315,122,11,182
20260826,SOL,cod,332,319,164,67,88
20260910,SOL,cod,333,321,128,109,84
20260904,SOL,cod,353,327,183,67,77
20261003,SOL,cod,653,330,258,72,0
20260827,SOL,cod,338,331,154,42,135
20260930,SOL,cod,373,336,136,165,35
20260820,SOL,cod,351,339,108,133,98
20260901,SOL,cod,352,342,173,99,70
20260725,SOL,cod,374,346,159,14,173
20260813,SOL,cod,359,352,154,104,94
20260925,SOL,cod,360,352,117,151,84
20260912,SOL,cod,376,360,174,17,169
20260808,SOL,cod,376,366,145,36,185
20260807,SOL,cod,397,367,140,139,88
20260811,SOL,cod,388,373,180,126,67
20260729,SOL,cod,407,375,154,144,77
20260722,SOL,cod,407,378,162,113,103
20260819,SOL,cod,396,381,137,135,109
20260717,SOL,cod,411,384,164,145,75
20260723,SOL,cod,406,387,137,157,93
20260905,SOL,cod,419,388,176,19,193
20260806,SOL,cod,399,390,157,120,113
20260716,SOL,cod,414,390,154,130,106
20260715,SOL,cod,413,393,174,139,80
20260825,SOL,cod,424,394,167,160,67
20260831,SOL,cod,406,396,191,106,99
20260903,SOL,cod,409,401,201,93,107
20260707,SOL,cod,415,401,132,183,86
20260902,SOL,cod,419,402,181,92,129
20260709,SOL,cod,425,404,155,168,81
20260915,SOL,cod,425,413,211,139,63
20260824,SOL,cod,425,416,191,96,129
20260911,SOL,cod,427,417,195,105,117
20260812,SOL,cod,436,418,168,115,135
20260818,SOL,cod,437,421,174,118,129
20260926,SOL,cod,478,425,144,34,247
20260721,SOL,cod,447,434,204,139,91
20260711,SOL,cod,485,434,184,11,239
20260708,SOL,cod,461,435,204,123,108
20260810,SOL,cod,446,436,158,157,121
20260724,SOL,cod,476,439,183,150,106
20260917,SOL,cod,473,449,195,127,127
20260924,SOL,cod,476,457,188,167,102
20260929,SOL,cod,522,458,199,134,125
20260710,SOL,cod,501,468,213,189,66
20260919,SOL,cod,482,476,256,38,182
20260804,SOL,cod,508,484,211,179,94
20260909,SOL,cod,501,489,173,158,158
20260805,SOL,cod,505,491,164,154,173
20260713,SOL,cod,521,494,219,155,120
20260714,SOL,cod,529,506,226,194,86
20260817,SOL,cod,531,518,210,191,117
20260720,SOL,cod,555,520,223,169,128
20260727,SOL,cod,567,538,265,127,146
20261001,SOL,cod,626,555,244,178,133
20260803,SOL,cod,575,566,237,186,143
20260907,SOL,cod,622,576,235,211,130
20260914,SOL,cod,613,590,170,205,215
20260922,SOL,cod,607,595,237,187,171
20260918,SOL,cod,628,606,245,217,144
20260923,SOL,cod,742,671,247,230,194
20260921,SOL,cod,737,698,248,292,158
20260928,SOL,cod,806,751,294,284,173
20260916,SOL,cod,789,759,301,218,240
20260908,SOL,cod,860,789,265,313,211
20260625,SWE,cod,2,0,0,0,0
20260612,SWE,cod,2,0,0,0,0
20260702,SWE,cod,7,0,0,0,0
20260706,SWE,cod,7,0,0,0,0
20260613,SWE,pp,1,0,0,0,0
20260701,SWE,cod,1,0,0,0,0
20260615,SWE,cod,1,0,0,0,0
20260706,SWE,pp,5,0,0,0,0
20260704,SWE,pp,6,0,0,0,0
20261005,SWE,cod,11,0,0,0,0
20260703,SWE,pp,6,0,0,0,0
20260626,SWE,cod,1,0,0,0,0
20260629,SWE,pp,1,0,0,0,0
20260606,SWE,cod,1,0,0,0,0
20260630,SWE,cod,3,0,0,0,0
20260624,SWE,cod,1,0,0,0,0
20260705,SWE,pp,8,0,0,0,0
20260705,SWE,cod,4,0,0,0,0
20260609,SWE,pp,1,0,0,0,0
20260626,SWE,pp,1,0,0,0,0
20260627,SWE,cod,1,0,0,0,0
20260702,SWE,pp,7,0,0,0,0
20260703,SWE,cod,6,0,0,0,0
20261005,SWE,pp,6,0,0,0,0
20260628,SWE,pp,1,0,0,0,0
20260630,SWE,pp,2,0,0,0,0
20260704,SWE,cod,2,0,0,0,0
20260902,SWE,cod,1,1,1,0,0
20260814,SWE,cod,1,1,0,0,1
20260911,SWE,cod,1,1,1,0,0
20260820,SWE,pp,1,1,0,0,1
20260830,SWE,pp,12,1,1,0,0
20260811,SWE,cod,1,1,1,0,0
20260904,SWE,pp,1,1,0,1,0
20260912,SWE,cod,1,1,1,0,0
20260807,SWE,cod,1,1,1,0,0
20260827,SWE,cod,1,1,1,0,0
20260729,SWE,cod,1,1,0,1,0
20260927,SWE,pp,1,1,1,0,0
20260816,SWE,cod,1,1,1,0,0
20260726,SWE,pp,1,1,0,0,1
20260822,SWE,pp,1,1,0,0,1
20260714,SWE,cod,2,2,2,0,0
20260730,SWE,cod,2,2,0,2,0
20260828,SWE,cod,2,2,2,0,0
20261003,SWE,pp,4,2,2,0,0
20260809,SWE,cod,2,2,1,1,0
20260718,SWE,cod,2,2,1,0,1
20260821,SWE,cod,2,2,2,0,0
20260817,SWE,pp,2,2,1,1,0
20260922,SWE,cod,2,2,2,0,0
20260824,SWE,cod,2,2,2,0,0
20260708,SWE,cod,2,2,1,1,0
20260813,SWE,cod,2,2,2,0,0
20260818,SWE,cod,2,2,2,0,0
20260915,SWE,cod,2,2,0,2,0
20260818,SWE,pp,2,2,2,0,0
20260712,SWE,pp,3,3,3,0,0
20260806,SWE,cod,3,3,1,2,0
20260812,SWE,cod,3,3,3,0,0
20261003,SWE,cod,3,3,3,0,0
20260816,SWE,pp,3,3,3,0,0
20260804,SWE,cod,3,3,3,0,0
20260724,SWE,cod,3,3,3,0,0
20260716,SWE,pp,3,3,3,0,0
20260919,SWE,cod,3,3,2,0,1
20260725,SWE,cod,3,3,2,1,0
20260912,SWE,pp,6,3,3,0,0
20260924,SWE,pp,3,3,3,0,0
20260709,SWE,cod,3,3,3,0,0
20260903,SWE,cod,3,3,2,1,0
20260901,SWE,cod,3,3,3,0,0
20260723,SWE,cod,3,3,3,0,0
20260712,SWE,cod,3,3,1,1,1
20260731,SWE,cod,3,3,3,0,0
20260911,SWE,pp,3,3,3,0,0
20260914,SWE,cod,4,4,0,4,0
20260710,SWE,cod,4,4,3,1,0
20260910,SWE,pp,4,4,4,0,0
20260830,SWE,cod,5,4,4,0,0
20260916,SWE,cod,6,4,4,0,0
20260826,SWE,cod,4,4,3,1,0
20260828,SWE,pp,4,4,4,0,0
20260917,SWE,cod,5,4,4,0,0
20260901,SWE,pp,4,4,4,0,0
20260826,SWE,pp,4,4,2,2,0
20260927,SWE,cod,4,4,4,0,0
20260919,SWE,pp,4,4,3,0,1
20260810,SWE,pp,4,4,4,0,0
20260929,SWE,cod,4,4,4,0,0
20261001,SWE,pp,5,4,2,0,2
20260722,SWE,cod,4,4,3,1,0
20260711,SWE,cod,4,4,4,0,0
20260923,SWE,cod,4,4,4,0,0
20260814,SWE,pp,4,4,2,0,2
20260708,SWE,pp,5,5,3,2,0
20260928,SWE,cod,5,5,3,2,0
20260810,SWE,cod,5,5,5,0,0
20260831,SWE,pp,5,5,4,0,1
20260825,SWE,pp,5,5,5,0,0
20260805,SWE,pp,5,5,5,0,0
20260809,SWE,pp,5,5,4,1,0
20260910,SWE,cod,5,5,5,0,0
20260924,SWE,cod,5,5,5,0,0
20260720,SWE,cod,5,5,5,0,0
20260824,SWE,pp,5,5,5,0,0
20260926,SWE,pp,5,5,5,0,0
20260723,SWE,pp,5,5,5,0,0
20260716,SWE,cod,5,5,5,0,0
20260926,SWE,cod,5,5,5,0,0
20260717,SWE,cod,5,5,4,1,0
20260829,SWE,cod,5,5,3,2,0
20260907,SWE,pp,5,5,5,0,0
20260918,SWE,cod,5,5,5,0,0
20260718,SWE,pp,6,6,5,0,1
20260930,SWE,cod,6,6,6,0,0
20260917,SWE,pp,8,6,6,0,0
20260805,SWE,cod,6,6,4,2,0
20260801,SWE,pp,6,6,6,0,0
20260925,SWE,pp,6,6,5,1,0
20260812,SWE,pp,6,6,6,0,0
20260807,SWE,pp,6,6,6,0,0
20260803,SWE,cod,6,6,5,1,0
20260930,SWE,pp,6,6,6,0,0
20260801,SWE,cod,6,6,5,0,1
20260711,SWE,pp,6,6,6,0,0
20260827,SWE,pp,6,6,5,1,0
20260908,SWE,pp,7,6,6,0,0
20260918,SWE,pp,7,7,6,1,0
20260715,SWE,pp,7,7,5,1,1
20260808,SWE,cod,7,7,7,0,0
20260831,SWE,cod,7,7,4,0,3
20260908,SWE,cod,7,7,7,0,0
20260905,SWE,pp,7,7,4,3,0
20260928,SWE,pp,7,7,7,0,0
20260806,SWE,pp,7,7,5,2,0
20260925,SWE,cod,7,7,3,4,0
20260731,SWE,pp,8,8,8,0,0
20260803,SWE,pp,8,8,5,3,0
20260713,SWE,cod,8,8,6,1,1
20260922,SWE,pp,8,8,2,6,0
20260821,SWE,pp,8,8,8,0,0
20260811,SWE,pp,8,8,8,0,0
20260728,SWE,cod,8,8,8,0,0
20260909,SWE,pp,9,8,7,1,0
20260707,SWE,cod,8,8,6,0,2
20260914,SWE,pp,8,8,0,8,0
20260909,SWE,cod,8,8,5,3,0
20260819,SWE,cod,8,8,6,2,0
20260903,SWE,pp,8,8,7,1,0
20260721,SWE,pp,9,9,9,0,0
20260710,SWE,pp,9,9,8,1,0
20260907,SWE,cod,9,9,9,0,0
20260730,SWE,pp,9,9,5,4,0
20260804,SWE,pp,9,9,8,1,0
20260727,SWE,cod,10,10,3,7,0
20260717,SWE,pp,12,11,10,1,0
20260916,SWE,pp,12,11,10,1,0
20260915,SWE,pp,12,11,6,5,0
20260929,SWE,pp,11,11,10,1,0
20260923,SWE,pp,11,11,10,1,0
20260725,SWE,pp,11,11,10,1,0
20260724,SWE,pp,11,11,10,1,0
20260819,SWE,pp,11,11,11,0,0
20260714,SWE,pp,12,12,12,0,0
20260808,SWE,pp,12,12,12,0,0
20260729,SWE,pp,12,12,6,5,1
20260921,SWE,cod,12,12,8,1,3
20260829,SWE,pp,13,13,8,3,2
20260921,SWE,pp,13,13,6,5,2
20260902,SWE,pp,13,13,11,2,0
20260905,SWE,cod,13,13,11,1,1
20260722,SWE,pp,14,14,14,0,0
20260713,SWE,pp,15,15,10,5,0
20260728,SWE,pp,15,15,11,4,0
20260825,SWE,cod,17,16,16,0,0
20260720,SWE,pp,17,17,17,0,0
20260707,SWE,pp,18,18,14,1,3
20260709,SWE,pp,18,18,15,2,1
20260813,SWE,pp,19,19,19,0,0
20260727,SWE,pp,28,28,10,18,0
20260703,SWL,pp,14,0,0,0,0
20260701,SWL,pp,4,0,0,0,0
20260826,SWL,cod,1,0,0,0,0
20260612,SWL,cod,21,0,0,0,0
20261003,SWL,cod,5,0,0,0,0
20260501,SWL,pp,1,0,0,0,0
20260424,SWL,cod,1,0,0,0,0
20260613,SWL,cod,16,0,0,0,0
20260702,SWL,pp,7,0,0,0,0
20260705,SWL,pp,10,0,0,0,0
20260611,SWL,cod,1,0,0,0,0
20260917,SWL,cod,1,0,0,0,0
20260924,SWL,cod,1,0,0,0,0
20260914,SWL,cod,1,0,0,0,0
20260706,SWL,pp,18,0,0,0,0
20261005,SWL,cod,3,0,0,0,0
20260522,SWL,pp,1,0,0,0,0
20261004,SWL,cod,1,0,0,0,0
20260630,SWL,pp,1,0,0,0,0
20261005,SWL,pp,23,0,0,0,0
20260702,SWL,cod,2,0,0,0,0
20260704,SWL,pp,12,0,0,0,0
20260515,SWL,pp,2,0,0,0,0
20260423,SWL,pp,1,0,0,0,0
20260706,SWL,cod,7,0,0,0,0
20260806,SWL,cod,1,1,0,1,0
20260821,SWL,cod,3,1,1,0,0
20260716,SWL,cod,1,1,1,0,0
20260822,SWL,cod,1,1,0,0,1
20260715,SWL,cod,1,1,0,1,0
20260907,SWL,cod,2,1,1,0,0
20260828,SWL,cod,1,1,0,1,0
20260724,SWL,cod,2,1,1,0,0
20260918,SWL,cod,1,1,0,1,0
20261002,SWL,cod,2,1,1,0,0
20260725,SWL,cod,1,1,0,0,1
20260829,SWL,cod,1,1,0,0,1
20260816,SWL,cod,1,1,0,1,0
20260708,SWL,cod,2,1,1,0,0
20260823,SWL,cod,1,1,0,0,1
20260915,SWL,cod,1,1,0,1,0
20260810,SWL,cod,2,1,1,0,0
20260902,SWL,cod,1,1,0,1,0
20260811,SWL,cod,1,1,0,1,0
20260801,SWL,cod,1,1,0,0,1
20260727,SWL,cod,2,2,0,0,2
20260713,SWL,cod,3,2,1,1,0
20260916,SWL,cod,2,2,0,2,0
20260824,SWL,cod,2,2,0,2,0
20260730,SWL,cod,3,2,1,1,0
20260731,SWL,cod,2,2,0,2,0
20260808,SWL,cod,2,2,2,0,0
20261004,SWL,pp,20,2,2,0,0
20260729,SWL,cod,3,2,0,2,0
20260815,SWL,pp,10,2,0,2,0
20260711,SWL,cod,2,2,1,1,0
20260929,SWL,cod,2,2,2,0,0
20260805,SWL,cod,2,2,1,1,0
20260819,SWL,cod,6,2,0,1,1
20260923,SWL,cod,2,2,0,2,0
20260807,SWL,cod,2,2,0,0,2
20260726,SWL,cod,2,2,0,1,1
20260818,SWL,cod,2,2,1,1,0
20260930,SWL,cod,3,2,1,1,0
20260926,SWL,cod,3,3,0,3,0
20260812,SWL,cod,3,3,3,0,0
20260803,SWL,cod,3,3,2,1,0
20260710,SWL,cod,4,3,2,0,1
20260719,SWL,pp,3,3,1,1,1
20260831,SWL,cod,3,3,0,1,2
20260922,SWL,cod,4,3,1,1,1
20260919,SWL,cod,3,3,0,1,2
20260905,SWL,cod,3,3,0,0,3
20260908,SWL,cod,4,3,0,0,3
20261001,SWL,cod,6,3,2,0,1
20260709,SWL,cod,5,4,2,0,2
20260928,SWL,cod,7,4,0,3,1
20260804,SWL,cod,4,4,1,3,0
20260720,SWL,cod,4,4,1,3,0
20260901,SWL,cod,4,4,0,4,0
20260717,SWL,cod,10,5,2,1,2
20260718,SWL,pp,6,5,3,0,2
20260921,SWL,cod,6,5,1,0,4
20260827,SWL,cod,6,5,3,2,0
20260712,SWL,pp,10,5,5,0,0
20260731,SWL,pp,5,5,3,2,0
20260927,SWL,cod,5,5,2,1,2
20260820,SWL,cod,5,5,1,3,1
20260814,SWL,cod,5,5,0,3,2
20260930,SWL,pp,14,6,4,2,0
20260923,SWL,pp,9,7,4,3,0
20261003,SWL,pp,15,7,6,1,0
20260925,SWL,cod,7,7,0,7,0
20261002,SWL,pp,9,7,4,3,0
20260709,SWL,pp,7,7,4,2,1
20260711,SWL,pp,10,8,2,6,0
20260817,SWL,cod,11,8,6,1,1
20260728,SWL,cod,8,8,4,4,0
20260924,SWL,pp,9,8,3,1,4
20260723,SWL,cod,11,9,2,1,6
20260929,SWL,pp,12,9,3,6,0
20260927,SWL,pp,10,9,1,6,2
20260903,SWL,cod,11,10,3,5,2
20260925,SWL,pp,13,10,2,5,3
20260721,SWL,cod,12,10,7,2,1
20260708,SWL,pp,11,10,0,9,1
20260802,SWL,pp,11,11,0,11,0
20260801,SWL,pp,12,12,6,4,2
20260729,SWL,pp,21,12,6,2,4
20260926,SWL,pp,17,13,7,5,1
20260920,SWL,pp,14,13,4,0,9
20260809,SWL,pp,13,13,2,9,2
20260922,SWL,pp,14,13,6,6,1
20260919,SWL,pp,14,14,7,3,4
20260713,SWL,pp,18,14,4,10,0
20260716,SWL,pp,14,14,3,8,3
20261001,SWL,pp,18,14,6,2,6
20260722,SWL,cod,14,14,12,2,0
20260928,SWL,pp,18,15,2,11,2
20260723,SWL,pp,18,15,10,2,3
20260726,SWL,pp,25,15,1,14,0
20260720,SWL,pp,23,17,12,3,2
20260710,SWL,pp,20,18,14,4,0
20260826,SWL,pp,22,18,4,9,5
20260715,SWL,pp,20,19,2,4,13
20260728,SWL,pp,25,21,12,7,2
20260707,SWL,pp,23,21,14,6,1
20260727,SWL,pp,26,21,10,10,1
20260921,SWL,pp,27,22,15,6,1
20260725,SWL,pp,39,23,22,0,1
20260910,SWL,pp,23,23,20,2,1
20260717,SWL,pp,33,23,17,6,0
20260724,SWL,pp,28,24,14,10,0
20260807,SWL,pp,27,24,19,3,2
20260831,SWL,pp,24,24,6,16,2
20260913,SWL,pp,24,24,22,0,2
20260903,SWL,pp,30,25,20,5,0
20260915,SWL,pp,26,25,24,1,0
20260906,SWL,pp,25,25,13,11,1
20260825,SWL,pp,34,26,16,8,2
20260918,SWL,pp,28,27,22,5,0
20260730,SWL,pp,31,27,13,5,9
20260914,SWL,pp,28,27,16,10,1
20260818,SWL,pp,30,27,20,5,2
20260803,SWL,pp,29,27,19,4,4
20260829,SWL,pp,30,28,13,9,6
20260820,SWL,pp,32,29,23,6,0
20260916,SWL,pp,31,29,22,5,2
20260805,SWL,pp,29,29,8,18,3
20260808,SWL,pp,29,29,16,1,12
20260912,SWL,pp,30,29,16,5,8
20260806,SWL,pp,39,30,26,1,3
20260911,SWL,pp,32,31,23,3,5
20260907,SWL,pp,35,33,18,14,1
20260814,SWL,pp,41,34,28,0,6
20260917,SWL,pp,38,34,23,11,0
20260830,SWL,pp,38,35,20,11,4
20260902,SWL,pp,40,35,15,16,4
20260905,SWL,pp,37,35,24,5,6
20260804,SWL,pp,41,36,13,20,3
20260908,SWL,pp,37,36,26,2,8
20260821,SWL,pp,40,37,32,4,1
20260819,SWL,pp,45,38,24,14,0
20260823,SWL,pp,40,38,31,4,3
20260827,SWL,pp,43,39,12,9,18
20260817,SWL,pp,46,42,31,10,1
20260721,SWL,pp,46,42,20,21,1
20260813,SWL,pp,45,43,26,16,1
20260901,SWL,pp,43,43,18,20,5
20260722,SWL,pp,51,44,34,3,7
20260822,SWL,pp,44,44,33,9,2
20260812,SWL,pp,54,45,15,17,13
20260824,SWL,pp,47,45,33,9,3
20260816,SWL,pp,48,45,24,21,0
20260909,SWL,pp,47,46,29,14,3
20260810,SWL,pp,52,47,28,12,7
20260811,SWL,pp,56,51,24,15,12
20260904,SWL,cod,68,67,4,3,60
20260904,SWL,pp,127,120,21,7,92
20260714,SWL,cod,310,304,132,172,0
20260714,SWL,pp,591,542,247,295,0
20260704,SWT,pp,10,0,0,0,0
20260613,SWT,cod,1,0,0,0,0
20260621,SWT,pp,1,0,0,0,0
20260608,SWT,pp,1,0,0,0,0
20261005,SWT,pp,11,0,0,0,0
20260628,SWT,pp,1,0,0,0,0
20260512,SWT,cod,2,0,0,0,0
20261004,SWT,pp,1,0,0,0,0
20260623,SWT,cod,1,0,0,0,0
20260702,SWT,pp,2,0,0,0,0
20260608,SWT,cod,1,0,0,0,0
20260615,SWT,cod,1,0,0,0,0
20260627,SWT,cod,2,0,0,0,0
20260630,SWT,cod,1,0,0,0,0
20260511,SWT,cod,2,0,0,0,0
20260706,SWT,cod,14,0,0,0,0
20261004,SWT,cod,1,0,0,0,0
20260701,SWT,pp,1,0,0,0,0
20260622,SWT,pp,2,0,0,0,0
20260702,SWT,cod,2,0,0,0,0
20260703,SWT,pp,8,0,0,0,0
20260629,SWT,pp,1,0,0,0,0
20260704,SWT,cod,3,0,0,0,0
20260618,SWT,cod,1,0,0,0,0
20260621,SWT,cod,1,0,0,0,0
20261005,SWT,cod,6,0,0,0,0
20260701,SWT,cod,4,0,0,0,0
20260604,SWT,pp,1,0,0,0,0
20260630,SWT,pp,2,0,0,0,0
20260626,SWT,cod,1,0,0,0,0
20260627,SWT,pp,1,0,0,0,0
20260706,SWT,pp,44,0,0,0,0
20260703,SWT,cod,4,0,0,0,0
20260622,SWT,cod,2,0,0,0,0
20260906,SWT,pp,2,1,0,1,0
20260909,SWT,cod,1,1,0,0,1
20260921,SWT,cod,1,1,0,1,0
20260721,SWT,cod,3,1,0,0,1
20260916,SWT,pp,1,1,0,1,0
20260828,SWT,pp,1,1,1,0,0
20260930,SWT,cod,3,1,0,1,0
20260807,SWT,cod,1,1,1,0,0
20260904,SWT,pp,4,1,1,0,0
20261001,SWT,cod,1,1,1,0,0
20260715,SWT,cod,1,1,1,0,0
20260911,SWT,pp,1,1,1,0,0
20260811,SWT,cod,5,1,0,0,1
20260915,SWT,pp,1,1,0,1,0
20260927,SWT,pp,1,1,0,1,0
20260719,SWT,cod,1,1,0,1,0
20260909,SWT,pp,2,1,1,0,0
20260712,SWT,pp,1,1,0,0,1
20260914,SWT,cod,1,1,0,1,0
20260708,SWT,cod,3,2,0,2,0
20260716,SWT,cod,2,2,0,2,0
20260823,SWT,cod,2,2,0,2,0
20260923,SWT,cod,3,2,2,0,0
20260726,SWT,cod,2,2,0,2,0
20260722,SWT,cod,3,2,0,2,0
20260926,SWT,cod,2,2,2,0,0
20260828,SWT,cod,3,2,1,0,1
20260802,SWT,pp,2,2,0,2,0
20260924,SWT,cod,2,2,1,0,1
20260723,SWT,cod,4,2,1,0,1
20260928,SWT,cod,2,2,1,1,0
20260910,SWT,cod,2,2,1,1,0
20260913,SWT,cod,2,2,1,1,0
20260725,SWT,cod,4,3,2,0,1
20260804,SWT,cod,3,3,1,2,0
20260717,SWT,cod,3,3,2,1,0
20260824,SWT,cod,4,3,2,1,0
20260818,SWT,cod,4,3,0,1,2
20260911,SWT,cod,3,3,3,0,0
20260724,SWT,cod,5,3,0,3,0
20260716,SWT,pp,6,3,3,0,0
20260905,SWT,pp,3,3,2,0,1
20260903,SWT,cod,3,3,1,2,0
20260830,SWT,cod,3,3,0,3,0
20260710,SWT,cod,3,3,3,0,0
20260923,SWT,pp,4,3,0,1,2
20260926,SWT,pp,5,4,3,0,1
20260715,SWT,pp,4,4,4,0,0
20260808,SWT,pp,4,4,1,0,3
20260901,SWT,cod,7,4,3,1,0
20260912,SWT,pp,4,4,1,1,2
20260929,SWT,cod,6,4,4,0,0
20260902,SWT,pp,5,4,3,1,0
20260805,SWT,cod,4,4,2,2,0
20260908,SWT,cod,7,5,4,1,0
20261003,SWT,pp,11,5,2,3,0
20260925,SWT,cod,5,5,2,1,2
20260912,SWT,cod,5,5,1,2,2
20260808,SWT,cod,7,5,4,0,1
20260813,SWT,cod,5,5,3,2,0
20261003,SWT,cod,7,5,5,0,0
20260915,SWT,cod,5,5,0,5,0
20260905,SWT,cod,5,5,4,0,1
20260726,SWT,pp,5,5,0,5,0
20260810,SWT,cod,8,5,4,1,0
20260919,SWT,pp,5,5,4,0,1
20260918,SWT,cod,5,5,1,4,0
20260904,SWT,cod,5,5,2,2,1
20260816,SWT,cod,5,5,2,1,2
20260826,SWT,cod,8,6,4,2,0
20260917,SWT,cod,6,6,0,4,2
20260803,SWT,cod,6,6,2,4,0
20260801,SWT,pp,8,6,6,0,0
20260903,SWT,pp,6,6,6,0,0
20260814,SWT,cod,8,6,5,0,1
20260812,SWT,cod,6,6,5,1,0
20260810,SWT,pp,6,6,4,1,1
20260711,SWT,cod,8,6,3,0,3
20260709,SWT,cod,6,6,6,0,0
20260729,SWT,cod,6,6,3,3,0
20260902,SWT,cod,7,6,5,0,1
20260930,SWT,pp,6,6,2,4,0
20260907,SWT,pp,7,6,3,2,1
20260721,SWT,pp,6,6,0,4,2
20260924,SWT,pp,8,6,3,2,1
20260827,SWT,cod,8,6,2,4,0
20260801,SWT,cod,7,6,5,0,1
20260907,SWT,cod,6,6,4,2,0
20260917,SWT,pp,7,7,3,3,1
20260729,SWT,pp,8,7,2,5,0
20260720,SWT,cod,9,7,2,5,0
20260919,SWT,cod,7,7,3,0,4
20260929,SWT,pp,7,7,2,5,0
20260707,SWT,cod,7,7,1,6,0
20260713,SWT,cod,7,7,1,4,2
20260825,SWT,cod,9,7,6,1,0
20260730,SWT,cod,8,7,6,1,0
20260819,SWT,cod,7,7,3,4,0
20260823,SWT,pp,8,7,0,7,0
20260731,SWT,cod,9,7,3,3,1
20260728,SWT,cod,9,7,6,1,0
20260921,SWT,pp,7,7,0,6,1
20260830,SWT,pp,7,7,0,5,2
20260717,SWT,pp,8,7,5,2,0
20260714,SWT,cod,7,7,2,5,0
20260920,SWT,cod,8,7,4,2,1
20260724,SWT,pp,9,8,5,2,1
20260922,SWT,cod,8,8,1,5,2
20260928,SWT,pp,8,8,2,4,2
20260818,SWT,pp,13,9,4,2,3
20261001,SWT,pp,9,9,3,0,6
20260913,SWT,pp,9,9,4,0,5
20260827,SWT,pp,10,9,7,2,0
20260805,SWT,pp,17,9,4,5,0
20260806,SWT,cod,9,9,7,1,1
20260829,SWT,cod,10,9,2,0,7
20260711,SWT,pp,10,9,3,0,6
20260820,SWT,cod,12,10,6,3,1
20260831,SWT,cod,13,10,5,5,0
20260727,SWT,cod,10,10,2,8,0
20260925,SWT,pp,11,10,5,4,1
20260821,SWT,cod,12,10,8,2,0
20260918,SWT,pp,12,11,7,4,0
20260723,SWT,pp,13,11,7,3,1
20260710,SWT,pp,11,11,6,5,0
20260922,SWT,pp,12,11,1,5,5
20260910,SWT,pp,12,11,3,6,2
20260826,SWT,pp,14,12,10,2,0
20260730,SWT,pp,13,12,9,3,0
20260804,SWT,pp,13,12,11,1,0
20260731,SWT,pp,14,12,8,4,0
20260725,SWT,pp,12,12,11,0,1
20260822,SWT,cod,13,12,10,2,0
20260709,SWT,pp,12,12,11,1,0
20260714,SWT,pp,13,13,2,11,0
20260813,SWT,pp,14,13,12,1,0
20260812,SWT,pp,14,13,7,5,1
20260908,SWT,pp,14,13,5,8,0
20260920,SWT,pp,14,13,4,9,0
20260722,SWT,pp,13,13,7,6,0
20260708,SWT,pp,13,13,2,11,0
20260816,SWT,pp,14,14,3,11,0
20260811,SWT,pp,15,15,11,3,1
20260825,SWT,pp,15,15,14,1,0
20260829,SWT,pp,15,15,11,1,3
20260718,SWT,pp,18,16,15,0,1
20260831,SWT,pp,19,16,7,6,3
20260822,SWT,pp,17,17,16,0,1
20260817,SWT,cod,20,17,9,8,0
20260707,SWT,pp,17,17,2,15,0
20260807,SWT,pp,20,18,17,0,1
20260727,SWT,pp,22,19,9,10,0
20260901,SWT,pp,19,19,12,7,0
20260720,SWT,pp,21,20,15,5,0
20260803,SWT,pp,21,20,5,15,0
20260814,SWT,pp,22,21,19,0,2
20260820,SWT,pp,23,22,17,5,0
20260806,SWT,pp,22,22,20,2,0
20260728,SWT,pp,29,25,18,6,1
20260824,SWT,pp,30,29,23,5,1
20260713,SWT,pp,34,34,2,28,4
20260817,SWT,pp,38,38,15,23,0
20260821,SWT,pp,39,38,13,25,0
20260819,SWT,pp,44,42,13,29,0
20260706,SWY,pp,2,0,0,0,0
20260701,SWY,cod,1,0,0,0,0
20260723,SWY,pp,2,0,0,0,0
20260812,SWY,cod,2,0,0,0,0
20260706,SWY,cod,3,0,0,0,0
20260703,SWY,pp,1,0,0,0,0
20260702,SWY,pp,1,0,0,0,0
20261005,SWY,cod,11,0,0,0,0
20261005,SWY,pp,7,0,0,0,0
20260703,SWY,cod,2,0,0,0,0
20260710,SWY,pp,2,0,0,0,0
20260907,SWY,pp,1,1,0,1,0
20260813,SWY,pp,1,1,1,0,0
20260903,SWY,pp,1,1,1,0,0
20260718,SWY,cod,1,1,1,0,0
20260910,SWY,pp,1,1,1,0,0
20260911,SWY,cod,1,1,1,0,0
20260711,SWY,pp,1,1,1,0,0
20260818,SWY,pp,1,1,1,0,0
20260807,SWY,cod,1,1,1,0,0
20260812,SWY,pp,1,1,1,0,0
20260804,SWY,pp,1,1,1,0,0
20260707,SWY,cod,1,1,1,0,0
20260708,SWY,cod,1,1,1,0,0
20260803,SWY,pp,1,1,1,0,0
20260926,SWY,pp,1,1,1,0,0
20260720,SWY,cod,1,1,1,0,0
20260924,SWY,pp,1,1,1,0,0
20260814,SWY,cod,1,1,0,1,0
20260803,SWY,cod,3,1,1,0,0
20260725,SWY,cod,1,1,1,0,0
20260824,SWY,pp,1,1,1,0,0
20260818,SWY,cod,1,1,1,0,0
20260727,SWY,pp,1,1,1,0,0
20260817,SWY,cod,1,1,0,1,0
20260709,SWY,pp,1,1,1,0,0
20260905,SWY,pp,1,1,1,0,0
20260716,SWY,pp,1,1,1,0,0
20260908,SWY,pp,1,1,1,0,0
20260813,SWY,cod,1,1,1,0,0
20260819,SWY,cod,1,1,1,0,0
20260721,SWY,cod,1,1,1,0,0
20260714,SWY,pp,1,1,1,0,0
20260826,SWY,cod,1,1,1,0,0
20260909,SWY,cod,1,1,1,0,0
20260731,SWY,cod,2,2,2,0,0
20260922,SWY,pp,2,2,2,0,0
20260817,SWY,pp,2,2,1,1,0
20260905,SWY,cod,2,2,2,0,0
20260730,SWY,pp,2,2,2,0,0
20260810,SWY,cod,2,2,2,0,0
20260917,SWY,pp,2,2,2,0,0
20260730,SWY,cod,2,2,1,1,0
20260904,SWY,pp,2,2,2,0,0
20260923,SWY,pp,2,2,2,0,0
20260731,SWY,pp,2,2,2,0,0
20260807,SWY,pp,2,2,2,0,0
20260719,SWY,cod,2,2,2,0,0
20260911,SWY,pp,2,2,1,1,0
20260908,SWY,cod,2,2,2,0,0
20260804,SWY,cod,3,3,3,0,0
20260916,SWY,pp,3,3,2,1,0
20260831,SWY,pp,4,3,3,0,0
20260925,SWY,pp,3,3,0,3,0
20260930,SWY,cod,3,3,3,0,0
20260917,SWY,cod,3,3,3,0,0
20260810,SWY,pp,3,3,3,0,0
20260708,SWY,pp,3,3,3,0,0
20260923,SWY,cod,3,3,3,0,0
20260929,SWY,pp,3,3,3,0,0
20260922,SWY,cod,6,4,4,0,0
20260925,SWY,cod,4,4,2,2,0
20261001,SWY,pp,4,4,4,0,0
20260918,SWY,pp,4,4,4,0,0
20260915,SWY,cod,6,4,2,2,0
20260929,SWY,cod,4,4,4,0,0
20260921,SWY,pp,4,4,3,0,1
20260915,SWY,pp,5,4,0,2,2
20260926,SWY,cod,5,5,5,0,0
20261001,SWY,cod,5,5,5,0,0
20260918,SWY,cod,6,5,5,0,0
20260919,SWY,cod,5,5,5,0,0
20260919,SWY,pp,6,6,6,0,0
20261003,SWY,pp,6,6,6,0,0
20260930,SWY,pp,8,6,6,0,0
20261003,SWY,cod,7,7,7,0,0
20260928,SWY,pp,9,7,7,0,0
20260924,SWY,cod,8,8,8,0,0
20260916,SWY,cod,8,8,4,4,0
20260928,SWY,cod,10,10,10,0,0
20260921,SWY,cod,13,13,11,0,2
20261002,SXL,pp,1,0,0,0,0
20260830,SXL,pp,1,0,0,0,0
20261005,SXL,pp,1,0,0,0,0
20260919,SXL,pp,1,1,1,0,0
20260908,SXL,pp,1,1,0,0,1
20260918,SXL,pp,3,1,0,1,0
20260926,SXL,pp,1,1,0,1,0
20261001,SXL,pp,1,1,1,0,0
20260915,SXL,pp,1,1,1,0,0
20260917,SXL,pp,1,1,1,0,0
20260907,SXL,pp,1,1,1,0,0
20260914,SXL,pp,2,2,1,0,1
20260921,SXL,pp,2,2,0,1,1
20260928,SXL,pp,2,2,0,2,0
20260922,SXL,pp,3,3,2,1,0
20260806,SXL,pp,8,8,8,0,0
20260630,TEL,cod,7,0,0,0,0
20260609,TEL,cod,2,0,0,0,0
20260602,TEL,cod,1,0,0,0,0
20260628,TEL,cod,1,0,0,0,0
20260612,TEL,cod,1,0,0,0,0
20260515,TEL,pp,1,0,0,0,0
20260612,TEL,pp,1,0,0,0,0
20260622,TEL,pp,4,0,0,0,0
20260623,TEL,pp,1,0,0,0,0
20260706,TEL,cod,11,0,0,0,0
20260706,TEL,pp,26,0,0,0,0
20260618,TEL,pp,2,0,0,0,0
20260624,TEL,cod,2,0,0,0,0
20260613,TEL,pp,1,0,0,0,0
20260704,TEL,pp,18,0,0,0,0
20260704,TEL,cod,7,0,0,0,0
20260627,TEL,pp,1,0,0,0,0
20260701,TEL,pp,10,0,0,0,0
20260601,TEL,cod,2,0,0,0,0
20260630,TEL,pp,13,0,0,0,0
20260626,TEL,cod,2,0,0,0,0
20260430,TEL,cod,1,0,0,0,0
20260501,TEL,pp,1,0,0,0,0
20260629,TEL,pp,2,0,0,0,0
20260705,TEL,pp,8,0,0,0,0
20260703,TEL,pp,18,0,0,0,0
20260616,TEL,pp,1,0,0,0,0
20260701,TEL,cod,4,0,0,0,0
20260705,TEL,cod,5,0,0,0,0
20260621,TEL,pp,1,0,0,0,0
20260410,TEL,cod,1,0,0,0,0
20260619,TEL,cod,1,0,0,0,0
20260629,TEL,cod,4,0,0,0,0
20260703,TEL,cod,5,0,0,0,0
20260615,TEL,pp,1,0,0,0,0
20260609,TEL,pp,1,0,0,0,0
20260624,TEL,pp,1,0,0,0,0
20260702,TEL,cod,4,0,0,0,0
20260702,TEL,pp,18,0,0,0,0
20260930,TEL,cod,1,1,0,1,0
20260815,TEL,cod,2,1,1,0,0
20260719,TEL,cod,2,1,0,1,0
20260802,TEL,cod,4,2,0,1,1
20260715,TEL,cod,5,2,2,0,0
20260913,TEL,cod,5,3,1,0,2
20260809,TEL,cod,11,3,0,1,2
20260816,TEL,cod,6,3,0,1,2
20260925,TEL,cod,9,4,4,0,0
20260930,TEL,pp,6,4,0,4,0
20260708,TEL,cod,6,5,3,2,0
20260726,TEL,cod,7,6,1,5,0
20260729,TEL,cod,7,6,4,1,1
20260707,TEL,cod,9,6,5,1,0
20260828,TEL,cod,8,7,0,1,6
20260830,TEL,cod,8,7,1,6,0
20260823,TEL,cod,8,7,0,6,1
20260920,TEL,cod,7,7,1,6,0
20260712,TEL,cod,8,7,1,5,1
20260716,TEL,cod,11,7,2,1,4
20260807,TEL,cod,12,7,3,3,1
20260726,TEL,pp,10,7,2,3,2
20260904,TEL,cod,11,7,5,2,0
20260721,TEL,cod,11,7,3,3,1
20260804,TEL,cod,9,8,4,2,2
20260718,TEL,cod,10,8,7,0,1
20260719,TEL,pp,9,8,0,5,3
20260909,TEL,cod,12,9,1,6,2
20260712,TEL,pp,12,9,0,8,1
20260727,TEL,cod,11,9,4,5,0
20260710,TEL,cod,11,9,6,1,2
20260924,TEL,cod,18,10,4,6,0
20260720,TEL,cod,13,10,6,3,1
20260801,TEL,cod,14,11,6,0,5
20260817,TEL,cod,14,11,6,3,2
20260711,TEL,cod,14,11,7,0,4
20260813,TEL,cod,16,11,8,3,0
20260722,TEL,cod,13,11,5,3,3
20260714,TEL,cod,18,11,7,1,3
20260709,TEL,cod,14,11,7,2,2
20260728,TEL,cod,12,11,4,0,7
20260806,TEL,cod,13,12,10,0,2
20260820,TEL,cod,17,12,3,8,1
20260918,TEL,cod,20,12,5,7,0
20260903,TEL,cod,13,12,6,5,1
20260731,TEL,cod,14,13,4,6,3
20260922,TEL,cod,19,13,8,2,3
20260910,TEL,cod,18,13,4,9,0
20260717,TEL,cod,14,13,9,3,1
20260916,TEL,cod,15,14,5,4,5
20260723,TEL,cod,16,14,6,1,7
20260725,TEL,cod,16,14,4,1,9
20260914,TEL,cod,15,14,4,8,2
20260901,TEL,cod,19,15,4,11,0
20260805,TEL,cod,16,15,7,7,1
20260724,TEL,cod,20,15,7,8,0
20260911,TEL,cod,17,15,3,11,1
20260917,TEL,cod,17,15,6,6,3
20260923,TEL,cod,21,16,10,6,0
20260819,TEL,cod,21,16,5,6,5
20260818,TEL,cod,17,16,7,5,4
20260902,TEL,cod,19,16,6,6,4
20260912,TEL,cod,16,16,8,3,5
20260808,TEL,cod,19,16,4,4,8
20260730,TEL,cod,16,16,8,6,2
20260808,TEL,pp,39,16,7,4,5
20260827,TEL,cod,22,16,7,0,9
20260825,TEL,cod,20,17,5,10,2
20260722,TEL,pp,23,17,8,7,2
20260803,TEL,cod,18,17,10,5,2
20260713,TEL,cod,19,17,9,4,4
20260729,TEL,pp,32,17,6,9,2
20260919,TEL,cod,21,17,11,5,1
20260814,TEL,cod,24,18,11,4,3
20260912,TEL,pp,26,18,18,0,0
20260811,TEL,cod,30,18,10,7,1
20260821,TEL,cod,23,18,14,3,1
20260822,TEL,cod,23,18,11,3,4
20260921,TEL,cod,22,19,10,7,2
20260809,TEL,pp,25,19,5,12,2
20260908,TEL,cod,22,19,5,8,6
20260915,TEL,cod,24,20,4,13,3
20260708,TEL,pp,34,20,4,10,6
20260816,TEL,pp,31,21,0,11,10
20260824,TEL,cod,30,22,8,12,2
20260723,TEL,pp,34,24,12,6,6
20260710,TEL,pp,34,24,12,8,4
20260730,TEL,pp,35,24,9,11,4
20260802,TEL,pp,33,25,8,15,2
20260717,TEL,pp,36,26,8,18,0
20260925,TEL,pp,35,26,16,7,3
20260829,TEL,cod,32,27,5,14,8
20260831,TEL,cod,36,27,15,10,2
20260826,TEL,cod,31,28,13,11,4
20260812,TEL,cod,34,28,18,10,0
20260828,TEL,pp,37,28,5,18,5
20260815,TEL,pp,34,29,5,14,10
20260804,TEL,pp,45,30,12,12,6
20260714,TEL,pp,43,31,8,9,14
20260810,TEL,cod,38,32,8,19,5
20260721,TEL,pp,40,32,14,14,4
20260806,TEL,pp,46,32,15,15,2
20260718,TEL,pp,41,33,28,3,2
20260727,TEL,pp,48,35,19,13,3
20260713,TEL,pp,52,35,26,8,1
20260807,TEL,pp,52,36,14,15,7
20260830,TEL,pp,41,37,6,27,4
20260905,TEL,pp,54,38,15,9,14
20260801,TEL,pp,48,39,18,2,19
20260805,TEL,pp,55,40,17,21,2
20260715,TEL,pp,49,40,15,17,8
20260814,TEL,pp,60,40,25,4,11
20260731,TEL,pp,59,41,26,11,4
20260728,TEL,pp,53,42,16,23,3
20260803,TEL,pp,61,42,28,7,7
20260906,TEL,pp,46,42,4,28,10
20260724,TEL,pp,53,43,21,21,1
20260907,TEL,pp,64,45,14,24,7
20260823,TEL,pp,49,45,24,12,9
20260902,TEL,pp,63,45,17,20,8
20260920,TEL,pp,50,46,29,7,10
20260709,TEL,pp,63,47,19,22,6
20260725,TEL,pp,58,48,21,11,16
20260811,TEL,pp,79,48,14,27,7
20260919,TEL,pp,64,49,21,12,16
20260917,TEL,pp,59,50,32,12,6
20260711,TEL,pp,60,51,28,6,17
20260716,TEL,pp,68,51,18,29,4
20260821,TEL,pp,61,51,20,26,5
20260720,TEL,pp,73,53,14,34,5
20260915,TEL,pp,69,54,24,18,12
20260901,TEL,pp,69,56,20,28,8
20260818,TEL,pp,77,57,25,27,5
20260903,TEL,pp,68,57,21,23,13
20260918,TEL,pp,73,58,40,14,4
20260916,TEL,pp,79,58,18,28,12
20260829,TEL,pp,81,59,30,9,20
20260831,TEL,pp,69,60,46,10,4
20260822,TEL,pp,73,61,34,14,13
20260826,TEL,pp,68,61,25,23,13
20260817,TEL,pp,94,63,19,33,11
20260827,TEL,pp,75,63,31,7,25
20260813,TEL,pp,82,64,27,24,13
20260825,TEL,pp,80,65,22,35,8
20260824,TEL,pp,88,65,19,40,6
20260923,TEL,pp,90,65,19,43,3
20260910,TEL,pp,80,65,25,33,7
20260911,TEL,pp,77,67,29,28,10
20260904,TEL,pp,80,68,29,24,15
20260810,TEL,pp,94,69,10,51,8
20260914,TEL,pp,80,71,40,21,10
20260922,TEL,pp,98,74,22,40,12
20260819,TEL,pp,98,77,23,40,14
20260921,TEL,pp,106,79,22,40,17
20260909,TEL,pp,115,85,29,46,10
20260820,TEL,pp,102,86,48,30,8
20260812,TEL,pp,116,90,48,26,16
20260924,TEL,pp,105,92,54,21,17
20260908,TEL,pp,123,97,56,23,18
20261005,THE,pp,2,0,0,0,0
20260703,THE,pp,1,0,0,0,0
20260709,THE,pp,1,0,0,0,0
20260721,THE,cod,1,0,0,0,0
20260720,THE,pp,1,1,0,0,1
20260811,THE,pp,1,1,0,0,1
20260716,THE,pp,1,1,1,0,0
20260707,THE,pp,1,1,1,0,0
20261003,THE,pp,1,1,1,0,0
20260930,THE,pp,1,1,1,0,0
20260905,THE,pp,2,1,0,0,1
20260928,THE,pp,1,1,0,1,0
20260915,THE,cod,1,1,0,1,0
20260919,THE,cod,1,1,1,0,0
20260721,THE,pp,1,1,0,0,1
20260917,THE,pp,1,1,0,1,0
20260731,THE,pp,1,1,1,0,0
20260729,THE,pp,1,1,1,0,0
20260908,THE,pp,1,1,1,0,0
20260810,THE,cod,1,1,0,0,1
20260922,THE,pp,1,1,1,0,0
20260910,THE,pp,2,2,2,0,0
20260916,THE,pp,2,2,2,0,0
20260812,THE,pp,2,2,0,0,2
20260814,THE,pp,3,2,0,0,2
20260919,THE,pp,2,2,2,0,0
20260903,THE,pp,3,2,1,0,1
20260912,THE,pp,2,2,2,0,0
20260807,THE,pp,2,2,0,2,0
20260822,THE,pp,3,2,2,0,0
20260808,THE,pp,2,2,2,0,0
20260728,THE,pp,2,2,0,1,1
20260806,THE,pp,2,2,0,0,2
20260909,THE,pp,2,2,2,0,0
20260714,THE,pp,2,2,0,0,2
20260723,THE,pp,3,3,2,1,0
20260813,THE,pp,3,3,0,3,0
20260926,THE,pp,3,3,3,0,0
20260923,THE,pp,3,3,3,0,0
20260821,THE,pp,3,3,0,3,0
20260827,THE,pp,5,4,1,0,3
20260921,THE,pp,4,4,0,4,0
20260924,THE,pp,4,4,4,0,0
20260725,THE,pp,4,4,0,0,4
20260902,THE,pp,7,4,0,2,2
20260810,THE,pp,4,4,0,0,4
20260803,THE,pp,5,4,1,1,2
20260804,THE,pp,5,5,1,4,0
20260826,THE,pp,5,5,0,5,0
20260915,THE,pp,5,5,0,5,0
20260911,THE,pp,5,5,0,5,0
20260901,THE,pp,5,5,3,0,2
20260805,THE,pp,5,5,0,0,5
20260825,THE,pp,5,5,4,0,1
20260824,THE,pp,7,6,0,5,1
20260820,THE,pp,7,7,4,1,2
20260727,THE,pp,7,7,0,0,7
20260907,THE,pp,8,8,0,4,4
20260818,THE,pp,10,10,5,1,4
20260808,TIH,pp,1,0,0,0,0
20260720,TIH,pp,7,0,0,0,0
20260113,TIH,pp,1,0,0,0,0
20260821,TIH,pp,1,0,0,0,0
20260720,TIH,cod,1,0,0,0,0
20260724,TKL,pp,1,0,0,0,0
20260808,TKL,pp,1,0,0,0,0
20261005,TUN,pp,5,0,0,0,0
20260623,TUN,pp,1,0,0,0,0
20261003,TUN,pp,1,0,0,0,0
20260701,TUN,pp,3,0,0,0,0
20260630,TUN,pp,3,0,0,0,0
20260706,TUN,pp,10,0,0,0,0
20260703,TUN,pp,4,0,0,0,0
20260629,TUN,pp,1,0,0,0,0
20260702,TUN,pp,2,0,0,0,0
20260704,TUN,pp,2,0,0,0,0
20260824,TUN,pp,2,0,0,0,0
20260927,TUN,pp,1,1,1,0,0
20260821,TUN,pp,1,1,1,0,0
20260816,TUN,pp,1,1,1,0,0
20260818,TUN,pp,3,1,1,0,0
20260808,TUN,pp,1,1,1,0,0
20260708,TUN,pp,2,1,0,1,0
20260822,TUN,pp,1,1,1,0,0
20260724,TUN,pp,2,2,2,0,0
20260811,TUN,pp,2,2,2,0,0
20260814,TUN,pp,2,2,0,0,2
20260928,TUN,pp,3,3,1,2,0
20260916,TUN,pp,3,3,1,2,0
20260929,TUN,pp,3,3,3,0,0
20260817,TUN,pp,4,4,3,1,0
20260919,TUN,pp,4,4,1,3,0
20260716,TUN,pp,4,4,3,1,0
20260711,TUN,pp,4,4,4,0,0
20260707,TUN,pp,4,4,4,0,0
20260914,TUN,pp,5,5,4,1,0
20260722,TUN,pp,6,5,2,2,1
20260917,TUN,pp,5,5,2,3,0
20260805,TUN,pp,6,6,3,2,1
20260709,TUN,pp,6,6,3,2,1
20260727,TUN,pp,6,6,4,0,2
20260806,TUN,pp,6,6,5,1,0
20260923,TUN,pp,6,6,2,3,1
20260810,TUN,pp,6,6,0,5,1
20260925,TUN,pp,6,6,3,3,0
20260715,TUN,pp,7,7,5,2,0
20260921,TUN,pp,7,7,0,6,1
20260803,TUN,pp,7,7,4,2,1
20260720,TUN,pp,7,7,2,2,3
20260912,TUN,pp,7,7,0,0,7
20260909,TUN,pp,7,7,0,4,3
20260922,TUN,pp,8,8,5,3,0
20260924,TUN,pp,9,9,3,5,1
20260820,TUN,pp,9,9,8,0,1
20260718,TUN,pp,9,9,8,1,0
20260721,TUN,pp,9,9,4,4,1
20260813,TUN,pp,10,10,0,10,0
20260918,TUN,pp,11,11,8,3,0
20260915,TUN,pp,12,12,0,11,1
20260819,TUN,pp,12,12,6,6,0
20260926,TUN,pp,13,13,12,1,0
20260717,TUN,pp,13,13,10,2,1
20260807,TUN,pp,14,14,10,4,0
20260723,TUN,pp,14,14,13,0,1
20260714,TUN,pp,15,14,0,12,2
20260911,TUN,pp,14,14,8,4,2
20260804,TUN,pp,20,19,10,7,2
20260601,TWW,pp,1,0,0,0,0
20260923,TWW,pp,1,1,1,0,0
20260722,TWW,pp,1,1,0,1,0
20260929,TWW,pp,1,1,1,0,0
20260708,TYL,pp,2,0,0,0,0
20260819,TYL,cod,1,0,0,0,0
20260706,TYL,pp,1,0,0,0,0
20260721,TYL,pp,1,0,0,0,0
20260803,TYL,cod,1,0,0,0,0
20260908,TYL,cod,1,0,0,0,0
20261004,TYL,cod,2,0,0,0,0
20260828,TYL,pp,1,0,0,0,0
20260816,TYL,pp,1,0,0,0,0
20260919,TYL,pp,2,0,0,0,0
20260914,TYL,pp,1,0,0,0,0
20260707,TYL,cod,1,0,0,0,0
20260716,TYL,pp,1,0,0,0,0
20260813,TYL,pp,1,0,0,0,0
20260817,TYL,pp,3,0,0,0,0
20260709,TYL,pp,2,0,0,0,0
20260903,TYL,pp,1,0,0,0,0
20260910,TYL,pp,2,0,0,0,0
20260727,TYL,cod,1,0,0,0,0
20260722,TYL,cod,2,0,0,0,0
20260801,TYL,pp,5,0,0,0,0
20260825,TYL,pp,1,0,0,0,0
20260922,TYL,pp,4,0,0,0,0
20260808,TYL,pp,2,0,0,0,0
20260723,TYL,pp,1,0,0,0,0
20261004,TYL,pp,1,0,0,0,0
20261005,TYL,pp,9,0,0,0,0
20260805,TYL,pp,1,0,0,0,0
20260902,TYL,pp,1,1,0,0,1
20260803,TYL,pp,2,1,1,0,0
20260922,TYL,cod,1,1,0,0,1
20260812,TYL,pp,1,1,0,0,1
20260814,TYL,pp,1,1,0,0,1
20260717,TYL,pp,1,1,0,0,1
20260924,TYL,pp,1,1,1,0,0
20260916,TYL,pp,1,1,0,1,0
20260904,TYL,pp,1,1,0,1,0
20260827,TYL,cod,1,1,0,0,1
20260812,TYL,cod,1,1,0,0,1
20260712,TYL,cod,1,1,1,0,0
20260920,TYL,cod,1,1,0,1,0
20260926,TYL,cod,1,1,0,0,1
20260808,TYL,cod,2,1,0,1,0
20260813,TYL,cod,1,1,1,0,0
20260907,TYL,cod,2,1,0,0,1
20260927,TYL,pp,1,1,1,0,0
20260820,TYL,cod,2,1,0,1,0
20260720,TYL,pp,4,1,0,0,1
20260930,TYL,cod,4,1,0,1,0
20261003,TYL,pp,3,1,1,0,0
20260825,TYL,cod,2,1,0,1,0
20260708,TYL,cod,1,1,1,0,0
20260826,TYL,cod,1,1,0,0,1
20260713,TYL,pp,1,1,1,0,0
20260905,TYL,cod,1,1,1,0,0
20261002,TYL,pp,2,2,2,0,0
20260927,TYL,cod,2,2,0,2,0
20260811,TYL,cod,3,2,0,2,0
20260712,TYL,pp,2,2,0,2,0
20260725,TYL,pp,4,2,0,2,0
20260714,TYL,pp,2,2,0,2,0
20260809,TYL,pp,2,2,1,1,0
20260919,TYL,cod,2,2,2,0,0
20260823,TYL,cod,2,2,0,2,0
20260802,TYL,pp,2,2,0,0,2
20260918,TYL,pp,2,2,2,0,0
20260714,TYL,cod,2,2,0,2,0
20260722,TYL,pp,2,2,0,2,0
20260831,TYL,pp,4,2,0,0,2
20260820,TYL,pp,3,2,0,0,2
20260905,TYL,pp,2,2,0,0,2
20260909,TYL,cod,2,2,0,0,2
20260711,TYL,pp,2,2,2,0,0
20260911,TYL,cod,3,3,0,3,0
20260730,TYL,pp,5,3,2,0,1
20260826,TYL,pp,3,3,1,1,1
20260814,TYL,cod,3,3,0,0,3
20260915,TYL,cod,3,3,0,2,1
20260720,TYL,cod,3,3,0,3,0
20261001,TYL,pp,3,3,3,0,0
20260911,TYL,pp,4,3,1,2,0
20260928,TYL,pp,4,3,3,0,0
20260729,TYL,pp,3,3,0,2,1
20260806,TYL,pp,3,3,0,2,1
20261002,TYL,cod,6,4,0,4,0
20260807,TYL,pp,5,4,4,0,0
20260731,TYL,pp,4,4,0,2,2
20260727,TYL,pp,5,4,1,3,0
20260925,TYL,cod,4,4,0,4,0
20260910,TYL,cod,4,4,0,4,0
20260917,TYL,cod,4,4,4,0,0
20260824,TYL,pp,4,4,0,4,0
20260829,TYL,pp,6,5,5,0,0
20260822,TYL,cod,5,5,2,0,3
20260920,TYL,pp,5,5,0,5,0
20260818,TYL,pp,6,6,6,0,0
20260902,TYL,cod,6,6,0,0,6
20260924,TYL,cod,6,6,0,6,0
20260925,TYL,pp,6,6,0,0,6
20260908,TYL,pp,7,7,5,2,0
20260928,TYL,cod,7,7,6,0,1
20260724,TYL,pp,7,7,2,5,0
20260926,TYL,pp,9,9,1,0,8
20261003,TYL,cod,15,9,0,9,0
20260929,TYL,pp,11,11,3,3,5
20260515,ULT,pp,1,0,0,0,0
20260611,ULT,pp,1,0,0,0,0
20260723,ULT,pp,2,0,0,0,0
20260615,ULT,pp,2,0,0,0,0
20260630,ULT,pp,2,0,0,0,0
20260430,ULT,pp,2,0,0,0,0
20260618,UNC,pp,3,0,0,0,0
20260706,UNC,pp,353,0,0,0,0
20260624,UNC,pp,2,0,0,0,0
20260630,UNC,pp,167,0,0,0,0
20261001,UNC,pp,128,0,0,0,0
20260702,UNC,pp,253,0,0,0,0
20260703,UNC,pp,80,0,0,0,0
20260622,UNC,pp,13,0,0,0,0
20260825,UNC,pp,31,30,0,30,0
20260730,UNC,pp,30,30,0,0,30
20260828,UNC,pp,50,50,0,0,50
20260921,UNC,pp,56,51,0,51,0
20260923,UNC,pp,59,52,30,0,22
20260907,UNC,pp,66,65,0,65,0
20260824,UNC,pp,90,68,0,68,0
20260804,UNC,pp,70,70,0,70,0
20260806,UNC,pp,214,77,0,77,0
20260930,UNC,pp,93,77,0,77,0
20260922,UNC,pp,91,79,0,79,0
20260805,UNC,pp,86,86,0,86,0
20260717,UNC,pp,91,90,0,90,0
20260813,UNC,pp,98,95,0,95,0
20260908,UNC,pp,267,96,0,96,0
20260722,UNC,pp,136,103,0,103,0
20260904,UNC,pp,110,110,0,110,0
20260716,UNC,pp,126,112,0,112,0
20260903,UNC,pp,115,113,0,113,0
20260724,UNC,pp,114,114,0,114,0
20260924,UNC,pp,163,132,0,132,0
20260911,UNC,pp,133,133,0,133,0
20260915,UNC,pp,134,134,0,0,134
20260810,UNC,pp,417,155,0,105,50
20260710,UNC,pp,185,185,0,185,0
20260819,UNC,pp,189,187,0,187,0
20260715,UNC,pp,194,194,0,194,0
20260912,UNC,pp,219,219,0,0,219
20260721,UNC,pp,240,227,0,124,103
20260803,UNC,pp,234,233,0,233,0
20260822,UNC,pp,235,235,0,0,235
20260713,UNC,pp,256,237,0,236,1
20260728,UNC,pp,277,277,0,277,0
20260910,UNC,pp,288,288,0,39,249
20260723,UNC,pp,305,305,0,305,0
20260709,UNC,pp,306,306,0,306,0
20260720,UNC,pp,314,314,0,0,314
20260916,UNC,pp,317,317,0,317,0
20260727,UNC,pp,371,370,0,370,0
20260731,UNC,pp,433,433,0,433,0
20260820,UNC,pp,475,475,0,0,475
20260901,UNC,pp,508,508,81,427,0
20260909,UNC,pp,689,689,0,420,269
20261005,VSL,pp,28,0,0,0,0
20260703,VSL,pp,2,0,0,0,0
20260706,VSL,pp,17,0,0,0,0
20260701,VSL,pp,1,0,0,0,0
20260704,VSL,pp,2,0,0,0,0
20260918,VSL,pp,1,1,1,0,0
20260801,VSL,pp,2,1,0,0,1
20260827,VSL,pp,1,1,1,0,0
20260802,VSL,pp,1,1,0,1,0
20260823,VSL,pp,2,2,1,1,0
20260920,VSL,pp,2,2,0,2,0
20260727,VSL,pp,4,2,2,0,0
20260821,VSL,pp,2,2,1,1,0
20260712,VSL,pp,2,2,0,2,0
20260820,VSL,pp,2,2,2,0,0
20260721,VSL,pp,2,2,1,0,1
20260904,VSL,pp,2,2,2,0,0
20260718,VSL,pp,2,2,1,1,0
20260726,VSL,pp,2,2,1,1,0
20260819,VSL,pp,2,2,2,0,0
20261004,VSL,pp,4,3,3,0,0
20260930,VSL,pp,3,3,3,0,0
20260826,VSL,pp,3,3,3,0,0
20260901,VSL,pp,3,3,2,1,0
20260921,VSL,pp,3,3,3,0,0
20260731,VSL,pp,4,4,3,1,0
20260707,VSL,pp,4,4,3,0,1
20260809,VSL,pp,4,4,0,4,0
20260910,VSL,pp,4,4,3,1,0
20260719,VSL,pp,5,4,3,1,0
20260708,VSL,pp,4,4,4,0,0
20260725,VSL,pp,5,5,3,2,0
20260824,VSL,pp,7,5,4,0,1
20260831,VSL,pp,5,5,3,2,0
20260916,VSL,pp,5,5,3,2,0
20260723,VSL,pp,6,6,6,0,0
20260720,VSL,pp,7,6,1,5,0
20260924,VSL,pp,7,6,6,0,0
20260923,VSL,pp,6,6,5,1,0
20260822,VSL,pp,6,6,6,0,0
20260711,VSL,pp,6,6,5,0,1
20260912,VSL,pp,6,6,4,1,1
20260805,VSL,pp,6,6,6,0,0
20260928,VSL,pp,6,6,6,0,0
20260906,VSL,pp,6,6,1,5,0
20260806,VSL,pp,6,6,5,1,0
20260730,VSL,pp,6,6,4,1,1
20260817,VSL,pp,6,6,5,1,0
20260922,VSL,pp,6,6,2,1,3
20260929,VSL,pp,6,6,6,0,0
20260829,VSL,pp,7,7,5,0,2
20261001,VSL,pp,7,7,6,0,1
20260913,VSL,pp,7,7,0,7,0
20260724,VSL,pp,9,8,7,1,0
20260717,VSL,pp,8,8,5,1,2
20260917,VSL,pp,8,8,6,2,0
20260825,VSL,pp,8,8,7,0,1
20260919,VSL,pp,8,8,8,0,0
20260710,VSL,pp,9,9,8,1,0
20260925,VSL,pp,9,9,9,0,0
20260926,VSL,pp,9,9,8,1,0
20260818,VSL,pp,10,9,7,2,0
20260808,VSL,pp,9,9,4,0,5
20260813,VSL,pp,10,10,9,1,0
20260716,VSL,pp,10,10,7,0,3
20260811,VSL,pp,11,11,8,0,3
20260728,VSL,pp,13,12,8,1,3
20260908,VSL,pp,12,12,12,0,0
20260714,VSL,pp,13,12,8,1,3
20260803,VSL,pp,12,12,12,0,0
20260911,VSL,pp,13,12,12,0,0
20260709,VSL,pp,14,14,12,2,0
20260902,VSL,pp,15,14,10,4,0
20260804,VSL,pp,15,14,10,1,3
20260905,VSL,pp,14,14,12,2,0
20260807,VSL,pp,17,16,15,1,0
20260816,VSL,pp,16,16,14,1,1
20260909,VSL,pp,16,16,16,0,0
20260713,VSL,pp,17,17,15,2,0
20260903,VSL,pp,17,17,17,0,0
20261003,VSL,pp,19,18,18,0,0
20260907,VSL,pp,22,19,15,4,0
20260715,VSL,pp,19,19,18,0,1
20260810,VSL,pp,19,19,16,2,1
20260812,VSL,pp,19,19,14,5,0
20260814,VSL,pp,21,21,16,0,5
20260915,VSL,pp,24,24,23,1,0
20260914,VSL,pp,32,32,22,9,1
20260704,WPV,pp,3,0,0,0,0
20260702,WPV,pp,2,0,0,0,0
20261005,WPV,pp,4,0,0,0,0
20260703,WPV,pp,1,0,0,0,0
20260706,WPV,pp,1,0,0,0,0
20260819,WPV,pp,1,1,0,1,0
20260905,WPV,pp,1,1,1,0,0
20260807,WPV,cod,1,1,0,1,0
20260916,WPV,pp,1,1,1,0,0
20260710,WPV,pp,1,1,1,0,0
20260714,WPV,pp,1,1,0,0,1
20260902,WPV,pp,1,1,1,0,0
20260826,WPV,pp,1,1,0,1,0
20260723,WPV,pp,1,1,1,0,0
20260711,WPV,pp,2,2,2,0,0
20260731,WPV,pp,2,2,0,0,2
20260722,WPV,pp,2,2,2,0,0
20260919,WPV,pp,2,2,2,0,0
20261001,WPV,pp,2,2,2,0,0
20260803,WPV,pp,2,2,1,0,1
20260713,WPV,pp,2,2,2,0,0
20260829,WPV,pp,2,2,2,0,0
20260820,WPV,pp,2,2,1,1,0
20260822,WPV,pp,3,3,2,0,1
20260817,WPV,pp,3,3,0,3,0
20260918,WPV,pp,3,3,2,1,0
20260929,WPV,pp,4,4,4,0,0
20260915,WPV,pp,6,4,0,4,0
20260910,WPV,pp,4,4,3,1,0
20260806,WPV,pp,4,4,0,4,0
20260928,WPV,pp,4,4,4,0,0
20260831,WPV,pp,4,4,4,0,0
20260821,WPV,pp,4,4,4,0,0
20260922,WPV,pp,4,4,4,0,0
20260926,WPV,pp,4,4,4,0,0
20260804,WPV,pp,4,4,0,4,0
20260813,WPV,pp,5,4,1,3,0
20260824,WPV,pp,5,5,4,1,0
20260807,WPV,pp,5,5,0,5,0
20261002,WPV,pp,5,5,4,1,0
20260917,WPV,pp,5,5,3,2,0
20260812,WPV,pp,6,6,3,3,0
20260717,WPV,pp,7,6,5,1,0
20260805,WPV,pp,6,6,2,4,0
20260818,WPV,pp,6,6,4,2,0
20260811,WPV,pp,6,6,4,2,0
20260923,WPV,pp,7,6,6,0,0
20260911,WPV,pp,6,6,6,0,0
20260930,WPV,pp,7,7,6,1,0
20260814,WPV,pp,7,7,6,0,1
20261003,WPV,pp,9,7,7,0,0
20260715,WPV,pp,7,7,0,7,0
20260810,WPV,pp,7,7,0,7,0
20260825,WPV,pp,8,8,7,1,0
20260914,WPV,pp,8,8,5,3,0
20260912,WPV,pp,9,8,7,0,1
20260903,WPV,pp,8,8,8,0,0
20260720,WPV,pp,8,8,7,1,0
20260907,WPV,pp,8,8,5,3,0
20260730,WPV,pp,8,8,5,0,3
20260921,WPV,pp,9,9,9,0,0
20260725,WPV,pp,9,9,9,0,0
20260827,WPV,pp,9,9,8,0,1
20260808,WPV,pp,9,9,9,0,0
20260924,WPV,pp,9,9,9,0,0
20260721,WPV,pp,10,9,9,0,0
20260908,WPV,pp,9,9,7,2,0
20260718,WPV,pp,10,10,7,0,3
20260901,WPV,pp,10,10,10,0,0
20260729,WPV,pp,10,10,6,4,0
20260728,WPV,pp,12,12,9,3,0
20260716,WPV,pp,12,12,11,1,0
20260727,WPV,pp,12,12,0,12,0
20260909,WPV,pp,18,18,12,6,0
20260918,WXE,pp,1,0,0,0,0
20260910,WXE,cod,1,0,0,0,0
20260810,WXE,cod,7,0,0,0,0
20260911,WXE,pp,1,0,0,0,0
20261005,WXE,cod,2,0,0,0,0
20260817,WXE,pp,1,0,0,0,0
20261005,WXE,pp,1,0,0,0,0
20260930,WXE,cod,1,1,1,0,0
20260721,WXE,cod,1,1,1,0,0
20260810,WXE,pp,1,1,1,0,0
20260905,WXE,pp,1,1,0,0,1
20260806,WXE,cod,2,1,1,0,0
20260812,WXE,cod,1,1,1,0,0
20260924,WXE,cod,1,1,1,0,0
20260728,WXE,pp,1,1,0,1,0
20260917,WXE,pp,1,1,0,1,0
20260918,WXE,cod,1,1,1,0,0
20260927,WXE,pp,1,1,1,0,0
20260724,WXE,pp,3,1,0,1,0
20260826,WXE,cod,1,1,1,0,0
20260924,WXE,pp,1,1,1,0,0
20260827,WXE,pp,4,1,1,0,0
20260718,WXE,cod,1,1,1,0,0
20260825,WXE,pp,1,1,1,0,0
20260806,WXE,pp,2,2,2,0,0
20261003,WXE,pp,3,2,0,2,0
20260717,WXE,pp,2,2,0,2,0
20260725,WXE,pp,2,2,0,0,2
20260818,WXE,pp,2,2,2,0,0
20260803,WXE,cod,2,2,2,0,0
20260901,WXE,pp,3,2,2,0,0
20260903,WXE,pp,2,2,1,1,0
20260916,WXE,pp,2,2,2,0,0
20260927,WXE,cod,3,2,2,0,0
20260826,WXE,pp,2,2,0,2,0
20260929,WXE,pp,3,3,3,0,0
20260722,WXE,pp,3,3,0,0,3
20260919,WXE,pp,3,3,3,0,0
20261002,WXE,pp,3,3,3,0,0
20260914,WXE,pp,3,3,1,2,0
20260714,WXE,pp,3,3,0,3,0
20260721,WXE,pp,3,3,3,0,0
20260910,WXE,pp,3,3,3,0,0
20260822,WXE,pp,3,3,3,0,0
20260813,WXE,pp,4,4,4,0,0
20260729,WXE,pp,4,4,4,0,0
20260814,WXE,pp,5,4,3,0,1
20260902,WXE,pp,4,4,4,0,0
20260930,WXE,pp,4,4,4,0,0
20260923,WXE,pp,4,4,0,4,0
20260808,WXE,pp,5,4,4,0,0
20260926,WXE,pp,5,5,5,0,0
20260821,WXE,pp,5,5,5,0,0
20260718,WXE,pp,8,7,7,0,0
20260727,WXE,pp,7,7,7,0,0
20260921,WXF,pp,1,1,0,1,0
20260926,WXF,pp,1,1,0,0,1
20260902,WXF,pp,1,1,0,1,0
20260825,WXF,pp,1,1,0,1,0
20260901,WXL,pp,1,1,1,0,0
20260924,WXL,pp,2,1,0,0,1
20260926,WXL,pp,1,1,1,0,0
20260928,WXL,pp,1,1,1,0,0
20260914,WXL,pp,1,1,1,0,0
20260908,WXL,pp,1,1,0,1,0
20260718,WXL,pp,1,1,0,1,0
20260909,WXL,pp,1,1,0,1,0
20260703,WXN,pp,3,0,0,0,0
20260731,WXN,cod,1,1,0,1,0
20260903,WXN,pp,1,1,1,0,0
20260910,WXN,pp,1,1,1,0,0
20260923,WXN,pp,1,1,0,1,0
20260829,WXN,pp,1,1,0,0,1
20260715,WXN,pp,1,1,1,0,0
20260919,WXN,pp,1,1,0,1,0
20260724,WXN,pp,1,1,0,1,0
20260805,WXN,pp,1,1,1,0,0
20260914,WXN,pp,2,2,0,2,0
20260709,WXN,pp,2,2,0,2,0
20260718,WXN,pp,2,2,0,0,2
20260824,WXN,pp,2,2,0,2,0
20260817,WXN,pp,2,2,1,1,0
20260822,WXN,pp,4,3,0,3,0
20260804,WXN,pp,3,3,0,3,0
20260721,WYG,pp,1,0,0,0,0
20260918,WYG,pp,1,1,0,1,0
20260908,WYG,pp,1,1,0,1,0
20260929,WYG,pp,1,1,0,1,0
20260814,WYG,pp,1,1,0,0,1
20260922,WYG,pp,1,1,1,0,0
20260919,WYG,pp,1,1,1,0,0
20260807,WYG,pp,1,1,0,1,0
20260914,WYG,pp,1,1,0,0,1
20260817,WYG,pp,1,1,1,0,0
20260827,WYG,pp,1,1,1,0,0
20260711,WYG,pp,1,1,0,0,1
20260820,WYG,pp,1,1,1,0,0
20261003,WYG,pp,1,1,1,0,0
20260829,WYG,cod,1,1,0,0,1
20260730,WYG,pp,1,1,1,0,0
20260924,WYG,pp,1,1,0,0,1
20260818,WYG,pp,1,1,0,1,0
20260928,WYG,pp,1,1,0,1,0
20260912,WYG,pp,1,1,1,0,0
20260923,WYG,pp,1,1,1,0,0
20260804,WYG,pp,1,1,0,1,0
20260926,WYG,pp,2,2,2,0,0
20260805,WYG,pp,2,2,2,0,0
20260911,WYG,pp,2,2,2,0,0
20260902,WYG,pp,2,2,1,1,0
20260811,WYG,pp,2,2,2,0,0
20260806,WYG,pp,3,3,3,0,0
20260728,WYG,pp,3,3,3,0,0
20260903,WYG,pp,4,4,4,0,0
20260909,WYG,pp,4,4,4,0,0
20260917,WYG,pp,4,4,0,4,0
20260706,WZA,pp,1,0,0,0,0
20260704,WZA,pp,5,0,0,0,0
20261005,WZA,pp,5,0,0,0,0
20260703,WZA,cod,1,0,0,0,0
20260702,WZA,pp,1,0,0,0,0
20260724,WZA,cod,1,0,0,0,0
20260630,WZA,cod,1,0,0,0,0
20260812,WZA,cod,1,0,0,0,0
20260827,WZA,cod,1,1,1,0,0
20260713,WZA,pp,1,1,1,0,0
20260910,WZA,cod,1,1,0,1,0
20260807,WZA,cod,1,1,1,0,0
20260929,WZA,cod,1,1,1,0,0
20260903,WZA,pp,1,1,0,0,1
20260917,WZA,cod,1,1,0,1,0
20260714,WZA,pp,1,1,1,0,0
20260722,WZA,cod,1,1,1,0,0
20260923,WZA,cod,1,1,1,0,0
20260922,WZA,cod,1,1,1,0,0
20260926,WZA,cod,1,1,1,0,0
20260908,WZA,cod,1,1,0,1,0
20260820,WZA,cod,1,1,1,0,0
20260814,WZA,cod,1,1,0,1,0
20260912,WZA,cod,1,1,1,0,0
20260710,WZA,pp,1,1,0,1,0
20260905,WZA,pp,1,1,0,0,1
20260915,WZA,cod,2,2,0,2,0
20260804,WZA,cod,2,2,2,0,0
20260730,WZA,cod,2,2,2,0,0
20260711,WZA,cod,2,2,2,0,0
20260803,WZA,pp,2,2,2,0,0
20260709,WZA,pp,2,2,2,0,0
20260831,WZA,cod,2,2,0,2,0
20260711,WZA,pp,2,2,2,0,0
20260824,WZA,pp,2,2,2,0,0
20260709,WZA,cod,2,2,2,0,0
20260903,WZA,cod,2,2,1,0,1
20260819,WZA,pp,2,2,1,1,0
20260815,WZA,pp,2,2,1,0,1
20260925,WZA,pp,3,3,0,3,0
20260715,WZA,pp,3,3,0,3,0
20260728,WZA,cod,3,3,3,0,0
20260826,WZA,cod,4,3,2,1,0
20260818,WZA,cod,3,3,3,0,0
20261003,WZA,cod,4,3,3,0,0
20260707,WZA,pp,3,3,0,0,3
20260717,WZA,pp,4,3,3,0,0
20260716,WZA,pp,3,3,2,1,0
20261001,WZA,pp,4,4,4,0,0
20260817,WZA,pp,4,4,0,4,0
20260918,WZA,pp,4,4,2,2,0
20260727,WZA,pp,4,4,4,0,0
20260821,WZA,cod,4,4,1,3,0
20260725,WZA,pp,4,4,4,0,0
20260811,WZA,pp,4,4,4,0,0
20260821,WZA,pp,4,4,4,0,0
20260723,WZA,pp,4,4,4,0,0
20260917,WZA,pp,5,5,1,4,0
20260720,WZA,pp,5,5,4,1,0
20260926,WZA,pp,5,5,5,0,0
20260808,WZA,cod,6,5,5,0,0
20261002,WZA,pp,5,5,5,0,0
20260928,WZA,pp,5,5,5,0,0
20260912,WZA,pp,5,5,5,0,0
20260810,WZA,pp,5,5,5,0,0
20260807,WZA,pp,7,6,6,0,0
20260909,WZA,pp,6,6,1,5,0
20260804,WZA,pp,6,6,6,0,0
20260919,WZA,pp,6,6,5,0,1
20260921,WZA,pp,6,6,6,0,0
20260730,WZA,pp,6,6,6,0,0
20260724,WZA,pp,7,7,0,7,0
20260911,WZA,pp,7,7,3,4,0
20260930,WZA,pp,7,7,7,0,0
20260808,WZA,pp,7,7,7,0,0
20260722,WZA,pp,7,7,7,0,0
20260923,WZA,pp,7,7,7,0,0
20260806,WZA,pp,7,7,5,2,0
20260916,WZA,pp,8,8,0,8,0
20260805,WZA,pp,8,8,7,1,0
20260812,WZA,pp,9,8,5,3,0
20260924,WZA,pp,8,8,8,0,0
20260907,WZA,pp,8,8,1,7,0
20260929,WZA,pp,10,8,8,0,0
20261003,WZA,pp,9,9,9,0,0
20260914,WZA,pp,9,9,5,4,0
20260721,WZA,pp,11,9,9,0,0
20260728,WZA,pp,10,10,10,0,0
20260910,WZA,pp,11,11,5,6,0
20260820,WZA,pp,11,11,11,0,0
20260908,WZA,pp,11,11,6,5,0
20260801,WZA,pp,12,12,3,0,9
20260731,WZA,pp,13,13,0,13,0
20260922,WZA,pp,14,13,13,0,0
20260814,WZA,pp,14,13,8,5,0
20260915,WZA,pp,13,13,6,7,0
20260729,WZA,pp,15,15,7,8,0
20260813,WZA,pp,15,15,9,6,0
20260818,WZA,pp,17,17,17,0,0
20260718,WZA,pp,18,17,13,0,4
20260717,WZC,pp,1,0,0,0,0
20261005,WZC,pp,1,0,0,0,0
20260709,WZC,pp,1,1,0,0,1
20260807,WZC,pp,1,1,1,0,0
20260817,WZC,pp,1,1,1,0,0
20260630,WZG,pp,1,0,0,0,0
20260704,WZG,pp,1,0,0,0,0
20260702,WZG,pp,1,0,0,0,0
20260707,WZG,pp,1,1,0,0,1
20260821,WZG,pp,1,1,1,0,0
20260713,WZG,pp,1,1,1,0,0
20260803,WZG,pp,1,1,1,0,0
20260725,WZG,pp,1,1,1,0,0
20260730,WZG,pp,1,1,1,0,0
20260804,WZG,pp,2,2,2,0,0
20260807,WZG,pp,2,2,2,0,0
20260806,WZG,pp,5,5,5,0,0
20260703,WZI,pp,6,0,0,0,0
20260706,WZI,pp,1,0,0,0,0
20260704,WZI,pp,2,0,0,0,0
20260701,WZI,pp,2,0,0,0,0
20260702,WZI,cod,9,0,0,0,0
20260703,WZI,cod,3,0,0,0,0
20261005,WZI,cod,5,0,0,0,0
20260706,WZI,cod,8,0,0,0,0
20261005,WZI,pp,2,0,0,0,0
20260704,WZI,cod,8,0,0,0,0
20260702,WZI,pp,1,0,0,0,0
20260625,WZI,pp,2,0,0,0,0
20260630,WZI,cod,1,0,0,0,0
20260701,WZI,cod,5,0,0,0,0
20260919,WZI,cod,1,1,0,0,1
20260724,WZI,pp,1,1,0,1,0
20261002,WZI,pp,1,1,1,0,0
20260926,WZI,cod,1,1,1,0,0
20260928,WZI,pp,2,2,2,0,0
20260708,WZI,cod,2,2,0,2,0
20260815,WZI,pp,2,2,0,0,2
20260928,WZI,cod,2,2,2,0,0
20260905,WZI,pp,3,2,2,0,0
20260924,WZI,pp,2,2,2,0,0
20260710,WZI,pp,3,2,1,1,0
20260922,WZI,pp,2,2,2,0,0
20260911,WZI,pp,2,2,2,0,0
20260915,WZI,cod,4,2,1,1,0
20260811,WZI,pp,2,2,2,0,0
20260709,WZI,pp,3,2,2,0,0
20260916,WZI,pp,2,2,2,0,0
20260904,WZI,cod,2,2,2,0,0
20260707,WZI,pp,2,2,0,0,2
20260830,WZI,pp,2,2,2,0,0
20260915,WZI,pp,2,2,2,0,0
20260808,WZI,cod,2,2,2,0,0
20260716,WZI,cod,3,3,3,0,0
20260907,WZI,pp,4,3,2,1,0
20260904,WZI,pp,5,3,2,1,0
20260923,WZI,pp,3,3,3,0,0
20260912,WZI,pp,3,3,3,0,0
20260814,WZI,cod,3,3,3,0,0
20260917,WZI,pp,3,3,3,0,0
20260815,WZI,cod,3,3,0,0,3
20260721,WZI,cod,3,3,1,2,0
20260919,WZI,pp,3,3,2,0,1
20260728,WZI,pp,5,3,3,0,0
20261003,WZI,pp,4,4,4,0,0
20260810,WZI,pp,4,4,4,0,0
20260812,WZI,cod,5,4,4,0,0
20260723,WZI,cod,5,4,1,0,3
20260731,WZI,cod,4,4,1,3,0
20260921,WZI,pp,5,4,4,0,0
20260923,WZI,cod,4,4,3,1,0
20260918,WZI,pp,4,4,4,0,0
20260711,WZI,cod,6,4,4,0,0
20261001,WZI,pp,5,4,4,0,0
20260918,WZI,cod,5,4,3,1,0
20260819,WZI,pp,4,4,4,0,0
20260921,WZI,cod,4,4,3,1,0
20260722,WZI,pp,4,4,0,3,1
20260831,WZI,pp,9,5,5,0,0
20260930,WZI,cod,5,5,4,1,0
20260930,WZI,pp,5,5,5,0,0
20260723,WZI,pp,6,5,2,0,3
20260818,WZI,pp,6,5,2,3,0
20260718,WZI,pp,6,5,4,0,1
20261002,WZI,cod,5,5,0,5,0
20260914,WZI,pp,7,5,3,2,0
20260929,WZI,cod,5,5,5,0,0
20260916,WZI,cod,5,5,5,0,0
20260924,WZI,cod,6,5,3,0,2
20260803,WZI,pp,6,5,3,2,0
20260715,WZI,cod,5,5,4,1,0
20260715,WZI,pp,5,5,5,0,0
20260914,WZI,cod,6,5,4,1,0
20260929,WZI,pp,7,5,2,3,0
20260811,WZI,cod,7,6,5,1,0
20260911,WZI,cod,6,6,5,0,1
20260829,WZI,pp,6,6,3,3,0
20260717,WZI,pp,8,6,6,0,0
20260903,WZI,cod,6,6,3,3,0
20260721,WZI,pp,6,6,4,2,0
20260831,WZI,cod,7,6,3,3,0
20260902,WZI,cod,6,6,2,4,0
20260804,WZI,pp,8,6,5,1,0
20260824,WZI,pp,10,6,3,3,0
20260806,WZI,pp,6,6,3,3,0
20260710,WZI,cod,7,6,6,0,0
20260817,WZI,pp,6,6,6,0,0
20260909,WZI,pp,7,6,5,1,0
20260709,WZI,cod,7,6,5,1,0
20260714,WZI,pp,6,6,6,0,0
20260926,WZI,pp,6,6,6,0,0
20260730,WZI,cod,7,7,2,5,0
20260824,WZI,cod,7,7,4,3,0
20260826,WZI,pp,7,7,7,0,0
20260729,WZI,cod,7,7,5,2,0
20260902,WZI,pp,7,7,6,1,0
20260813,WZI,cod,7,7,7,0,0
20260812,WZI,pp,8,7,2,5,0
20260727,WZI,cod,7,7,4,3,0
20260910,WZI,pp,7,7,6,1,0
20260801,WZI,pp,10,8,2,0,6
20261001,WZI,cod,10,8,4,4,0
20260827,WZI,pp,8,8,8,0,0
20260822,WZI,cod,8,8,3,0,5
20260819,WZI,cod,8,8,8,0,0
20260817,WZI,cod,9,8,6,2,0
20260905,WZI,cod,10,8,4,0,4
20260825,WZI,cod,10,8,2,6,0
20260716,WZI,pp,8,8,7,1,0
20260818,WZI,cod,11,8,8,0,0
20260713,WZI,pp,8,8,8,0,0
20260801,WZI,cod,10,9,3,0,6
20260806,WZI,cod,10,9,6,3,0
20260826,WZI,cod,9,9,6,3,0
20260727,WZI,pp,9,9,4,5,0
20260717,WZI,cod,9,9,8,1,0
20260713,WZI,cod,11,9,9,0,0
20260711,WZI,pp,12,9,9,0,0
20260821,WZI,cod,12,9,4,5,0
20260814,WZI,pp,9,9,5,0,4
20260901,WZI,pp,12,9,9,0,0
20260720,WZI,pp,12,10,9,1,0
20260822,WZI,pp,10,10,10,0,0
20260820,WZI,pp,10,10,9,1,0
20260725,WZI,pp,14,10,6,0,4
20260909,WZI,cod,13,10,3,7,0
20261003,WZI,cod,13,10,10,0,0
20260808,WZI,pp,11,10,10,0,0
20260908,WZI,pp,11,11,10,1,0
20260724,WZI,cod,12,11,0,11,0
20260718,WZI,cod,13,11,9,0,2
20260825,WZI,pp,14,11,11,0,0
20260922,WZI,cod,14,11,8,3,0
20260829,WZI,cod,13,11,2,9,0
20260804,WZI,cod,14,11,4,7,0
20260807,WZI,pp,12,12,8,4,0
20260910,WZI,cod,12,12,3,9,0
20260728,WZI,cod,14,12,4,8,0
20260821,WZI,pp,15,12,12,0,0
20260722,WZI,cod,14,12,9,2,1
20260714,WZI,cod,14,12,6,6,0
20260807,WZI,cod,13,12,5,7,0
20260901,WZI,cod,14,13,10,3,0
20260813,WZI,pp,13,13,7,6,0
20260907,WZI,cod,20,14,11,3,0
20260730,WZI,pp,17,14,7,7,0
20260820,WZI,cod,19,14,10,4,0
20260805,WZI,pp,17,14,13,1,0
20260803,WZI,cod,16,14,9,5,0
20260908,WZI,cod,15,15,11,4,0
20260720,WZI,cod,15,15,11,4,0
20260729,WZI,pp,17,15,9,6,0
20260810,WZI,cod,16,16,7,9,0
20260725,WZI,cod,17,16,10,0,6
20260805,WZI,cod,21,17,9,8,0
20260903,WZI,pp,20,19,13,6,0
20260706,WZO,pp,2,0,0,0,0
20260627,WZO,pp,1,0,0,0,0
20260624,WZO,pp,1,0,0,0,0
20260704,WZO,pp,2,0,0,0,0
20261003,WZO,pp,1,0,0,0,0
20260703,WZO,pp,4,0,0,0,0
20260626,WZO,pp,1,0,0,0,0
20260630,WZO,pp,5,0,0,0,0
20260611,WZO,pp,1,0,0,0,0
20260702,WZO,pp,4,0,0,0,0
20260810,WZO,pp,1,1,0,1,0
20260817,WZO,pp,1,1,0,1,0
20260722,WZO,pp,1,1,0,0,1
20260821,WZO,pp,1,1,0,1,0
20261002,WZO,pp,1,1,1,0,0
20260713,WZO,pp,1,1,0,1,0
20260720,WZO,pp,1,1,0,1,0
20260824,WZO,pp,1,1,1,0,0
20260813,WZO,pp,1,1,0,1,0
20260727,WZO,pp,1,1,0,1,0
20260725,WZO,pp,2,2,1,0,1
20260812,WZO,pp,2,2,0,1,1
20260928,WZO,pp,2,2,0,2,0
20260807,WZO,pp,2,2,0,2,0
20260801,WZO,pp,2,2,1,0,1
20260724,WZO,pp,2,2,0,2,0
20260818,WZO,pp,2,2,1,1,0
20261001,WZO,pp,3,3,0,3,0
20260923,WZO,pp,4,3,0,3,0
20260730,WZO,pp,3,3,1,0,2
20260919,WZO,pp,3,3,0,0,3
20260806,WZO,pp,4,4,0,4,0
20260805,WZO,pp,4,4,0,3,1
20260717,WZO,pp,4,4,0,4,0
20260711,WZO,pp,4,4,0,0,4
20260710,WZO,pp,6,5,2,3,0
20260709,WZO,pp,5,5,0,5,0
20260728,WZO,pp,7,5,0,5,0
20260804,WZO,pp,6,5,1,4,0
20260803,WZO,pp,5,5,0,5,0
20260714,WZO,pp,5,5,3,2,0
20260716,WZO,pp,8,7,2,5,0
20260725,XIH,cod,1,0,0,0,0
20260613,XIH,cod,1,0,0,0,0
20261005,XIH,pp,5,0,0,0,0
20260703,XIH,pp,4,0,0,0,0
20260621,XIH,pp,1,0,0,0,0
20260826,XIH,cod,1,0,0,0,0
20260706,XIH,pp,12,0,0,0,0
20260705,XIH,pp,13,0,0,0,0
20260703,XIH,cod,5,0,0,0,0
20261004,XIH,cod,2,0,0,0,0
20260704,XIH,cod,3,0,0,0,0
20260721,XIH,cod,1,0,0,0,0
20260629,XIH,cod,1,0,0,0,0
20260605,XIH,pp,1,0,0,0,0
20260831,XIH,cod,1,0,0,0,0
20260628,XIH,cod,1,0,0,0,0
20260531,XIH,pp,2,0,0,0,0
20260705,XIH,cod,1,0,0,0,0
20260706,XIH,cod,2,0,0,0,0
20260704,XIH,pp,4,0,0,0,0
20260708,XIH,pp,1,1,0,1,0
20260820,XIH,pp,1,1,1,0,0
20260801,XIH,cod,2,1,1,0,0
20260914,XIH,cod,1,1,0,1,0
20260923,XIH,cod,1,1,1,0,0
20260908,XIH,cod,1,1,0,1,0
20260907,XIH,cod,1,1,1,0,0
20260916,XIH,cod,1,1,1,0,0
20260717,XIH,cod,1,1,0,1,0
20260814,XIH,cod,1,1,1,0,0
20260921,XIH,cod,1,1,0,1,0
20260830,XIH,cod,1,1,0,1,0
20260911,XIH,pp,1,1,0,1,0
20260906,XIH,pp,1,1,0,1,0
20260730,XIH,cod,1,1,0,1,0
20260920,XIH,pp,2,1,0,1,0
20260822,XIH,cod,1,1,1,0,0
20260930,XIH,cod,1,1,0,1,0
20260731,XIH,cod,1,1,0,1,0
20260926,XIH,cod,1,1,0,1,0
20260727,XIH,cod,1,1,0,1,0
20260913,XIH,cod,1,1,0,0,1
20260729,XIH,cod,1,1,1,0,0
20260805,XIH,pp,1,1,0,1,0
20260817,XIH,cod,1,1,0,1,0
20260715,XIH,cod,1,1,1,0,0
20261002,XIH,cod,2,1,0,1,0
20260925,XIH,cod,1,1,1,0,0
20260827,XIH,cod,1,1,1,0,0
20260812,XIH,cod,1,1,1,0,0
20260928,XIH,cod,1,1,0,1,0
20260905,XIH,cod,1,1,1,0,0
20260803,XIH,cod,1,1,1,0,0
20260911,XIH,cod,2,1,1,0,0
20260728,XIH,pp,1,1,1,0,0
20260712,XIH,cod,1,1,0,1,0
20260821,XIH,pp,1,1,0,1,0
20260811,XIH,cod,1,1,1,0,0
20260918,XIH,cod,1,1,0,1,0
20260823,XIH,cod,1,1,0,1,0
20260723,XIH,pp,1,1,0,0,1
20261004,XIH,pp,4,1,1,0,0
20260727,XIH,pp,2,2,1,1,0
20260826,XIH,pp,2,2,0,2,0
20260903,XIH,pp,2,2,2,0,0
20260827,XIH,pp,2,2,0,2,0
20260819,XIH,cod,2,2,1,1,0
20260828,XIH,pp,2,2,0,2,0
20260708,XIH,cod,3,2,1,1,0
20260713,XIH,pp,2,2,1,1,0
20260919,XIH,cod,2,2,2,0,0
20260809,XIH,cod,3,2,0,2,0
20260716,XIH,cod,2,2,1,1,0
20260728,XIH,cod,2,2,1,1,0
20260908,XIH,pp,2,2,0,2,0
20260731,XIH,pp,2,2,1,1,0
20260713,XIH,cod,2,2,0,2,0
20260804,XIH,cod,2,2,2,0,0
20260816,XIH,pp,2,2,0,2,0
20261003,XIH,pp,3,2,1,1,0
20260915,XIH,cod,2,2,0,2,0
20260723,XIH,cod,2,2,0,2,0
20260904,XIH,pp,2,2,1,1,0
20260901,XIH,pp,2,2,1,1,0
20260714,XIH,pp,2,2,2,0,0
20260719,XIH,cod,2,2,0,2,0
20260913,XIH,pp,2,2,2,0,0
20261002,XIH,pp,2,2,0,2,0
20260825,XIH,pp,2,2,1,1,0
20260711,XIH,cod,2,2,0,0,2
20260717,XIH,pp,2,2,0,2,0
20260924,XIH,cod,3,3,3,0,0
20260806,XIH,pp,3,3,1,2,0
20260910,XIH,cod,4,3,1,2,0
20260830,XIH,pp,3,3,0,3,0
20260816,XIH,cod,3,3,0,3,0
20260912,XIH,pp,3,3,1,0,2
20260808,XIH,cod,3,3,3,0,0
20260912,XIH,cod,3,3,1,2,0
20260929,XIH,cod,3,3,2,1,0
20260822,XIH,pp,3,3,1,0,2
20260802,XIH,pp,3,3,0,3,0
20260815,XIH,cod,3,3,0,0,3
20260920,XIH,cod,3,3,0,3,0
20260718,XIH,pp,3,3,1,0,2
20260927,XIH,cod,3,3,0,3,0
20260810,XIH,cod,3,3,2,1,0
20260722,XIH,pp,3,3,1,2,0
20260803,XIH,pp,3,3,1,2,0
20260710,XIH,cod,3,3,3,0,0
20260925,XIH,pp,3,3,1,2,0
20260922,XIH,cod,3,3,2,1,0
20260914,XIH,pp,4,3,0,3,0
20260709,XIH,pp,3,3,1,2,0
20260720,XIH,cod,3,3,3,0,0
20260921,XIH,pp,4,4,1,3,0
20260910,XIH,pp,4,4,0,4,0
20260718,XIH,cod,4,4,2,0,2
20260716,XIH,pp,4,4,1,3,0
20260929,XIH,pp,4,4,2,2,0
20260709,XIH,cod,4,4,1,3,0
20260905,XIH,pp,5,4,3,1,0
20260714,XIH,cod,4,4,2,2,0
20260817,XIH,pp,4,4,1,3,0
20260814,XIH,pp,4,4,2,0,2
20260802,XIH,cod,4,4,0,4,0
20260922,XIH,pp,4,4,3,1,0
20260818,XIH,pp,4,4,3,1,0
20260909,XIH,pp,4,4,3,1,0
20260724,XIH,cod,5,4,2,2,0
20260720,XIH,pp,4,4,3,1,0
20260721,XIH,pp,4,4,0,4,0
20260811,XIH,pp,4,4,1,3,0
20260928,XIH,pp,5,5,3,2,0
20260724,XIH,pp,5,5,2,3,0
20260801,XIH,pp,5,5,2,1,2
20260823,XIH,pp,5,5,0,5,0
20260902,XIH,cod,5,5,3,2,0
20260725,XIH,pp,5,5,3,0,2
20260726,XIH,cod,6,5,1,4,0
20260829,XIH,pp,5,5,3,1,1
20260907,XIH,pp,6,5,2,3,0
20260726,XIH,pp,5,5,1,4,0
20260707,XIH,pp,5,5,3,2,0
20260807,XIH,pp,5,5,3,2,0
20260730,XIH,pp,5,5,3,2,0
20260719,XIH,pp,6,6,0,6,0
20260831,XIH,pp,6,6,2,4,0
20260712,XIH,pp,6,6,1,5,0
20260711,XIH,pp,6,6,3,0,3
20260809,XIH,pp,6,6,0,6,0
20260824,XIH,pp,6,6,3,3,0
20260810,XIH,pp,6,6,4,2,0
20260710,XIH,pp,6,6,3,3,0
20260715,XIH,pp,6,6,3,3,0
20260819,XIH,pp,6,6,4,2,0
20260926,XIH,pp,6,6,3,0,3
20260918,XIH,pp,7,7,5,2,0
20260923,XIH,pp,7,7,4,3,0
20260917,XIH,pp,7,7,3,4,0
20261001,XIH,pp,7,7,1,0,6
20260924,XIH,pp,7,7,3,4,0
20260916,XIH,pp,7,7,2,5,0
20260808,XIH,pp,8,8,4,1,3
20260815,XIH,pp,8,8,0,0,8
20260812,XIH,pp,8,8,1,7,0
20260927,XIH,pp,9,9,0,9,0
20260919,XIH,pp,9,9,7,1,1
20260915,XIH,pp,10,10,6,4,0
20260813,XIH,pp,12,12,2,10,0
20260902,XIH,pp,14,13,10,3,0
20260930,XIH,pp,16,16,8,8,0
20260919,ZAA,pp,1,0,0,0,0
20260703,ZAA,cod,38,0,0,0,0
20260920,ZAA,cod,3,0,0,0,0
20260624,ZAA,cod,3,0,0,0,0
20260604,ZAA,cod,1,0,0,0,0
20260531,ZAA,cod,1,0,0,0,0
20260826,ZAA,pp,1,0,0,0,0
20260628,ZAA,cod,31,0,0,0,0
20260628,ZAA,pp,2,0,0,0,0
20260611,ZAA,cod,1,0,0,0,0
20260920,ZAA,pp,7,0,0,0,0
20260629,ZAA,pp,1,0,0,0,0
20260619,ZAA,cod,1,0,0,0,0
20260921,ZAA,pp,8,0,0,0,0
20260705,ZAA,pp,1,0,0,0,0
20260921,ZAA,cod,6,0,0,0,0
20260617,ZAA,cod,3,0,0,0,0
20261005,ZAA,pp,2,0,0,0,0
20260703,ZAA,pp,1,0,0,0,0
20260702,ZAA,cod,34,0,0,0,0
20260615,ZAA,cod,3,0,0,0,0
20260702,ZAA,pp,4,0,0,0,0
20260705,ZAA,cod,49,0,0,0,0
20260710,ZAA,pp,1,1,0,1,0
20260709,ZAA,pp,1,1,0,0,1
20260726,ZAA,cod,1,1,0,1,0
20260811,ZAA,pp,1,1,1,0,0
20260806,ZAA,pp,1,1,0,1,0
20260719,ZAA,pp,1,1,0,1,0
20260908,ZAA,pp,1,1,0,1,0
20260930,ZAA,pp,1,1,0,1,0
20260712,ZAA,cod,1,1,1,0,0
20261001,ZAA,pp,1,1,1,0,0
20260819,ZAA,pp,1,1,1,0,0
20260804,ZAA,pp,3,1,0,1,0
20260723,ZAA,pp,1,1,0,1,0
20261002,ZAA,pp,1,1,0,1,0
20260906,ZAA,pp,1,1,1,0,0
20260724,ZAA,pp,1,1,1,0,0
20260731,ZAA,cod,1,1,0,0,1
20260918,ZAA,pp,1,1,1,0,0
20260714,ZAA,pp,1,1,0,1,0
20260925,ZAA,cod,1,1,0,0,1
20260910,ZAA,pp,1,1,1,0,0
20260822,ZAA,pp,1,1,0,0,1
20260923,ZAA,pp,2,2,1,0,1
20260901,ZAA,pp,2,2,2,0,0
20260829,ZAA,pp,2,2,2,0,0
20260806,ZAA,cod,2,2,0,2,0
20261004,ZAA,pp,2,2,2,0,0
20260731,ZAA,pp,2,2,1,0,1
20260929,ZAA,pp,4,2,2,0,0
20260905,ZAA,pp,2,2,1,1,0
20260817,ZAA,pp,2,2,1,1,0
20260715,ZAA,pp,2,2,1,1,0
20260727,ZAA,pp,2,2,1,1,0
20260923,ZAA,cod,3,3,1,0,2
20260905,ZAA,cod,4,4,0,4,0
20260717,ZAA,pp,4,4,4,0,0
20260810,ZAA,pp,4,4,0,2,2
20260928,ZAA,pp,26,4,4,0,0
20260812,ZAA,pp,6,5,0,5,0
20260716,ZAA,pp,5,5,0,5,0
20260830,ZAA,pp,6,5,0,3,2
20260917,ZAA,pp,6,6,0,6,0
20260711,ZAA,pp,6,6,1,5,0
20260718,ZAA,pp,6,6,6,0,0
20260721,ZAA,pp,8,8,1,1,6
20260707,ZAA,pp,8,8,0,0,8
20260725,ZAA,pp,8,8,0,8,0
20260720,ZAA,pp,13,12,2,8,2
20260730,ZAA,pp,14,13,0,12,1
20260716,ZAA,cod,14,13,0,13,0
20260914,ZAA,pp,14,14,0,14,0
20260907,ZAA,pp,19,16,0,13,3
20260816,ZAA,pp,18,18,0,17,1
20260909,ZAA,pp,20,20,0,20,0
20260927,ZAA,pp,20,20,0,0,20
20260922,ZAA,pp,54,21,0,18,3
20260821,ZAA,pp,26,23,0,16,7
20260902,ZAA,pp,25,25,2,23,0
20261003,ZAA,pp,29,26,0,26,0
20260822,ZAA,cod,36,28,0,0,28
20260813,ZAA,pp,29,29,1,28,0
20260805,ZAA,pp,39,37,0,28,9
20260827,ZAA,pp,37,37,0,0,37
20260707,ZAA,cod,42,39,0,0,39
20260721,ZAA,cod,42,41,36,5,0
20260727,ZAA,cod,44,43,0,43,0
20260917,ZAA,cod,46,45,0,44,1
20260804,ZAA,cod,47,46,0,45,1
20260902,ZAA,cod,53,48,0,48,0
20260725,ZAA,cod,50,49,0,47,2
20260714,ZAA,cod,57,57,0,57,0
20261003,ZAA,cod,112,59,0,59,0
20260816,ZAA,cod,74,67,0,66,1
20260827,ZAA,cod,69,69,0,0,69
20260813,ZAA,cod,75,72,1,71,0
20260717,ZAA,cod,74,73,73,0,0
20260907,ZAA,cod,76,74,0,66,8
20260711,ZAA,cod,83,80,0,80,0
20260927,ZAA,cod,83,82,0,0,82
20260909,ZAA,cod,85,82,3,79,0
20260810,ZAA,cod,83,82,0,77,5
20260720,ZAA,cod,95,95,0,81,14
20260830,ZAA,cod,108,100,0,81,19
20260821,ZAA,cod,127,110,0,87,23
20260805,ZAA,cod,112,111,0,91,20
20260922,ZAA,cod,134,113,0,93,20
20260730,ZAA,cod,121,118,0,113,5
20260914,ZAA,cod,141,139,0,139,0
20261005,ZAC,pp,2,0,0,0,0
20260701,ZAC,pp,1,0,0,0,0
20260704,ZAC,pp,2,0,0,0,0
20261005,ZAC,cod,1,0,0,0,0
20260818,ZAC,cod,1,1,1,0,0
20260817,ZAC,cod,1,1,1,0,0
20260827,ZAC,cod,1,1,1,0,0
20260730,ZAC,pp,1,1,1,0,0
20260728,ZAC,pp,1,1,0,0,1
20260903,ZAC,pp,1,1,1,0,0
20260810,ZAC,cod,1,1,0,1,0
20260813,ZAC,cod,1,1,1,0,0
20260910,ZAC,pp,1,1,1,0,0
20260710,ZAC,pp,1,1,0,1,0
20260718,ZAC,pp,1,1,1,0,0
20260812,ZAC,cod,1,1,1,0,0
20260917,ZAC,cod,1,1,1,0,0
20261002,ZAC,cod,1,1,1,0,0
20260806,ZAC,pp,1,1,1,0,0
20260901,ZAC,cod,1,1,1,0,0
20260905,ZAC,cod,1,1,1,0,0
20260824,ZAC,cod,1,1,1,0,0
20260807,ZAC,pp,1,1,0,1,0
20260819,ZAC,pp,1,1,1,0,0
20260916,ZAC,pp,1,1,0,1,0
20260727,ZAC,pp,1,1,0,1,0
20260805,ZAC,cod,1,1,0,1,0
20260803,ZAC,pp,1,1,1,0,0
20260713,ZAC,pp,1,1,0,1,0
20260721,ZAC,pp,1,1,0,1,0
20260819,ZAC,cod,1,1,1,0,0
20260812,ZAC,pp,1,1,1,0,0
20260930,ZAC,cod,1,1,1,0,0
20260721,ZAC,cod,1,1,0,1,0
20260822,ZAC,pp,1,1,1,0,0
20260928,ZAC,pp,2,2,2,0,0
20260715,ZAC,pp,2,2,2,0,0
20261003,ZAC,pp,2,2,2,0,0
20260917,ZAC,pp,2,2,2,0,0
20260808,ZAC,pp,2,2,2,0,0
20260923,ZAC,pp,2,2,0,2,0
20260820,ZAC,pp,2,2,0,2,0
20260910,ZAC,cod,2,2,2,0,0
20260821,ZAC,pp,2,2,2,0,0
20260720,ZAC,pp,2,2,2,0,0
20260922,ZAC,pp,2,2,2,0,0
20260813,ZAC,pp,2,2,2,0,0
20260908,ZAC,cod,2,2,2,0,0
20260814,ZAC,pp,2,2,2,0,0
20260826,ZAC,cod,2,2,2,0,0
20260724,ZAC,pp,2,2,0,2,0
20260824,ZAC,pp,2,2,2,0,0
20260831,ZAC,pp,2,2,2,0,0
20260919,ZAC,pp,2,2,2,0,0
20260909,ZAC,pp,2,2,0,2,0
20260901,ZAC,pp,2,2,2,0,0
20260912,ZAC,pp,2,2,2,0,0
20260725,ZAC,pp,2,2,2,0,0
20260923,ZAC,cod,3,3,0,3,0
20260918,ZAC,cod,3,3,3,0,0
20260902,ZAC,pp,3,3,3,0,0
20260916,ZAC,cod,3,3,3,0,0
20260827,ZAC,pp,3,3,3,0,0
20260908,ZAC,pp,3,3,3,0,0
20260803,ZAC,cod,3,3,3,0,0
20260926,ZAC,cod,3,3,3,0,0
20260921,ZAC,cod,3,3,0,3,0
20260912,ZAC,cod,3,3,3,0,0
20260915,ZAC,pp,3,3,3,0,0
20260826,ZAC,pp,4,4,4,0,0
20260911,ZAC,pp,4,4,4,0,0
20260924,ZAC,pp,4,4,4,0,0
20260930,ZAC,pp,4,4,4,0,0
20260914,ZAC,cod,5,5,3,2,0
20260929,ZAC,cod,6,5,2,3,0
20261001,ZAC,cod,5,5,5,0,0
20260829,ZAC,pp,5,5,5,0,0
20260926,ZAC,pp,5,5,5,0,0
20261003,ZAC,cod,5,5,5,0,0
20260919,ZAC,cod,5,5,5,0,0
20260903,ZAC,cod,5,5,5,0,0
20261002,ZAC,pp,6,6,6,0,0
20260911,ZAC,cod,6,6,6,0,0
20260915,ZAC,cod,7,6,6,0,0
20260914,ZAC,pp,7,7,6,1,0
20260918,ZAC,pp,7,7,7,0,0
20260818,ZAC,pp,8,8,6,2,0
20260928,ZAC,cod,8,8,8,0,0
20260924,ZAC,cod,9,9,9,0,0
20260929,ZAC,pp,10,10,10,0,0
20260812,ZAE,pp,1,1,1,0,0
20260910,ZAE,pp,1,1,1,0,0
20260818,ZAE,pp,1,1,0,1,0
20260928,ZAE,pp,1,1,0,1,0
20260831,ZAE,pp,1,1,0,1,0
20260811,ZAE,cod,1,1,0,1,0
20260810,ZAE,pp,1,1,1,0,0
20260803,ZAE,pp,1,1,0,1,0
20260908,ZAE,pp,1,1,0,1,0
20260825,ZAE,pp,1,1,0,1,0
20261003,ZAE,pp,1,1,1,0,0
20260805,ZAE,pp,1,1,1,0,0
20260824,ZAE,pp,1,1,0,1,0
20260909,ZAE,pp,2,2,0,2,0
20260709,ZAE,pp,2,2,0,2,0
20260919,ZAE,pp,5,5,0,0,5
20261005,ZAI,pp,2,0,0,0,0
20260919,ZAI,pp,1,1,0,0,1
20260918,ZAI,pp,1,1,0,1,0
20260807,ZAI,pp,1,1,1,0,0
20260930,ZAI,pp,1,1,1,0,0
20260929,ZAI,pp,2,2,0,2,0
20260810,ZAI,pp,2,2,0,2,0
20260418,ZAO,pp,1,0,0,0,0
20260630,ZAO,pp,2,0,0,0,0
20260703,ZAO,cod,1,0,0,0,0
20260702,ZAO,pp,2,0,0,0,0
20260706,ZAO,pp,6,0,0,0,0
20260704,ZAO,cod,4,0,0,0,0
20260703,ZAO,pp,4,0,0,0,0
20261005,ZAO,cod,10,0,0,0,0
20260624,ZAO,pp,1,0,0,0,0
20260706,ZAO,cod,2,0,0,0,0
20261005,ZAO,pp,1,0,0,0,0
20260707,ZAO,pp,1,1,0,0,1
20260901,ZAO,cod,1,1,1,0,0
20260815,ZAO,cod,1,1,1,0,0
20260811,ZAO,cod,1,1,1,0,0
20260823,ZAO,pp,1,1,0,1,0
20260829,ZAO,cod,1,1,1,0,0
20260821,ZAO,pp,1,1,1,0,0
20260717,ZAO,cod,1,1,1,0,0
20260916,ZAO,cod,1,1,1,0,0
20260722,ZAO,cod,1,1,1,0,0
20260813,ZAO,cod,1,1,1,0,0
20260801,ZAO,pp,1,1,1,0,0
20260819,ZAO,cod,1,1,1,0,0
20260821,ZAO,cod,1,1,1,0,0
20260911,ZAO,cod,1,1,0,1,0
20260919,ZAO,cod,1,1,1,0,0
20260713,ZAO,cod,1,1,1,0,0
20260819,ZAO,pp,1,1,1,0,0
20260918,ZAO,cod,1,1,1,0,0
20260907,ZAO,pp,1,1,1,0,0
20260917,ZAO,cod,1,1,1,0,0
20260810,ZAO,pp,3,2,2,0,0
20260910,ZAO,cod,2,2,2,0,0
20260820,ZAO,pp,2,2,2,0,0
20260818,ZAO,cod,2,2,2,0,0
20260902,ZAO,pp,2,2,2,0,0
20260826,ZAO,cod,2,2,2,0,0
20260731,ZAO,cod,2,2,2,0,0
20260903,ZAO,cod,2,2,2,0,0
20260924,ZAO,cod,2,2,2,0,0
20260912,ZAO,cod,2,2,2,0,0
20260817,ZAO,cod,2,2,2,0,0
20260806,ZAO,cod,2,2,1,1,0
20260921,ZAO,cod,2,2,2,0,0
20260801,ZAO,cod,2,2,2,0,0
20260724,ZAO,cod,2,2,2,0,0
20260831,ZAO,cod,2,2,2,0,0
20260709,ZAO,cod,2,2,2,0,0
20260824,ZAO,pp,2,2,2,0,0
20260922,ZAO,cod,2,2,2,0,0
20260810,ZAO,cod,2,2,2,0,0
20260909,ZAO,cod,2,2,0,2,0
20260809,ZAO,pp,4,2,0,0,2
20260727,ZAO,cod,3,3,3,0,0
20260708,ZAO,cod,3,3,0,3,0
20260818,ZAO,pp,3,3,3,0,0
20260711,ZAO,cod,3,3,3,0,0
20260803,ZAO,pp,3,3,3,0,0
20260908,ZAO,cod,3,3,3,0,0
20260717,ZAO,pp,3,3,1,2,0
20260716,ZAO,cod,3,3,3,0,0
20260803,ZAO,cod,3,3,3,0,0
20260926,ZAO,pp,3,3,3,0,0
20260725,ZAO,pp,3,3,3,0,0
20260716,ZAO,pp,4,3,3,0,0
20260902,ZAO,cod,3,3,3,0,0
20260813,ZAO,pp,3,3,2,1,0
20260710,ZAO,cod,3,3,3,0,0
20260712,ZAO,pp,3,3,3,0,0
20260802,ZAO,pp,4,4,4,0,0
20260808,ZAO,pp,4,4,4,0,0
20260906,ZAO,cod,4,4,3,1,0
20260827,ZAO,pp,4,4,4,0,0
20260730,ZAO,pp,4,4,4,0,0
20260831,ZAO,pp,4,4,4,0,0
20260923,ZAO,pp,4,4,4,0,0
20260826,ZAO,pp,4,4,4,0,0
20260729,ZAO,pp,4,4,4,0,0
20260822,ZAO,pp,4,4,4,0,0
20260709,ZAO,pp,4,4,4,0,0
20260912,ZAO,pp,4,4,3,0,1
20260918,ZAO,pp,4,4,4,0,0
20260815,ZAO,pp,4,4,4,0,0
20260729,ZAO,cod,4,4,2,2,0
20260925,ZAO,cod,5,5,0,5,0
20260728,ZAO,pp,5,5,0,5,0
20260724,ZAO,pp,5,5,5,0,0
20260901,ZAO,pp,5,5,5,0,0
20260903,ZAO,pp,5,5,5,0,0
20260723,ZAO,pp,5,5,0,5,0
20260728,ZAO,cod,5,5,0,5,0
20260919,ZAO,pp,6,5,5,0,0
20260713,ZAO,pp,5,5,5,0,0
20260921,ZAO,pp,5,5,5,0,0
20260917,ZAO,pp,6,6,6,0,0
20260720,ZAO,pp,6,6,6,0,0
20260928,ZAO,cod,6,6,6,0,0
20260924,ZAO,pp,6,6,5,0,1
20260926,ZAO,cod,6,6,6,0,0
20260925,ZAO,pp,6,6,0,6,0
20260715,ZAO,pp,6,6,6,0,0
20260829,ZAO,pp,6,6,6,0,0
20260722,ZAO,pp,6,6,6,0,0
20260910,ZAO,pp,6,6,6,0,0
20260825,ZAO,pp,6,6,6,0,0
20260812,ZAO,pp,6,6,6,0,0
20260922,ZAO,pp,6,6,6,0,0
20260806,ZAO,pp,6,6,6,0,0
20260907,ZAO,cod,6,6,6,0,0
20260727,ZAO,pp,7,7,7,0,0
20261001,ZAO,pp,7,7,7,0,0
20260804,ZAO,pp,7,7,6,1,0
20260914,ZAO,cod,7,7,7,0,0
20260714,ZAO,pp,7,7,7,0,0
20260914,ZAO,pp,9,7,7,0,0
20260721,ZAO,pp,7,7,7,0,0
20261001,ZAO,cod,8,8,8,0,0
20260711,ZAO,pp,8,8,8,0,0
20261002,ZAO,pp,8,8,8,0,0
20260811,ZAO,pp,8,8,8,0,0
20260915,ZAO,pp,9,9,8,1,0
20260916,ZAO,pp,9,9,9,0,0
20260710,ZAO,pp,9,9,8,1,0
20260928,ZAO,pp,9,9,9,0,0
20260929,ZAO,pp,9,9,7,2,0
20260708,ZAO,pp,9,9,0,9,0
20260731,ZAO,pp,9,9,9,0,0
20260805,ZAO,pp,10,10,10,0,0
20260911,ZAO,pp,11,10,10,0,0
20260906,ZAO,pp,11,10,10,0,0
20261003,ZAO,pp,13,12,12,0,0
20260930,ZAO,pp,12,12,11,1,0
20260908,ZAO,pp,12,12,12,0,0
20260817,ZAO,pp,13,13,13,0,0
20260909,ZAO,pp,14,14,14,0,0
20260701,ZAS,pp,2,0,0,0,0
20260615,ZAS,pp,2,0,0,0,0
20260628,ZAS,pp,1,0,0,0,0
20260721,ZAS,pp,1,1,1,0,0
20260720,ZAS,pp,1,1,1,0,0
20260813,ZAS,pp,1,1,1,0,0
20260912,ZAS,pp,1,1,1,0,0
20260907,ZAS,pp,1,1,0,1,0
20260927,ZAS,pp,1,1,1,0,0
20260911,ZAS,pp,1,1,1,0,0
20260804,ZAS,pp,1,1,1,0,0
20260723,ZAS,pp,1,1,0,0,1
20260901,ZAS,pp,1,1,0,1,0
20260730,ZAS,pp,1,1,1,0,0
20260829,ZAS,pp,1,1,1,0,0
20260716,ZAS,pp,1,1,1,0,0
20260905,ZAS,pp,1,1,1,0,0
20261002,ZAS,pp,1,1,0,1,0
20260926,ZAS,pp,2,2,0,2,0
20260805,ZAS,pp,2,2,0,2,0
20260919,ZAS,pp,2,2,0,2,0
20260825,ZAS,pp,2,2,1,1,0
20260903,ZAS,pp,2,2,0,2,0
20260807,ZAS,pp,2,2,1,1,0
20260930,ZAS,pp,2,2,1,1,0
20260910,ZAS,pp,2,2,0,2,0
20260914,ZAS,pp,2,2,1,1,0
20261003,ZAS,pp,3,3,1,2,0
20260929,ZAS,pp,20,16,15,1,0
20260923,ZAS,pp,19,19,1,18,0
20261001,ZAS,pp,21,21,0,21,0
20260922,ZAS,pp,73,73,1,72,0
20261005,ZBH,pp,1,0,0,0,0
20260711,ZBH,pp,1,0,0,0,0
20261002,ZBH,pp,1,1,0,1,0
20260915,ZBH,pp,1,1,0,1,0
20260926,ZBH,pp,1,1,1,0,0
20260912,ZBH,pp,1,1,0,0,1
20260928,ZBH,pp,1,1,0,1,0
20260929,ZBH,pp,2,2,2,0,0
20261001,ZBH,pp,2,2,2,0,0
20260921,ZBH,pp,5,5,0,5,0
20260923,ZBH,pp,8,8,8,0,0
20260917,ZBH,pp,12,12,12,0,0
20261005,ZBL,pp,3,0,0,0,0
20260703,ZBL,pp,1,0,0,0,0
20260716,ZBL,pp,1,1,1,0,0
20260820,ZBL,pp,1,1,1,0,0
20260817,ZBL,pp,1,1,0,0,1
20260721,ZBL,pp,1,1,1,0,0
20260923,ZBL,pp,2,1,0,0,1
20260722,ZBL,pp,1,1,0,1,0
20260728,ZBL,pp,1,1,0,1,0
20260927,ZBL,pp,1,1,0,1,0
20260916,ZBL,pp,1,1,1,0,0
20260912,ZBL,pp,1,1,1,0,0
20260825,ZBL,pp,1,1,0,1,0
20260930,ZBL,pp,1,1,1,0,0
20261001,ZBL,pp,1,1,1,0,0
20260921,ZBL,pp,1,1,0,1,0
20260909,ZBL,pp,1,1,0,1,0
20260707,ZBL,pp,1,1,0,0,1
20260903,ZBL,pp,1,1,0,0,1
20260819,ZBL,pp,2,2,2,0,0
20260917,ZBL,pp,2,2,2,0,0
20260910,ZBL,pp,2,2,2,0,0
20261003,ZBR,pp,4,0,0,0,0
20260825,ZBR,pp,1,1,1,0,0
20260714,ZBR,pp,1,1,0,0,1
20260910,ZBR,pp,1,1,0,1,0
20260819,ZBR,pp,1,1,0,1,0
20260921,ZBR,pp,1,1,0,1,0
20260828,ZBR,pp,1,1,0,1,0
20260807,ZBR,pp,1,1,0,1,0
20260916,ZBR,pp,1,1,0,1,0
20260827,ZBR,pp,1,1,1,0,0
20260805,ZBR,pp,1,1,1,0,0
20260908,ZBR,pp,1,1,0,1,0
20260803,ZBR,pp,1,1,0,1,0
20260720,ZBR,pp,1,1,0,1,0
20260907,ZBR,pp,1,1,0,1,0
20260911,ZBR,pp,1,1,0,1,0
20260918,ZBR,pp,1,1,0,0,1
20260721,ZBR,pp,2,2,2,0,0
20260912,ZBR,pp,2,2,2,0,0
20260926,ZBR,pp,2,2,2,0,0
20260812,ZBR,pp,2,2,2,0,0
20260831,ZBR,pp,3,3,3,0,0
20260903,ZBR,pp,3,3,1,2,0
20260730,ZBR,pp,3,3,3,0,0
20260824,ZBR,pp,5,5,5,0,0
20260610,ZCB,pp,2,0,0,0,0
20260912,ZCB,pp,2,0,0,0,0
20260916,ZCB,pp,1,1,1,0,0
20260914,ZCB,pp,1,1,1,0,0
20260709,ZCB,pp,3,3,0,0,3
20260928,ZCB,pp,5,5,0,0,5
20260705,ZCQ,pp,1,0,0,0,0
20261004,ZCQ,pp,3,0,0,0,0
20260704,ZCQ,pp,1,0,0,0,0
20260630,ZCQ,pp,1,0,0,0,0
20260610,ZCQ,pp,1,0,0,0,0
20260811,ZCQ,pp,1,0,0,0,0
20260923,ZCQ,pp,1,1,0,1,0
20260921,ZCQ,pp,1,1,0,1,0
20260825,ZCQ,pp,1,1,0,1,0
20260804,ZCQ,pp,1,1,0,0,1
20260911,ZCQ,pp,1,1,0,1,0
20261002,ZCQ,pp,1,1,1,0,0
20260924,ZCQ,pp,1,1,0,0,1
20260813,ZCQ,pp,1,1,0,0,1
20260926,ZCQ,pp,2,2,2,0,0
20260912,ZCQ,pp,2,2,0,0,2
20260703,ZCS,pp,1,0,0,0,0
20260918,ZCS,pp,1,1,0,1,0
20260921,ZCS,pp,1,1,0,1,0
20261002,ZCS,pp,1,1,1,0,0
20260930,ZCS,pp,1,1,0,1,0
20260926,ZCS,pp,1,1,1,0,0
20260903,ZCS,pp,1,1,1,0,0
20260731,ZCS,pp,1,1,0,1,0
20260929,ZCS,pp,1,1,1,0,0
20260724,ZCS,pp,1,1,0,0,1
20260924,ZCS,pp,2,2,2,0,0
20260904,ZCS,pp,2,2,2,0,0
20260908,ZCS,pp,3,3,3,0,0
20260827,ZDC,pp,1,0,0,0,0
20260801,ZDC,pp,1,1,0,1,0
20261001,ZDC,pp,1,1,0,1,0
20260907,ZDC,pp,1,1,0,1,0
20260917,ZDC,pp,1,1,0,1,0
20260923,ZDC,pp,1,1,0,1,0
20260804,ZDC,pp,1,1,0,1,0
20260722,ZDC,pp,1,1,0,0,1
20260718,ZDC,pp,2,2,0,0,2
20260915,ZDC,pp,2,2,0,2,0
20260806,ZDC,pp,2,2,0,1,1
20260814,ZDC,pp,6,6,0,6,0
20260714,ZDC,pp,18,6,0,1,5
20260824,ZDC,pp,9,9,0,9,0
20260710,ZDC,pp,9,9,0,9,0
20260831,ZDF,pp,20,19,0,19,0
20260902,ZDF,pp,21,21,21,0,0
20260903,ZDF,pp,29,29,29,0,0
20260825,ZDF,pp,30,30,30,0,0
20260818,ZDK,pp,1,1,1,0,0
20261005,ZDO,pp,10,0,0,0,0
20260709,ZDO,pp,1,0,0,0,0
20260904,ZDO,pp,1,1,0,1,0
20260916,ZDO,pp,1,1,0,1,0
20261002,ZDO,pp,1,1,1,0,0
20260901,ZDO,pp,1,1,0,1,0
20260806,ZDO,pp,1,1,1,0,0
20260825,ZDO,pp,1,1,0,1,0
20260921,ZDO,pp,1,1,0,1,0
20260826,ZDO,pp,1,1,1,0,0
20260822,ZDO,pp,1,1,1,0,0
20260929,ZDO,pp,1,1,0,1,0
20260831,ZDO,pp,2,1,0,1,0
20260829,ZDO,pp,2,2,1,0,1
20260918,ZDO,pp,2,2,0,2,0
20260807,ZDO,pp,2,2,1,1,0
20260924,ZDO,pp,3,3,3,0,0
20260917,ZDO,pp,3,3,0,3,0
20260930,ZDO,pp,3,3,3,0,0
20260928,ZDO,pp,5,5,0,0,5
20260923,ZDO,pp,5,5,2,3,0
20260926,ZDO,pp,6,6,2,0,4
20261001,ZDO,pp,7,7,0,7,0
20260710,ZDO,pp,8,8,7,1,0
20260629,ZDZ,pp,1,0,0,0,0
20260715,ZDZ,pp,2,2,0,2,0
20260923,ZEB,pp,2,0,0,0,0
20260525,ZEB,pp,2,0,0,0,0
20260803,ZEB,pp,1,0,0,0,0
20260915,ZEB,pp,1,0,0,0,0
20260811,ZEB,pp,1,1,0,0,1
20260713,ZEB,pp,1,1,0,1,0
20260821,ZEB,cod,1,1,1,0,0
20260711,ZEB,pp,1,1,0,0,1
20260722,ZEB,pp,1,1,0,0,1
20260805,ZEB,pp,1,1,0,0,1
20260930,ZEB,cod,1,1,1,0,0
20260901,ZEB,pp,1,1,0,1,0
20260905,ZEB,pp,1,1,0,0,1
20260814,ZEB,pp,1,1,1,0,0
20260730,ZEB,pp,1,1,1,0,0
20260930,ZEB,pp,1,1,0,1,0
20260728,ZEB,pp,1,1,0,1,0
20260928,ZEB,pp,1,1,1,0,0
20260801,ZEB,pp,1,1,0,0,1
20260808,ZEB,pp,1,1,0,0,1
20260924,ZEB,pp,1,1,0,0,1
20260729,ZEB,pp,1,1,0,1,0
20260907,ZEB,cod,1,1,1,0,0
20260819,ZEB,pp,3,1,0,1,0
20260918,ZEB,pp,2,2,2,0,0
20260910,ZEB,pp,2,2,0,1,1
20260907,ZEB,pp,2,2,2,0,0
20260821,ZEB,pp,2,2,2,0,0
20260908,ZEB,pp,2,2,2,0,0
20260724,ZEB,pp,2,2,0,0,2
20260806,ZEB,pp,2,2,0,2,0
20260804,ZEB,pp,2,2,2,0,0
20260831,ZEB,pp,3,3,0,3,0
20260722,ZEB,cod,3,3,0,0,3
20261002,ZEB,pp,3,3,0,3,0
20260818,ZEB,cod,3,3,3,0,0
20261001,ZEB,pp,3,3,1,2,0
20260709,ZEB,pp,3,3,0,3,0
20260817,ZEB,pp,3,3,0,3,0
20260728,ZEB,cod,3,3,0,3,0
20260812,ZEB,pp,4,4,0,4,0
20260710,ZEB,pp,5,5,0,4,1
20260717,ZEB,pp,8,8,0,8,0
20260813,ZEB,pp,9,9,0,9,0
20260629,ZED,pp,1,0,0,0,0
20260703,ZED,pp,2,0,0,0,0
20260812,ZED,pp,1,1,1,0,0
20260918,ZED,pp,1,1,1,0,0
20260829,ZED,cod,1,1,1,0,0
20260924,ZED,pp,1,1,1,0,0
20260725,ZED,pp,1,1,1,0,0
20260820,ZED,pp,1,1,1,0,0
20260930,ZED,cod,1,1,1,0,0
20260830,ZED,pp,1,1,1,0,0
20260721,ZED,pp,1,1,1,0,0
20260819,ZED,pp,1,1,1,0,0
20260727,ZED,pp,1,1,1,0,0
20260804,ZED,pp,1,1,1,0,0
20260722,ZED,pp,1,1,1,0,0
20260716,ZED,pp,1,1,1,0,0
20260817,ZED,pp,1,1,1,0,0
20260810,ZED,pp,1,1,0,1,0
20260913,ZED,pp,1,1,1,0,0
20260821,ZED,pp,1,1,1,0,0
20260803,ZED,pp,1,1,1,0,0
20260807,ZED,pp,1,1,1,0,0
20260912,ZED,pp,1,1,0,1,0
20260805,ZED,pp,1,1,1,0,0
20260709,ZED,pp,1,1,0,1,0
20260902,ZED,cod,1,1,1,0,0
20260927,ZED,pp,1,1,1,0,0
20260806,ZED,cod,1,1,1,0,0
20260907,ZED,cod,1,1,0,1,0
20261004,ZED,cod,1,1,1,0,0
20260825,ZED,pp,1,1,0,1,0
20261002,ZED,pp,1,1,1,0,0
20260909,ZED,pp,2,1,0,1,0
20260714,ZED,cod,1,1,1,0,0
20260723,ZED,pp,2,2,2,0,0
20260920,ZED,pp,2,2,0,2,0
20261004,ZED,pp,2,2,2,0,0
20260824,ZED,pp,2,2,0,2,0
20260917,ZED,pp,2,2,0,2,0
20260902,ZED,pp,2,2,1,1,0
20260711,ZED,pp,2,2,2,0,0
20260908,ZED,pp,2,2,2,0,0
20260930,ZED,pp,2,2,1,1,0
20260710,ZED,pp,2,2,2,0,0
20260808,ZED,pp,3,3,2,0,1
20260818,ZED,pp,3,3,3,0,0
20260707,ZED,pp,3,3,0,0,3
20261003,ZED,pp,3,3,2,1,0
20261001,ZED,pp,3,3,3,0,0
20260814,ZED,pp,3,3,3,0,0
20260911,ZED,pp,3,3,3,0,0
20260813,ZED,pp,3,3,3,0,0
20260728,ZED,pp,3,3,3,0,0
20260922,ZED,pp,4,4,4,0,0
20260929,ZED,pp,5,5,5,0,0
20260703,ZEG,pp,9,0,0,0,0
20260610,ZEG,pp,6,0,0,0,0
20260909,ZEK,pp,1,1,0,1,0
20260813,ZEK,pp,1,1,0,1,0
20260926,ZEK,pp,1,1,0,0,1
20260904,ZEK,pp,1,1,1,0,0
20260924,ZEK,pp,1,1,0,1,0
20260825,ZEK,pp,1,1,0,1,0
20261002,ZEK,pp,1,1,0,1,0
20260822,ZEK,pp,2,2,0,0,2
20260630,ZEL,pp,5,0,0,0,0
20260704,ZEL,pp,20,0,0,0,0
20260703,ZEL,pp,5,0,0,0,0
20260705,ZEL,pp,8,0,0,0,0
20260701,ZEL,pp,4,0,0,0,0
20261005,ZEL,pp,2,0,0,0,0
20260617,ZEL,pp,1,0,0,0,0
20260610,ZEL,pp,2,0,0,0,0
20260706,ZEL,pp,30,0,0,0,0
20260627,ZEL,pp,1,0,0,0,0
20260625,ZEL,pp,1,0,0,0,0
20260702,ZEL,pp,11,0,0,0,0
20260629,ZEL,pp,1,0,0,0,0
20260623,ZEL,pp,1,0,0,0,0
20260820,ZEL,cod,1,1,1,0,0
20261004,ZEL,pp,3,1,1,0,0
20260817,ZEL,cod,6,1,1,0,0
20260830,ZEL,cod,1,1,0,1,0
20260927,ZEL,pp,1,1,1,0,0
20260920,ZEL,pp,1,1,1,0,0
20260919,ZEL,pp,2,2,0,0,2
20260814,ZEL,cod,2,2,2,0,0
20260824,ZEL,cod,2,2,1,0,1
20260906,ZEL,pp,2,2,0,2,0
20260707,ZEL,cod,3,3,3,0,0
20260719,ZEL,cod,3,3,0,3,0
20260712,ZEL,cod,3,3,2,1,0
20260911,ZEL,cod,3,3,0,2,1
20260802,ZEL,pp,3,3,0,2,1
20260802,ZEL,cod,3,3,0,2,1
20260831,ZEL,cod,3,3,3,0,0
20260916,ZEL,cod,3,3,3,0,0
20260819,ZEL,cod,6,4,4,0,0
20260808,ZEL,cod,4,4,2,1,1
20260928,ZEL,pp,6,4,2,0,2
20260917,ZEL,pp,4,4,4,0,0
20260715,ZEL,cod,8,4,3,1,0
20260923,ZEL,pp,4,4,4,0,0
20260910,ZEL,cod,5,5,5,0,0
20260726,ZEL,cod,5,5,4,1,0
20260806,ZEL,cod,5,5,2,3,0
20260725,ZEL,cod,5,5,4,0,1
20260913,ZEL,pp,5,5,4,1,0
20260902,ZEL,cod,6,6,0,6,0
20260830,ZEL,pp,6,6,4,2,0
20260921,ZEL,pp,6,6,6,0,0
20260809,ZEL,cod,6,6,0,6,0
20260711,ZEL,cod,7,7,4,1,2
20260719,ZEL,pp,7,7,0,7,0
20260909,ZEL,cod,7,7,7,0,0
20260912,ZEL,cod,8,8,4,0,4
20260710,ZEL,cod,12,8,6,0,2
20260922,ZEL,pp,8,8,8,0,0
20260804,ZEL,cod,8,8,4,2,2
20260918,ZEL,pp,8,8,8,0,0
20260903,ZEL,cod,8,8,4,4,0
20260828,ZEL,pp,8,8,8,0,0
20260905,ZEL,pp,8,8,5,1,2
20260912,ZEL,pp,10,9,7,2,0
20260712,ZEL,pp,9,9,8,1,0
20260822,ZEL,pp,13,9,9,0,0
20260811,ZEL,cod,10,9,7,2,0
20260915,ZEL,pp,9,9,9,0,0
20260728,ZEL,cod,10,10,10,0,0
20260708,ZEL,cod,11,10,4,6,0
20260803,ZEL,cod,11,11,10,1,0
20260808,ZEL,pp,11,11,9,0,2
20260723,ZEL,pp,11,11,9,2,0
20260818,ZEL,pp,11,11,8,2,1
20260809,ZEL,pp,11,11,10,1,0
20260724,ZEL,cod,11,11,5,6,0
20260822,ZEL,cod,12,12,12,0,0
20260930,ZEL,pp,12,12,10,2,0
20260816,ZEL,pp,12,12,8,1,3
20260726,ZEL,pp,12,12,6,5,1
20260812,ZEL,cod,15,12,8,4,0
20260814,ZEL,pp,12,12,9,0,3
20260924,ZEL,pp,12,12,11,0,1
20260720,ZEL,pp,12,12,11,1,0
20260806,ZEL,pp,14,12,6,4,2
20260810,ZEL,pp,14,12,10,2,0
20260929,ZEL,pp,12,12,7,3,2
20260801,ZEL,pp,14,12,9,0,3
20260805,ZEL,cod,13,13,9,0,4
20260829,ZEL,pp,13,13,9,0,4
20260708,ZEL,pp,15,13,12,0,1
20260715,ZEL,pp,15,13,10,3,0
20260926,ZEL,pp,13,13,7,0,6
20260713,ZEL,cod,13,13,11,0,2
20260902,ZEL,pp,14,14,8,5,1
20260914,ZEL,pp,15,15,14,1,0
20260811,ZEL,pp,15,15,12,3,0
20260807,ZEL,pp,15,15,12,3,0
20260824,ZEL,pp,15,15,11,4,0
20261003,ZEL,pp,15,15,15,0,0
20260803,ZEL,pp,17,15,15,0,0
20260813,ZEL,cod,15,15,15,0,0
20260710,ZEL,pp,16,16,16,0,0
20260714,ZEL,cod,17,16,15,0,1
20260718,ZEL,pp,16,16,9,0,7
20260724,ZEL,pp,17,17,15,2,0
20260910,ZEL,pp,17,17,15,0,2
20260723,ZEL,cod,17,17,9,4,4
20260916,ZEL,pp,17,17,14,2,1
20260807,ZEL,cod,18,18,10,7,1
20260709,ZEL,pp,18,18,17,1,0
20260817,ZEL,pp,18,18,13,4,1
20260925,ZEL,pp,21,18,11,5,2
20260904,ZEL,pp,18,18,17,1,0
20261001,ZEL,pp,27,19,18,0,1
20260827,ZEL,cod,35,19,19,0,0
20260730,ZEL,cod,20,19,3,16,0
20260821,ZEL,cod,19,19,19,0,0
20260716,ZEL,pp,22,19,15,3,1
20260709,ZEL,cod,20,20,14,5,1
20260805,ZEL,pp,21,20,17,3,0
20260711,ZEL,pp,22,20,12,1,7
20260721,ZEL,cod,20,20,18,2,0
20260826,ZEL,pp,21,21,21,0,0
20260729,ZEL,pp,21,21,20,1,0
20260810,ZEL,cod,27,22,11,11,0
20260707,ZEL,pp,23,22,14,6,2
20260720,ZEL,cod,22,22,19,3,0
20260718,ZEL,cod,26,24,12,0,12
20260729,ZEL,cod,25,24,22,2,0
20260725,ZEL,pp,24,24,9,15,0
20260731,ZEL,cod,25,25,17,8,0
20260909,ZEL,pp,29,25,22,2,1
20260827,ZEL,pp,26,25,21,0,4
20260829,ZEL,cod,26,26,10,0,16
20260804,ZEL,pp,27,27,20,7,0
20260731,ZEL,pp,28,28,18,9,1
20260819,ZEL,pp,30,29,23,5,1
20260812,ZEL,pp,34,29,25,2,2
20260911,ZEL,pp,30,30,11,14,5
20260903,ZEL,pp,31,31,12,14,5
20260717,ZEL,pp,31,31,23,8,0
20260721,ZEL,pp,31,31,29,2,0
20260717,ZEL,cod,32,31,20,3,8
20260727,ZEL,cod,32,32,14,16,2
20260722,ZEL,pp,33,32,31,1,0
20260901,ZEL,cod,33,33,13,20,0
20260714,ZEL,pp,35,33,6,27,0
20260730,ZEL,pp,35,35,33,2,0
20260713,ZEL,pp,37,35,18,15,2
20260716,ZEL,cod,36,36,28,1,7
20260722,ZEL,cod,36,36,24,12,0
20260908,ZEL,pp,40,37,24,8,5
20260825,ZEL,pp,39,37,10,27,0
20260820,ZEL,pp,39,38,38,0,0
20260831,ZEL,pp,46,40,14,23,3
20260727,ZEL,pp,43,43,31,12,0
20260907,ZEL,pp,49,49,5,35,9
20260821,ZEL,pp,53,52,50,1,1
20260801,ZEL,cod,55,55,53,0,2
20260813,ZEL,pp,58,58,56,2,0
20260728,ZEL,pp,84,59,50,9,0
20260901,ZEL,pp,113,113,79,21,13
20260702,ZEN,pp,1,0,0,0,0
20260704,ZEN,pp,1,0,0,0,0
20260706,ZEN,pp,1,0,0,0,0
20260706,ZER,pp,1,0,0,0,0
20260702,ZER,pp,1,0,0,0,0
20260722,ZER,pp,1,1,1,0,0
20260917,ZER,pp,1,1,1,0,0
20260922,ZER,pp,1,1,1,0,0
20260807,ZER,pp,1,1,0,1,0
20261001,ZER,pp,1,1,1,0,0
20260921,ZER,pp,1,1,1,0,0
20260813,ZER,pp,1,1,1,0,0
20260721,ZER,pp,1,1,1,0,0
20260714,ZER,pp,1,1,1,0,0
20260711,ZER,pp,1,1,1,0,0
20260928,ZER,pp,1,1,1,0,0
20260805,ZER,pp,2,2,2,0,0
20260924,ZER,pp,2,2,2,0,0
20260709,ZER,pp,3,3,3,0,0
20260704,ZET,pp,2,0,0,0,0
20260704,ZET,cod,2,0,0,0,0
20260706,ZET,cod,1,0,0,0,0
20260629,ZET,pp,1,0,0,0,0
20260706,ZET,pp,1,0,0,0,0
20261005,ZET,pp,1,0,0,0,0
20260820,ZET,pp,1,1,0,1,0
20260925,ZET,pp,1,1,0,1,0
20260902,ZET,pp,1,1,1,0,0
20260825,ZET,pp,2,1,0,1,0
20260923,ZET,pp,1,1,0,1,0
20260718,ZET,pp,1,1,1,0,0
20260909,ZET,cod,1,1,1,0,0
20260830,ZET,pp,1,1,0,1,0
20260922,ZET,pp,1,1,0,1,0
20260807,ZET,pp,1,1,1,0,0
20260720,ZET,cod,1,1,0,1,0
20260918,ZET,pp,1,1,0,1,0
20260717,ZET,cod,1,1,1,0,0
20260805,ZET,cod,1,1,0,1,0
20260929,ZET,pp,1,1,1,0,0
20260720,ZET,pp,1,1,0,1,0
20260730,ZET,cod,2,1,1,0,0
20260822,ZET,pp,1,1,0,0,1
20260919,ZET,pp,1,1,0,1,0
20260831,ZET,pp,1,1,0,1,0
20260717,ZET,pp,2,2,1,1,0
20260909,ZET,pp,2,2,2,0,0
20260914,ZET,pp,2,2,2,0,0
20260715,ZET,pp,2,2,0,2,0
20260905,ZET,pp,2,2,0,0,2
20260917,ZET,pp,2,2,2,0,0
20260920,ZET,pp,2,2,2,0,0
20260730,ZET,pp,2,2,2,0,0
20260731,ZET,pp,2,2,0,0,2
20260829,ZET,pp,2,2,0,0,2
20261001,ZET,pp,2,2,1,0,1
20260713,ZET,pp,2,2,0,0,2
20260826,ZET,pp,2,2,1,1,0
20260805,ZET,pp,2,2,0,2,0
20261003,ZET,pp,3,3,3,0,0
20260924,ZET,pp,3,3,3,0,0
20260911,ZET,pp,5,3,3,0,0
20260812,ZET,pp,4,4,0,4,0
20260901,ZET,pp,4,4,1,3,0
20260915,ZET,pp,4,4,0,4,0
20260727,ZEV,pp,2,2,2,0,0
20260713,ZEV,pp,22,22,22,0,0
20260710,ZEV,pp,44,44,44,0,0
20260825,ZEX,pp,1,0,0,0,0
20260702,ZEX,pp,1,0,0,0,0
20260730,ZEX,pp,1,0,0,0,0
20261005,ZEX,pp,1,0,0,0,0
20260721,ZEX,pp,1,1,0,1,0
20260817,ZEX,pp,1,1,0,1,0
20260728,ZEX,pp,1,1,0,1,0
20260823,ZEX,pp,1,1,1,0,0
20260917,ZEX,pp,1,1,0,1,0
20260807,ZEX,cod,1,1,0,1,0
20260713,ZEX,pp,1,1,1,0,0
20260727,ZEX,pp,1,1,0,1,0
20260725,ZEX,pp,2,1,0,0,1
20260818,ZEX,cod,1,1,0,1,0
20260715,ZEX,pp,1,1,0,1,0
20260916,ZEX,cod,3,3,3,0,0
20260825,ZEX,cod,3,3,0,3,0
20260922,ZEX,cod,3,3,3,0,0
20260722,ZEX,pp,3,3,0,3,0
20260730,ZEX,cod,12,12,12,0,0
20260702,ZFB,pp,1,0,0,0,0
20261004,ZFB,pp,4,0,0,0,0
20260630,ZFB,pp,1,0,0,0,0
20260701,ZFB,pp,8,0,0,0,0
20260706,ZFB,pp,1,0,0,0,0
20260709,ZFB,pp,1,1,1,0,0
20260922,ZFB,pp,1,1,1,0,0
20260711,ZFB,pp,1,1,1,0,0
20260725,ZFB,pp,1,1,1,0,0
20260828,ZFB,pp,1,1,0,0,1
20260728,ZFB,pp,1,1,1,0,0
20260904,ZFB,pp,1,1,1,0,0
20261001,ZFB,pp,1,1,1,0,0
20260804,ZFB,pp,1,1,1,0,0
20260826,ZFB,pp,1,1,1,0,0
20260808,ZFB,pp,1,1,1,0,0
20260928,ZFB,pp,1,1,1,0,0
20260909,ZFB,pp,1,1,1,0,0
20260917,ZFB,pp,2,2,2,0,0
20260715,ZFB,pp,2,2,2,0,0
20260912,ZFB,pp,2,2,0,2,0
20260801,ZFB,pp,2,2,2,0,0
20260716,ZFB,pp,2,2,2,0,0
20260805,ZFB,pp,2,2,2,0,0
20260908,ZFB,pp,3,3,3,0,0
20260730,ZFB,pp,3,3,3,0,0
20260710,ZFB,pp,3,3,3,0,0
20260712,ZFB,pp,3,3,3,0,0
20260929,ZFB,pp,3,3,3,0,0
20260813,ZFB,pp,3,3,3,0,0
20260916,ZFB,pp,3,3,2,1,0
20260719,ZFB,pp,4,4,4,0,0
20260814,ZFB,pp,4,4,4,0,0
20260707,ZFB,pp,4,4,0,0,4
20260924,ZFB,pp,4,4,3,0,1
20260815,ZFB,pp,4,4,4,0,0
20260919,ZFB,pp,5,5,5,0,0
20260723,ZFB,pp,5,5,5,0,0
20260923,ZFB,pp,5,5,4,1,0
20260902,ZFB,pp,5,5,0,5,0
20260718,ZFB,pp,5,5,5,0,0
20260816,ZFB,pp,5,5,5,0,0
20260911,ZFB,pp,5,5,5,0,0
20260827,ZFB,pp,6,6,6,0,0
20260729,ZFB,pp,6,6,5,1,0
20260717,ZFB,pp,7,7,7,0,0
20260819,ZFB,pp,7,7,7,0,0
20260714,ZFB,pp,17,17,17,0,0
20260930,ZFB,pp,18,18,18,0,0
20260807,ZFF,pp,1,1,1,0,0
20260810,ZFF,pp,1,1,0,1,0
20260804,ZFF,pp,2,2,0,2,0
20260814,ZFF,pp,3,3,1,0,2
20260811,ZFF,pp,4,4,1,3,0
20261001,ZFH,pp,1,1,0,1,0
20260713,ZFL,pp,1,1,0,1,0
20260930,ZFL,pp,1,1,0,1,0
20260831,ZFL,pp,1,1,0,1,0
20260710,ZFN,pp,1,0,0,0,0
20260911,ZFN,pp,1,1,0,1,0
20260904,ZFN,pp,6,6,6,0,0
20260903,ZFN,pp,14,14,0,14,0
20260715,ZFW,pp,1,1,1,0,0
20260811,ZFW,pp,1,1,0,0,1
20260721,ZFW,pp,2,1,0,1,0
20260726,ZFY,cod,1,0,0,0,0
20260808,ZFY,cod,1,0,0,0,0
20260724,ZFY,cod,1,0,0,0,0
20260728,ZFY,cod,2,0,0,0,0
20261001,ZFY,pp,1,0,0,0,0
20260728,ZFY,pp,1,0,0,0,0
20260801,ZFY,cod,1,0,0,0,0
20260802,ZFY,cod,1,0,0,0,0
20260814,ZFY,cod,1,0,0,0,0
20260805,ZFY,cod,1,0,0,0,0
20260807,ZFY,cod,1,0,0,0,0
20260815,ZFY,cod,1,0,0,0,0
20260818,ZFY,cod,1,0,0,0,0
20261002,ZFY,cod,1,0,0,0,0
20260830,ZFY,cod,1,0,0,0,0
20260731,ZFY,pp,1,0,0,0,0
20260819,ZFY,pp,1,1,0,0,1
20260906,ZFY,cod,1,1,0,0,1
20260913,ZFY,cod,1,1,0,0,1
20260907,ZFY,pp,1,1,0,0,1
20260812,ZFY,pp,1,1,1,0,0
20260816,ZFY,cod,1,1,0,0,1
20260920,ZFY,cod,1,1,0,0,1
20260923,ZFY,pp,1,1,0,0,1
20260804,ZFY,cod,1,1,0,1,0
20260925,ZFY,cod,1,1,0,0,1
20260928,ZFY,pp,1,1,1,0,0
20260908,ZFY,cod,1,1,0,0,1
20260807,ZFY,pp,1,1,0,0,1
20260809,ZFY,cod,2,1,0,0,1
20260914,ZFY,cod,2,2,0,0,2
20260926,ZGA,pp,1,1,1,0,0
20260808,ZGA,pp,1,1,0,1,0
20260825,ZGA,pp,1,1,0,1,0
20260902,ZGA,pp,1,1,0,1,0
20260919,ZGA,pp,1,1,0,1,0
20260812,ZGA,pp,1,1,0,1,0
20260813,ZGA,pp,1,1,0,1,0
20260924,ZGA,pp,1,1,0,0,1
20260822,ZGA,pp,1,1,0,1,0
20260909,ZGA,pp,1,1,0,1,0
20261004,ZGA,pp,1,1,1,0,0
20260727,ZGA,pp,1,1,0,1,0
20260831,ZGA,pp,1,1,0,1,0
20260917,ZGA,pp,1,1,0,1,0
20260923,ZGA,pp,2,2,0,2,0
20260723,ZGA,pp,2,2,0,0,2
20260929,ZGA,pp,2,2,0,2,0
20260815,ZGA,pp,2,2,2,0,0
20260810,ZGA,pp,6,6,0,6,0
20261005,ZGY,pp,2,0,0,0,0
20260921,ZGY,pp,1,1,1,0,0
20261001,ZGY,pp,1,1,0,1,0
20260929,ZGY,pp,1,1,1,0,0
20260925,ZGY,pp,1,1,1,0,0
20261004,ZGY,pp,1,1,1,0,0
20260928,ZGY,pp,1,1,1,0,0
20260926,ZGY,pp,2,2,0,2,0
20260923,ZGY,pp,2,2,0,2,0
20261003,ZGY,pp,2,2,0,2,0
20260920,ZGY,pp,3,3,1,2,0
20260919,ZGZ,pp,2,2,2,0,0
20260917,ZGZ,pp,2,2,2,0,0
20261003,ZHB,pp,1,0,0,0,0
20261005,ZHB,pp,1,0,0,0,0
20260918,ZHB,pp,2,1,0,1,0
20260917,ZHB,pp,2,1,1,0,0
20260921,ZHB,pp,1,1,0,0,1
20260928,ZHB,pp,1,1,1,0,0
20260919,ZHB,pp,1,1,1,0,0
20260713,ZOH,pp,7,0,0,0,0
20260713,ZOH,cod,4,0,0,0,0
20261005,ZOH,pp,1,0,0,0,0
20260909,ZOH,pp,1,0,0,0,0
20260918,ZOH,pp,1,0,0,0,0
20260928,ZOH,pp,1,1,0,1,0
20260930,ZOH,pp,1,1,0,0,1
20260813,ZOH,pp,1,1,1,0,0
20260915,ZZL,pp,6,0,0,0,0
20260926,ZZL,pp,1,0,0,0,0
20260709,ZZL,pp,2,0,0,0,0
20260909,ZZL,pp,1,0,0,0,0
20260925,ZZL,pp,1,0,0,0,0
20260929,ZZL,pp,2,0,0,0,0
20260928,ZZL,pp,6,0,0,0,0
20260918,ZZL,pp,8,0,0,0,0
