reporting_date,merchant_code,payment_type,fm_picked,fm_created,conv_num,PHin,zero_attempt_num,zero_attempt_denom,First_attempt_delivered,fac_deno,total_delivered_attempts,total_attempts,DHin,D0_OFD,rfr_num,rfr_deno,Breach_Num,Breach_Den,breach_plus1_num
20260823,DFX,pp,31,31,32,32,1,1,28,28,28,28,41,15,0,28,0,34,0
20260830,ESC,pp,15,15,7,7,,,28,28,29,29,26,18,0,29,1,29,0
20260820,NKD,pp,19,19,7,9,,,28,28,29,29,22,15,0,29,0,51,0
20260722,BBO,pp,30,30,29,30,,,29,29,29,29,29,25,0,29,0,20,0
20260826,SOL,pp,11,15,21,22,,,28,28,29,29,28,14,0,29,0,27,0
20260913,IOH,pp,23,27,20,20,2,2,28,29,28,30,33,24,2,30,1,42,1
20260907,KIC,pp,25,25,24,25,2,2,28,29,29,30,26,20,1,30,1,38,1
20260831,SOL,pp,24,25,21,22,,,28,29,28,30,10,8,2,30,0,19,0
20260825,SWT,pp,15,15,16,19,1,2,29,30,30,31,29,19,0,31,0,22,0
20260819,MOH,pp,40,49,56,57,21,21,28,28,31,31,39,21,0,31,1,48,1
20260917,ALW,pp,24,24,8,18,,,28,30,29,31,39,11,1,31,4,26,2
20260902,SWL,pp,35,40,38,38,5,5,29,31,29,31,31,19,1,31,0,29,0
20260905,MOH,pp,31,33,37,39,1,1,29,30,30,31,36,24,0,31,0,32,0
20260915,ALW,pp,20,20,25,32,0,1,31,32,31,32,27,8,0,32,10,59,7
20260822,ESC,pp,24,25,11,11,,,29,30,31,32,23,18,1,32,1,26,0
20260710,ZEL,pp,16,16,18,19,,,29,32,29,32,40,30,3,32,0,15,0
20260914,ALW,pp,38,38,25,29,1,1,32,32,32,32,42,25,0,32,6,40,1
20260813,TEL,pp,64,82,62,65,33,34,28,31,29,32,25,18,1,32,1,25,1
20260727,IOH,pp,25,27,35,37,5,5,31,32,31,32,35,14,1,32,1,42,1
20260912,LSR,pp,18,24,15,19,3,3,29,30,30,32,22,20,0,32,1,53,1
20260818,KPI,pp,43,44,39,43,2,4,28,31,28,32,30,13,0,32,0,24,0
20260801,NKD,pp,11,11,14,14,,,32,32,32,32,21,10,0,32,0,37,0
20260920,MOH,pp,6,10,0,6,1,1,29,32,29,32,39,19,0,32,2,27,0
20260816,NKD,pp,27,27,38,38,,,28,32,28,32,41,31,0,32,0,26,0
20260828,EMB,pp,43,44,32,34,4,4,28,31,28,32,30,26,1,32,0,23,0
20260630,ZEL,pp,35,48,21,22,4,4,31,31,32,33,37,21,0,33,0,30,0
20260901,INM,cod,47,52,69,71,1,1,31,33,31,33,31,16,1,33,1,18,0
20260720,AWP,pp,81,86,70,76,3,5,28,32,28,33,47,15,3,33,3,58,1
20260730,KPI,pp,39,39,44,44,3,4,29,31,31,33,28,20,0,33,1,32,0
20260722,NEX,pp,19,19,7,7,1,1,28,30,29,33,26,22,2,33,0,65,0
20260920,ALW,pp,18,20,2,8,,,29,31,30,33,27,9,0,33,4,17,4
20260721,KPI,pp,25,33,25,25,6,6,28,30,30,33,31,20,1,33,1,23,1
20260819,ZEL,pp,29,30,26,26,,,29,30,32,33,11,8,0,33,1,22,1
20260806,TEL,pp,32,46,43,45,16,16,29,30,31,33,36,24,1,33,0,46,0
20260916,NEX,pp,60,73,13,14,,,31,32,32,33,34,29,0,33,0,17,0
20260804,BBO,pp,19,20,18,18,1,1,29,31,30,33,26,23,0,33,1,24,1
20260629,NEX,pp,80,89,31,31,3,3,28,29,30,34,10,6,3,34,0,55,0
20260908,DFX,pp,36,36,30,31,,,28,31,31,34,37,22,0,34,1,24,1
20260716,TEL,pp,51,68,46,48,19,20,28,30,30,34,27,16,0,34,0,30,0
20260627,ZEL,pp,24,25,25,26,1,1,34,34,34,34,12,9,0,34,0,30,0
20260717,TEL,pp,26,36,46,47,13,18,29,31,30,34,23,15,2,34,1,39,0
20260731,EMB,pp,36,51,33,33,3,3,31,33,32,34,32,28,2,34,1,27,0
20260914,MOH,pp,57,59,60,61,4,4,29,30,32,34,25,18,1,34,2,25,0
20260627,DFX,pp,55,56,48,49,2,2,31,34,31,34,32,13,2,34,4,30,3
20260727,ESC,pp,5,15,4,5,12,12,29,31,30,34,30,20,1,34,0,40,0
20260814,EMB,pp,66,68,41,43,1,1,29,31,31,34,34,25,2,34,0,34,0
20260916,SOL,pp,20,21,23,28,,,34,34,34,34,16,11,0,34,0,9,0
20260819,LOS,pp,18,19,26,26,36,36,34,34,34,34,31,16,0,34,2,42,0
20260818,NKD,pp,10,10,21,21,,,31,31,34,34,27,16,0,34,0,44,0
20260801,TEL,pp,39,48,33,33,10,10,34,34,35,35,27,25,0,35,0,39,0
20260807,MOH,pp,36,48,30,30,4,4,32,33,33,35,35,23,0,35,0,43,0
20260902,MOH,pp,42,49,32,36,4,4,34,34,35,35,26,16,0,35,0,26,0
20260725,ZEL,pp,24,24,10,11,,,29,31,31,35,43,30,0,35,3,22,0
20260729,SWL,pp,12,21,12,13,6,7,29,32,30,35,25,21,4,35,0,32,0
20260629,KPI,pp,20,20,30,31,,,28,30,33,35,21,14,0,35,0,20,0
20260625,NKD,pp,13,13,15,15,1,1,34,35,34,35,23,14,1,35,0,9,0
20260723,IOH,pp,42,53,47,50,16,16,32,35,32,35,29,19,3,35,0,27,0
20260918,BBO,pp,16,16,5,16,,,35,35,35,35,39,34,0,35,,,
20260809,KPI,pp,37,37,48,51,4,4,32,34,34,36,37,27,1,36,1,37,0
20260913,DFX,pp,19,19,19,19,,,31,34,31,36,35,22,3,36,2,32,0
20260812,MOH,pp,35,40,28,33,10,10,32,33,34,36,29,20,2,36,0,36,0
20260909,RHY,pp,7,7,7,7,1,1,35,35,36,36,30,27,0,36,0,20,0
20260915,SWL,pp,25,26,42,45,1,7,31,35,32,36,41,27,0,36,0,28,0
20260729,EMB,pp,42,47,42,43,6,6,35,36,35,36,32,29,0,36,0,45,0
20260802,ZEL,pp,3,3,1,1,,,28,34,30,36,30,12,3,36,1,43,0
20260716,IOH,pp,32,34,32,32,10,10,34,34,36,36,27,12,0,36,3,41,1
20260813,BGH,pp,29,35,42,43,3,3,32,34,34,36,24,19,1,36,0,32,0
20260715,IOH,pp,29,42,38,39,14,14,35,35,35,36,40,17,0,36,0,40,0
20260829,MOH,pp,44,47,28,28,5,6,28,31,30,36,24,15,3,36,0,30,0
20260724,EMB,pp,31,31,32,33,3,3,31,34,32,36,38,28,2,36,1,50,0
20260901,DFX,pp,48,48,43,43,0,1,34,37,34,37,30,14,0,37,0,38,0
20260901,IOH,pp,29,33,50,51,5,7,34,35,35,37,29,15,1,37,0,40,0
20260831,DFX,pp,25,25,28,28,1,2,35,36,36,37,33,16,0,37,0,49,0
20260721,DLH,pp,49,58,59,60,13,13,31,34,34,37,30,18,0,37,0,23,0
20260830,DFX,pp,40,40,37,37,,,36,36,37,37,53,30,0,37,0,25,0
20260908,LSR,pp,56,68,50,54,8,11,31,33,33,37,25,21,0,37,3,42,0
20260628,DFX,pp,34,35,40,41,1,2,28,34,31,37,39,22,2,37,1,52,0
20260626,IOH,pp,148,159,153,153,13,13,29,34,31,37,70,21,4,37,0,8,0
20260812,KPI,pp,41,44,23,24,5,6,35,36,36,37,38,20,0,37,0,46,0
20260910,ALW,cod,61,67,62,66,1,3,32,35,33,37,50,13,1,37,1,23,1
20260909,SWL,pp,47,48,32,32,2,4,28,33,31,37,38,26,1,37,1,35,0
20260905,DFX,pp,37,38,46,47,1,1,35,36,36,37,29,19,1,37,0,26,0
20260721,TEL,pp,32,40,49,51,14,15,34,35,36,37,27,22,1,37,0,27,0
20260809,AWP,pp,67,67,43,43,,,29,32,34,38,26,6,0,38,5,63,3
20260819,NKD,pp,13,13,8,8,,,34,38,34,38,38,28,4,38,2,30,0
20260731,CUH,pp,83,84,60,61,1,2,34,35,37,38,38,29,0,38,0,38,0
20260710,LUA,pp,71,81,69,70,8,9,32,35,33,38,47,19,3,38,4,57,4
20260909,LKH,pp,74,75,69,73,,,35,35,37,38,35,29,1,38,0,56,0
20260716,AWP,pp,76,77,76,77,10,10,36,36,37,38,61,19,0,38,0,92,0
20260704,ZEL,pp,19,20,11,11,,,36,36,37,38,32,28,0,38,0,42,0
20260728,MOH,pp,68,71,67,69,5,6,34,34,36,38,40,15,1,38,0,62,0
20260920,IOH,pp,19,19,0,24,,,37,37,37,38,35,23,0,38,0,31,0
20260822,NEX,pp,17,21,22,22,14,17,28,30,34,38,34,18,0,38,1,38,1
20260911,LSR,pp,29,33,24,27,6,7,34,36,35,38,40,28,0,38,2,44,2
20260715,TEL,pp,40,49,23,24,5,5,32,35,33,38,41,27,1,38,1,16,0
20260717,ESC,pp,40,40,40,40,2,2,31,32,34,38,31,23,3,38,0,42,0
20260706,KPI,pp,31,31,32,33,1,2,31,33,36,38,47,27,2,38,1,29,1
20260815,IOH,pp,12,13,4,4,1,5,35,37,35,38,28,14,2,38,0,22,0
20260912,SAC,pp,172,175,91,94,,,38,39,38,39,27,19,1,39,0,6,0
20260831,MOH,pp,55,58,43,44,6,7,36,37,36,39,31,26,1,39,0,50,0
20260825,ZEL,pp,37,39,15,15,3,4,37,39,37,39,36,28,1,39,0,16,0
20260629,ZEL,pp,17,19,21,21,10,10,38,39,38,39,23,12,0,39,0,23,0
20260722,TEL,pp,17,23,28,28,7,7,34,38,34,39,41,32,4,39,0,35,0
20260825,LSR,pp,22,32,32,34,18,18,35,39,35,39,37,28,3,39,0,28,0
20260713,NKD,pp,6,6,12,12,,,38,38,38,39,18,13,0,39,0,37,0
20260701,FLP,pp,76,76,74,76,0,1,31,38,32,39,36,34,3,39,1,55,1
20260919,MOH,pp,16,21,15,40,2,2,37,38,38,39,44,28,0,39,1,35,1
20260627,BSS,pp,49,52,51,52,2,2,32,34,37,39,26,6,0,39,0,38,0
20260819,IOH,pp,40,45,43,43,8,10,36,36,38,39,37,27,0,39,1,51,0
20260819,EMB,pp,43,70,43,44,16,16,37,39,37,39,51,31,1,39,0,39,0
20260913,LSR,pp,8,8,7,7,8,9,32,38,32,39,48,37,0,39,2,42,1
20260731,IOH,pp,47,54,58,59,2,2,32,38,33,39,30,19,6,39,0,33,0
20260819,TEL,pp,77,98,59,61,20,22,31,35,32,40,42,25,4,40,0,55,0
20260718,TEL,pp,33,41,46,49,12,12,36,39,37,40,35,32,3,40,0,26,0
20260817,ZEL,pp,18,18,14,14,5,5,32,35,34,40,49,28,5,40,0,14,0
20260723,DLH,pp,42,45,43,43,9,9,35,37,37,40,32,20,1,40,0,37,0
20260911,PRH,pp,36,40,28,29,2,2,31,33,36,40,31,25,1,40,0,33,0
20260725,EMB,pp,36,38,35,37,2,2,34,38,36,40,33,27,3,40,0,43,0
20260824,IOH,pp,66,70,69,71,2,3,36,38,37,40,37,14,1,40,0,24,0
20260805,MOH,pp,50,52,43,44,4,4,36,37,38,40,43,22,1,40,0,57,0
20260715,LVP,pp,10,10,10,10,0,3,35,38,36,40,53,37,1,40,0,4,0
20260805,KPI,pp,42,45,51,51,8,9,35,36,37,40,43,27,2,40,1,36,0
20260918,MOH,pp,34,37,7,29,2,2,35,36,38,40,40,30,0,40,1,61,0
20260814,AWP,pp,65,76,69,71,6,7,36,36,37,40,62,11,2,40,1,60,1
20260829,COM,pp,12,12,12,12,,,40,40,40,40,19,18,0,40,0,13,0
20260801,DFX,pp,3,3,14,14,2,2,29,33,32,40,54,19,4,40,1,55,1
20260730,CUH,pp,64,66,61,62,2,2,34,37,36,40,32,27,3,40,0,28,0
20260902,IOH,pp,36,48,24,24,10,11,37,40,37,40,46,25,3,40,1,39,0
20260820,IOH,pp,54,57,48,49,2,2,35,40,35,40,28,18,4,40,3,56,2
20260711,KPI,pp,28,31,31,32,2,3,37,39,38,40,40,27,0,40,0,29,0
20260703,ESC,pp,42,43,40,42,2,2,37,38,39,40,38,30,0,40,0,55,0
20260821,ESC,pp,22,23,14,15,2,2,34,37,36,40,28,19,2,40,2,25,0
20260828,IOH,pp,14,15,12,13,3,4,37,38,39,40,68,24,1,40,1,56,0
20260819,SWL,pp,38,45,25,29,10,13,34,38,34,40,40,24,0,40,1,40,1
20260819,CUH,pp,8,8,8,8,0,3,29,31,34,40,32,25,4,40,0,40,0
20260904,DFX,pp,33,33,18,21,,,34,35,39,40,50,30,1,40,0,35,0
20260730,EMB,pp,48,50,51,52,2,4,36,38,38,41,38,33,0,41,0,29,0
20260721,IOH,pp,49,56,66,67,2,2,35,38,36,41,29,19,2,41,0,52,0
20260825,KPI,pp,56,60,55,56,2,3,34,39,36,41,39,24,2,41,0,43,0
20260821,TEL,pp,51,61,55,58,19,19,34,38,35,41,42,26,2,41,1,37,0
20260708,MOH,pp,39,44,56,57,4,6,32,38,34,41,33,20,2,41,3,61,1
20260811,MOH,pp,32,40,34,35,13,13,35,37,38,41,41,28,2,41,2,54,1
20260715,KPI,pp,21,22,20,21,1,2,37,38,38,41,31,20,1,41,1,40,0
20260802,IOH,pp,35,35,26,26,,,36,37,37,41,58,30,2,41,0,18,0
20260626,LOS,pp,15,16,11,11,6,6,37,40,37,41,37,28,3,41,0,23,0
20260804,PRH,pp,93,104,82,87,7,7,37,37,39,41,42,28,2,41,0,60,0
20260803,EMB,cod,35,37,24,37,1,5,28,34,31,41,33,25,4,41,0,29,0
20260824,KPI,pp,59,62,63,67,5,5,35,37,39,41,36,22,0,41,0,39,0
20260901,AWP,pp,74,74,71,73,1,1,38,39,40,41,38,13,1,41,3,52,2
20260703,UNC,pp,92,92,289,294,0,5,29,33,34,41,32,24,0,41,0,76,0
20260720,SDD,cod,32,32,28,29,1,4,28,38,30,41,32,18,8,41,0,26,0
20260823,KPI,pp,39,39,29,29,,,38,40,39,41,41,29,1,41,2,55,1
20260824,ZEL,pp,15,15,11,11,5,5,40,40,40,41,35,27,0,41,0,28,0
20260625,SDD,cod,22,26,15,15,8,8,34,38,35,41,18,15,2,41,0,14,0
20260918,ALW,pp,32,33,4,32,1,3,36,39,37,41,32,15,0,41,7,30,4
20260805,EMB,pp,55,62,51,53,20,20,36,39,38,41,40,32,0,41,0,41,0
20260912,DFX,pp,20,20,23,23,1,4,29,37,30,41,50,22,3,41,0,31,0
20260711,MSR,cod,36,48,17,19,14,18,28,34,29,41,26,16,2,41,1,49,1
20260713,KPI,pp,39,41,42,45,1,4,37,40,37,41,45,27,1,41,2,41,0
20260712,ESC,pp,34,34,33,35,1,1,34,37,34,41,40,29,3,41,1,49,0
20260801,KPI,pp,37,39,32,34,0,1,34,39,36,41,36,27,1,41,0,35,0
20260810,EMB,pp,31,33,46,46,5,5,36,39,37,42,50,34,3,42,0,38,0
20260825,EMB,pp,36,37,28,28,7,7,36,36,41,42,37,28,1,42,0,54,0
20260905,AWP,pp,57,58,62,64,7,8,39,40,39,42,48,22,1,42,3,73,2
20260918,TEL,pp,57,73,15,61,16,17,36,38,38,42,40,29,0,42,0,40,0
20260730,TEL,pp,24,35,21,21,12,12,39,39,40,42,45,32,1,42,1,40,1
20260730,IOH,pp,62,67,65,65,5,5,38,40,40,42,37,23,1,42,0,43,0
20260822,DFX,pp,35,35,31,31,,,37,37,41,42,41,26,0,42,0,40,0
20260809,TEL,pp,19,25,12,12,7,7,36,39,39,42,39,29,1,42,1,34,1
20260625,IOH,pp,204,207,222,222,14,14,39,42,39,42,35,20,2,42,0,9,0
20260827,SWL,pp,39,43,23,24,3,5,31,36,35,42,35,26,2,42,1,47,1
20260725,ESC,pp,34,40,29,34,1,1,36,38,40,42,41,26,1,42,1,36,1
20260920,KPI,pp,62,62,5,50,1,4,36,39,36,42,51,25,0,42,7,45,3
20260821,LGL,pp,25,27,5,6,11,12,35,38,38,42,31,29,1,42,0,48,0
20260805,AWP,pp,58,59,57,58,4,6,40,41,41,42,48,16,0,42,10,72,4
20260629,BSS,pp,59,60,67,68,5,5,29,33,38,42,43,18,3,42,0,21,0
20260724,TEL,pp,43,53,29,29,10,10,36,39,39,43,38,26,1,43,1,30,1
20260907,DFX,pp,22,24,19,22,1,1,41,42,42,43,30,22,1,43,2,36,0
20260807,IOH,pp,51,57,49,49,8,8,43,43,43,43,30,25,0,43,0,46,0
20260704,MOH,pp,53,54,38,38,1,2,37,41,39,43,44,25,1,43,1,69,1
20260919,TEL,pp,46,64,4,44,13,13,39,41,40,43,35,28,1,43,3,50,3
20260921,DFX,pp,63,76,0,63,1,2,39,39,41,43,34,18,1,43,0,33,0
20260722,EMB,pp,44,44,41,43,3,4,39,41,41,43,44,36,0,43,0,36,0
20260907,NEX,cod,42,67,16,17,0,1,39,43,39,43,38,37,3,43,0,39,0
20260826,KPI,pp,63,63,64,66,2,2,37,39,40,43,40,25,1,43,0,30,0
20260716,REH,pp,200,202,200,203,0,1,39,41,40,43,56,35,0,43,0,22,0
20260921,MOH,pp,38,55,0,46,13,13,38,41,40,43,36,18,1,43,0,14,0
20260904,SWL,pp,120,127,27,30,5,6,36,39,38,43,39,31,2,43,1,41,1
20260906,LSR,pp,1,3,3,3,2,2,36,41,37,43,38,30,4,43,0,67,0
20260829,EMB,pp,65,65,66,70,1,1,36,39,40,43,47,36,1,43,0,28,0
20260716,SWL,pp,14,14,7,7,0,1,35,39,37,43,55,32,0,43,0,28,0
20260830,MOH,pp,11,12,19,20,0,1,35,38,39,43,40,27,1,43,0,53,0
20260627,LOS,pp,11,12,7,8,7,8,34,38,36,43,44,31,0,43,0,6,0
20260823,NEX,pp,,,3,3,0,2,34,41,36,43,57,34,2,43,0,48,0
20260826,LGL,pp,14,14,3,4,0,2,38,41,39,43,35,27,1,43,0,3,0
20260813,KPI,pp,34,36,56,58,3,6,34,41,36,43,38,23,1,43,1,45,1
20260916,IOH,pp,28,35,21,31,7,8,34,38,37,43,39,21,2,43,0,43,0
20260913,SWL,pp,24,24,24,31,1,1,38,40,40,43,37,29,2,43,1,32,1
20260704,NKD,pp,39,40,27,27,,,40,40,43,43,40,37,0,43,0,38,0
20260905,NKD,pp,12,12,11,14,,,43,43,43,43,42,41,0,43,0,11,0
20260819,KPI,pp,45,48,40,41,4,4,37,39,41,43,33,15,2,43,1,38,0
20260831,EMB,cod,37,37,34,38,3,11,28,38,28,43,34,24,6,43,1,22,1
20260813,EMB,pp,32,34,36,37,1,2,39,42,40,43,42,35,2,43,0,48,0
20260807,LGL,pp,15,20,34,34,1,1,41,42,41,44,41,41,2,44,0,15,0
20260701,BSS,pp,70,91,60,60,14,14,42,43,43,44,58,28,1,44,0,43,0
20260916,SAC,pp,92,92,70,94,1,3,40,43,41,44,56,35,1,44,1,85,0
20260814,LUA,pp,41,52,54,55,8,8,35,36,42,44,49,23,1,44,5,54,4
20260802,PRH,pp,31,34,23,25,0,1,36,40,39,44,47,32,2,44,3,52,0
20260702,ESC,pp,57,59,55,57,2,2,41,42,43,44,36,28,0,44,2,51,2
20260903,DFX,pp,22,22,28,28,,,39,43,40,44,23,17,2,44,0,30,0
20260710,MOH,pp,65,66,61,61,11,15,39,40,42,44,56,32,0,44,1,46,0
20260713,IOH,pp,48,52,54,54,9,11,37,40,40,44,42,19,0,44,2,58,1
20260801,IOH,pp,38,41,35,37,2,2,35,37,38,44,47,29,6,44,0,33,0
20260719,MSR,cod,17,20,8,15,2,5,31,37,36,44,45,24,2,44,2,37,0
20260717,ZAA,cod,73,74,81,86,1,3,29,37,31,44,28,15,9,44,1,22,1
20260908,ALW,cod,45,47,58,65,,,40,43,41,44,53,20,2,44,10,71,4
20260718,SDD,cod,29,35,27,30,7,7,28,30,37,44,34,25,7,44,0,36,0
20260730,NKD,pp,17,18,9,10,,,38,42,40,44,14,12,2,44,0,17,0
20260705,ESC,pp,71,73,68,73,3,4,32,37,39,44,42,27,4,44,0,51,0
20260803,KPI,pp,56,60,61,62,9,10,38,40,40,44,37,27,1,44,0,35,0
20260808,EMB,pp,34,35,41,42,1,1,36,38,42,44,39,33,0,44,1,43,1
20260921,AWP,pp,62,80,0,96,8,9,37,39,40,44,47,18,1,44,2,22,1
20260901,NEX,cod,13,13,13,13,0,1,42,42,43,44,28,25,0,44,0,10,0
20260729,CUH,pp,65,77,63,65,3,4,41,43,41,44,50,38,2,44,0,31,0
20260804,MOH,pp,39,51,49,50,8,9,40,42,40,44,35,25,2,44,0,47,0
20260805,CUH,pp,41,42,41,41,1,1,37,40,41,44,42,28,1,44,0,47,0
20260807,KPI,pp,43,46,47,50,1,1,35,39,41,45,43,26,1,45,1,58,1
20260809,CUH,pp,62,62,61,62,0,1,38,40,41,45,58,28,2,45,0,48,0
20260710,BSS,pp,157,187,149,150,6,6,41,42,44,45,43,18,1,45,1,66,1
20260906,AWP,pp,33,34,14,14,2,2,43,43,44,45,60,21,0,45,4,65,1
20260830,EMB,pp,34,35,36,36,1,1,40,43,40,45,39,31,4,45,0,53,0
20260905,UNC,pp,,,110,110,0,2,42,43,44,45,38,34,0,45,0,29,0
20260912,MOH,pp,39,46,31,35,4,5,38,42,41,45,36,30,1,45,3,64,2
20260718,EMB,pp,37,38,30,31,,,35,41,36,45,37,33,4,45,0,47,0
20260830,INM,pp,199,200,196,199,1,1,41,44,41,45,105,27,2,45,0,19,0
20260726,IOH,pp,18,20,16,16,5,5,44,44,44,45,51,34,1,45,3,56,3
20260717,IOH,pp,40,42,36,36,5,5,44,44,45,45,34,23,0,45,0,46,0
20260810,IOH,pp,36,45,29,30,13,14,35,42,38,45,47,26,6,45,2,33,2
20260820,SWL,pp,29,32,39,39,4,4,38,41,40,46,39,29,2,46,0,45,0
20260708,IOH,pp,38,42,37,37,10,10,39,42,42,46,41,24,3,46,0,45,0
20260727,NKD,pp,23,23,39,39,2,2,43,43,46,46,30,20,0,46,0,26,0
20260731,AWP,pp,45,48,46,46,6,6,43,45,44,46,53,19,1,46,2,53,0
20260901,KPI,pp,64,67,64,66,0,1,39,44,40,46,49,29,2,46,3,62,2
20260828,TEL,pp,28,38,16,17,9,10,38,43,39,46,51,28,5,46,2,70,2
20260913,ALW,cod,38,39,36,41,0,3,40,45,40,46,31,12,2,46,11,50,4
20260628,BSS,pp,17,17,1,1,,,37,46,37,46,49,28,7,46,0,30,0
20260720,ESC,pp,39,40,38,39,3,6,37,42,38,46,38,26,6,46,0,37,0
20260731,MSR,cod,44,49,44,55,11,21,29,34,30,46,31,19,2,46,0,40,0
20260706,MOH,pp,69,76,71,74,11,11,42,44,44,46,50,31,1,46,0,64,0
20260902,KPI,pp,87,91,79,83,2,2,40,42,43,46,31,20,2,46,0,45,0
20260803,EMB,pp,60,60,58,59,3,3,43,44,44,46,42,34,0,46,0,49,0
20260907,LSR,pp,51,57,41,41,7,7,39,40,44,47,39,28,0,47,2,62,1
20260908,KPI,pp,82,84,86,89,0,1,40,41,45,47,52,25,1,47,4,89,0
20260628,MOH,pp,41,41,27,27,1,1,40,41,43,47,53,25,2,47,1,53,0
20260910,LGL,pp,15,15,18,18,,,40,45,41,47,37,23,1,47,,,
20260909,PRH,pp,28,30,29,31,7,7,40,44,42,47,43,37,0,47,1,36,0
20260815,TEL,pp,29,34,11,13,11,11,38,43,42,47,52,36,2,47,1,31,0
20260824,SWL,pp,45,47,37,39,4,11,35,43,37,47,42,31,3,47,1,37,0
20260727,LUA,pp,72,82,59,59,9,14,39,43,41,47,39,23,2,47,5,68,3
20260729,DFX,pp,31,31,82,82,,,38,43,40,47,51,31,2,47,0,60,0
20260826,SWL,pp,18,22,13,14,3,7,38,46,38,47,46,36,1,47,2,34,1
20260707,MSR,cod,35,42,28,32,12,19,29,38,32,47,39,21,5,47,0,35,0
20260827,MOH,pp,19,23,27,28,6,7,36,40,41,47,36,22,2,47,0,36,0
20260721,ZAA,cod,41,42,104,118,2,8,35,40,39,47,46,32,4,47,2,44,1
20260625,MSR,cod,32,41,21,24,7,12,35,47,35,47,38,21,3,47,0,12,0
20260912,ALW,cod,57,61,48,51,1,3,39,43,41,47,44,12,3,47,8,53,4
20260721,NEX,pp,7,7,13,13,2,2,40,41,45,47,31,25,2,47,0,54,0
20260812,CUH,pp,65,65,63,65,1,1,41,43,43,47,52,31,3,47,1,50,0
20260814,KPI,pp,34,42,30,31,1,1,42,43,45,47,32,25,1,47,0,35,0
20260707,ESC,pp,50,52,47,48,3,3,40,43,45,48,50,34,1,48,4,46,3
20260824,LUA,cod,29,31,19,26,2,23,28,36,31,48,47,26,3,48,1,20,1
20260720,MSR,cod,70,82,47,63,12,21,36,44,37,48,41,21,1,48,0,49,0
20260811,IOH,pp,33,42,26,31,7,7,41,42,45,48,51,28,3,48,0,30,0
20260804,IOH,pp,28,30,20,21,3,3,37,39,44,48,46,26,4,48,0,51,0
20260920,DFX,pp,28,28,9,28,,,42,46,43,48,48,29,0,48,0,22,0
20260802,LUA,pp,13,14,17,18,1,1,41,47,41,48,46,32,5,48,7,70,6
20260721,ESC,pp,41,41,39,41,0,2,39,44,43,48,42,32,0,48,0,34,0
20260718,NKD,pp,21,22,9,9,,,47,47,47,48,52,34,0,48,0,20,0
20260907,MOH,pp,57,67,44,44,8,8,44,46,46,48,44,33,1,48,2,50,1
20260801,MOH,pp,23,24,25,25,2,2,43,44,44,48,47,22,0,48,1,35,1
20260716,EMB,pp,55,57,54,56,3,4,45,46,47,48,42,32,1,48,0,45,0
20260711,LUA,pp,67,74,87,87,16,18,36,42,41,48,48,27,2,48,21,67,5
20260831,DLH,pp,70,77,82,85,12,13,40,45,43,48,42,23,1,48,0,42,0
20260809,PRH,pp,36,37,59,60,1,1,40,43,43,48,50,29,2,48,3,59,2
20260802,MOH,pp,5,6,9,10,2,7,42,48,42,48,40,29,1,48,0,41,0
20260826,MOH,pp,42,50,46,46,10,10,40,45,43,48,37,25,4,48,2,58,1
20260701,NEX,pp,171,172,128,128,2,2,45,46,45,48,14,14,1,48,0,10,0
20260709,LUA,pp,62,71,64,66,9,12,41,43,44,48,53,23,0,48,16,78,14
20260724,IOH,pp,24,27,33,33,3,3,44,45,47,48,49,36,1,48,1,23,1
20260710,IOH,pp,50,53,39,41,11,12,42,48,42,48,60,28,3,48,4,78,4
20260912,BHH,cod,17,17,8,18,1,11,29,43,30,49,41,25,2,49,0,34,0
20260711,IOH,pp,24,33,29,29,8,8,44,46,46,49,34,20,1,49,0,47,0
20260703,MSR,cod,45,55,56,60,7,10,34,42,35,49,44,24,6,49,1,41,1
20260824,UNC,pp,68,90,230,235,2,4,42,47,43,49,59,36,2,49,0,26,0
20260704,ESC,pp,49,52,46,47,6,6,41,49,41,49,52,41,2,49,0,39,0
20260724,SDD,cod,27,28,26,29,3,6,31,33,38,49,35,26,8,49,0,34,0
20260830,DLH,pp,78,91,52,52,10,10,44,46,47,49,46,26,0,49,0,55,0
20260817,SWL,pp,42,46,50,56,9,16,31,43,35,49,41,25,6,49,1,54,1
20260917,IOH,pp,46,48,16,39,7,8,45,46,48,49,47,31,0,49,0,12,0
20260802,EMB,pp,26,29,27,27,2,2,44,47,46,49,53,43,1,49,1,29,1
20260915,MOH,pp,37,44,34,37,11,12,42,45,45,49,50,32,2,49,1,34,1
20260713,ESC,pp,40,45,40,40,7,7,43,43,47,49,41,27,1,49,1,47,0
20260711,NEX,pp,20,28,18,20,1,1,48,48,49,49,13,9,0,49,0,46,0
20260818,MOH,pp,68,78,63,66,8,10,43,49,43,49,44,32,3,49,0,37,0
20260909,IOH,pp,43,59,39,43,8,10,44,44,47,49,42,30,2,49,3,45,1
20260719,EMB,pp,33,34,38,38,,,39,43,44,49,54,38,3,49,1,62,0
20260827,IOH,pp,33,61,43,46,24,24,44,47,44,49,45,25,2,49,2,69,0
20260804,AWP,pp,74,74,72,74,2,8,39,46,43,50,49,25,1,50,0,54,0
20260831,AWP,pp,45,45,57,57,2,2,42,46,46,50,56,29,2,50,2,50,0
20260918,AWP,pp,42,47,11,48,4,4,48,49,49,50,50,19,1,50,1,43,0
20260820,MOH,pp,43,49,47,48,5,8,44,48,45,50,36,27,1,50,2,35,1
20260719,IOH,pp,21,23,19,19,2,2,44,47,46,50,38,20,1,50,0,49,0
20260912,LUA,pp,73,78,70,89,7,9,39,46,42,50,54,26,1,50,28,103,23
20260912,AWP,pp,44,48,70,71,3,3,45,45,50,50,42,17,0,50,7,58,2
20260911,TEL,pp,67,77,67,68,14,14,39,43,43,50,54,37,1,50,2,48,2
20260808,KPI,pp,57,59,41,42,3,3,39,44,43,50,38,29,1,50,3,38,1
20260901,DLH,pp,61,75,65,66,14,14,42,44,47,50,51,24,0,50,0,37,0
20260711,NKD,pp,11,11,14,14,,,49,49,49,50,44,31,0,50,1,19,1
20260724,DFX,pp,92,93,47,48,0,1,40,43,45,50,41,24,2,50,1,41,0
20260809,DLH,pp,141,163,121,125,12,13,39,44,43,50,67,32,3,50,2,64,1
20260625,DFX,pp,35,58,33,35,1,2,45,50,45,50,57,27,2,50,0,16,0
20260702,BSS,pp,61,65,71,73,,,45,46,48,50,36,14,0,50,0,51,0
20260827,KPI,cod,39,39,26,40,1,10,29,40,34,50,34,22,5,50,0,32,0
20260720,DLH,pp,58,68,111,115,18,18,40,47,43,50,55,27,1,50,2,24,1
20260813,LUA,pp,60,69,82,84,9,9,38,45,41,50,52,30,6,50,4,29,3
20260817,SDD,cod,60,66,34,41,6,12,31,40,35,50,36,27,10,50,0,51,0
20260803,ZEL,pp,15,17,20,20,2,5,41,43,48,50,38,25,1,50,0,33,0
20260709,MSR,cod,34,37,33,40,6,14,32,41,36,50,42,24,3,50,1,32,0
20260921,LKH,pp,100,101,0,100,0,1,39,43,43,51,51,26,1,51,0,22,0
20260808,CUH,pp,84,85,84,86,1,1,42,45,44,51,54,39,3,51,2,52,1
20260731,LUA,pp,66,77,60,60,12,12,41,46,44,51,45,21,5,51,9,48,0
20260717,EMB,pp,46,48,46,47,,,44,48,47,51,47,37,2,51,0,35,0
20260824,BAO,cod,42,44,39,52,2,12,28,38,32,51,34,24,4,51,0,46,0
20260826,LUA,cod,67,76,24,25,5,12,36,49,36,51,47,23,5,51,1,40,0
20260821,SWL,pp,37,40,32,40,4,8,39,45,40,51,34,26,1,51,1,21,1
20260624,HBL,pp,556,559,93,93,,,43,51,43,51,,,0,51,0,99,0
20260716,DFX,pp,55,56,59,63,2,2,41,46,45,51,51,26,3,51,0,42,0
20260805,BAO,cod,22,23,8,17,9,20,31,45,33,51,48,25,4,51,1,40,0
20260803,SDD,cod,33,40,32,35,3,8,39,47,42,51,42,34,3,51,0,29,0
20260802,LUA,cod,14,14,71,89,5,13,37,48,37,51,62,32,4,51,1,27,1
20260703,EMB,cod,36,37,33,38,1,15,29,45,31,51,41,31,5,51,0,52,0
20260912,INM,cod,36,36,39,50,0,2,34,40,40,51,54,24,2,51,2,61,2
20260820,LUA,pp,86,97,85,86,11,12,38,43,41,51,51,28,6,51,10,69,6
20260828,KPI,pp,41,46,35,37,1,2,46,49,47,51,67,33,1,51,0,41,0
20260819,AWP,pp,68,70,79,81,4,10,38,47,40,51,78,25,0,51,3,49,3
20260715,MSR,cod,62,74,43,52,7,15,32,40,37,51,39,20,2,51,1,40,0
20260712,MOH,pp,15,15,11,13,1,1,45,47,49,51,42,29,0,51,3,37,1
20260914,ALW,cod,72,74,61,71,2,3,38,47,42,51,49,17,6,51,8,65,4
20260828,LOS,pp,121,124,6,7,0,1,40,45,44,51,56,30,5,51,2,110,1
20260816,SWL,pp,45,48,26,27,0,2,43,47,45,51,58,38,1,51,0,31,0
20260812,LUA,pp,92,100,93,97,3,4,42,48,43,51,61,30,2,51,2,52,1
20260825,SWL,pp,26,34,25,27,6,13,41,47,44,51,43,30,1,51,0,30,0
20260829,NEX,pp,20,21,8,9,2,2,50,50,50,51,36,23,1,51,2,40,1
20260814,MSR,cod,50,56,70,97,4,8,39,46,40,52,52,31,3,52,2,37,2
20260630,EMB,cod,41,43,31,38,2,8,31,44,35,52,43,30,5,52,0,32,0
20260802,DLH,pp,88,100,56,64,10,11,43,48,47,52,68,38,2,52,1,101,1
20260811,LUA,cod,22,22,17,22,23,26,36,46,39,52,71,31,7,52,0,25,0
20260821,DFX,pp,21,22,21,23,1,1,47,50,48,52,37,25,3,52,0,23,0
20260805,ZAA,cod,111,112,37,45,1,9,32,43,34,52,50,33,8,52,1,40,0
20260904,EMB,pp,73,74,100,102,2,2,44,47,49,52,45,38,1,52,0,57,0
20260723,EMB,pp,32,33,28,29,1,2,45,49,48,52,44,40,1,52,1,34,0
20260629,MSR,cod,58,63,43,55,8,15,36,42,40,52,36,19,4,52,2,36,0
20260807,NKD,pp,9,9,7,7,,,50,51,50,52,52,45,2,52,0,14,0
20260903,IOH,pp,67,70,62,62,3,4,47,49,47,52,56,40,4,52,0,56,0
20260706,DFX,pp,72,72,66,68,4,5,46,49,46,52,52,28,3,52,2,48,1
20260802,MSR,cod,9,12,8,9,3,11,32,48,33,52,54,34,6,52,1,34,0
20260811,CUH,pp,77,78,77,79,1,1,48,49,48,52,38,26,3,52,0,51,0
20260723,MSR,cod,52,59,44,52,7,11,32,44,35,52,41,24,5,52,1,37,1
20260823,EMB,pp,36,36,31,33,5,6,44,49,46,52,46,35,3,52,2,61,1
20260818,NEX,pp,20,20,2,2,106,106,48,51,48,52,91,32,2,52,0,14,0
20260916,AWP,pp,57,64,23,41,12,12,48,48,50,52,56,34,1,52,1,58,0
20260713,MOH,pp,105,110,90,90,3,3,42,50,44,52,55,35,1,52,1,65,1
20260809,LUA,pp,14,17,17,17,7,8,48,51,49,52,57,37,1,52,3,65,1
20260810,LUA,pp,79,85,80,81,4,4,44,48,49,53,49,20,1,53,4,52,1
20260802,CUH,pp,56,57,54,54,0,1,38,45,41,53,52,40,8,53,0,47,0
20260723,MOH,pp,41,45,37,41,3,3,45,45,51,53,55,33,1,53,2,45,2
20260625,ESC,pp,84,87,82,82,3,3,47,52,48,53,56,38,2,53,0,18,0
20260715,MOH,pp,61,75,56,58,5,6,43,49,46,53,52,32,3,53,1,49,0
20260804,CUH,pp,48,48,47,49,2,2,39,42,47,53,40,33,3,53,0,43,0
20260709,MOH,pp,36,41,45,48,2,2,48,51,50,53,47,36,1,53,1,58,1
20260830,IOH,pp,46,52,29,29,7,9,46,49,47,53,56,29,1,53,4,42,2
20260822,MOH,pp,24,25,21,26,4,4,52,52,53,53,62,38,0,53,3,40,2
20260827,KPI,pp,50,51,48,49,0,1,48,50,50,53,50,35,1,53,0,50,0
20260826,ESA,cod,12,12,17,19,2,2,45,48,48,53,43,37,3,53,0,30,0
20260815,LUA,pp,43,51,20,20,9,10,40,46,43,53,39,24,2,53,0,35,0
20260808,LUA,cod,118,137,80,104,1,8,31,42,34,53,37,23,3,53,0,40,0
20260715,BHH,cod,78,80,41,68,2,9,29,44,35,53,57,23,3,53,1,23,0
20260705,EMB,cod,30,30,20,26,1,3,37,45,41,53,57,38,8,53,0,37,0
20260907,PRH,pp,44,47,33,36,10,12,44,48,48,53,49,34,0,53,1,92,0
20260801,MSR,cod,45,56,39,50,10,19,31,45,32,53,54,33,5,53,0,36,0
20260818,IOH,pp,52,54,56,56,1,2,48,49,48,53,45,24,4,53,0,56,0
20260921,TEL,pp,22,107,0,47,27,28,46,48,50,53,36,28,1,53,0,41,0
20260916,ALW,cod,51,52,20,43,1,3,39,44,45,53,67,20,2,53,4,45,2
20260730,MOH,pp,42,52,43,43,7,8,46,50,48,53,45,33,1,53,4,55,1
20260921,ALW,cod,52,82,0,89,2,9,32,43,35,53,56,17,2,53,1,19,1
20260817,NKD,pp,19,19,12,12,,,52,52,53,53,49,36,0,53,0,20,0
20260921,EMB,pp,59,73,0,62,4,4,41,46,46,53,44,30,2,53,0,30,0
20260810,MOH,pp,46,61,41,43,13,13,44,47,48,53,44,36,0,53,1,36,0
20260702,MOH,pp,56,59,63,63,2,3,45,48,50,53,52,29,0,53,0,72,0
20260705,BSS,pp,18,19,12,12,,,40,53,40,53,54,31,11,53,1,46,0
20260726,AWP,pp,67,68,60,61,0,4,43,48,43,53,66,21,3,53,1,52,1
20260904,PRH,pp,23,24,77,83,,,45,48,48,53,50,39,2,53,0,33,0
20260810,SDD,pp,62,72,51,52,4,6,41,46,46,53,46,30,6,53,2,85,1
20260919,INM,cod,36,36,2,30,0,1,31,36,43,53,31,19,3,53,0,4,0
20260904,IOH,pp,35,41,50,50,3,3,46,48,47,53,42,25,3,53,0,31,0
20260917,AWP,pp,37,39,33,52,6,7,48,50,51,54,61,29,2,54,1,26,1
20260919,AWP,pp,54,57,7,50,5,5,48,53,49,54,39,17,0,54,8,72,5
20260628,EMB,pp,97,98,82,85,,,47,51,47,54,55,41,3,54,0,73,0
20260715,DFX,pp,55,60,43,46,2,6,39,41,46,54,51,29,3,54,1,47,0
20260827,NKD,pp,9,9,13,13,,,54,54,54,54,49,45,0,54,0,27,0
20260708,EMB,cod,22,22,20,22,0,2,35,41,41,54,33,22,7,54,0,54,0
20260902,TEL,pp,45,63,49,50,15,15,47,48,51,54,49,37,0,54,1,62,0
20260908,INM,cod,54,55,50,60,1,2,37,43,44,54,58,32,4,54,1,112,0
20260707,MOH,pp,78,79,46,49,1,1,49,53,49,54,44,34,4,54,0,47,0
20260903,INM,cod,64,64,36,43,,,42,47,48,54,47,27,3,54,0,40,0
20260823,PRH,pp,14,22,6,8,1,2,45,47,49,54,55,40,2,54,3,72,1
20260721,MSR,cod,47,53,29,45,10,16,37,49,40,54,47,28,4,54,1,43,0
20260909,DLH,pp,54,66,49,52,13,14,45,48,51,54,47,32,1,54,1,69,1
20260721,MOH,pp,68,77,79,81,7,8,48,51,50,54,61,35,0,54,0,55,0
20260704,BSS,pp,59,61,72,74,1,1,54,54,54,54,57,28,0,54,1,42,1
20260714,KPI,pp,23,27,23,23,4,4,49,51,51,54,39,27,0,54,1,38,0
20260710,DFX,pp,61,62,68,69,2,5,39,50,42,54,40,19,7,54,0,56,0
20260701,MSR,cod,38,47,24,30,5,6,36,46,42,54,38,22,6,54,1,41,0
20260816,BSS,pp,37,37,34,35,4,4,46,52,47,54,303,32,7,54,2,206,2
20260829,TEL,pp,59,81,65,66,19,23,37,50,39,54,48,33,4,54,0,56,0
20260714,SDD,cod,31,34,39,41,4,7,31,38,39,54,33,21,11,54,2,42,1
20260824,LUA,pp,94,100,69,70,11,12,50,52,51,54,69,34,2,54,6,46,2
20260727,DLH,pp,89,99,125,132,16,17,36,42,45,54,42,23,2,54,0,77,0
20260819,LGL,pp,41,92,9,9,52,52,44,50,46,55,52,48,4,55,0,1,0
20260904,KPI,pp,54,57,53,55,,,47,50,50,55,56,35,2,55,0,38,0
20260911,MSR,cod,60,76,50,65,10,20,31,41,35,55,38,23,5,55,0,53,0
20260716,MSR,pp,120,134,139,146,17,18,47,52,50,55,57,29,3,55,0,87,0
20260912,SWL,pp,29,30,19,23,2,3,45,49,50,55,48,32,2,55,2,34,1
20260918,EMB,pp,58,59,26,46,6,6,50,50,54,55,57,47,0,55,0,71,0
20260910,TEL,pp,64,79,80,88,20,21,48,54,49,55,49,44,1,55,0,25,0
20260901,PRH,pp,58,68,74,76,20,22,46,50,50,55,44,36,1,55,0,61,0
20260630,ESC,cod,54,58,40,53,2,12,31,48,34,55,58,36,6,55,0,34,0
20260822,KPI,pp,29,32,30,31,3,4,46,50,50,55,32,24,4,55,2,47,2
20260806,KPI,pp,45,48,40,42,3,3,51,53,53,55,47,37,2,55,1,34,0
20260901,MSR,cod,60,72,42,56,26,39,28,40,33,55,28,15,7,55,1,55,1
20260914,AWP,pp,60,62,46,51,2,2,50,53,52,55,45,27,2,55,3,53,2
20260714,IOH,pp,64,84,59,59,18,19,52,53,53,55,56,41,1,55,2,28,0
20260825,MOH,pp,53,55,46,50,8,9,48,52,51,55,44,23,0,55,2,41,1
20260704,EMB,cod,51,51,37,51,1,7,31,45,33,55,46,35,5,55,0,49,0
20260803,MOH,pp,68,77,48,50,9,9,50,52,53,55,50,34,0,55,4,56,4
20260625,MOH,pp,50,55,42,42,8,9,46,55,46,55,56,29,3,55,0,15,0
20260911,LKH,pp,121,121,112,121,0,1,47,50,50,55,48,41,1,55,0,50,0
20260916,EMB,pp,51,52,44,51,1,3,43,52,46,55,50,42,0,55,0,49,0
20260815,BHH,cod,45,46,17,30,0,9,29,44,35,55,47,12,6,55,0,29,0
20260903,TEL,pp,57,68,52,54,15,15,49,51,49,55,62,37,1,55,0,50,0
20260829,DLH,pp,60,74,60,66,6,7,41,45,50,55,38,22,2,55,0,51,0
20260816,MSR,cod,21,28,1,1,2,9,35,49,36,55,62,27,3,55,2,37,1
20260908,TEL,pp,97,123,93,99,21,22,40,47,47,55,46,38,2,55,4,83,2
20260724,DLH,pp,70,95,51,53,14,14,47,52,50,55,56,32,2,55,1,64,1
20260917,KPI,pp,66,67,57,64,1,2,42,46,49,55,54,31,3,55,4,48,2
20260821,KPI,pp,35,35,35,36,2,3,48,52,51,55,56,29,1,55,2,54,0
20260911,EMB,cod,27,30,17,29,3,9,28,41,35,55,36,31,3,55,0,41,0
20260706,ESC,pp,82,84,80,82,3,3,48,51,53,56,58,39,1,56,1,54,0
20260803,LUA,cod,32,37,26,33,5,10,38,52,40,56,51,32,3,56,2,47,1
20260921,INM,cod,20,30,0,29,0,2,37,48,37,56,44,24,9,56,1,12,0
20260902,AWP,pp,63,71,40,40,4,4,54,56,54,56,74,35,1,56,2,31,1
20260710,REH,pp,8,8,7,8,0,1,41,47,47,56,24,18,5,56,1,94,0
20260911,SWL,pp,31,32,24,25,1,2,49,53,49,56,42,30,1,56,9,120,2
20260715,EMB,pp,43,46,38,38,3,3,48,50,52,56,50,39,1,56,0,51,0
20260704,UNC,pp,,,90,92,1,1,50,51,53,56,69,41,2,56,0,45,0
20260808,MOH,pp,31,37,22,26,3,3,45,51,50,56,49,39,2,56,0,44,0
20260704,NEX,cod,4,6,7,7,,,55,56,55,56,23,19,0,56,0,2,0
20260728,LUA,pp,61,67,53,57,9,10,35,43,43,56,54,26,11,56,6,61,1
20260904,MSR,cod,47,57,32,37,10,15,37,46,39,56,45,29,5,56,1,40,1
20260906,TEL,pp,42,46,17,18,6,6,46,51,50,56,52,42,3,56,0,93,0
20260715,SDD,cod,28,29,19,19,1,6,32,43,40,56,44,31,11,56,1,34,1
20260805,LGL,pp,25,25,58,59,4,4,48,56,48,56,56,55,3,56,0,71,0
20260715,ESC,pp,25,26,23,25,5,7,49,52,53,56,56,34,1,56,0,46,0
20260814,LGL,pp,64,74,10,10,13,13,40,49,46,56,53,48,2,56,3,63,1
20260724,PRH,pp,46,55,55,57,8,8,54,55,55,56,66,37,1,56,0,69,0
20260808,MSR,cod,51,62,42,51,9,15,41,49,44,56,53,31,4,56,0,40,0
20260801,PRH,pp,73,77,58,61,5,5,46,48,51,56,42,31,1,56,1,66,0
20260719,AWP,pp,27,28,30,36,0,1,51,54,53,56,58,28,2,56,2,61,1
20260710,EMB,cod,28,31,16,24,1,5,31,41,39,56,32,27,4,56,0,46,0
20260804,EMB,pp,41,48,37,40,2,3,53,53,55,56,51,45,0,56,0,47,0
20260707,NKD,pp,33,33,21,22,,,54,55,54,56,27,23,1,56,0,34,0
20260823,MOH,pp,7,7,7,8,2,2,52,55,53,56,52,32,0,56,3,53,1
20260820,KPI,pp,41,42,40,41,6,6,51,54,53,56,61,36,3,56,0,47,0
20260717,SWL,cod,5,10,2,2,3,6,38,52,42,56,84,45,3,56,0,14,0
20260916,DLH,pp,49,54,51,59,8,11,50,52,53,56,61,38,0,56,0,48,0
20260905,IOH,pp,23,27,33,33,3,3,50,53,52,56,55,30,3,56,1,47,1
20260716,ESC,pp,28,29,26,27,2,4,44,52,46,56,38,28,5,56,0,42,0
20260718,DFX,pp,45,45,54,55,1,1,47,48,54,56,33,25,2,56,2,57,2
20260730,DFX,pp,40,42,22,23,2,3,45,48,49,56,58,33,3,56,1,35,0
20260812,EMB,pp,36,38,39,40,5,5,47,48,53,56,40,35,0,56,0,51,0
20260813,IOH,pp,27,37,38,40,9,9,50,51,52,57,43,34,4,57,0,30,0
20260718,AWP,pp,77,77,54,57,2,2,51,52,54,57,52,20,1,57,2,48,1
20260707,EMB,cod,48,48,37,48,2,13,29,46,35,57,49,35,6,57,0,46,0
20260725,DFX,pp,37,37,46,91,3,3,48,54,50,57,55,37,4,57,0,46,0
20260719,MOH,pp,19,19,21,21,,,47,52,51,57,58,31,2,57,0,60,0
20260630,LOS,pp,16,18,22,22,2,2,42,45,49,57,26,24,3,57,0,56,0
20260917,TEL,pp,48,58,45,70,10,12,45,51,49,57,56,41,4,57,0,8,0
20260903,AWP,pp,97,102,98,100,2,2,44,48,52,57,32,15,0,57,7,53,4
20260910,SWL,pp,23,23,37,38,0,2,48,54,51,57,71,41,2,57,0,27,0
20260630,MSR,cod,32,38,36,46,6,13,41,49,45,57,55,27,3,57,0,31,0
20260723,DFX,pp,45,45,38,38,,,50,54,53,57,59,41,2,57,0,51,0
20260718,IOH,pp,32,35,33,33,3,3,55,57,55,57,72,46,1,57,1,23,0
20260629,EMB,pp,117,119,138,144,5,9,48,49,54,57,60,38,1,57,1,59,1
20260720,EMB,pp,42,44,45,47,4,5,49,53,52,57,48,35,1,57,0,37,0
20260914,EMB,pp,56,59,67,72,3,6,44,46,52,57,48,42,1,57,0,53,0
20260630,DFX,pp,49,50,60,65,,,47,52,50,57,40,20,4,57,1,63,0
20260730,AWP,pp,81,82,82,85,4,7,49,54,52,57,66,28,0,57,3,61,2
20260829,KPI,pp,54,54,47,49,2,2,48,53,51,57,52,27,4,57,1,49,0
20260807,EMB,pp,60,62,51,52,3,3,50,55,52,57,51,46,4,57,0,48,0
20260911,LUA,pp,87,145,55,66,10,10,44,47,50,57,42,25,5,57,10,47,8
20260805,NEX,pp,37,44,50,56,9,12,55,56,55,57,11,9,0,57,0,12,0
20260902,LOS,pp,88,90,76,76,0,1,52,52,54,58,47,40,3,58,1,107,0
20260806,EMB,pp,30,35,34,34,5,5,50,56,52,58,55,49,2,58,0,44,0
20260827,PRH,pp,99,112,104,107,8,8,48,53,53,58,53,36,2,58,0,65,0
20260902,LGL,pp,10,10,30,30,1,4,52,58,52,58,56,56,3,58,0,53,0
20260811,EMB,pp,45,51,33,34,3,4,46,52,51,58,48,39,4,58,0,37,0
20260920,DLH,pp,70,78,6,45,6,7,48,49,57,58,55,29,0,58,4,63,3
20260904,TEL,pp,68,80,54,57,11,12,49,52,51,58,43,33,3,58,0,50,0
20260630,BSS,pp,85,92,48,51,2,2,51,54,55,58,49,26,1,58,0,40,0
20260905,SAC,pp,54,70,103,104,69,69,56,58,56,58,77,49,1,58,0,17,0
20260629,MOH,pp,87,96,92,92,14,16,45,51,50,58,35,24,2,58,0,60,0
20260831,TEL,pp,60,69,94,97,18,21,49,53,53,58,64,43,2,58,0,47,0
20260630,MOH,pp,66,73,67,71,9,12,46,51,51,58,66,36,0,58,0,44,0
20260824,MOH,pp,51,55,46,47,8,8,52,55,55,58,59,30,0,58,1,59,1
20260627,ESC,cod,52,56,33,51,1,15,28,42,32,58,48,32,3,58,0,38,0
20260714,ESC,pp,36,37,36,37,11,11,52,56,54,58,53,39,2,58,0,39,0
20260723,PRH,pp,60,68,43,46,9,10,49,52,54,58,59,35,3,58,0,80,0
20260825,IOH,pp,50,57,67,69,4,4,53,55,54,58,58,35,2,58,0,43,0
20260811,LUA,pp,111,125,69,75,11,12,51,56,53,58,52,27,3,58,3,58,3
20260822,LOS,pp,23,24,73,78,2,2,54,56,54,58,82,49,2,58,2,28,0
20260921,DLH,pp,21,68,0,83,8,10,47,52,52,58,43,22,1,58,1,28,0
20260723,AWP,pp,66,67,64,67,2,3,54,57,55,58,74,32,1,58,5,59,2
20260915,AWP,pp,55,60,61,68,2,3,51,56,53,58,38,23,2,58,1,49,1
20260828,IGS,pp,0,86,67,72,3,3,44,48,47,58,56,34,6,58,1,79,0
20260806,LUA,pp,45,52,72,72,18,18,46,47,52,58,54,33,4,58,8,58,2
20260921,MSR,cod,23,62,0,45,14,21,35,48,41,58,59,22,0,58,2,20,1
20260807,CUH,pp,49,50,45,48,3,4,50,53,51,58,53,44,4,58,0,52,0
20260906,PRH,pp,7,7,7,8,0,1,49,54,52,58,59,41,0,58,3,77,2
20260909,UNC,pp,688,688,93,96,0,1,44,48,54,58,43,38,0,58,0,110,0
20260726,ZAA,cod,1,1,43,47,1,5,41,53,43,58,59,38,5,58,2,42,1
20260718,MSR,cod,43,48,33,42,9,11,34,48,40,59,52,29,7,59,0,44,0
20260913,KPI,pp,81,81,56,61,3,4,48,53,53,59,70,30,4,59,8,80,3
20260823,DLH,pp,65,80,51,55,14,16,48,52,51,59,70,34,3,59,1,74,0
20260905,MSR,cod,36,46,45,53,15,31,32,52,33,59,68,36,5,59,0,35,0
20260726,MOH,pp,26,28,13,15,2,4,49,56,52,59,62,35,2,59,1,53,1
20260907,DLH,pp,71,81,109,114,10,11,46,49,56,59,54,30,1,59,2,81,1
20260910,DLH,pp,63,73,67,75,10,10,56,57,58,59,73,45,0,59,0,52,0
20260713,SDD,cod,36,42,33,35,2,6,32,45,38,59,44,29,18,59,1,31,1
20260707,IOH,pp,20,34,23,23,3,4,55,58,55,59,66,39,3,59,0,30,0
20260920,EMB,pp,24,25,0,22,1,1,46,52,52,59,65,48,2,59,1,47,0
20260810,IGS,pp,9,43,9,9,48,48,39,43,51,59,47,26,4,59,1,32,1
20260906,LOS,pp,,,5,5,0,1,53,58,53,59,50,42,1,59,4,144,2
20260816,LUA,pp,16,16,25,25,3,4,45,55,46,59,92,41,2,59,9,59,3
20260711,BSS,pp,146,154,125,125,2,2,44,51,52,59,63,25,0,59,2,68,2
20260812,AWP,pp,60,72,38,38,7,7,53,58,54,59,52,27,2,59,1,43,0
20260822,AWP,pp,61,61,68,70,7,7,49,57,50,59,56,24,5,59,3,56,3
20260908,LUA,pp,63,68,66,71,13,14,45,49,50,59,68,30,1,59,26,99,23
20260818,TEL,pp,57,77,72,72,25,25,49,52,53,59,52,34,5,59,1,60,1
20260810,AWP,pp,55,56,73,76,3,4,55,59,55,59,78,34,1,59,13,75,6
20260711,MOH,pp,35,37,34,35,,,54,56,57,59,65,42,2,59,1,42,1
20260829,IOH,pp,81,91,69,70,8,9,49,55,51,59,33,18,3,59,0,63,0
20260727,PRH,pp,99,120,98,102,13,16,46,54,47,59,54,39,1,59,0,63,0
20260801,ZEL,pp,12,14,18,18,0,2,54,57,54,60,60,40,3,60,1,16,1
20260905,EMB,pp,39,42,55,56,2,2,51,58,52,60,57,50,6,60,1,51,0
20260920,TEL,pp,37,51,1,43,5,6,54,58,55,60,68,50,1,60,1,34,1
20260705,MSR,pp,16,23,14,14,10,10,44,50,47,60,64,32,8,60,1,69,0
20260906,NEX,pp,,,1,1,,,59,60,59,60,99,56,0,60,3,25,0
20260701,ESC,pp,57,60,56,57,2,3,56,59,57,60,60,42,2,60,0,58,0
20260625,BSS,pp,72,74,48,48,1,1,53,57,56,60,43,29,1,60,0,8,0
20260722,SDD,cod,30,40,21,26,9,11,38,49,42,60,45,35,13,60,0,36,0
20260714,EMB,pp,47,47,57,57,6,7,52,55,54,60,54,40,1,60,1,66,1
20260711,DFX,pp,44,45,45,46,0,2,43,50,47,60,57,28,6,60,0,60,0
20260716,MOH,pp,81,88,82,84,12,12,53,55,54,60,48,36,3,60,2,57,1
20260722,SWL,pp,44,51,51,60,7,7,51,56,55,60,48,42,1,60,0,76,0
20260831,IGS,pp,2,89,2,2,132,133,39,44,49,60,31,27,3,60,1,64,0
20260902,PRH,pp,63,68,53,58,15,15,48,55,52,60,46,40,2,60,0,54,0
20260811,KPI,pp,47,47,45,46,3,3,55,56,57,60,60,39,2,60,0,34,0
20260909,EMB,cod,20,21,31,37,1,8,41,54,45,60,60,47,6,60,1,43,1
20260908,PRH,pp,15,21,25,25,4,5,52,57,55,60,44,34,1,60,2,93,2
20260701,MOH,pp,58,61,60,61,1,1,53,58,55,60,60,36,2,60,0,44,0
20260917,DLH,pp,47,61,45,55,12,12,49,58,51,60,64,39,4,60,5,49,1
20260817,LUA,cod,24,27,49,68,6,16,34,46,42,60,56,21,3,60,0,40,0
20260719,LUA,pp,26,29,25,27,5,5,43,50,48,60,43,27,2,60,17,72,14
20260920,LOS,pp,5,5,0,4,,,50,54,54,60,44,37,0,60,1,23,0
20260701,EMB,cod,63,64,37,50,3,9,39,51,42,60,48,37,6,60,0,46,0
20260724,MOH,pp,43,50,36,36,10,11,51,56,52,60,67,36,3,60,1,52,1
20260819,LUA,pp,81,93,78,79,11,11,43,52,49,60,50,30,6,60,11,97,8
20260907,TEL,pp,45,64,59,60,25,27,52,55,55,60,52,44,1,60,3,87,2
20260909,KPI,pp,69,71,66,69,2,3,45,56,48,60,57,27,4,60,2,35,0
20260831,EMB,pp,67,70,68,74,6,7,52,55,55,60,50,44,2,60,0,37,0
20260628,LOS,pp,9,9,14,14,1,1,48,55,50,60,59,43,5,60,0,46,0
20260902,EMB,pp,126,128,97,101,2,3,52,55,55,60,52,44,2,60,0,64,0
20260909,AWP,pp,50,56,55,56,2,3,53,55,56,60,72,25,2,60,6,88,5
20260721,AWP,pp,44,45,56,57,4,4,58,59,60,61,72,24,0,61,2,43,1
20260919,ZAA,cod,,,0,1,,,47,54,53,61,56,43,1,61,5,139,2
20260910,LOS,pp,50,58,59,59,43,43,55,57,56,61,91,46,1,61,0,6,0
20260817,NEX,pp,112,225,11,11,10,11,57,57,59,61,40,11,1,61,1,18,0
20260906,KPI,pp,63,63,48,50,2,2,54,58,55,61,48,29,3,61,12,119,7
20260706,BSS,pp,59,62,43,43,7,9,44,48,56,61,46,23,0,61,0,61,0
20260810,LUA,cod,21,21,25,27,16,31,36,46,45,61,29,13,5,61,1,81,0
20260727,NEX,pp,66,69,50,50,1,3,29,36,32,61,27,23,23,61,0,61,0
20260626,MOH,pp,44,50,43,44,4,4,45,51,54,61,47,31,3,61,0,36,0
20260708,DFX,pp,44,45,45,48,1,3,51,55,56,61,62,39,2,61,1,52,0
20260729,LUA,pp,65,73,66,68,7,7,57,60,58,61,76,40,0,61,3,58,2
20260823,TEL,pp,45,49,45,47,2,2,51,56,56,61,65,42,2,61,0,52,0
20260705,PRH,pp,33,43,31,34,2,2,52,57,55,61,62,42,2,61,1,74,1
20260906,LUA,pp,32,42,18,20,6,7,52,55,55,61,67,42,2,61,15,134,11
20260914,TEL,pp,71,80,41,44,8,8,46,51,53,61,49,41,2,61,3,97,2
20260725,BHH,cod,57,60,50,75,3,16,29,50,36,61,38,16,4,61,1,54,1
20260808,LUA,pp,80,88,73,76,6,12,55,58,58,61,48,26,1,61,2,41,2
20260801,BHH,cod,11,12,11,15,1,9,31,47,33,61,24,8,8,61,1,51,0
20260805,PRH,pp,64,84,79,82,29,30,59,60,60,61,63,44,1,61,2,65,2
20260819,MSR,cod,88,104,56,87,16,18,35,52,40,61,55,26,8,61,3,56,1
20260814,BHH,cod,35,35,25,38,1,10,32,51,34,61,51,24,9,61,4,33,1
20260826,DLH,pp,53,64,42,43,14,16,50,57,52,61,52,34,5,61,2,63,1
20260921,KPI,pp,41,41,0,53,4,5,51,59,54,62,57,31,1,62,1,35,1
20260830,LOS,pp,,,2,3,1,1,42,48,54,62,31,21,6,62,4,92,1
20260906,DLH,pp,91,101,50,51,7,7,48,56,53,62,48,38,5,62,2,116,0
20260725,LUA,pp,59,67,77,77,3,5,51,58,55,62,67,36,3,62,11,51,7
20260721,DFX,pp,46,47,51,53,1,2,55,57,58,62,38,25,3,62,0,39,0
20260725,MOH,pp,42,43,39,40,3,3,55,56,61,62,51,28,1,62,0,60,0
20260809,BSS,pp,29,29,12,12,7,7,50,61,51,62,174,26,10,62,1,148,1
20260817,MOH,pp,65,76,73,75,7,10,52,56,57,62,52,42,0,62,2,60,2
20260823,LUA,pp,12,15,19,19,0,1,55,59,57,62,55,40,2,62,6,43,2
20260818,DLH,pp,56,71,67,72,10,12,42,47,52,62,56,26,6,62,1,63,1
20260904,LUA,pp,52,61,62,62,9,12,49,60,51,62,72,35,4,62,1,83,0
20260716,BHH,cod,49,50,45,64,1,11,36,54,38,62,63,29,10,62,1,38,0
20260807,MSR,cod,50,60,26,38,9,24,34,54,35,62,56,32,9,62,0,40,0
20260701,IGS,pp,1113,1126,55,55,11,11,50,57,53,62,64,45,8,62,0,92,0
20260625,EMB,pp,56,57,54,55,2,2,55,62,55,62,53,47,5,62,0,19,0
20260910,KPI,pp,81,83,74,79,7,7,54,58,58,62,62,35,1,62,4,54,2
20260809,SDD,pp,77,90,110,116,16,17,42,49,52,62,49,33,9,62,0,77,0
20260831,KPI,pp,41,46,54,56,2,4,52,54,58,62,39,27,1,62,0,58,0
20260720,SWL,cod,4,4,2,2,0,12,42,56,43,62,36,26,2,62,0,45,0
20260913,DLH,pp,73,85,59,60,6,7,45,58,49,62,62,38,7,62,3,53,2
20260907,INM,cod,49,49,34,35,4,8,43,52,50,62,41,31,4,62,1,78,0
20260717,MOH,pp,57,61,45,46,6,6,53,56,57,62,59,39,1,62,1,44,1
20260908,BHH,cod,30,31,19,28,1,16,28,46,32,62,26,16,5,62,2,65,2
20260725,IOH,pp,63,76,58,58,9,9,60,61,61,62,53,46,0,62,0,32,0
20260718,NEX,pp,56,56,40,41,4,5,51,53,59,62,53,29,1,62,1,23,0
20260905,NEX,pp,31,31,33,34,0,1,62,62,62,62,61,55,0,62,0,6,0
20260905,LOS,pp,42,50,143,147,4,7,51,55,57,62,53,37,1,62,0,48,0
20260903,LUA,pp,74,94,59,61,13,15,54,57,56,62,42,26,3,62,3,83,1
20260727,MSR,cod,56,70,29,38,11,25,38,50,41,63,39,28,5,63,2,47,0
20260811,MSR,cod,59,67,40,51,11,22,34,52,39,63,49,25,6,63,0,62,0
20260821,IGS,pp,76,150,61,65,33,33,48,53,52,63,81,45,3,63,0,22,0
20260730,BHH,cod,4,4,3,5,0,5,35,47,38,63,50,18,6,63,3,46,2
20260710,AWP,pp,98,102,51,55,5,6,54,56,57,63,57,25,4,63,0,73,0
20260802,DFX,pp,22,22,18,18,8,8,54,59,58,63,36,24,4,63,1,39,0
20260625,FLP,pp,29,29,27,29,,,53,63,53,63,58,47,2,63,0,43,0
20260702,EML,cod,14,17,18,25,0,6,38,50,40,63,49,42,4,63,0,45,0
20260708,ESC,pp,45,50,44,46,3,6,54,60,56,63,58,42,2,63,0,53,0
20260731,DFX,pp,17,19,24,24,1,1,44,49,54,63,35,23,6,63,1,56,0
20260721,EMB,pp,53,56,49,54,5,6,53,57,58,63,54,45,2,63,0,54,0
20260911,IKE,pp,126,126,141,154,,,56,59,58,63,68,47,3,63,42,194,23
20260828,LUA,pp,45,55,93,93,11,13,50,58,53,63,61,29,4,63,1,50,0
20260916,SDD,pp,14,14,16,19,7,7,42,47,53,63,35,28,3,63,0,23,0
20260629,EML,cod,51,52,21,26,1,7,31,45,36,63,44,37,8,63,0,39,0
20260707,LUA,pp,94,101,83,86,11,12,49,53,52,63,77,25,7,63,9,72,6
20260701,EML,cod,18,19,41,55,0,10,32,42,37,63,39,33,3,63,0,58,0
20260809,MSR,cod,6,7,4,5,3,7,46,56,49,63,72,31,3,63,4,56,2
20260901,UNC,pp,508,508,81,83,1,5,46,52,53,63,29,21,2,63,0,95,0
20260831,NEX,pp,89,89,41,41,0,2,51,58,55,63,59,54,2,63,0,102,0
20260703,BSS,pp,60,63,80,80,3,3,62,62,63,63,64,34,0,63,1,53,1
20260812,IOH,pp,72,92,63,63,20,20,55,58,57,63,47,33,5,63,0,56,0
20260908,IOH,pp,24,33,36,36,13,13,56,59,58,63,49,34,1,63,7,102,3
20260704,AWP,pp,48,53,72,72,10,12,58,61,60,63,68,23,2,63,0,57,0
20260910,AWP,pp,67,71,53,59,1,2,52,57,55,63,69,29,4,63,4,35,0
20260725,AWP,pp,66,80,53,53,12,16,57,62,58,64,58,25,2,64,4,52,4
20260714,MOH,pp,76,81,80,80,8,10,54,57,59,64,44,33,1,64,1,52,1
20260825,DFX,pp,73,73,72,73,,,57,61,59,64,40,31,3,64,0,59,0
20260913,LUA,pp,45,48,32,34,,,50,56,57,64,47,28,0,64,17,68,14
20260724,NEX,pp,49,61,2,2,0,2,42,64,42,64,59,53,21,64,0,19,0
20260905,PRH,pp,30,34,24,24,0,4,55,60,58,64,66,47,1,64,0,47,0
20260906,MSR,cod,25,28,14,17,6,15,32,52,33,64,52,27,10,64,3,95,1
20260628,LUA,pp,25,28,26,26,3,3,44,51,47,64,66,33,9,64,0,54,0
20260829,LOS,pp,31,33,121,131,1,2,45,55,50,64,38,20,10,64,0,57,0
20260629,DFX,pp,72,72,56,59,2,3,55,59,60,64,67,39,2,64,1,44,0
20260913,KPI,cod,56,58,31,47,0,5,40,55,40,64,85,39,8,64,8,70,3
20260715,ESC,cod,22,23,14,23,4,26,29,50,30,64,51,29,6,64,1,42,1
20260730,MSR,cod,53,68,45,57,9,19,40,52,42,64,47,32,2,64,1,50,0
20260814,DFX,pp,22,25,20,20,1,1,58,60,62,64,60,40,0,64,0,42,0
20260718,MOH,pp,39,41,58,61,3,3,56,60,59,64,72,45,2,64,1,52,0
20260723,LUA,pp,54,59,65,66,8,8,55,57,57,64,70,32,2,64,2,40,1
20260818,LUA,cod,22,25,13,13,30,47,37,55,41,64,56,22,4,64,0,39,0
20260912,TEL,pp,18,26,53,55,13,13,51,58,53,64,62,41,3,64,0,104,0
20260811,SDD,pp,146,171,94,98,8,9,48,57,53,64,66,44,10,64,1,52,1
20260630,ESC,pp,49,51,48,49,1,1,53,55,62,64,51,38,0,64,0,57,0
20260705,MOH,pp,21,21,27,27,1,1,56,60,59,64,61,44,1,64,0,46,0
20260725,FLO,cod,204,277,156,196,4,13,29,45,33,64,45,28,13,64,2,58,1
20260712,DFX,pp,34,34,33,33,,,46,54,49,65,58,35,9,65,0,51,0
20260717,ESC,cod,30,30,19,32,1,15,36,55,36,65,36,29,8,65,1,39,0
20260830,KPI,pp,36,36,30,31,1,2,58,61,59,65,60,38,3,65,0,51,0
20260908,AWP,pp,49,53,75,78,3,6,55,60,57,65,57,28,3,65,20,157,17
20260915,EMB,pp,74,76,66,70,6,8,45,51,55,65,54,45,4,65,0,43,0
20260717,REH,pp,123,123,75,77,0,2,59,63,61,65,68,49,0,65,0,44,0
20260715,AWP,pp,58,61,71,75,6,9,58,62,60,65,43,23,1,65,2,66,1
20260904,LOS,pp,127,166,18,18,0,1,53,61,56,65,65,46,2,65,1,28,1
20260713,EMB,pp,65,67,59,59,5,6,56,59,61,65,55,39,0,65,0,67,0
20260821,LUA,pp,46,56,50,52,10,10,56,58,62,65,46,24,2,65,7,56,5
20260822,LUA,pp,76,83,71,71,14,15,45,54,54,65,67,35,2,65,12,49,12
20260914,MSR,cod,63,68,35,50,10,20,34,51,40,65,52,36,8,65,1,59,0
20260807,BAO,cod,40,46,13,21,3,14,34,50,36,65,41,26,11,65,0,37,0
20260812,LUA,cod,45,64,88,121,4,11,40,57,42,65,45,21,5,65,0,56,0
20260627,ESC,pp,36,39,35,35,1,2,59,61,61,65,61,45,2,65,1,58,1
20260716,FLO,cod,91,94,71,87,158,168,29,46,37,65,53,24,4,65,3,74,2
20260731,MSR,pp,91,106,78,78,9,10,57,62,60,65,47,36,5,65,1,70,1
20260907,LOS,pp,18,19,21,24,4,5,46,55,48,65,50,44,5,65,1,80,1
20260731,MOH,pp,40,45,39,39,8,10,57,61,58,65,57,42,0,65,0,44,0
20260726,LUA,pp,13,16,15,15,4,4,52,60,56,65,53,37,2,65,4,71,2
20260917,SAC,pp,116,116,75,138,0,2,54,60,57,65,65,43,1,65,3,151,2
20260709,DFX,pp,56,56,44,50,1,1,57,61,60,65,67,38,3,65,0,70,0
20260911,ZEL,pp,30,30,16,16,,,65,65,65,65,54,50,0,65,0,12,0
20260713,MSR,pp,117,136,99,103,23,28,54,55,62,65,91,33,1,65,0,46,0
20260905,KPI,pp,45,46,26,28,1,1,58,61,62,66,77,39,2,66,1,38,1
20260722,DLH,pp,46,57,44,46,8,9,63,65,63,66,74,46,1,66,0,29,0
20260903,PRH,pp,86,98,54,55,14,14,55,59,59,66,65,53,5,66,1,70,0
20260702,IGS,pp,241,244,1005,1153,6,6,55,57,59,66,42,28,2,66,0,119,0
20260722,PRH,pp,53,57,41,44,25,29,57,63,59,66,55,46,2,66,1,53,0
20260921,BNH,cod,0,31,0,13,,,66,66,66,66,,,0,66,,,
20260827,DLH,pp,40,44,44,47,8,9,50,58,55,66,53,37,5,66,0,68,0
20260709,ESC,pp,75,84,72,73,2,3,58,62,61,66,68,46,1,66,2,60,0
20260909,LUA,pp,91,94,53,54,2,2,41,53,47,66,57,35,5,66,21,92,13
20260820,TEL,pp,86,102,94,95,21,21,52,56,60,66,46,30,1,66,0,59,0
20260703,AWP,pp,63,65,60,63,6,7,62,63,64,66,77,32,0,66,2,67,2
20260628,ESC,pp,57,57,57,57,,,61,65,61,66,66,54,1,66,0,54,0
20260717,AWP,pp,43,46,44,45,1,1,60,65,60,66,55,21,4,66,2,74,0
20260905,TEL,pp,38,54,45,48,13,16,55,60,60,66,56,47,3,66,0,51,0
20260718,FLO,cod,,,3,3,1,10,28,45,37,66,31,18,12,66,0,62,0
20260630,LUA,pp,103,112,102,103,14,19,55,59,61,66,74,44,2,66,0,59,0
20260913,INW,cod,67,72,65,73,7,8,40,55,43,66,47,19,19,66,3,66,0
20260803,AWP,pp,72,76,80,80,1,1,59,62,62,66,60,27,2,66,2,52,2
20260707,BSS,pp,111,123,93,105,8,9,64,65,65,66,60,45,0,66,10,56,9
20260711,ESC,pp,52,55,50,52,4,6,58,65,59,66,60,44,1,66,1,66,1
20260626,EMB,pp,69,72,49,49,1,1,59,63,62,66,70,55,3,66,0,20,0
20260831,IOH,pp,54,61,57,57,6,7,57,59,60,66,40,24,2,66,0,52,0
20260920,ALW,cod,39,45,0,26,0,4,51,60,51,66,54,21,1,66,8,41,6
20260626,PRH,pp,117,120,110,112,1,2,62,64,63,66,57,36,0,66,1,48,0
20260825,DLH,pp,42,54,40,41,12,15,56,63,57,66,60,40,4,66,0,48,0
20260820,EMB,pp,40,50,43,45,16,16,62,66,63,67,64,49,2,67,0,29,0
20260829,AWP,pp,47,49,62,62,5,6,54,58,60,67,43,20,5,67,6,56,4
20260726,PRH,pp,26,33,23,23,12,14,59,63,60,67,64,49,2,67,2,77,2
20260822,EMB,pp,39,40,36,36,0,1,57,60,60,67,61,48,2,67,0,65,0
20260821,AWP,pp,66,74,64,64,2,3,66,67,66,67,64,27,0,67,0,89,0
20260810,PRH,pp,201,242,85,90,12,12,57,61,63,67,61,39,0,67,0,55,0
20260702,IOH,pp,65,77,46,51,21,21,58,61,60,67,33,17,5,67,1,167,1
20260817,AWP,pp,109,112,110,121,7,12,59,63,62,67,58,29,1,67,7,67,0
20260728,DLH,pp,81,93,102,107,8,8,55,62,58,67,65,43,4,67,0,60,0
20260830,TEL,pp,37,41,22,24,8,8,53,55,61,67,46,38,5,67,0,56,0
20260913,AWP,pp,21,23,16,17,2,2,60,62,65,67,62,35,1,67,10,83,6
20260920,AWP,pp,38,40,0,25,,,55,61,61,67,61,38,0,67,2,37,1
20260822,TEL,pp,61,73,66,69,13,15,54,60,57,67,57,41,5,67,2,55,1
20260827,TEL,pp,62,75,61,63,13,14,59,62,63,67,69,46,2,67,0,58,0
20260903,DLH,pp,62,69,50,52,10,12,57,61,62,67,58,36,1,67,1,71,1
20260822,IOH,pp,86,97,68,69,13,13,60,61,63,67,60,45,3,67,0,25,0
20260830,LUA,pp,54,59,52,53,2,3,52,61,57,67,85,37,4,67,8,84,5
20260712,MSR,pp,30,42,19,19,9,10,54,58,58,67,58,35,2,67,0,55,0
20260718,NEX,cod,3,4,6,6,0,1,63,64,64,67,14,14,0,67,2,5,2
20260902,MSR,cod,49,61,50,58,9,17,34,48,39,67,43,29,7,67,0,46,0
20260918,MSR,cod,34,48,12,54,5,14,41,55,48,67,51,35,2,67,2,43,1
20260805,IOH,pp,34,39,25,25,4,4,63,64,65,68,52,37,3,68,0,45,0
20260819,NEX,pp,181,217,239,243,1,3,55,64,58,68,105,41,2,68,2,96,0
20260901,TEL,pp,56,69,34,34,17,18,57,63,60,68,46,38,4,68,1,66,1
20260801,DLH,pp,75,86,62,67,12,14,56,62,60,68,59,46,3,68,2,90,1
20260801,LUA,pp,61,66,56,57,7,7,59,61,64,68,59,32,1,68,5,44,0
20260830,AWP,pp,42,43,27,27,,,60,63,65,68,32,23,2,68,6,70,4
20260910,MSR,cod,57,61,44,56,11,24,41,57,45,68,58,39,5,68,0,31,0
20260808,PRH,pp,121,129,52,52,9,11,59,64,61,68,62,42,2,68,1,73,0
20260727,MOH,pp,66,78,60,63,13,13,63,65,65,68,39,26,1,68,3,52,3
20260821,LOS,pp,46,47,132,134,0,1,62,65,64,68,41,27,2,68,1,122,0
20260817,IOH,pp,66,73,54,55,6,8,56,58,62,68,67,41,4,68,1,39,1
20260625,AWP,pp,64,66,69,69,8,8,67,68,67,68,87,43,1,68,0,14,0
20260627,EML,cod,29,31,31,39,0,8,36,49,41,68,56,42,5,68,0,47,0
20260808,AWP,pp,66,66,58,58,5,5,60,63,65,68,63,28,2,68,6,56,6
20260708,AWP,pp,77,83,83,84,6,12,55,62,55,68,55,18,6,68,1,64,1
20260626,ESC,pp,61,61,58,62,2,6,53,62,56,68,52,39,4,68,0,41,0
20260911,INM,cod,69,69,56,62,0,6,47,62,48,68,61,46,1,68,0,39,0
20260807,AWP,pp,83,88,77,77,1,1,62,66,64,68,75,26,0,68,4,45,2
20260826,PRH,pp,106,116,88,89,17,22,57,63,60,68,63,50,3,68,1,88,0
20260821,EMB,pp,33,34,33,33,2,3,58,64,60,68,67,50,4,68,0,54,0
20260910,SDD,pp,45,49,76,80,4,5,55,60,59,68,65,41,4,68,3,82,1
20260627,MOH,pp,54,58,53,56,6,7,57,64,60,68,64,45,2,68,0,33,0
20260717,LVP,pp,18,18,18,18,,,57,59,63,68,66,58,1,68,2,62,2
20260917,EMB,pp,54,56,38,60,6,8,54,59,61,68,55,50,1,68,0,41,0
20260728,DFX,pp,97,105,47,47,2,5,51,59,56,69,53,44,7,69,0,45,0
20260831,KPI,cod,64,67,45,85,1,10,32,55,37,69,48,26,13,69,1,44,1
20260718,LUA,pp,63,70,86,90,9,11,46,55,52,69,69,28,9,69,7,69,4
20260727,AWP,pp,66,82,76,84,9,15,60,66,63,69,65,30,0,69,4,57,4
20260919,EMB,pp,53,55,16,71,2,2,58,65,61,69,61,55,1,69,0,70,0
20260918,KPI,pp,35,35,23,32,1,3,59,65,63,69,77,50,1,69,5,83,3
20260823,BSS,pp,19,19,18,18,1,1,64,68,65,69,406,47,4,69,5,132,0
20260829,LUA,pp,58,75,40,43,17,18,59,63,62,69,59,29,4,69,2,41,1
20260806,AWP,pp,56,65,64,64,11,13,57,65,61,69,51,18,2,69,5,73,2
20260903,EMB,pp,141,145,128,129,6,6,62,66,65,69,70,58,2,69,1,57,1
20260629,ESC,pp,40,46,41,42,0,1,57,63,62,69,65,50,5,69,0,64,0
20260802,AWP,pp,41,42,21,21,1,1,64,69,64,69,70,33,4,69,4,81,4
20260730,LUA,pp,64,73,80,81,18,24,66,69,66,69,61,37,0,69,3,73,2
20260707,ESC,cod,44,47,26,45,0,17,32,57,36,69,65,36,9,69,2,50,1
20260706,AWP,pp,81,84,68,71,8,10,66,69,66,69,76,36,2,69,5,101,0
20260920,LUA,pp,20,48,0,26,4,4,63,64,65,69,46,31,3,69,19,68,18
20260630,EMB,pp,89,93,75,76,0,1,62,67,63,69,57,43,5,69,0,59,0
20260826,IOH,pp,51,63,36,36,18,19,65,66,66,69,57,35,2,69,2,49,2
20260816,DLH,pp,93,105,75,76,13,14,48,60,55,69,63,41,6,69,0,56,0
20260727,IGS,pp,1,2,254,289,18,19,54,55,55,69,46,34,11,69,0,44,0
20260707,AWP,pp,66,68,68,73,3,5,60,67,62,70,63,28,3,70,6,83,2
20260915,IOH,pp,51,52,46,54,1,1,64,69,65,70,71,59,0,70,0,44,0
20260909,LUA,cod,22,23,14,16,4,11,51,62,57,70,45,37,5,70,5,125,2
20260708,BSS,pp,113,126,93,96,16,16,70,70,70,70,91,58,0,70,0,58,0
20260907,KPI,pp,68,69,86,92,5,6,60,63,63,70,53,41,3,70,0,72,0
20260916,NEX,cod,25,27,17,21,0,1,40,44,65,70,39,35,1,70,0,20,0
20260810,CUH,pp,87,88,81,86,3,4,57,63,63,70,56,41,1,70,1,70,1
20260910,INM,cod,59,59,58,65,0,6,53,61,59,70,53,39,1,70,2,77,1
20260806,PRH,pp,78,83,63,65,14,17,64,69,65,70,70,52,1,70,0,58,0
20260711,MSR,pp,58,76,60,61,19,22,56,64,58,70,69,40,6,70,3,67,3
20260918,ALW,cod,57,60,10,58,1,3,49,56,52,70,68,16,4,70,6,67,3
20260915,ALW,cod,55,57,58,66,4,8,54,65,58,70,67,35,8,70,3,66,2
20260810,MSR,cod,75,77,57,69,8,22,37,54,46,70,46,23,8,70,2,59,1
20260916,KPI,cod,37,38,23,43,3,16,35,60,41,70,59,29,9,70,4,62,2
20260830,PRH,pp,44,45,3,3,1,1,59,63,65,70,72,50,3,70,0,63,0
20260707,NEX,pp,45,58,23,23,,,62,67,64,70,104,49,2,70,1,55,0
20260807,LUA,pp,59,64,44,46,13,15,63,65,66,70,53,34,1,70,4,58,1
20260725,DLH,pp,89,108,69,74,17,19,57,65,60,70,49,35,3,70,0,58,0
20260915,LUA,cod,13,14,7,14,3,19,36,62,41,71,48,37,8,71,1,33,1
20260724,AWP,pp,73,75,71,72,1,2,55,63,62,71,49,23,2,71,2,67,2
20260917,ALW,cod,46,51,24,48,1,6,53,62,55,71,57,18,8,71,6,41,3
20260701,PRH,pp,95,105,105,109,4,5,63,64,68,71,61,47,2,71,0,85,0
20260707,DFX,pp,69,69,67,71,2,5,58,68,60,71,58,44,5,71,0,61,0
20260916,KPI,pp,33,33,28,35,2,4,55,65,61,71,53,33,4,71,5,58,3
20260813,AWP,pp,78,88,93,96,9,9,67,67,71,71,56,18,0,71,1,90,1
20260626,LUA,pp,74,84,57,58,7,8,59,66,63,71,86,46,4,71,0,23,0
20260719,PRH,pp,36,49,35,36,9,10,61,65,63,71,63,43,3,71,3,65,1
20260831,LUA,cod,51,56,29,39,5,19,42,56,47,71,52,30,8,71,2,42,0
20260907,AWP,pp,58,60,36,38,3,5,60,67,61,71,65,28,2,71,11,127,5
20260625,PRH,pp,68,95,59,59,1,1,67,70,68,71,75,46,0,71,0,23,0
20260811,AWP,pp,49,49,68,69,1,2,68,70,68,71,66,28,2,71,1,54,0
20260908,SDD,pp,114,120,144,146,5,7,56,58,65,71,60,35,1,71,2,91,2
20260821,NEX,pp,58,62,3,3,0,1,47,54,62,71,48,32,3,71,0,141,0
20260906,EMB,pp,94,97,65,68,2,2,58,65,62,71,70,59,4,71,1,128,0
20260905,LUA,pp,48,52,59,62,3,4,51,61,61,71,66,38,2,71,2,42,0
20260801,CUH,pp,37,39,59,62,,,59,70,60,71,69,62,9,71,0,62,0
20260912,DLH,pp,76,86,45,47,6,7,58,63,66,71,77,49,1,71,2,75,2
20260728,AWP,pp,49,51,56,57,3,4,59,66,64,71,60,27,0,71,3,69,2
20260918,INW,cod,43,46,39,59,7,12,50,59,53,71,59,26,6,71,2,63,2
20260915,DLH,pp,61,71,91,93,13,16,56,61,60,71,46,33,5,71,1,55,0
20260721,LUA,pp,66,71,43,47,8,11,59,60,61,72,59,36,10,72,12,64,8
20260820,LUA,cod,116,121,19,25,1,10,44,59,48,72,51,27,6,72,6,79,5
20260909,MSR,cod,36,46,55,68,24,37,36,46,47,72,46,27,9,72,0,87,0
20260709,AWP,pp,73,75,71,75,4,5,63,69,64,72,56,25,7,72,4,46,1
20260709,MSR,pp,49,66,59,61,25,27,52,62,56,72,49,33,7,72,0,72,0
20260827,LUA,pp,115,129,65,68,14,14,65,67,68,72,66,39,1,72,7,52,4
20260813,NKD,pp,54,54,44,44,,,69,70,71,72,46,41,0,72,0,22,0
20260919,LKH,pp,39,41,6,39,0,3,56,65,60,72,69,55,1,72,1,143,0
20260625,ESC,cod,36,36,30,36,1,14,35,71,36,72,41,30,15,72,0,37,0
20260910,EMB,cod,30,32,22,25,4,12,49,63,53,72,59,50,6,72,0,25,0
20260629,LUA,pp,85,90,71,73,10,12,57,61,61,72,77,40,5,72,2,69,0
20260902,DLH,pp,55,74,70,72,13,14,66,70,66,72,73,43,3,72,1,59,1
20260717,DFX,pp,50,52,42,44,2,8,54,67,58,72,62,42,2,72,4,49,0
20260915,INW,cod,38,40,32,40,2,21,39,48,42,72,51,15,14,72,2,56,0
20260817,BHH,cod,35,36,13,20,4,21,34,59,39,72,45,13,10,72,3,54,1
20260625,EML,cod,72,79,35,44,0,16,40,70,40,72,69,54,6,72,0,22,0
20260729,BHH,cod,3,3,17,21,3,18,28,52,34,72,49,14,8,72,2,46,1
20260827,AWP,pp,55,57,68,72,7,8,61,68,62,72,70,27,6,72,0,72,0
20260714,MSR,pp,79,102,78,81,15,16,65,68,68,72,82,39,2,72,2,65,0
20260907,IOH,pp,39,42,21,21,3,4,56,64,64,72,51,31,3,72,3,72,2
20260701,LUA,pp,81,85,75,78,4,4,61,67,62,73,72,42,6,73,1,73,1
20260915,INM,cod,5,5,4,4,0,1,50,58,54,73,70,35,10,73,7,62,4
20260916,INW,cod,43,51,36,49,2,5,39,59,44,73,65,19,17,73,5,34,5
20260903,KPI,cod,51,51,33,53,0,13,37,58,42,73,61,36,8,73,2,58,2
20260914,LUA,cod,15,20,13,15,6,14,49,66,51,73,73,51,5,73,3,140,1
20260916,LOS,pp,37,44,24,28,1,1,69,72,70,73,48,31,2,73,0,27,0
20260812,PRH,pp,113,128,58,60,17,18,63,69,64,73,75,50,4,73,1,52,1
20260914,LUA,pp,40,42,47,65,3,8,51,66,55,73,68,33,7,73,24,97,22
20260823,AWP,pp,49,58,35,35,5,7,64,67,68,73,62,27,1,73,1,44,0
20260626,AWP,pp,69,72,82,82,7,8,71,72,72,73,74,29,0,73,0,28,0
20260826,AWP,pp,57,65,47,47,3,4,66,71,68,73,79,31,1,73,3,92,3
20260811,PRH,pp,63,76,174,179,10,11,64,68,68,73,67,39,2,73,1,73,0
20260803,CUH,pp,59,60,59,60,9,9,54,59,64,73,58,45,3,73,0,52,0
20260831,MSR,cod,83,98,62,81,14,35,40,53,46,73,50,26,11,73,3,62,1
20260709,BSS,pp,147,165,117,121,16,16,72,73,72,73,56,47,1,73,3,61,3
20260805,MSR,cod,61,71,57,71,10,23,41,57,46,73,58,33,6,73,1,54,0
20260720,DFX,pp,40,41,41,41,6,7,50,62,60,73,70,42,4,73,0,69,0
20260905,DLH,pp,75,87,62,65,13,15,60,67,66,73,53,37,4,73,1,55,1
20260917,INM,cod,34,34,19,48,0,5,51,60,54,74,42,33,8,74,0,41,0
20260914,INM,cod,21,21,18,19,0,3,55,65,60,74,64,43,5,74,7,65,0
20260803,IOH,pp,37,38,48,48,5,5,65,68,66,74,49,33,7,74,0,45,0
20260916,MSR,cod,52,62,29,53,5,14,43,55,52,74,48,30,7,74,1,35,0
20260907,LUA,cod,30,40,16,21,8,23,50,68,52,74,79,43,5,74,3,114,1
20260917,INW,cod,74,80,41,61,7,16,51,63,56,74,45,16,5,74,4,65,0
20260701,EMB,pp,109,109,82,85,6,8,64,68,68,74,66,53,4,74,0,64,0
20260917,EMH,cod,79,80,48,79,6,20,37,50,45,74,105,28,8,74,,,
20260803,MSR,cod,78,86,54,63,14,29,45,62,47,74,58,37,6,74,0,43,0
20260827,MSR,cod,46,56,44,52,15,26,41,54,46,74,58,29,11,74,2,71,2
20260826,LUA,pp,75,87,85,87,7,10,65,69,69,74,78,37,2,74,6,87,3
20260818,MSR,cod,75,86,57,69,15,30,45,65,50,74,60,31,8,74,0,64,0
20260717,LUA,pp,67,82,48,50,3,3,61,72,62,74,63,36,9,74,3,63,2
20260710,ESC,pp,61,65,60,63,2,2,63,68,69,74,63,47,1,74,4,73,0
20260702,EMB,cod,49,49,52,64,1,6,53,60,58,74,61,47,3,74,0,47,0
20260829,PRH,pp,37,46,63,64,6,8,61,71,64,74,58,49,4,74,0,56,0
20260630,EML,cod,57,59,29,37,0,8,35,54,42,74,56,48,6,74,0,48,0
20260716,LUA,pp,63,68,63,69,13,13,67,69,69,74,62,40,3,74,4,53,0
20260724,UNC,pp,114,114,298,305,2,3,61,68,63,74,61,42,2,74,1,97,0
20260730,PRH,pp,60,63,51,51,1,2,57,63,63,74,61,45,1,74,0,64,0
20260808,IGS,pp,5,31,62,62,,,49,59,55,74,41,31,10,74,0,35,0
20260817,TEL,pp,63,94,46,49,46,47,63,66,70,74,62,43,2,74,0,50,0
20260817,MSR,cod,107,124,80,93,7,24,43,63,48,75,59,34,3,75,3,56,1
20260911,AWP,pp,63,64,38,40,7,8,64,70,67,75,56,34,4,75,0,33,0
20260705,AWP,pp,32,36,23,23,3,5,60,65,68,75,60,26,1,75,4,83,1
20260828,MSR,pp,66,75,51,52,21,22,56,62,62,75,93,34,2,75,6,93,3
20260711,AWP,pp,76,80,109,120,9,12,66,70,71,75,78,39,0,75,0,50,0
20260729,MSR,pp,88,116,84,84,15,17,63,66,70,75,76,39,3,75,1,92,1
20260911,DLH,pp,41,46,53,55,4,4,58,71,62,75,57,45,5,75,4,99,1
20260729,AWP,pp,63,66,52,53,9,9,70,72,73,75,63,38,0,75,4,54,4
20260806,LUA,cod,34,37,83,106,2,15,39,62,43,75,47,33,10,75,0,41,0
20260724,LUA,pp,64,73,57,57,14,19,59,63,68,75,58,35,4,75,2,45,0
20260830,MSR,cod,19,28,8,9,3,13,38,54,40,75,58,30,8,75,1,62,1
20260919,KPI,pp,25,25,15,34,1,2,67,71,69,75,54,44,1,75,6,67,5
20260729,PRH,pp,66,78,101,104,8,8,65,68,69,75,69,54,1,75,1,65,1
20260718,BHH,cod,52,54,24,33,3,14,36,59,43,75,62,20,5,75,2,45,1
20260626,EML,cod,74,75,39,51,0,6,43,62,47,75,52,46,9,75,0,61,0
20260822,PRH,pp,62,72,68,70,1,2,58,63,64,75,53,39,5,75,2,69,2
20260831,LUA,pp,88,102,95,100,15,17,58,66,65,75,71,42,2,75,2,62,2
20260912,KPI,cod,58,58,43,62,0,15,41,63,46,75,55,45,6,75,4,55,2
20260728,PRH,pp,69,98,45,46,12,18,61,68,66,75,70,53,3,75,1,55,1
20260913,SDD,pp,10,13,19,21,7,7,63,70,66,75,75,57,7,75,0,63,0
20260914,NEX,pp,105,110,115,115,0,1,44,60,59,75,23,17,0,75,0,38,0
20260629,LOS,pp,17,17,8,8,1,2,61,67,64,75,75,53,1,75,0,39,0
20260724,FLO,cod,172,197,132,177,4,12,44,57,49,75,48,28,11,75,1,48,1
20260722,AWP,pp,58,58,47,52,2,4,69,72,71,75,60,27,1,75,6,57,5
20260702,DFX,pp,31,31,29,32,3,5,56,64,61,75,60,46,10,75,0,84,0
20260818,AWP,pp,62,65,44,44,1,3,69,73,71,75,61,32,3,75,1,89,1
20260701,AWP,pp,103,110,92,97,9,9,67,71,72,76,41,19,2,76,9,96,8
20260708,EMH,cod,95,97,74,95,7,18,47,62,51,76,99,35,5,76,1,89,1
20260805,MSR,pp,80,101,114,119,25,28,68,71,71,76,65,42,2,76,2,76,0
20260722,LUA,pp,81,96,64,74,8,8,67,72,67,76,68,40,4,76,3,65,1
20260702,NKD,pp,57,60,43,44,0,1,32,55,52,76,36,34,2,76,0,16,0
20260816,AWP,pp,55,55,61,62,3,3,68,73,71,76,47,22,3,76,3,52,1
20260806,CUH,pp,43,44,41,42,1,4,62,72,65,76,68,61,2,76,0,47,0
20260908,DLH,pp,46,56,57,59,8,8,62,71,66,76,60,46,7,76,2,62,0
20260708,PRH,pp,101,108,111,116,54,55,61,68,67,76,63,41,2,76,0,69,0
20260913,EMB,pp,48,49,41,41,12,12,59,69,63,76,59,55,4,76,1,92,0
20260706,PRH,pp,126,156,82,84,6,6,63,68,70,76,68,44,1,76,0,96,0
20260717,MSR,pp,113,130,112,116,25,27,66,72,68,76,63,38,1,76,0,60,0
20260913,TEL,pp,,,7,7,1,2,57,69,60,76,64,51,8,76,1,57,1
20260906,KPI,cod,48,50,27,44,1,12,37,63,39,76,51,32,14,76,4,111,1
20260810,DLH,pp,87,100,142,146,9,9,61,71,66,76,64,39,4,76,1,66,1
20260728,BHH,cod,40,42,57,73,1,19,36,58,40,76,43,18,10,76,2,54,0
20260707,PRH,pp,90,94,134,136,4,4,62,71,66,77,79,48,4,77,1,79,1
20260718,PRH,pp,60,71,56,59,14,15,65,73,67,77,62,45,4,77,0,65,0
20260702,PRH,pp,66,148,76,80,39,39,69,74,72,77,84,59,0,77,0,70,0
20260704,ESC,cod,60,63,39,59,4,20,39,64,41,77,60,47,8,77,1,47,1
20260825,TEL,pp,65,80,67,71,14,14,70,72,74,77,71,50,1,77,0,69,0
20260706,EMB,pp,79,79,110,115,2,4,65,74,67,77,89,55,5,77,6,109,2
20260805,LUA,pp,79,85,51,52,6,8,56,65,64,77,50,33,8,77,3,81,1
20260904,AWP,pp,89,90,89,106,4,4,73,77,73,77,74,52,2,77,0,34,0
20260725,PRH,pp,56,64,51,54,6,7,68,74,71,77,58,46,2,77,1,66,1
20260709,PRH,pp,110,113,88,89,28,29,64,71,67,77,69,46,3,77,4,80,2
20260803,PRH,pp,97,106,88,92,2,6,70,74,72,77,71,59,3,77,0,55,0
20260818,BHH,cod,27,32,26,37,3,19,40,61,43,77,35,13,10,77,1,44,1
20260914,DLH,pp,68,82,55,56,4,5,59,64,67,77,67,43,3,77,3,74,2
20260821,MSR,cod,52,65,49,60,7,16,46,60,47,77,51,34,6,77,2,58,0
20260822,MSR,cod,65,76,50,63,20,25,44,57,52,77,71,31,6,77,2,53,2
20260910,LUA,pp,102,105,102,110,6,9,54,63,61,77,58,25,4,77,22,60,16
20260909,DBL,pp,244,248,74,74,6,10,65,71,69,77,63,48,3,77,2,122,0
20260707,EMH,cod,77,78,52,77,6,23,40,56,47,77,40,13,6,77,1,70,0
20260704,LUA,pp,62,66,64,67,7,10,58,65,68,78,80,48,3,78,0,59,0
20260917,LUA,pp,78,100,37,80,16,18,61,65,65,78,56,36,5,78,0,34,0
20260831,LOS,pp,46,54,41,42,1,3,65,71,69,78,88,62,5,78,1,54,0
20260722,FLO,cod,169,181,102,131,7,23,39,55,48,78,62,34,17,78,0,33,0
20260712,LUA,pp,13,14,6,6,1,1,62,73,66,78,47,28,7,78,10,54,5
20260724,MSR,pp,67,83,92,95,24,27,69,76,70,78,79,42,3,78,0,87,0
20260819,DLH,pp,63,75,60,63,15,17,65,72,71,78,74,46,4,78,1,58,0
20260815,AWP,pp,36,37,9,9,1,1,72,74,74,78,79,25,2,78,3,38,2
20260904,KPI,cod,57,57,37,55,2,15,41,63,44,78,72,41,12,78,1,41,1
20260721,FLO,cod,106,114,83,100,2,12,39,62,43,78,55,39,14,78,2,51,1
20260627,LUA,pp,79,84,89,90,5,5,61,70,65,78,73,44,8,78,0,56,0
20260627,EMB,pp,78,78,78,81,2,3,63,70,68,78,66,55,5,78,0,49,0
20260627,AWP,pp,57,58,61,62,1,2,75,78,75,78,126,44,1,78,0,39,0
20260627,PRH,pp,90,93,75,77,0,1,72,76,73,78,83,56,1,78,0,40,0
20260831,SDD,pp,111,120,72,75,5,9,52,60,65,78,40,29,9,78,1,80,0
20260803,LUA,pp,53,64,47,48,5,5,69,72,75,79,75,50,0,79,4,50,1
20260915,KPI,pp,54,55,59,71,4,7,67,73,71,79,69,43,3,79,8,76,2
20260713,DFX,pp,41,41,21,22,1,4,52,63,62,79,58,33,11,79,0,54,0
20260702,SDD,pp,127,132,137,140,4,5,54,64,67,79,64,48,9,79,0,91,0
20260727,DFX,pp,73,76,80,81,4,12,56,71,63,79,64,46,8,79,0,93,0
20260916,INM,cod,65,65,42,56,0,3,51,63,62,79,51,31,7,79,5,50,0
20260806,MSR,pp,87,109,86,88,27,30,70,74,74,79,90,49,1,79,0,72,0
20260702,LUA,pp,71,72,62,63,5,8,63,73,66,79,88,50,8,79,0,59,0
20260628,PRH,pp,24,26,19,19,,,69,75,72,79,76,60,5,79,1,81,0
20260727,BHH,cod,62,62,25,41,1,22,40,63,44,79,65,20,12,79,1,45,1
20260908,LUA,cod,153,165,21,29,5,12,57,69,66,79,63,43,3,79,1,41,1
20260723,BHH,cod,51,52,29,39,2,14,48,65,56,79,58,15,9,79,3,71,0
20260720,MOH,pp,111,118,90,92,6,8,70,73,75,79,50,41,1,79,3,58,3
20260719,MSR,pp,21,23,19,22,10,12,67,76,68,79,96,58,4,79,2,75,2
20260824,EMB,pp,44,51,53,53,3,5,69,73,74,79,61,53,2,79,0,54,0
20260915,TEL,pp,54,70,43,48,12,17,61,70,68,79,70,59,5,79,4,68,3
20260807,PRH,pp,55,66,60,68,5,6,70,76,72,79,83,61,4,79,1,56,0
20260907,LUA,pp,43,58,61,61,15,16,62,69,71,79,62,44,2,79,17,108,16
20260722,MOH,pp,36,46,44,49,4,6,68,76,69,79,78,55,3,79,1,78,1
20260630,PRH,pp,78,88,61,61,5,7,64,71,71,80,69,47,3,80,0,74,0
20260717,BHH,cod,54,55,50,67,0,14,44,66,48,80,61,28,9,80,2,46,0
20260709,IOH,pp,53,62,49,58,7,9,74,76,77,80,66,38,1,80,0,41,0
20260819,SDH,cod,62,217,22,52,138,163,29,59,34,80,61,35,17,80,0,42,0
20260906,SAC,pp,,,14,16,,,72,78,73,80,100,60,4,80,4,139,2
20260916,TEL,pp,55,78,36,45,21,25,67,71,73,80,70,61,4,80,0,59,0
20260902,LUA,pp,62,79,74,76,18,18,70,72,75,80,69,42,0,80,5,88,3
20260901,LOS,pp,23,24,29,29,1,4,67,70,73,80,52,36,5,80,0,52,0
20260825,UNC,pp,30,31,64,68,1,1,74,76,76,80,91,62,1,80,0,27,0
20260626,DFX,pp,58,60,55,55,27,30,75,77,77,80,64,42,1,80,1,45,0
20260915,KPI,cod,43,48,29,50,5,24,38,57,51,80,67,35,6,80,4,57,2
20260728,MSR,pp,77,93,90,91,14,18,63,71,68,80,67,40,5,80,3,92,1
20260914,INW,cod,44,46,47,55,3,8,42,54,55,80,58,32,11,80,4,69,2
20260817,DLH,pp,77,91,105,110,17,22,47,59,63,80,54,33,8,80,2,86,1
20260702,MSR,pp,107,131,122,124,19,21,70,74,74,81,86,51,1,81,1,88,1
20260902,SDD,pp,122,127,113,116,2,5,63,68,69,81,77,55,7,81,1,58,1
20260720,LUA,pp,48,59,58,58,9,12,46,61,57,81,58,32,15,81,7,47,2
20260911,LOS,pp,24,25,45,54,6,8,64,79,64,81,37,31,9,81,1,31,1
20260625,LUA,pp,82,86,79,81,4,5,67,80,68,81,91,52,7,81,0,39,0
20260804,LUA,pp,35,52,45,46,14,14,50,60,55,81,63,39,3,81,11,63,4
20260904,DLH,pp,56,64,47,51,12,13,66,77,70,81,87,55,4,81,1,49,0
20260708,MSR,pp,60,95,79,79,22,24,59,69,65,81,64,32,7,81,2,74,2
20260905,KPI,cod,47,47,15,25,2,29,32,61,37,81,65,31,16,81,1,41,0
20260921,LUA,pp,42,110,0,78,15,17,67,72,69,81,70,48,0,81,4,52,3
20260802,MSR,pp,21,24,10,10,12,12,66,72,75,82,81,46,3,82,3,61,0
20260823,MSR,cod,12,14,12,18,6,22,37,68,40,82,72,42,8,82,1,59,0
20260913,INM,cod,38,38,38,41,0,7,58,74,63,82,75,45,6,82,2,69,1
20260718,UNC,pp,,,86,90,0,2,65,71,71,82,57,39,3,82,2,123,1
20260808,DLH,pp,123,141,74,75,19,21,71,77,73,82,69,51,3,82,0,74,0
20260804,LUA,cod,19,26,23,25,1,14,41,67,50,82,61,43,8,82,0,46,0
20260730,MSR,pp,59,72,64,65,15,15,70,75,75,82,58,38,2,82,0,78,0
20260919,LUA,pp,57,71,5,54,8,8,69,71,72,82,65,33,3,82,24,73,24
20260711,EMB,pp,52,52,51,53,3,3,66,78,69,82,78,56,5,82,2,108,2
20260703,LUA,pp,67,73,96,97,0,2,65,71,70,82,81,45,6,82,6,70,6
20260713,LUA,pp,98,109,66,66,11,15,62,69,72,82,64,35,5,82,8,64,6
20260715,LUA,pp,65,79,41,43,8,9,68,71,78,82,66,45,2,82,15,61,9
20260723,FLO,cod,154,162,124,159,48,64,44,62,51,82,53,36,6,82,1,47,0
20260801,MSR,pp,76,93,102,103,12,13,70,77,74,82,90,61,1,82,4,57,0
20260915,MSR,cod,42,53,34,57,10,25,44,61,53,82,61,37,13,82,0,63,0
20260812,MSR,pp,140,172,126,137,16,17,72,75,75,82,96,49,1,82,1,84,1
20260826,TEL,pp,61,68,66,69,23,23,69,75,74,83,64,52,4,83,2,64,1
20260701,DFX,pp,17,17,21,22,2,3,59,76,65,83,69,50,11,83,0,48,0
20260817,SDH,cod,43,156,41,73,170,192,39,63,46,83,63,36,11,83,2,42,2
20260709,REH,pp,4,7,4,4,4,6,64,72,72,83,60,39,4,83,3,111,3
20260803,MSR,pp,125,144,103,108,27,28,71,78,74,83,74,47,6,83,2,88,2
20260824,DLH,pp,50,62,66,68,20,23,66,72,74,83,60,35,5,83,1,62,0
20260912,KPI,pp,59,59,53,58,1,1,73,78,75,83,78,53,2,83,3,96,1
20260716,PRH,pp,83,94,69,73,14,16,72,73,77,83,73,52,2,83,1,77,0
20260921,MSR,pp,40,116,0,89,20,24,66,72,75,83,104,51,0,83,1,35,0
20260721,BHH,cod,41,42,34,45,0,15,46,65,51,83,45,23,4,83,1,52,1
20260703,SDD,pp,102,106,83,92,4,7,70,75,76,84,84,57,6,84,0,90,0
20260918,LUA,pp,61,84,26,73,11,14,61,72,69,84,66,47,4,84,12,66,12
20260825,PRH,pp,76,87,63,67,29,32,77,78,81,84,70,52,3,84,0,91,0
20260714,LUA,pp,38,64,58,80,28,30,61,73,70,84,53,40,6,84,11,66,8
20260714,NEX,pp,53,61,68,71,4,5,48,78,53,84,43,31,0,84,1,13,1
20260705,FLO,cod,36,37,22,26,104,115,45,66,50,84,67,36,11,84,3,91,2
20260630,MSR,pp,107,127,99,103,20,20,72,78,75,84,77,45,5,84,0,92,0
20260914,KPI,cod,52,52,26,51,0,16,42,72,45,84,52,31,12,84,3,74,2
20260630,AWP,pp,83,100,83,85,2,2,78,82,80,84,70,25,3,84,17,99,16
20260810,MSR,pp,185,212,153,155,31,35,70,75,78,85,95,48,1,85,0,80,0
20260920,INW,cod,49,61,7,44,24,28,43,66,51,85,67,24,4,85,2,48,1
20260908,KPI,cod,55,56,40,50,1,22,38,53,48,85,58,37,10,85,10,76,6
20260720,PRH,pp,103,112,80,83,7,10,70,80,73,85,85,64,6,85,1,82,0
20260822,DLH,pp,56,73,46,47,16,18,65,69,75,85,69,44,5,85,1,76,1
20260820,AWP,pp,90,92,82,85,6,7,82,83,84,85,65,34,1,85,3,49,3
20260831,PRH,pp,59,81,76,81,12,14,74,80,78,85,78,62,1,85,0,67,0
20260821,DLH,pp,43,54,46,49,6,9,57,72,63,85,63,42,6,85,1,78,0
20260911,NEX,pp,23,28,22,22,2,2,82,85,82,85,46,43,1,85,0,1,0
20260630,EMH,cod,90,90,70,92,7,26,44,70,52,85,55,24,6,85,0,81,0
20260905,ZEL,pp,8,8,11,11,0,8,84,85,84,85,89,79,0,85,0,12,0
20260909,INM,cod,66,66,64,66,0,5,63,76,68,85,78,54,5,85,2,85,2
20260919,DLH,pp,49,54,16,46,5,6,66,74,74,85,73,45,2,85,5,97,2
20260718,MSR,pp,72,96,90,93,19,19,75,79,81,86,74,52,1,86,1,95,0
20260701,IKE,pp,163,163,190,190,,,84,85,85,86,100,64,0,86,6,195,6
20260826,DFX,pp,16,16,15,15,2,2,77,81,79,86,90,70,4,86,3,43,1
20260731,PRH,pp,41,44,59,60,2,4,71,78,74,86,78,63,5,86,0,60,0
20260721,SWL,pp,42,46,24,24,3,4,70,74,80,86,61,48,4,86,1,82,1
20260703,IGS,pp,164,737,293,306,21,22,69,81,73,86,63,52,7,86,1,94,0
20260708,REH,pp,2,3,1,2,1,1,64,71,76,86,65,42,5,86,3,101,2
20260712,EMB,pp,28,28,28,29,0,2,67,73,78,86,67,48,3,86,5,81,0
20260815,DLH,pp,51,63,22,23,18,19,70,77,74,86,70,46,5,86,0,71,0
20260912,EMB,pp,53,57,46,49,2,2,62,74,71,86,77,64,9,86,1,74,0
20260921,INW,cod,15,51,0,52,5,12,40,55,56,86,60,15,3,86,1,37,0
20260804,EMH,cod,115,118,101,115,11,23,49,65,53,86,45,22,9,86,2,91,1
20260708,ESC,cod,64,68,35,64,0,17,38,71,43,87,71,45,6,87,2,71,1
20260825,LUA,pp,72,81,67,70,12,12,78,82,82,87,75,45,1,87,6,68,4
20260717,PRH,pp,68,82,71,76,14,18,74,80,77,87,90,62,1,87,3,80,1
20260711,LOS,pp,7,7,4,5,3,4,58,66,67,87,47,24,5,87,1,82,1
20260704,MSR,pp,62,75,52,56,19,19,73,79,76,87,80,53,5,87,0,75,0
20260813,PRH,pp,156,166,207,219,8,10,75,82,78,87,78,58,3,87,0,66,0
20260713,IGS,pp,70,625,4,4,4,5,48,59,61,87,54,39,8,87,3,64,1
20260910,INW,cod,49,53,49,62,3,11,55,60,70,87,69,34,4,87,0,70,0
20260705,EMB,pp,83,83,84,85,2,3,74,81,78,87,87,67,2,87,0,91,0
20260830,SDD,pp,77,81,75,75,6,8,51,61,65,87,67,42,16,87,1,117,0
20260804,DLH,pp,70,83,62,63,17,23,68,82,68,87,84,60,9,87,2,88,1
20260910,EMB,pp,50,58,51,53,3,5,73,81,77,87,91,74,4,87,0,69,0
20260803,DLH,pp,68,84,95,98,17,23,74,79,80,87,72,49,2,87,0,89,0
20260808,MSR,pp,124,143,111,116,19,19,72,76,82,88,80,55,3,88,2,91,0
20260703,PRH,pp,91,97,46,48,4,5,81,85,83,88,86,63,0,88,1,62,1
20260725,UNC,pp,,,112,114,,,67,75,74,88,63,46,4,88,3,86,2
20260712,LOS,pp,4,4,4,4,0,1,60,72,66,88,41,26,13,88,8,81,7
20260818,EMH,cod,144,145,100,141,17,30,47,62,56,88,39,8,10,88,4,121,2
20260820,MSR,cod,69,79,65,95,10,29,45,65,50,88,57,32,10,88,0,63,0
20260726,MSR,pp,22,22,18,20,5,6,72,82,78,88,93,55,1,88,1,101,1
20260914,SDD,pp,15,17,11,13,,,71,79,77,88,83,57,6,88,2,80,0
20260811,UNC,pp,,,101,105,,,74,78,80,88,68,45,3,88,2,119,0
20260916,LUA,cod,137,142,14,27,2,24,36,65,44,88,86,56,12,88,2,39,2
20260911,DBL,pp,214,233,289,296,1,2,81,84,85,88,97,63,2,88,0,28,0
20260808,SDD,pp,48,58,13,13,8,8,62,71,73,88,72,54,13,88,1,108,1
20260820,PRH,pp,69,69,90,97,2,4,71,77,77,89,76,39,3,89,2,104,1
20260826,REH,pp,145,150,153,154,4,4,74,80,79,89,76,57,4,89,0,98,0
20260825,AWP,pp,43,43,46,47,2,2,61,74,75,89,70,33,1,89,0,70,0
20260820,DLH,pp,53,58,59,61,9,10,70,80,76,89,82,49,8,89,0,62,0
20260629,AWP,pp,67,73,74,78,5,5,85,88,86,89,94,47,1,89,3,69,2
20260715,PRH,pp,69,82,87,88,15,18,70,78,73,89,68,47,5,89,1,68,1
20260909,SDD,pp,81,91,63,63,6,7,78,84,81,89,75,56,6,89,4,104,1
20260920,BSS,pp,27,47,3,46,0,2,78,88,78,89,252,61,2,89,40,236,1
20260911,KPI,pp,70,72,72,76,0,2,79,84,82,89,87,61,1,89,7,74,5
20260824,TEL,pp,65,88,41,42,14,15,76,82,82,89,81,64,2,89,1,61,1
20260911,INW,cod,44,50,51,56,4,13,57,67,68,89,81,39,8,89,1,46,1
20260812,UNC,pp,,,49,50,0,1,77,82,82,89,87,53,4,89,1,108,0
20260701,MSR,pp,81,102,77,78,23,23,69,77,78,89,62,41,5,89,1,81,0
20260703,REH,pp,197,197,224,231,2,2,79,85,84,90,86,65,2,90,0,107,0
20260919,SAC,pp,97,129,13,93,,,85,87,87,90,77,53,0,90,0,85,0
20260909,EMB,pp,60,63,87,90,4,5,74,79,83,90,80,74,4,90,0,66,0
20260703,MSR,pp,59,76,60,60,18,19,76,82,81,90,68,45,4,90,0,77,0
20260916,MSR,pp,81,106,76,93,17,21,74,87,76,90,84,56,7,90,3,67,1
20260912,INW,cod,74,78,30,34,5,15,59,75,64,90,79,36,15,90,10,101,8
20260918,LKH,pp,46,46,9,47,0,3,72,78,80,90,75,67,1,90,,,
20260907,EMB,pp,83,86,76,79,6,6,78,82,83,90,72,69,3,90,0,149,0
20260719,SWL,pp,3,3,1,1,47,48,65,76,76,90,59,40,6,90,3,182,2
20260827,NEX,pp,10,10,12,12,1,4,83,87,85,90,14,10,2,90,0,132,0
20260706,MSR,pp,131,145,64,71,24,28,63,72,71,90,85,47,6,90,2,86,1
20260711,LOI,cod,136,152,99,122,15,25,57,69,64,90,72,54,5,90,0,82,0
20260815,PRH,pp,8,15,9,9,7,9,74,83,78,90,88,52,4,90,1,76,1
20260809,MSR,pp,37,40,21,21,3,5,74,83,79,91,88,58,5,91,1,68,1
20260915,LKH,pp,47,47,124,142,0,1,66,77,75,91,74,56,4,91,0,120,0
20260829,MSR,cod,62,80,52,68,8,18,47,70,53,91,42,27,16,91,1,47,1
20260709,FLO,cod,78,83,123,165,5,21,51,66,57,91,75,34,6,91,0,96,0
20260712,AWP,pp,36,36,29,29,3,7,84,89,86,91,86,50,0,91,5,75,0
20260713,AWP,pp,62,65,47,48,6,11,85,90,85,91,88,44,1,91,4,86,2
20260707,MSR,pp,60,77,96,98,15,19,79,85,80,91,79,47,6,91,0,86,0
20260919,ALW,cod,56,61,5,60,3,6,73,83,81,91,64,29,2,91,12,73,8
20260628,IGS,pp,0,4,8,8,9,9,75,83,76,91,78,58,7,91,0,66,0
20260814,PRH,pp,61,67,93,95,28,29,79,85,82,91,95,62,2,91,2,64,1
20260824,AWP,pp,51,52,62,62,6,9,84,88,86,91,97,50,1,91,0,63,0
20260703,MOH,pp,42,48,46,49,3,3,86,89,88,91,82,65,1,91,0,53,0
20260721,PRH,pp,66,77,97,103,6,9,74,80,83,91,67,50,5,91,0,71,0
20260628,AWP,pp,39,42,25,25,4,4,79,86,85,92,71,34,1,92,2,86,1
20260731,DLH,pp,71,87,74,79,19,20,82,84,87,92,80,61,2,92,1,74,0
20260724,BSS,pp,307,311,262,274,20,20,86,90,88,92,67,33,2,92,1,113,0
20260719,BSS,pp,27,34,26,26,4,4,80,92,80,92,103,55,12,92,3,105,2
20260718,SWL,cod,,,1,1,1,14,62,82,68,92,82,53,3,92,1,36,1
20260917,LKH,pp,48,49,9,48,0,4,64,77,75,92,67,58,5,92,,,
20260821,FLO,cod,123,125,102,133,33,47,46,68,53,93,61,41,10,93,0,67,0
20260804,MSR,pp,110,138,80,83,31,31,81,87,83,93,89,54,2,93,0,88,0
20260920,MSR,pp,28,40,4,21,10,12,75,83,80,93,86,62,4,93,3,93,2
20260723,UNC,pp,305,305,205,206,0,4,75,83,81,93,72,54,1,93,2,114,0
20260705,SDD,pp,77,83,81,81,7,7,67,78,74,93,87,58,13,93,3,85,1
20260916,EMH,cod,106,106,78,111,8,27,39,64,52,93,52,28,13,93,2,106,0
20260826,MSR,cod,54,72,55,74,9,22,55,80,61,93,81,47,9,93,3,83,2
20260701,EMH,cod,93,95,17,25,7,20,50,76,57,93,100,39,11,93,0,110,0
20260724,REH,pp,91,93,83,84,7,8,78,85,85,93,80,55,3,93,2,129,2
20260904,INW,cod,92,95,104,114,6,13,55,69,65,94,86,25,12,94,4,101,3
20260911,SDD,pp,21,22,18,18,2,4,79,90,81,94,84,64,4,94,2,96,0
20260701,REH,pp,179,183,167,171,,,80,86,85,94,83,63,5,94,1,141,1
20260807,DLH,pp,66,81,69,69,26,28,85,89,86,94,85,61,3,94,2,74,0
20260901,SDD,pp,89,92,137,139,9,9,78,84,86,94,79,64,7,94,1,80,0
20260814,SDD,pp,122,146,162,167,24,27,63,79,72,94,79,59,17,94,0,84,0
20260722,BSS,pp,173,209,168,169,19,19,94,94,94,94,99,61,0,94,4,112,4
20260912,SDD,pp,27,33,23,23,5,6,73,81,84,94,83,64,3,94,1,147,0
20260825,SDH,cod,32,134,19,37,278,300,38,76,41,94,78,38,8,94,1,55,1
20260916,LKH,pp,56,56,38,55,0,2,71,81,79,94,85,64,4,94,1,96,1
20260907,MSR,cod,78,88,52,71,15,36,52,78,57,94,58,42,15,94,3,113,2
20260729,FLO,cod,129,134,108,147,2,13,59,78,65,94,83,47,12,94,0,121,0
20260821,PRH,pp,53,58,49,55,6,7,78,84,84,95,57,35,5,95,2,86,2
20260714,FLO,cod,53,106,43,54,33,46,61,78,66,95,85,52,13,95,1,52,0
20260811,DLH,pp,55,72,74,78,13,18,84,89,88,95,103,69,4,95,2,79,1
20260729,DLH,pp,78,88,81,85,17,17,80,86,86,95,91,69,3,95,0,81,0
20260702,REH,pp,173,174,141,146,1,2,81,85,90,95,87,65,0,95,0,80,0
20260825,MSR,cod,52,66,43,52,9,25,49,77,56,95,78,50,9,95,0,50,0
20260913,MOH,cod,36,36,24,32,1,23,41,66,46,95,80,43,6,95,5,107,3
20260826,EMH,cod,192,192,153,192,3,24,44,68,54,95,67,31,12,95,9,153,9
20260715,EMH,cod,103,108,70,98,6,26,46,77,50,95,99,42,18,95,1,96,0
20260713,PRH,pp,91,103,73,74,10,15,73,82,82,96,87,55,6,96,5,82,3
20260625,MSR,pp,79,101,56,57,25,26,81,93,83,96,89,52,4,96,0,29,0
20260819,EMH,cod,154,162,121,157,12,26,52,67,67,96,139,20,10,96,6,92,2
20260918,SAC,pp,77,78,25,79,0,1,86,89,91,96,105,70,1,96,0,70,0
20260723,MSR,pp,88,101,76,79,18,21,86,92,86,96,85,55,3,96,1,90,1
20260818,FLO,cod,93,97,67,89,26,56,46,72,56,96,65,30,15,96,4,84,1
20260906,MSR,pp,48,52,42,44,3,3,75,86,80,96,99,56,5,96,2,169,2
20260914,KPI,pp,66,66,61,70,2,5,85,91,90,96,81,55,2,96,8,87,1
20260704,EMB,pp,134,135,105,112,2,2,86,92,88,96,95,72,4,96,1,102,1
20260714,EMH,cod,110,110,84,115,4,23,55,78,60,96,48,16,13,96,4,76,2
20260921,SAC,pp,64,163,0,88,2,8,78,82,86,97,83,39,0,97,0,46,0
20260807,IGS,pp,59,84,2,2,0,2,75,81,78,97,82,59,4,97,0,76,0
20260812,IGS,pp,15,57,3,3,7,7,70,77,76,97,75,59,2,97,1,35,1
20260917,MSR,pp,85,103,46,90,17,19,77,86,86,97,78,55,3,97,1,16,0
20260919,IKE,pp,231,231,23,286,12,12,83,88,92,97,100,67,0,97,16,193,0
20260820,LOS,pp,371,374,218,229,1,1,92,96,93,97,116,79,1,97,0,35,0
20260730,DLH,pp,73,86,68,75,11,11,76,85,83,97,87,64,6,97,0,76,0
20260830,MSR,pp,45,55,25,26,16,19,77,92,80,97,92,54,7,97,1,127,0
20260904,MSR,pp,88,105,133,136,13,13,72,81,81,97,70,41,7,97,1,81,0
20260718,REH,pp,74,74,125,125,2,3,88,94,90,97,104,75,2,97,0,66,0
20260711,ESC,cod,49,50,31,49,4,27,36,69,42,97,53,37,10,97,2,72,0
20260815,MSR,pp,25,33,9,12,14,14,77,87,83,97,96,57,6,97,0,88,0
20260710,EMB,pp,40,42,41,43,2,2,86,90,92,97,83,61,3,97,0,88,0
20260819,PRH,pp,43,47,32,33,7,9,76,86,82,97,84,47,8,97,0,92,0
20260727,FLO,cod,151,197,115,159,61,74,62,80,66,97,83,55,12,97,0,84,0
20260801,UNC,pp,,,450,464,1,3,81,85,89,98,70,40,4,98,2,175,1
20260727,MSR,pp,91,101,57,60,16,17,80,88,85,98,82,49,5,98,1,94,0
20260812,SDD,pp,104,117,118,122,29,30,78,88,85,98,102,67,11,98,2,30,1
20260918,DLH,pp,46,53,26,41,9,9,73,87,82,98,91,60,6,98,3,64,2
20260916,LUA,pp,82,91,56,94,8,9,75,88,83,99,70,46,9,99,17,91,13
20260918,MSR,pp,74,101,17,77,15,16,85,92,91,99,103,67,2,99,0,74,0
20260727,REH,pp,115,115,116,117,,,88,89,95,99,96,63,1,99,0,132,0
20260908,DBL,pp,224,230,11,11,4,7,80,85,90,99,51,37,3,99,0,149,0
20260714,PRH,pp,66,73,74,77,18,21,79,89,87,99,79,56,4,99,2,80,1
20260820,FLO,cod,127,133,98,129,18,34,50,78,57,99,54,33,13,99,2,69,1
20260729,SDD,pp,120,135,93,98,14,14,74,82,83,99,84,57,14,99,0,108,0
20260824,MSR,cod,83,87,45,56,11,37,58,74,67,99,75,42,6,99,2,62,2
20260720,SWL,pp,17,23,15,15,5,7,75,85,86,99,79,58,7,99,0,70,0
20260701,UNC,pp,,,618,629,,,80,88,86,99,71,43,5,99,1,149,1
20260824,PRH,pp,64,71,47,48,11,20,83,94,86,99,96,69,3,99,0,73,0
20260814,DLH,pp,62,72,47,48,16,17,84,90,92,100,75,53,4,100,1,91,0
20260704,IGS,pp,374,379,340,348,4,4,62,90,68,100,108,80,21,100,0,60,0
20260822,FLO,cod,137,137,88,120,6,19,49,73,55,100,89,45,15,100,1,67,0
20260718,BSS,pp,116,149,105,105,45,46,94,96,97,100,107,65,0,100,13,123,13
20260710,LOI,cod,154,162,123,154,21,36,62,80,68,100,61,45,8,100,0,100,0
20260716,BSS,pp,120,153,104,104,21,21,95,97,98,100,92,55,1,100,2,121,2
20260704,SDD,pp,104,107,126,132,7,7,80,90,84,100,98,71,10,100,0,75,0
20260910,MSR,pp,96,124,100,107,29,31,88,93,92,101,95,60,2,101,0,61,0
20260629,MSR,pp,101,120,67,69,25,33,77,86,88,101,64,34,4,101,0,96,0
20260820,REH,pp,142,142,149,153,,,82,85,91,101,77,56,4,101,1,85,0
20260813,MSR,pp,120,143,121,123,21,25,85,94,89,101,104,54,6,101,1,82,1
20260627,IOH,pp,62,85,61,61,27,27,82,94,88,101,108,60,10,101,1,41,1
20260903,SDD,pp,81,82,94,95,7,11,82,93,87,101,103,71,8,101,0,65,0
20260704,NEX,pp,6,9,7,7,,,96,98,98,101,77,76,3,101,0,9,0
20260711,IGS,pp,30,33,408,423,,,53,57,65,101,15,10,22,101,24,258,22
20260625,SDD,pp,97,105,92,93,8,11,84,101,85,102,94,69,11,102,0,32,0
20260723,BSS,pp,230,280,228,231,46,46,89,96,95,102,127,55,4,102,0,77,0
20260706,IKE,pp,213,213,186,188,19,19,92,98,96,102,127,83,5,102,0,211,0
20260913,MSR,pp,40,50,14,14,16,18,83,94,87,102,91,61,2,102,5,137,4
20260823,LOS,pp,6,6,5,5,0,2,85,101,85,102,122,74,12,102,3,77,3
20260905,MSR,pp,110,138,95,98,31,36,78,88,91,102,91,61,4,102,1,97,0
20260829,SDD,pp,116,128,102,105,8,8,68,82,81,102,74,51,20,102,3,90,1
20260708,LUA,pp,60,73,76,77,10,12,80,86,87,102,68,41,4,102,6,66,5
20260817,FLO,cod,56,58,57,68,13,29,44,69,52,102,92,37,19,102,2,65,1
20260919,MSR,pp,55,74,10,89,9,9,80,92,88,102,83,55,1,102,3,133,2
20260827,IGS,pp,1,303,1,1,1068,1071,76,84,82,103,75,59,5,103,1,109,1
20260813,SDD,pp,109,130,99,103,2,3,75,91,84,103,76,60,17,103,0,36,0
20260704,FLO,cod,99,103,100,128,4,20,52,76,57,103,75,45,21,103,3,93,2
20260807,MSR,pp,79,101,82,85,22,23,83,96,88,103,77,55,7,103,0,76,0
20260705,IKE,pp,220,220,209,211,,,98,99,102,103,95,71,1,103,1,240,1
20260818,LUA,pp,46,61,46,46,19,19,92,95,97,103,51,36,3,103,1,85,1
20260704,EMH,cod,75,77,54,75,7,23,52,82,59,103,89,39,9,103,0,91,0
20260714,AWP,pp,59,64,65,66,7,7,100,101,102,103,92,60,0,103,1,63,0
20260827,SDH,cod,,,2,4,15,39,36,71,42,103,59,33,12,103,4,73,2
20260702,AWP,pp,118,130,101,107,9,10,92,101,94,103,104,61,1,103,0,87,0
20260709,EMH,cod,98,106,68,98,10,24,64,90,70,104,83,31,5,104,0,74,0
20260720,MSR,pp,157,177,92,100,26,28,87,95,94,104,92,64,3,104,0,84,0
20260904,SDD,pp,86,89,60,62,4,4,83,93,92,104,80,62,8,104,0,58,0
20260711,FLO,cod,26,28,30,35,28,47,51,75,56,104,69,42,12,104,2,77,1
20260704,PRH,pp,91,94,110,115,6,8,72,88,87,104,84,66,2,104,0,87,0
20260905,SDD,pp,80,90,77,84,6,7,89,95,96,104,100,78,6,104,1,80,1
20260628,MSR,pp,25,31,17,18,10,11,88,98,92,104,110,65,4,104,0,86,0
20260730,REH,pp,136,136,133,137,,,86,93,95,104,105,69,2,104,0,84,0
20260716,LVP,pp,6,6,6,6,1,8,87,103,87,104,90,86,1,104,1,156,1
20260724,LOI,cod,115,125,122,137,14,24,72,87,77,105,86,68,12,105,0,137,0
20260915,LUA,pp,92,97,44,77,6,9,84,92,93,105,110,62,4,105,18,67,11
20260826,FLO,cod,130,130,103,132,26,39,53,77,62,105,70,39,9,105,3,84,3
20260625,EMH,cod,83,85,61,83,8,18,64,104,64,105,129,38,18,105,0,45,0
20260906,SDD,pp,103,112,72,73,7,7,86,91,92,105,107,76,6,105,5,205,2
20260816,MSR,pp,35,43,13,13,10,10,83,95,87,105,132,71,11,105,0,128,0
20260804,SDD,pp,76,81,77,77,19,19,72,84,84,105,73,44,18,105,2,75,2
20260729,REH,pp,79,80,76,77,2,4,87,96,92,105,88,71,7,105,0,120,0
20260707,EMB,pp,93,95,90,95,3,4,83,93,91,106,87,60,6,106,2,90,1
20260902,LOI,cod,139,154,145,169,18,34,71,91,79,106,97,68,4,106,0,121,0
20260826,SDD,pp,80,87,47,47,7,9,74,86,86,106,80,59,17,106,2,103,0
20260708,EMB,pp,50,53,49,52,5,6,88,94,98,106,99,67,5,106,1,97,1
20260706,LUA,pp,68,82,54,55,6,8,91,98,95,106,76,53,6,106,15,91,12
20260908,INW,cod,72,73,78,84,2,7,57,71,74,106,68,22,18,106,4,131,1
20260625,UNC,pp,,,204,209,0,1,92,105,93,106,102,71,4,106,0,16,0
20260731,REH,pp,119,119,95,97,,,89,98,95,106,87,66,7,106,0,103,0
20260710,PRH,pp,94,110,110,116,15,17,78,94,88,106,106,72,9,106,0,74,0
20260821,MSR,pp,126,147,123,128,27,30,83,91,93,106,89,52,5,106,3,84,2
20260710,EMH,cod,90,91,66,90,4,16,56,84,66,106,84,33,11,106,1,89,0
20260626,MSR,pp,63,83,81,82,28,29,83,97,89,106,94,58,5,106,0,45,0
20260826,SDH,cod,,,4,10,58,91,42,81,47,107,80,47,13,107,1,72,1
20260711,UNC,pp,,,181,185,,,87,95,96,107,85,56,5,107,1,119,0
20260710,SDD,pp,103,112,116,119,10,11,73,88,83,107,92,57,23,107,4,105,3
20260629,PRH,pp,121,147,145,147,7,7,93,101,97,107,91,74,4,107,0,87,0
20260628,INW,cod,157,162,117,128,5,8,68,83,75,107,138,46,19,107,1,141,0
20260626,SDD,pp,51,54,39,41,5,5,83,96,92,107,94,64,9,107,0,69,0
20260710,ESC,cod,44,50,33,46,5,28,46,80,52,107,77,53,12,107,5,67,3
20260721,MSR,pp,92,120,130,136,17,19,94,99,98,107,127,76,1,107,0,81,0
20260707,SDD,pp,120,131,90,93,7,14,72,88,83,107,71,44,17,107,0,97,0
20260810,REH,pp,189,189,186,192,1,6,89,95,97,107,89,59,4,107,3,103,2
20260819,REH,pp,170,180,151,152,0,1,83,96,90,108,81,55,7,108,2,132,2
20260704,REH,pp,25,27,28,28,2,3,94,105,95,108,113,83,4,108,0,86,0
20260801,REH,pp,60,60,84,85,,,88,96,95,108,100,72,4,108,0,119,0
20260713,BSS,pp,101,127,99,99,40,40,83,85,102,108,103,45,5,108,3,56,2
20260907,SDD,pp,79,83,88,90,9,10,89,100,94,108,87,67,6,108,4,154,2
20260914,MSR,pp,113,125,74,80,27,27,88,99,94,108,102,71,9,108,8,113,3
20260701,SDD,pp,107,110,84,86,4,4,75,86,91,108,78,63,12,108,1,75,0
20260914,DBL,pp,235,243,231,241,5,7,86,97,94,108,98,80,5,108,7,262,5
20260826,IGS,pp,72,897,35,36,17,63,76,81,86,108,58,39,11,108,2,175,0
20260901,MSR,pp,97,112,98,100,30,31,92,98,98,108,111,58,4,108,1,105,0
20260715,FLO,cod,2,7,4,6,4,49,74,95,77,108,62,34,14,108,1,48,0
20260807,SDD,pp,204,237,175,184,13,18,77,91,90,109,88,70,12,109,0,107,0
20260908,EMB,pp,69,73,70,74,3,5,94,101,98,109,102,96,8,109,0,111,0
20260714,UNC,pp,,,228,236,,,90,100,96,109,94,50,5,109,5,125,3
20260718,IGS,pp,11,16,21,21,545,549,60,75,78,109,97,45,11,109,0,90,0
20260831,IKE,pp,202,202,171,172,,,105,106,108,109,92,83,0,109,0,140,0
20260819,MSR,pp,102,133,121,128,15,17,90,97,100,109,95,52,4,109,3,117,1
20260827,MSR,pp,138,161,103,104,25,27,100,103,104,109,118,69,2,109,1,121,1
20260827,EMH,cod,135,135,102,135,4,22,64,90,71,109,190,46,10,109,8,99,1
20260703,FLO,cod,149,152,102,128,0,11,54,74,63,109,63,35,18,109,1,102,0
20260628,SDD,pp,65,69,62,64,3,3,84,98,88,109,111,74,15,109,2,100,1
20260912,DBL,pp,238,240,199,206,7,8,89,98,93,110,79,62,4,110,1,66,0
20260706,SDD,pp,104,111,94,104,9,14,82,96,88,110,107,68,17,110,2,91,1
20260811,MSR,pp,128,155,130,137,24,25,101,108,102,110,93,60,3,110,1,75,1
20260915,SDD,pp,14,14,19,19,1,5,87,96,94,110,82,65,5,110,0,18,0
20260628,LOI,cod,102,106,92,102,4,16,67,94,73,110,104,71,10,110,4,121,1
20260909,MSR,pp,126,145,119,126,17,19,93,106,95,110,100,69,7,110,5,139,3
20260816,SDD,pp,231,244,133,135,13,13,76,92,90,111,103,69,14,111,1,93,1
20260722,EMH,cod,93,98,62,93,10,29,60,82,68,111,98,34,7,111,1,99,0
20260709,LOI,cod,96,204,75,92,115,140,58,89,62,111,90,68,14,111,5,126,1
20260911,EMB,pp,47,51,41,43,6,7,95,104,99,111,101,91,4,111,1,79,0
20260809,INW,cod,152,155,103,112,3,7,83,99,87,111,124,59,11,111,8,160,3
20260731,LOI,cod,160,180,146,164,16,28,78,97,85,111,101,87,9,111,0,121,0
20260824,FLO,cod,279,292,230,286,296,309,65,92,72,111,108,58,12,111,1,62,0
20260723,EMH,cod,102,104,71,102,6,25,70,93,74,112,118,44,8,112,4,86,0
20260711,PRH,pp,61,75,44,44,18,19,91,98,100,112,114,73,5,112,1,103,1
20260912,MSR,pp,64,79,62,62,17,17,96,102,104,112,102,64,4,112,2,150,0
20260917,NEX,pp,19,23,8,60,,,112,112,112,112,108,108,0,112,0,1,0
20260812,DLH,pp,55,69,54,56,21,22,86,102,93,112,106,69,9,112,3,78,2
20260703,EMB,pp,98,101,91,91,2,4,102,103,106,112,100,84,3,112,2,98,2
20260720,HLL,pp,,,56,57,,,103,109,106,112,119,89,0,112,,,
20260628,IOH,pp,10,10,6,6,2,2,90,109,90,112,135,63,20,112,0,35,0
20260726,LOI,cod,94,104,84,90,6,22,70,95,76,113,117,81,8,113,1,131,0
20260717,SWL,pp,23,33,37,37,9,11,99,109,101,113,131,91,3,113,0,34,0
20260819,FLO,cod,59,60,59,75,31,50,56,86,65,113,84,42,15,113,3,93,2
20260805,IGS,pp,5,8,4,4,5,5,74,91,81,113,101,77,17,113,1,114,1
20260630,IGS,pp,78,80,149,150,2,7,93,101,101,113,114,80,2,113,0,56,0
20260904,LOI,cod,104,120,67,80,8,14,91,104,95,113,104,81,5,113,0,101,0
20260802,SDD,pp,89,100,98,98,4,5,87,96,96,113,112,76,10,113,1,100,0
20260826,UNC,pp,,,30,30,0,1,99,107,103,113,114,83,2,113,1,43,1
20260805,EMH,cod,107,112,88,107,8,47,56,82,71,113,113,50,10,113,2,77,0
20260801,AWP,pp,59,62,62,71,,,70,91,92,113,89,56,0,113,3,78,0
20260706,FLO,cod,36,37,32,41,9,21,53,84,61,113,115,55,24,113,5,95,3
20260805,REH,pp,111,111,123,125,2,9,75,91,91,113,73,56,4,113,1,111,1
20260625,IGS,pp,146,152,145,147,20,20,105,113,105,113,51,34,7,113,0,25,0
20260828,FLO,cod,176,177,146,190,1,16,65,90,70,113,143,59,12,113,3,71,1
20260725,BSS,pp,304,315,344,345,21,21,105,108,110,113,88,49,3,113,0,100,0
20260910,LOI,cod,150,176,125,146,19,34,78,100,83,114,96,82,11,114,0,104,0
20260722,MSR,pp,107,130,99,101,16,17,96,101,105,114,91,58,1,114,1,80,1
20260818,PRH,pp,72,75,86,87,8,10,92,104,101,114,93,52,5,114,3,141,2
20260728,FLO,cod,170,227,122,166,2,27,70,98,77,114,102,66,11,114,1,83,0
20260902,MSR,pp,98,119,98,101,30,32,93,107,97,114,98,56,5,114,1,92,1
20260808,REH,pp,107,108,104,104,1,2,95,103,103,114,108,78,2,114,0,94,0
20260907,MSR,pp,137,155,128,132,15,20,90,97,99,114,99,60,4,114,2,157,1
20260831,INM,pp,278,279,111,115,1,2,105,110,108,114,140,58,3,114,1,34,0
20260813,REH,pp,157,157,111,113,1,1,105,111,107,115,131,82,6,115,0,88,0
20260711,INW,cod,165,170,157,172,10,20,71,93,80,115,120,44,16,115,4,110,0
20260801,LOI,cod,134,140,137,156,14,23,85,104,88,115,117,92,7,115,0,110,0
20260717,BSS,pp,101,120,111,111,16,20,107,113,109,115,113,66,1,115,0,130,0
20260827,REH,pp,150,152,137,138,1,2,94,105,104,115,118,78,5,115,1,99,0
20260712,KIC,cod,14,16,11,12,3,18,74,97,78,116,123,51,12,116,3,95,2
20260728,REH,pp,125,127,123,124,0,3,101,112,103,116,98,72,4,116,0,85,0
20260828,INW,cod,96,101,69,74,8,13,75,95,78,116,115,41,30,116,2,85,1
20260823,REH,pp,26,26,14,15,9,9,97,104,103,116,100,72,5,116,0,99,0
20260629,IGS,pp,90,97,19,20,12,13,102,105,105,116,111,89,7,116,1,34,0
20260831,UNC,pp,,,50,50,2,9,90,100,99,116,70,52,4,116,0,171,0
20260713,EMH,cod,191,192,138,185,5,35,66,90,72,116,69,19,12,116,0,93,0
20260702,EMB,pp,96,97,122,122,1,2,97,108,103,116,119,92,5,116,0,59,0
20260828,MOH,cod,36,39,51,71,2,34,58,93,66,116,89,38,11,116,10,104,4
20260814,REH,pp,73,73,131,136,,,97,104,105,117,91,61,6,117,2,156,1
20260805,DLH,pp,62,74,62,68,13,15,100,108,105,117,111,85,3,117,2,103,0
20260911,MSR,pp,87,113,108,112,17,18,100,106,106,117,111,68,3,117,3,116,3
20260728,EMH,cod,120,125,110,136,9,36,63,97,71,117,85,40,15,117,1,101,0
20260630,REH,pp,75,76,72,75,2,4,92,99,104,117,77,61,1,117,0,128,0
20260910,EMH,cod,119,121,92,119,3,31,66,91,76,118,141,55,12,118,0,7,0
20260630,SDD,pp,93,101,84,86,10,13,81,94,96,118,91,67,15,118,0,92,0
20260903,MSR,pp,146,161,98,100,18,18,90,101,98,118,101,67,8,118,1,94,0
20260711,KIC,cod,107,110,105,132,5,19,73,91,80,118,89,43,9,118,7,117,5
20260801,SDD,pp,99,106,77,79,14,16,84,98,96,118,93,70,14,118,2,96,0
20260712,SDD,pp,106,116,91,94,8,9,79,93,94,118,104,68,19,118,4,83,1
20260811,REH,pp,130,130,128,130,0,2,104,110,108,118,118,73,5,118,0,85,0
20260817,LUA,pp,65,71,69,72,7,7,98,102,110,118,103,55,6,118,2,61,0
20260703,EMH,cod,86,89,66,87,9,33,64,94,73,118,80,42,9,118,0,126,0
20260730,KIC,cod,242,252,189,229,23,34,83,98,92,118,117,41,9,118,7,139,3
20260902,REH,pp,177,177,199,207,1,2,98,107,108,119,103,74,3,119,1,162,0
20260812,EMH,cod,109,112,92,109,8,27,65,100,72,119,93,35,16,119,1,130,1
20260714,SDD,pp,142,151,152,157,10,13,78,97,88,119,107,64,22,119,0,84,0
20260715,IGS,pp,100,103,86,94,9,9,83,99,94,119,103,66,8,119,0,40,0
20260830,MOH,cod,49,54,66,87,2,20,55,87,61,119,90,48,11,119,3,113,0
20260712,LOI,cod,119,126,114,134,18,26,83,104,88,119,123,92,10,119,3,86,2
20260720,KIC,cod,194,204,174,200,2,29,67,92,73,119,103,50,15,119,1,101,1
20260728,SDD,pp,133,139,105,107,10,14,89,99,102,119,87,63,14,119,0,136,0
20260715,LOI,cod,107,120,118,138,11,31,79,103,85,119,117,84,2,119,0,109,0
20260825,FLO,cod,182,263,147,182,39,106,60,93,69,120,98,51,14,120,2,86,1
20260824,REH,pp,199,199,167,168,2,13,98,105,108,120,106,78,5,120,1,88,0
20260710,FLO,cod,89,138,72,94,7,17,66,90,78,120,50,26,14,120,1,60,0
20260901,REH,pp,217,218,209,213,1,4,97,104,109,120,88,64,5,120,0,121,0
20260706,REH,pp,12,14,12,12,4,6,95,104,101,120,131,71,8,120,2,114,0
20260831,MSR,pp,111,139,115,123,24,32,97,104,111,120,96,62,4,120,4,102,1
20260706,EMH,cod,179,179,144,181,4,26,68,90,77,120,79,22,13,120,0,82,0
20260711,EMH,cod,55,56,42,55,5,21,69,92,77,120,93,41,9,120,0,92,0
20260627,MSR,pp,52,72,73,75,19,22,98,108,104,120,106,67,7,120,0,67,0
20260711,SDD,pp,115,124,119,123,8,13,72,95,90,121,91,60,19,121,1,100,1
20260814,FLO,cod,63,65,52,60,5,16,69,91,75,121,63,31,20,121,3,126,1
20260908,MSR,pp,131,147,138,147,24,28,110,113,116,121,105,64,2,121,2,202,2
20260709,SDD,pp,86,96,76,78,5,7,80,99,93,121,102,69,19,121,2,123,1
20260629,SDD,pp,80,87,72,76,4,6,80,101,94,121,91,67,22,121,1,95,1
20260721,EMH,cod,104,105,84,104,4,30,67,97,77,121,58,28,12,121,2,89,0
20260725,MSR,pp,53,67,61,61,14,15,109,113,114,121,97,68,3,121,1,119,1
20260709,EMB,pp,51,53,53,53,2,2,104,110,112,121,102,73,3,121,2,127,1
20260917,MOH,cod,81,103,24,93,9,40,51,87,56,121,86,51,14,121,4,53,1
20260903,LOI,cod,131,144,104,119,14,21,98,108,105,121,109,92,5,121,2,121,2
20260901,MOH,cod,124,133,104,156,16,50,60,95,71,122,123,59,8,122,5,115,1
20260813,DLH,pp,44,56,48,49,19,19,94,107,103,122,110,66,12,122,2,101,2
20260713,LOI,cod,136,149,91,100,7,29,77,100,86,122,91,72,10,122,1,92,1
20260909,EMH,cod,102,102,81,103,1,17,64,92,76,122,79,37,17,122,4,160,1
20260627,SDD,pp,94,98,102,104,6,6,101,108,109,122,98,77,11,122,2,90,1
20260909,INW,cod,61,82,56,70,19,23,75,91,85,122,63,38,20,122,3,88,2
20260728,IGS,pp,1,7,2,2,0,9,94,107,98,122,116,100,10,122,0,40,0
20260828,REH,pp,93,93,122,125,0,1,105,114,109,122,119,87,5,122,0,77,0
20260626,LOI,cod,161,167,120,133,11,24,80,105,86,122,122,88,8,122,1,62,1
20260826,MSR,pp,99,128,132,134,27,29,105,111,113,122,95,68,3,122,1,111,0
20260902,INW,cod,144,169,119,135,24,34,78,101,85,123,107,46,17,123,2,115,2
20260921,MOH,cod,107,194,0,135,38,84,50,90,60,123,85,42,3,123,3,77,3
20260712,PRH,pp,47,47,35,37,2,5,99,111,106,123,107,77,6,123,5,118,3
20260803,EMH,cod,207,211,195,263,5,18,56,86,73,123,58,29,11,123,1,85,1
20260717,IKE,pp,206,207,194,200,,,97,107,113,123,87,79,0,123,0,236,0
20260828,KIC,cod,50,53,50,52,3,18,77,104,81,123,205,68,17,123,11,231,5
20260720,EMH,cod,199,201,163,199,8,39,60,98,69,123,98,39,12,123,2,92,0
20260822,REH,pp,132,136,124,128,3,4,97,108,108,123,113,84,7,123,0,100,0
20260719,KIC,cod,62,64,52,58,5,11,89,105,94,123,133,66,8,123,6,113,4
20260901,LUA,pp,78,93,60,65,15,18,108,116,111,123,105,77,6,123,5,58,2
20260824,LOS,pp,18,19,19,19,2,6,100,108,110,123,107,69,5,123,3,92,0
20260715,BSS,pp,101,117,119,123,9,11,117,122,118,123,136,89,1,123,11,63,0
20260814,MOH,cod,135,150,118,170,15,46,37,79,46,123,81,30,8,123,10,107,4
20260802,REH,pp,129,130,115,122,2,3,102,112,108,123,122,90,6,123,2,89,0
20260909,MOH,cod,105,134,68,94,14,44,58,93,61,124,107,67,21,124,20,206,15
20260901,LOI,cod,156,172,128,142,13,27,89,105,100,124,105,80,4,124,4,151,4
20260718,EMH,cod,97,97,76,98,3,25,65,104,72,124,85,33,18,124,1,111,1
20260828,IKE,pp,164,227,172,173,,,108,116,112,124,130,88,7,124,1,255,1
20260814,MSR,pp,94,106,157,162,18,20,106,118,111,124,97,63,4,124,3,80,1
20260816,PRH,pp,28,34,24,25,3,7,108,118,109,124,141,91,9,124,0,82,0
20260722,UNC,pp,103,136,432,438,0,2,104,112,111,124,120,77,3,124,1,74,1
20260725,LOI,cod,116,127,90,100,11,20,86,108,94,124,116,93,11,124,1,77,1
20260629,EMH,cod,175,176,131,174,7,30,66,96,74,124,73,39,8,124,0,97,0
20260820,MSR,pp,119,144,150,152,22,22,101,114,109,125,105,62,9,125,1,127,0
20260812,REH,pp,214,214,185,186,,,113,118,119,125,103,79,2,125,0,116,0
20260809,MOH,cod,21,22,19,27,1,28,38,89,41,125,104,47,20,125,3,137,2
20260822,MSR,pp,98,123,101,103,36,36,95,109,102,125,114,71,9,125,3,91,2
20260625,REH,pp,100,102,80,81,1,1,109,121,113,125,103,82,1,125,0,32,0
20260906,MOH,cod,54,54,33,59,0,16,57,90,69,125,100,50,19,125,13,225,11
20260827,SDD,pp,76,83,86,88,14,15,95,108,104,125,106,83,19,125,2,88,0
20260702,INW,cod,167,173,146,161,4,18,95,115,97,125,112,63,9,125,4,106,1
20260902,MOH,cod,126,140,70,114,6,30,59,99,63,126,90,52,14,126,2,95,0
20260715,MSR,pp,125,151,101,103,17,18,116,121,120,126,73,48,1,126,0,52,0
20260917,LUA,cod,30,32,8,29,7,30,66,104,73,126,85,71,7,126,3,131,0
20260720,BSS,pp,100,123,97,100,23,24,99,110,112,126,88,53,9,126,0,92,0
20260829,MSR,pp,95,116,120,130,15,15,114,120,115,126,85,51,3,126,1,97,1
20260806,DLH,pp,70,86,58,62,12,18,107,116,112,126,113,85,3,126,2,61,1
20260806,IGS,pp,0,4,120,126,13,14,82,91,97,127,80,62,8,127,0,126,0
20260818,REH,pp,124,124,120,121,,,97,108,109,127,89,61,6,127,2,101,0
20260810,EMH,cod,259,260,205,259,1,25,72,103,85,127,87,26,19,127,2,131,1
20260816,INW,cod,79,80,123,131,1,12,72,101,86,127,106,50,21,127,5,114,1
20260817,SDD,pp,121,125,196,206,17,20,91,106,105,127,114,76,16,127,1,125,0
20260814,EMH,cod,111,112,77,111,1,10,85,107,93,127,149,32,8,127,3,99,2
20260825,REH,pp,153,153,170,172,0,2,107,117,114,128,120,94,3,128,0,93,0
20260717,EMH,cod,94,94,64,93,6,21,86,112,91,128,94,39,14,128,1,87,1
20260813,EMH,cod,117,118,95,117,6,31,79,101,87,128,134,42,14,128,2,94,0
20260801,EMH,cod,99,101,29,44,2,23,72,104,78,128,88,42,11,128,0,106,0
20260803,REH,pp,67,67,55,56,2,5,109,116,117,129,110,88,9,129,0,90,0
20260730,EMH,cod,101,102,85,101,1,21,73,109,76,129,146,52,18,129,3,74,2
20260806,REH,pp,122,122,130,130,0,3,100,113,109,129,123,90,7,129,0,123,0
20260717,KIC,cod,134,139,148,159,2,24,68,103,74,130,104,53,19,130,3,108,1
20260716,KIC,cod,129,132,124,144,28,46,88,101,97,130,89,38,12,130,9,131,7
20260627,EMH,cod,88,89,62,88,7,32,76,111,86,130,93,36,5,130,0,56,0
20260725,SDD,pp,102,111,92,95,3,6,89,105,101,130,97,68,22,130,3,93,1
20260729,EMH,cod,93,93,66,93,2,21,81,105,91,130,120,52,10,130,1,102,1
20260731,SDD,pp,71,76,78,78,18,23,98,112,107,130,93,76,18,130,0,107,0
20260727,EMH,cod,236,239,162,222,11,37,70,100,82,130,97,44,15,130,0,94,0
20260825,LOS,pp,165,167,31,31,0,2,100,118,107,131,113,66,9,131,1,98,1
20260911,MOH,cod,99,110,65,94,11,40,66,98,75,131,130,63,12,131,5,88,3
20260625,LOI,cod,120,124,95,107,19,37,92,130,92,131,99,77,9,131,0,58,0
20260906,FLO,cod,60,60,79,104,0,13,72,101,84,131,114,75,17,131,6,292,4
20260822,BSS,pp,275,295,297,297,27,27,128,128,131,131,227,77,0,131,12,275,12
20260827,LOS,pp,20,21,31,32,2,4,100,112,113,131,96,70,7,131,2,76,1
20260831,MOH,cod,209,224,122,196,19,63,61,104,70,131,82,53,13,131,5,120,2
20260803,SDD,pp,98,109,104,109,8,10,99,115,106,132,133,86,19,132,2,100,1
20260630,INW,cod,61,67,85,94,5,9,87,112,103,132,100,44,15,132,0,125,0
20260817,EMH,cod,396,396,311,397,1,35,59,89,74,132,49,10,20,132,2,112,1
20260816,MOH,cod,84,87,20,34,5,32,56,100,66,132,98,42,16,132,13,105,4
20260804,REH,pp,163,164,149,152,0,2,111,123,116,132,134,98,6,132,1,119,0
20260708,SDD,pp,104,107,104,107,6,9,103,116,113,133,121,87,15,133,1,93,0
20260901,INW,cod,82,89,97,115,4,7,86,102,101,133,94,48,17,133,3,168,0
20260719,REH,pp,171,178,168,169,3,3,121,130,122,133,148,103,6,133,3,89,2
20260913,BSS,pp,52,56,181,182,9,11,112,133,112,133,550,81,21,133,195,675,25
20260704,INW,cod,127,138,132,151,5,17,88,118,93,133,131,72,18,133,1,117,0
20260904,REH,pp,191,192,167,172,0,1,114,124,121,133,123,97,5,133,0,114,0
20260723,LOI,cod,123,137,113,132,12,26,102,117,108,133,104,87,4,133,2,114,1
20260909,LOI,cod,139,165,121,159,9,21,88,103,103,133,105,83,6,133,5,160,3
20260817,PRH,pp,120,134,83,91,37,43,115,124,118,133,126,75,5,133,2,118,1
20260917,REH,pp,211,211,156,224,0,4,112,119,119,133,111,89,5,133,,,
20260908,LOI,cod,172,190,103,126,13,20,87,108,100,133,97,81,15,133,1,142,1
20260709,INW,cod,114,117,66,80,10,19,93,110,107,133,107,47,8,133,2,116,2
20260723,SDD,pp,120,128,133,135,16,19,95,109,111,134,98,69,15,134,2,135,0
20260718,KIC,cod,130,133,98,105,5,10,91,110,98,134,74,39,8,134,5,84,1
20260908,MOH,cod,99,114,72,120,14,57,43,90,54,134,69,39,19,134,6,126,4
20260903,MOH,cod,107,115,60,98,15,52,64,104,69,134,139,65,16,134,3,96,2
20260921,REH,pp,169,171,0,175,1,2,105,118,118,134,118,62,5,134,0,108,0
20260912,REH,pp,305,306,312,320,0,1,102,120,114,134,142,94,4,134,4,174,4
20260802,LOI,cod,137,146,100,111,7,16,93,116,103,134,120,94,8,134,2,122,0
20260911,REH,pp,185,185,178,181,0,1,115,123,123,134,129,97,3,134,0,174,0
20260723,KIC,cod,147,159,147,169,7,15,103,118,110,134,100,47,6,134,7,112,1
20260721,LOI,cod,133,146,122,137,13,40,93,116,106,135,121,90,7,135,1,137,0
20260707,FLO,cod,85,96,63,82,1,12,69,97,84,135,109,54,25,135,0,83,0
20260912,LOI,cod,119,131,110,128,10,21,93,111,107,135,113,89,3,135,0,128,0
20260703,INW,cod,167,174,116,134,8,18,95,110,106,135,96,54,8,135,2,118,0
20260722,KIC,cod,157,163,155,171,3,16,91,110,103,135,130,58,7,135,2,96,1
20260813,MOH,cod,122,135,67,95,24,60,53,91,60,135,104,46,18,135,12,145,7
20260730,FLO,cod,175,192,133,168,3,24,88,113,95,135,130,84,11,135,3,119,2
20260716,SDD,pp,139,146,154,160,9,11,83,104,104,135,108,77,22,135,0,108,0
20260919,REH,pp,148,149,31,226,,,115,124,122,135,123,92,1,135,2,129,1
20260708,INW,cod,83,88,85,97,2,12,92,119,98,135,101,53,16,135,3,116,1
20260819,SDD,pp,96,111,67,71,12,17,93,106,109,135,116,74,19,135,0,105,0
20260731,FLO,cod,144,144,131,175,32,47,92,118,97,136,120,76,14,136,4,116,0
20260818,INW,cod,215,225,137,151,26,37,97,108,112,136,117,36,7,136,2,126,1
20260905,INW,cod,74,95,62,67,19,22,99,115,108,136,145,62,16,136,2,83,0
20260708,UNC,pp,,,123,126,,,105,115,117,136,105,62,6,136,4,236,2
20260716,EMH,cod,87,87,67,93,5,31,82,113,94,136,143,61,9,136,3,77,0
20260721,IGS,pp,4,30,2,2,1,2,66,87,98,136,73,52,34,136,0,84,0
20260818,MSR,pp,141,165,132,133,23,26,111,121,119,136,93,45,9,136,2,136,0
20260723,REH,pp,156,156,167,171,1,4,118,125,128,136,112,84,2,136,0,138,0
20260824,NEX,pp,20,22,73,76,38,38,85,131,89,136,167,89,5,136,1,30,1
20260903,INW,cod,119,125,116,125,7,17,84,108,96,136,91,42,18,136,0,82,0
20260708,FLO,cod,128,135,31,48,1,20,73,104,84,136,83,51,13,136,1,102,0
20260910,IKE,pp,157,157,152,161,4,4,127,129,132,137,157,120,3,137,24,197,24
20260725,REH,pp,147,147,147,152,1,2,111,126,121,137,123,98,7,137,2,112,1
20260720,SDD,pp,127,133,94,97,10,17,87,104,108,137,88,63,20,137,4,115,3
20260729,LOI,cod,110,117,90,105,6,19,100,119,110,138,112,96,12,138,1,124,0
20260802,BSS,pp,46,47,36,36,1,8,105,128,109,138,261,64,20,138,11,178,2
20260625,FCL,cod,206,212,152,187,29,36,119,138,119,138,141,60,7,138,0,43,0
20260913,LOI,cod,132,150,106,122,46,65,82,120,88,138,124,101,15,138,4,208,3
20260915,MSR,pp,106,132,113,136,20,23,112,118,128,138,112,84,2,138,4,110,2
20260722,SDD,pp,102,120,87,91,17,23,93,112,108,138,124,87,22,138,2,83,0
20260826,LOS,pp,30,30,153,155,4,7,114,124,124,139,120,77,5,139,0,85,0
20260702,EMH,cod,86,87,115,153,3,21,83,109,95,139,97,52,12,139,1,77,0
20260626,REH,pp,114,114,137,138,4,5,123,132,128,139,138,112,5,139,0,58,0
20260829,REH,pp,179,180,135,138,,,118,126,126,139,143,94,4,139,0,78,0
20260807,EMH,cod,95,100,72,95,8,29,86,116,93,139,99,42,9,139,1,85,0
20260919,MOH,cod,75,87,7,72,3,34,59,114,69,139,124,85,7,139,5,93,3
20260724,EMH,cod,102,102,80,95,7,24,88,122,94,139,104,42,19,139,2,89,1
20260710,INW,cod,124,129,103,124,4,16,88,112,103,139,112,50,13,139,4,136,3
20260915,EMH,cod,120,120,232,305,0,31,69,113,83,139,74,41,22,139,4,101,2
20260920,MOH,cod,28,45,1,56,2,28,59,103,69,139,110,64,10,139,0,90,0
20260815,MOH,cod,9,13,6,8,4,31,55,104,62,139,102,38,16,139,8,97,4
20260717,SDD,pp,107,123,109,115,10,13,98,116,114,140,117,84,20,140,1,114,1
20260807,REH,pp,107,107,113,114,0,3,119,126,128,140,123,98,4,140,2,90,2
20260722,IGS,pp,0,5,3,3,5,5,94,97,122,140,32,27,11,140,0,64,0
20260701,INW,cod,77,87,86,98,14,23,102,118,111,140,103,48,12,140,4,117,1
20260811,INW,cod,130,136,144,153,4,19,93,126,101,140,147,64,10,140,6,112,3
20260817,REH,pp,103,108,111,112,0,2,111,121,123,140,135,85,6,140,1,169,0
20260921,EMH,cod,139,139,0,140,2,37,74,112,84,140,88,28,5,140,2,50,0
20260906,INW,cod,51,53,54,56,2,8,88,127,92,140,105,56,33,140,15,182,7
20260628,NAH,cod,169,169,97,148,0,24,52,93,60,140,119,35,29,140,4,106,0
20260721,BSS,pp,135,159,144,144,15,15,130,130,141,141,120,80,0,141,1,117,1
20260814,LOI,cod,189,214,162,186,18,32,100,124,105,141,140,101,13,141,6,143,2
20260718,SDD,pp,94,107,99,106,16,18,101,117,115,141,126,85,20,141,1,110,1
20260714,KIC,cod,118,124,96,119,11,27,85,111,94,141,123,59,13,141,5,97,2
20260717,INW,cod,135,148,153,175,26,36,106,124,112,141,137,59,12,141,1,126,1
20260816,FCL,cod,182,188,139,161,29,42,102,125,110,141,126,45,9,141,7,153,3
20260805,SDD,pp,35,36,34,34,3,11,109,123,119,141,120,89,14,141,1,97,0
20260627,REH,pp,93,96,90,91,2,2,125,132,131,141,134,106,2,141,1,79,1
20260811,EMH,cod,117,119,102,117,7,36,84,115,96,141,91,33,10,141,3,124,0
20260724,KIC,cod,134,141,103,118,29,58,97,116,107,141,116,59,13,141,7,114,2
20260627,LOI,cod,139,149,125,146,5,16,99,120,108,141,106,87,7,141,1,100,1
20260713,SDD,pp,110,122,101,107,9,12,106,119,116,141,110,83,20,141,2,114,1
20260906,LOI,cod,114,136,80,94,15,30,100,131,106,142,139,106,6,142,10,254,5
20260718,LOI,cod,122,133,114,130,14,24,92,117,103,142,129,94,14,142,1,115,1
20260822,SDD,pp,108,118,101,103,15,15,84,108,107,142,94,69,28,142,5,165,2
20260905,LOI,cod,108,128,127,141,14,32,104,130,109,142,138,106,9,142,0,124,0
20260707,INW,cod,166,168,154,170,4,20,92,117,102,142,133,71,14,142,3,146,1
20260823,SDD,pp,91,96,105,108,3,4,92,112,111,142,123,85,25,142,1,121,1
20260702,FLO,cod,127,285,95,121,1,23,81,112,92,142,74,52,15,142,2,117,1
20260911,EMH,cod,101,103,77,102,6,21,96,121,103,142,105,49,11,142,8,181,0
20260724,SDD,pp,110,118,100,102,10,12,103,123,113,143,132,92,24,143,0,107,0
20260714,BSS,pp,123,123,143,145,8,9,136,138,137,143,115,75,4,143,4,78,4
20260914,MOH,cod,133,140,93,141,10,48,53,106,61,143,104,61,15,143,3,133,0
20260908,IKE,pp,166,166,181,183,,,136,138,141,143,162,107,0,143,25,497,7
20260808,EMH,cod,125,129,102,125,4,22,79,118,86,143,108,51,17,143,1,122,1
20260707,REH,pp,6,8,5,6,1,5,110,127,122,143,107,71,8,143,2,121,2
20260705,INW,cod,103,104,84,96,6,24,86,118,96,143,141,73,21,143,3,122,0
20260804,LOI,cod,149,176,127,144,18,31,87,116,93,143,117,97,18,143,2,140,2
20260707,LOS,pp,12,12,29,29,10,12,116,139,117,143,211,129,9,143,1,133,1
20260826,INW,cod,139,144,140,157,1,10,95,113,116,143,105,47,12,143,2,130,0
20260912,EMH,cod,107,107,73,107,5,25,89,123,99,143,112,53,11,143,1,127,1
20260910,UNC,pp,288,288,411,420,,,134,139,136,143,150,133,4,143,,,
20260907,EMH,cod,199,204,159,200,10,50,54,101,73,143,132,45,18,143,1,96,0
20260809,NKD,cod,351,353,314,337,0,12,95,125,100,143,166,55,27,143,14,247,11
20260803,IKE,pp,262,264,238,238,1,1,128,131,140,143,143,124,2,143,2,185,2
20260725,EMH,cod,116,116,99,123,0,23,83,119,95,144,106,59,11,144,0,90,0
20260731,BSS,pp,339,341,285,286,3,7,132,140,136,144,175,107,3,144,0,276,0
20260715,SDD,pp,127,141,85,88,10,15,94,118,112,144,100,74,26,144,0,123,0
20260910,DBL,pp,215,220,255,260,6,8,127,134,134,144,133,113,1,144,6,403,3
20260918,REH,pp,168,168,40,85,1,3,125,135,130,144,137,106,6,144,,,
20260918,LOI,cod,116,125,38,120,12,33,100,133,106,144,141,105,9,144,0,75,0
20260710,UNC,pp,185,185,300,306,,,111,120,127,144,96,63,5,144,2,179,0
20260909,REH,pp,169,174,164,168,1,7,122,132,128,144,137,112,4,144,2,183,0
20260810,INW,cod,91,96,89,97,11,26,106,121,122,144,131,56,7,144,4,115,2
20260920,LOI,cod,109,127,3,95,8,28,89,126,95,145,146,100,10,145,4,164,1
20260722,LOI,cod,102,114,100,120,11,28,101,125,108,145,123,94,9,145,0,128,0
20260908,REH,pp,172,172,177,181,1,6,118,129,129,145,115,97,6,145,3,232,1
20260803,LOI,cod,168,177,167,193,6,23,108,129,112,145,124,104,14,145,0,127,0
20260909,AWP,cod,168,179,131,151,15,23,114,136,120,145,222,60,9,145,23,205,12
20260819,INW,cod,93,97,179,186,4,16,102,128,108,146,168,60,23,146,3,86,2
20260730,LOI,cod,136,152,106,125,8,21,109,130,120,146,123,114,7,146,0,117,0
20260704,IKE,pp,139,139,174,174,4,7,134,144,136,146,159,125,6,146,0,95,0
20260726,SDD,pp,122,141,121,127,7,7,108,126,120,146,141,101,21,146,1,105,0
20260806,SDD,pp,0,1,17,17,5,12,102,121,120,146,101,81,18,146,1,101,0
20260715,KIC,cod,151,152,116,141,9,65,88,114,99,147,109,48,14,147,4,113,2
20260726,KIC,cod,13,13,12,16,9,16,106,123,115,147,149,62,12,147,5,135,2
20260918,EMH,cod,95,98,43,95,4,33,100,132,103,147,133,53,9,147,,,
20260818,SDD,pp,125,140,105,105,40,43,102,125,112,147,113,81,26,147,0,148,0
20260717,UNC,pp,90,91,108,112,0,1,120,128,132,147,125,91,6,147,1,185,0
20260701,IOH,pp,36,49,49,49,12,13,135,137,144,147,111,73,1,147,0,107,0
20260715,INW,cod,165,174,140,154,10,17,106,131,114,148,146,65,19,148,2,118,1
20260820,EMH,cod,147,149,107,147,8,28,91,131,97,148,174,35,19,148,1,81,0
20260627,INW,cod,72,72,65,71,5,15,109,127,116,148,114,61,20,148,2,110,2
20260817,MSR,pp,205,243,162,166,32,36,113,127,126,148,129,63,12,148,0,122,0
20260626,EMH,cod,77,79,61,77,19,51,87,126,94,148,106,45,11,148,0,60,0
20260825,SDD,pp,75,87,97,99,10,15,93,116,119,148,113,82,24,148,2,122,2
20260823,INW,cod,95,102,90,99,6,13,90,121,101,148,133,73,35,148,6,150,2
20260716,INW,cod,205,228,165,179,19,26,103,122,122,149,115,44,9,149,1,130,1
20260906,AWP,cod,133,133,95,104,2,5,116,133,121,149,140,58,17,149,24,264,16
20260728,INW,cod,162,177,116,141,16,32,88,124,98,149,142,62,28,149,2,158,0
20260904,MOH,cod,94,111,47,70,15,45,78,120,86,149,124,66,14,149,4,92,2
20260918,MOH,cod,81,96,17,73,10,47,78,121,88,149,121,84,12,149,6,138,4
20260716,UNC,pp,112,126,190,195,0,2,123,138,129,150,128,91,5,150,3,110,1
20260730,SDD,pp,88,104,134,138,10,11,122,136,132,150,159,113,17,150,0,99,0
20260710,KIC,cod,112,116,78,88,8,31,92,125,100,150,101,50,16,150,9,119,5
20260917,LOI,cod,140,156,84,168,19,39,103,124,116,151,130,103,5,151,1,122,0
20260714,LOI,cod,124,130,129,142,8,32,98,124,113,151,119,103,7,151,1,111,1
20260709,LOS,pp,13,13,7,7,3,8,111,131,123,151,162,64,11,151,7,174,5
20260806,IKE,pp,245,245,256,261,,,147,147,151,151,151,117,0,151,1,124,1
20260921,LOI,cod,73,133,0,128,23,47,97,121,111,151,125,70,8,151,0,50,0
20260823,MOH,cod,36,42,24,39,6,35,68,105,79,151,121,54,14,151,8,130,3
20260809,IKE,pp,284,284,248,248,0,1,116,126,141,152,192,106,6,152,1,237,0
20260721,KIC,cod,191,201,148,174,4,19,101,134,107,152,133,67,14,152,2,106,2
20260725,INW,cod,122,127,74,81,4,16,92,122,111,152,135,58,19,152,3,135,2
20260808,FLO,cod,54,56,56,74,63,85,89,118,98,152,110,65,16,152,2,92,2
20260805,UNC,pp,86,86,68,70,2,6,123,134,135,152,104,76,2,152,0,192,0
20260718,INW,cod,171,180,108,126,10,20,115,137,121,152,144,72,10,152,13,135,13
20260629,LOI,cod,170,184,122,138,8,26,105,130,117,152,134,95,8,152,0,94,0
20260710,LOS,pp,11,12,19,21,15,18,114,129,121,152,84,31,12,152,2,160,0
20260725,KIC,cod,147,163,140,164,7,18,111,134,118,152,155,75,9,152,3,116,1
20260729,IGS,pp,252,272,249,250,3,70,118,133,122,152,161,114,15,152,0,148,0
20260726,INW,cod,146,151,112,146,5,16,100,124,111,152,132,53,15,152,4,141,1
20260810,FLO,cod,61,402,36,48,2,18,94,123,103,152,155,86,17,152,1,96,1
20260728,LOI,cod,99,109,70,91,14,36,110,135,116,153,119,100,9,153,2,142,0
20260708,KIC,cod,121,121,108,138,10,24,93,117,108,153,127,62,13,153,17,164,8
20260720,IKE,pp,329,329,271,272,0,1,139,145,145,153,121,107,2,153,0,122,0
20260823,MSR,pp,39,45,37,38,6,7,115,134,125,153,156,90,10,153,2,117,0
20260815,IKE,pp,180,185,282,287,0,3,141,150,142,153,130,101,3,153,0,236,0
20260817,INW,cod,135,150,103,105,4,15,91,114,116,153,126,55,16,153,6,117,0
20260730,INW,cod,165,175,139,148,11,22,93,121,112,153,126,64,17,153,4,137,3
20260714,INW,cod,143,149,123,138,7,13,112,127,126,154,126,63,11,154,1,127,0
20260820,MOH,cod,116,132,65,102,12,35,57,106,70,154,79,48,28,154,8,125,2
20260810,LOI,cod,190,221,156,176,11,19,117,134,126,154,119,87,15,154,1,138,1
20260827,LOI,cod,143,160,167,188,32,53,95,130,104,154,138,105,12,154,2,156,1
20260708,NEX,pp,28,41,82,85,6,6,31,91,93,154,34,18,1,154,1,46,0
20260625,IKE,pp,156,156,170,170,1,1,151,154,152,155,144,136,2,155,0,6,0
20260808,INW,cod,103,109,160,190,14,22,103,126,117,155,112,69,18,155,0,131,0
20260807,INW,cod,149,173,135,151,20,29,108,124,120,155,124,69,15,155,2,116,2
20260629,REH,pp,124,126,130,130,0,4,130,144,138,155,146,116,8,155,0,136,0
20260825,IGS,pp,72,360,34,36,265,266,112,128,120,155,113,75,13,155,1,145,0
20260801,INW,cod,139,146,158,181,13,24,95,120,108,155,123,54,21,155,0,123,0
20260905,REH,pp,114,114,133,134,1,6,125,143,134,155,137,115,8,155,2,116,0
20260709,IKE,pp,202,202,204,205,,,140,143,151,155,151,115,2,155,3,151,2
20260630,LOI,cod,192,210,120,143,12,34,117,140,121,156,135,101,10,156,0,107,0
20260727,LOI,cod,143,154,111,131,12,33,107,132,117,156,125,96,8,156,0,113,0
20260706,INW,cod,101,104,85,92,3,20,104,128,112,156,119,58,20,156,3,113,1
20260712,INW,cod,122,122,125,139,0,12,106,134,111,156,108,55,24,156,3,115,0
20260828,FCL,cod,145,151,122,142,28,44,106,130,123,156,160,61,9,156,7,185,4
20260812,LOI,cod,180,205,138,160,19,33,109,139,117,157,138,103,14,157,2,122,0
20260820,NEX,pp,80,80,128,129,22,25,132,150,138,157,49,31,12,157,0,64,0
20260921,IKE,pp,189,268,0,265,0,2,147,151,149,157,135,103,2,157,1,62,1
20260811,MOH,cod,105,118,59,102,28,94,77,125,86,157,156,73,18,157,7,100,4
20260727,INW,cod,80,84,90,98,7,19,112,131,120,157,106,55,11,157,2,133,1
20260907,MOH,cod,149,196,85,139,29,75,71,122,78,157,100,64,24,157,8,186,6
20260919,EMH,cod,127,129,34,127,3,25,105,141,114,157,134,75,3,157,8,305,5
20260702,KIC,cod,168,183,143,168,11,42,87,119,98,157,118,53,11,157,8,153,5
20260829,MOH,cod,142,152,53,71,11,55,69,121,79,158,82,48,13,158,7,126,5
20260818,MOH,cod,116,123,88,128,10,35,69,117,76,158,136,63,17,158,8,102,6
20260831,REH,pp,95,96,110,114,3,10,122,138,134,158,141,98,10,158,0,120,0
20260911,FCL,cod,207,213,162,210,16,31,101,127,113,158,146,68,6,158,5,194,2
20260901,INM,pp,266,267,313,319,,,147,154,149,158,196,76,7,158,2,72,2
20260828,AWP,cod,111,113,91,98,3,16,122,136,130,158,190,66,16,158,22,225,10
20260719,LOI,cod,73,81,71,83,10,22,101,134,107,158,133,104,23,158,1,148,1
20260828,LOI,cod,86,94,92,101,14,33,106,137,113,159,154,113,12,159,1,130,0
20260802,KIC,cod,10,10,11,13,13,24,116,140,124,159,169,86,12,159,9,128,9
20260629,IOH,pp,31,34,31,33,3,5,140,144,151,159,147,65,3,159,1,57,1
20260917,DBL,pp,227,265,108,253,26,28,137,143,147,159,131,98,3,159,,,
20260724,INW,cod,117,130,115,130,16,31,107,124,119,159,130,58,17,159,0,122,0
20260830,INW,cod,91,100,43,44,11,25,109,134,120,159,134,71,18,159,4,120,2
20260826,MOH,cod,112,118,87,128,9,60,72,115,79,159,133,62,15,159,6,122,1
20260821,MOH,cod,135,140,96,141,8,61,54,110,66,159,105,55,19,159,8,105,3
20260731,KIC,cod,183,197,182,210,18,31,110,130,119,160,131,58,19,160,7,128,5
20260813,FLO,cod,131,131,90,133,31,77,93,125,111,160,96,51,13,160,4,147,4
20260815,LOI,cod,109,124,85,101,15,25,114,142,118,160,157,107,20,160,2,100,1
20260827,FLO,cod,228,228,174,226,2,29,101,133,105,160,142,83,19,160,2,110,0
20260914,LOI,cod,76,83,66,75,6,18,100,130,112,160,146,108,13,160,1,146,1
20260907,LOI,cod,122,131,111,139,11,30,102,139,116,160,124,100,16,160,3,206,1
20260918,DBL,pp,129,251,60,246,3,6,141,153,145,161,150,114,4,161,3,241,0
20260809,FCL,cod,160,161,150,191,23,34,124,148,131,161,178,84,11,161,8,247,4
20260625,INW,cod,130,137,107,117,12,19,119,159,120,161,151,69,18,161,0,45,0
20260719,SDD,pp,105,110,90,94,12,15,100,130,113,161,141,100,36,161,1,143,0
20260727,SDD,pp,92,107,98,99,16,22,121,135,138,161,124,92,17,161,0,132,0
20260916,MOH,cod,104,137,52,110,10,49,74,120,84,161,109,68,13,161,9,120,5
20260802,FCL,cod,204,209,133,171,24,38,123,148,128,161,231,85,7,161,4,206,0
20260626,IKE,pp,184,184,165,174,1,1,146,158,149,161,172,144,8,161,0,74,0
20260627,IKE,pp,185,185,207,207,3,3,149,150,160,161,168,129,1,161,0,100,0
20260903,REH,pp,136,136,140,140,1,4,141,152,145,161,149,118,7,161,0,115,0
20260806,INW,cod,175,187,92,103,16,26,115,139,128,162,142,79,15,162,2,143,1
20260915,MOH,cod,119,157,62,94,27,88,79,133,86,162,129,77,16,162,4,90,2
20260719,INW,cod,123,140,119,141,5,21,113,142,121,162,149,74,17,162,12,151,2
20260811,LOI,cod,209,243,196,223,30,49,122,145,126,162,144,118,9,162,2,139,1
20260825,MSR,pp,122,153,101,104,20,25,136,145,144,162,128,81,4,162,1,130,0
20260814,INW,cod,154,155,131,143,1,9,100,134,115,163,121,62,35,163,4,163,1
20260627,FLO,cod,170,180,122,161,11,26,93,128,102,163,113,67,35,163,0,113,0
20260807,FLO,cod,109,148,97,120,82,101,102,140,107,163,125,74,24,163,8,146,3
20260831,INW,cod,111,120,101,110,10,20,111,129,128,163,102,48,22,163,0,104,0
20260824,SDD,pp,76,84,69,71,10,22,95,126,120,163,111,78,30,163,0,117,0
20260717,LOI,cod,111,123,105,126,16,36,103,134,117,163,124,101,9,163,0,138,0
20260825,EMH,cod,155,158,119,155,6,38,84,126,99,163,88,26,17,163,1,185,1
20260907,INW,cod,77,81,55,59,7,23,85,114,104,163,73,39,36,163,5,157,3
20260827,INW,cod,119,125,104,110,8,18,113,129,132,164,119,53,13,164,7,118,1
20260708,LOI,cod,29,153,28,31,111,126,104,123,118,164,113,84,20,164,3,150,2
20260807,MOH,cod,116,149,77,123,17,58,76,118,85,164,139,65,23,164,4,116,2
20260728,KIC,cod,202,220,175,209,19,40,122,142,129,164,131,58,12,164,6,142,3
20260808,LOI,cod,184,207,169,191,11,25,112,144,122,164,158,119,16,164,1,148,1
20260709,KIC,cod,93,98,96,108,12,41,101,133,111,164,119,60,16,164,11,140,3
20260911,LOI,cod,113,123,116,149,9,28,112,148,118,164,155,133,18,164,0,91,0
20260802,IGS,pp,0,1,176,187,3,3,138,152,140,165,180,124,15,165,1,316,1
20260705,KIC,cod,20,20,30,32,7,21,105,136,116,165,164,60,8,165,3,156,1
20260914,FCL,cod,173,174,116,139,23,33,116,136,128,165,131,72,10,165,13,189,3
20260721,SDD,pp,123,138,165,168,10,19,122,141,138,165,136,110,25,165,1,122,0
20260919,LOI,cod,103,115,11,102,9,23,108,140,125,165,142,110,1,165,2,129,1
20260908,FLO,cod,370,373,355,437,4,25,87,120,99,165,131,83,15,165,1,205,0
20260809,LOI,cod,102,113,82,88,10,30,111,139,124,165,150,116,17,165,3,125,1
20260731,EMH,cod,92,92,67,93,3,32,99,138,112,165,108,44,23,165,1,121,1
20260917,AWP,cod,194,227,102,186,10,17,140,153,150,166,171,74,5,166,5,126,2
20260820,SDD,pp,96,108,121,125,9,10,113,139,130,166,137,96,28,166,0,139,0
20260908,EMH,cod,103,103,89,104,5,44,90,135,99,166,79,41,15,166,2,197,1
20260805,LOI,cod,124,136,122,138,15,32,117,140,131,166,143,120,12,166,0,148,0
20260816,KIC,cod,44,46,13,18,1,9,114,131,130,166,127,45,10,166,14,201,7
20260812,MOH,cod,124,136,101,160,17,51,72,126,79,166,102,55,16,166,5,134,4
20260815,FCL,cod,127,133,89,120,14,26,118,140,133,166,159,53,5,166,3,190,2
20260702,DBL,pp,337,345,219,225,16,19,143,153,148,166,151,94,8,166,2,219,0
20260626,FCL,cod,209,213,189,221,15,29,130,158,135,166,152,71,8,166,0,105,0
20260704,LOI,cod,136,143,95,107,8,16,105,135,120,166,153,115,18,166,0,178,0
20260808,KIC,cod,178,183,190,215,10,23,121,148,126,166,178,71,11,166,6,166,3
20260806,EMH,cod,138,138,103,138,2,32,111,152,116,166,180,80,9,166,1,89,0
20260718,IKE,pp,202,202,225,231,2,2,160,166,160,166,202,160,5,166,12,232,12
20260822,FCL,cod,204,209,182,219,18,31,124,153,131,167,154,74,14,167,5,157,1
20260911,NKD,cod,305,305,223,241,3,23,96,109,124,167,176,76,23,167,4,105,1
20260805,INW,cod,188,206,176,194,18,46,99,136,117,168,125,67,21,168,3,138,1
20260710,IKE,pp,220,222,209,221,2,3,158,161,163,168,164,99,2,168,0,247,0
20260713,INW,cod,104,114,86,98,10,31,107,132,125,168,138,69,14,168,3,127,2
20260720,REH,pp,92,93,93,94,,,139,155,146,168,157,112,9,168,0,134,0
20260817,MOH,cod,196,219,120,184,23,102,63,119,70,168,89,46,16,168,12,141,8
20260913,FCL,cod,177,183,123,147,14,26,109,134,119,168,157,78,15,168,20,184,16
20260701,LOI,cod,155,168,162,196,10,18,123,153,129,169,160,123,13,169,0,129,0
20260921,AWP,cod,132,199,0,196,25,30,125,147,144,169,186,63,1,169,2,98,1
20260804,INW,cod,151,152,118,128,3,19,113,142,125,169,130,79,23,169,2,154,2
20260911,AWP,cod,160,169,126,134,12,24,125,151,139,170,153,77,10,170,9,136,2
20260824,MSR,pp,132,158,111,114,21,27,136,147,150,170,147,89,10,170,2,118,0
20260722,REH,pp,85,85,75,75,2,4,141,152,154,170,145,107,5,170,1,153,0
20260906,REH,pp,35,35,34,34,0,2,137,154,147,170,182,127,8,170,3,287,1
20260716,LOI,cod,148,155,95,112,11,22,104,142,118,170,145,110,12,170,2,90,1
20260721,INW,cod,138,142,116,132,11,23,129,147,133,170,149,66,16,170,3,129,2
20260821,SDD,pp,97,105,99,102,13,13,120,142,136,170,152,103,30,170,0,107,0
20260720,LOI,cod,124,131,105,116,11,35,107,134,124,170,130,105,11,170,0,97,0
20260830,FCL,cod,184,189,142,182,20,36,126,152,137,171,171,75,9,171,8,191,1
20260805,FLO,cod,194,228,169,212,10,35,94,131,104,171,130,75,20,171,4,136,2
20260802,INW,cod,54,60,73,81,3,14,115,148,124,171,150,84,22,171,5,147,1
20260626,FLO,cod,73,93,58,73,16,32,104,143,115,172,130,74,23,172,2,102,2
20260819,FCL,cod,204,208,167,197,17,51,114,149,124,172,168,74,16,172,5,182,1
20260727,KIC,cod,181,196,137,147,4,17,120,150,134,172,159,78,14,172,6,121,2
20260628,FCL,cod,190,194,154,197,16,31,123,157,133,173,191,84,11,173,4,119,0
20260829,INW,cod,52,60,66,72,8,12,93,111,122,173,119,44,17,173,1,116,1
20260722,INW,cod,126,127,126,143,5,22,114,150,126,173,137,70,16,173,2,143,1
20260920,INM,pp,252,252,12,268,0,4,135,159,146,174,174,93,10,174,9,175,1
20260802,MOH,cod,42,45,25,31,9,68,69,123,79,174,133,77,21,174,5,136,2
20260705,IGS,pp,,,30,30,4,10,122,159,125,174,261,135,22,174,2,97,2
20260718,SWL,pp,5,6,12,12,1,3,142,161,151,174,169,128,10,174,1,82,1
20260713,KIC,cod,155,158,101,123,0,22,107,147,114,174,147,82,21,174,6,133,3
20260702,LOI,cod,158,167,163,195,8,23,116,144,133,175,126,103,12,175,0,153,0
20260815,INW,cod,130,133,102,108,3,12,115,142,134,175,130,67,29,175,2,139,1
20260806,FLO,cod,135,144,131,163,23,50,102,139,109,175,142,90,21,175,3,128,2
20260713,IKE,pp,170,170,160,168,4,4,163,168,170,176,168,130,1,176,0,127,0
20260801,KIC,cod,209,217,152,187,18,32,125,148,134,176,130,70,12,176,5,127,3
20260919,DBL,pp,96,291,26,263,14,14,157,165,167,176,168,130,5,176,1,186,1
20260806,LOI,cod,143,162,132,152,13,43,112,143,130,176,153,124,10,176,0,134,0
20260825,MOH,cod,118,130,80,109,16,55,83,126,95,176,114,61,21,176,1,120,0
20260723,INW,cod,135,140,150,167,2,20,109,148,124,176,144,75,18,176,4,139,2
20260907,REH,pp,181,191,170,173,0,1,145,154,160,176,133,101,5,176,1,215,0
20260830,LOI,cod,105,115,87,105,4,19,103,140,117,177,142,102,24,177,0,166,0
20260813,LOI,cod,225,251,205,237,21,45,120,149,135,177,143,110,8,177,1,153,1
20260830,AWP,cod,118,121,80,88,6,19,121,152,137,177,159,60,16,177,12,207,7
20260905,MOH,cod,105,116,105,163,3,49,86,148,95,177,124,80,24,177,2,106,0
20260731,IKE,pp,173,173,149,149,3,3,165,167,174,177,168,127,1,177,0,164,0
20260829,FLO,cod,149,154,122,152,5,29,104,148,111,177,152,68,20,177,2,81,1
20260912,MOH,cod,84,102,52,78,2,49,79,144,88,177,106,71,10,177,19,235,15
20260808,MOH,cod,69,86,64,89,8,41,87,137,90,178,132,72,15,178,4,129,3
20260810,MOH,cod,173,212,65,129,27,56,87,128,95,178,126,83,10,178,5,110,4
20260828,BSS,pp,246,249,299,299,2,3,173,178,173,178,292,103,3,178,2,454,0
20260822,MOH,cod,110,115,84,123,6,46,60,125,72,178,115,68,17,178,10,108,3
20260907,FLO,cod,340,357,240,294,6,56,97,141,113,179,120,92,24,179,4,202,2
20260806,MOH,cod,102,124,68,102,21,115,72,117,83,179,138,62,21,179,5,153,2
20260705,LOI,cod,57,60,74,88,3,22,117,154,132,179,181,135,14,179,0,132,0
20260826,NAH,cod,188,189,120,182,1,77,54,125,67,179,116,51,22,179,19,204,15
20260731,INW,cod,168,178,138,159,14,44,121,153,138,179,157,77,17,179,4,124,2
20260813,INW,cod,90,93,87,92,18,41,108,146,126,180,129,57,29,180,0,178,0
20260824,MOH,cod,165,186,117,152,17,86,85,140,91,180,139,73,15,180,1,106,0
20260917,KIC,cod,212,218,90,186,7,25,119,147,134,180,157,88,11,180,5,78,3
20260807,UNC,pp,,,72,77,1,5,148,162,155,180,152,108,6,180,0,140,0
20260817,FCL,cod,224,227,180,229,25,44,134,160,145,180,138,65,14,180,4,172,1
20260829,LOI,cod,119,129,95,107,7,19,109,147,126,180,138,105,25,180,1,129,1
20260701,DBL,pp,225,228,385,394,11,11,152,158,166,181,159,104,5,181,0,154,0
20260822,IGS,pp,52,297,51,52,65,67,149,170,156,181,222,151,10,181,0,43,0
20260905,FLO,cod,296,298,207,244,26,47,107,137,117,181,107,75,23,181,2,167,1
20260720,INW,cod,125,151,77,98,13,33,120,153,131,181,145,66,29,181,5,146,2
20260903,AWP,cod,227,246,179,189,9,23,149,165,156,181,176,70,10,181,9,155,4
20260716,IGS,pp,89,115,96,96,3,6,140,164,144,182,196,127,17,182,0,46,0
20260916,IKE,pp,175,175,144,164,3,3,166,176,169,182,213,157,5,182,0,271,0
20260707,KIC,cod,128,132,85,102,7,27,112,144,129,182,111,55,18,182,9,165,3
20260712,IKE,pp,222,222,219,236,7,7,167,174,175,182,163,129,5,182,0,168,0
20260803,KIC,cod,227,248,186,224,17,40,127,159,138,183,204,82,8,183,2,156,1
20260825,NEX,pp,16,24,8,9,2,2,130,136,176,183,120,95,4,183,0,98,0
20260803,INW,cod,82,87,43,48,8,31,118,145,135,183,140,67,26,183,1,118,0
20260630,FLO,cod,134,178,109,131,0,30,103,141,116,183,125,73,21,183,2,138,1
20260921,INM,pp,85,166,3,120,4,5,149,156,167,184,143,77,6,184,0,65,0
20260804,UNC,pp,70,70,228,233,,,164,177,167,184,184,130,5,184,5,141,0
20260827,MOH,cod,84,98,54,77,8,44,106,141,112,184,145,76,14,184,5,105,3
20260912,AWP,cod,181,187,168,196,8,16,125,158,143,184,123,70,22,184,13,211,9
20260916,LOI,cod,159,181,114,170,12,41,118,151,129,184,137,111,14,184,2,128,1
20260910,REH,pp,200,200,184,185,0,2,151,167,164,184,165,139,4,184,0,58,0
20260915,LOI,cod,163,170,103,129,5,35,110,147,122,184,147,109,16,184,5,150,0
20260810,AWP,cod,241,252,259,283,34,43,152,163,164,185,197,55,8,185,17,214,9
20260914,AWP,cod,189,194,181,197,8,18,145,160,164,185,180,67,5,185,7,179,0
20260816,LOI,cod,199,225,179,203,18,39,124,155,136,185,162,116,18,185,2,164,1
20260917,FCL,cod,177,179,121,235,15,27,139,156,155,186,160,76,6,186,10,143,1
20260729,KIC,cod,221,229,168,192,15,28,133,163,140,186,153,79,13,186,8,144,2
20260804,MOH,cod,137,181,130,210,41,104,64,137,73,187,128,69,29,187,3,125,1
20260706,LOI,cod,126,134,60,80,10,25,109,151,127,187,149,108,31,187,0,146,0
20260802,IKE,pp,172,172,169,169,,,168,175,173,187,127,118,11,187,1,309,0
20260806,KIC,cod,186,189,165,195,5,24,129,162,140,187,197,90,15,187,8,201,5
20260904,EMH,cod,188,191,119,157,8,38,112,157,124,187,149,67,14,187,2,137,1
20260707,LOI,cod,100,110,123,144,17,37,112,152,127,187,141,112,29,187,3,190,3
20260725,FCL,cod,207,210,162,206,31,44,137,162,151,187,192,77,5,187,4,210,0
20260910,MOH,cod,116,151,87,130,9,62,88,149,96,187,136,99,19,187,5,98,3
20260831,AWP,cod,192,196,189,194,4,25,128,159,144,187,133,66,21,187,9,172,0
20260921,FCL,cod,98,202,0,194,15,31,132,152,155,188,191,60,4,188,1,89,1
20260726,NAH,cod,194,194,122,197,1,33,63,126,77,188,166,57,32,188,11,215,5
20260918,IKE,pp,201,201,132,142,0,4,169,177,180,188,184,149,4,188,0,172,0
20260629,DBL,pp,221,236,277,285,3,12,148,164,168,188,143,93,6,188,1,266,1
20260906,BSS,pp,26,26,28,28,0,1,65,187,66,189,419,119,117,189,76,557,7
20260831,LOI,cod,133,147,109,122,19,48,122,152,149,189,127,105,14,189,1,125,1
20260815,KIC,cod,16,20,8,10,1,27,112,159,124,189,204,80,22,189,5,161,4
20260820,INW,cod,109,111,91,97,5,12,137,166,144,189,162,72,32,189,0,124,0
20260916,AWP,cod,159,169,93,167,9,16,152,178,161,189,220,102,17,189,26,151,18
20260812,INW,cod,129,141,137,150,8,26,135,169,142,189,191,99,25,189,2,136,1
20260625,FLO,cod,133,147,131,165,22,39,122,183,125,189,131,69,28,189,0,82,0
20260814,IKE,pp,218,218,216,219,5,5,167,174,179,189,156,122,3,189,0,282,0
20260904,INM,pp,337,337,369,386,,,163,179,169,189,162,92,10,189,1,164,1
20260629,IKE,pp,261,261,206,208,3,3,189,189,190,190,149,128,0,190,0,135,0
20260820,FCL,cod,225,235,166,201,36,52,142,170,150,190,147,66,7,190,4,158,1
20260805,KIC,cod,221,230,218,254,11,29,135,169,140,190,177,93,14,190,6,196,5
20260915,REH,pp,187,187,181,193,0,3,160,172,172,190,165,121,5,190,3,181,1
20260809,AWP,cod,212,222,169,173,2,12,142,171,153,190,140,66,13,190,14,218,4
20260628,IKE,pp,176,176,168,168,3,3,183,188,186,191,212,151,3,191,2,132,1
20260901,EMH,cod,146,150,116,146,8,29,102,150,123,191,101,36,29,191,3,191,1
20260808,BSS,pp,451,454,372,383,1,1,166,179,178,191,202,88,4,191,3,338,1
20260830,FLO,cod,27,27,21,28,3,25,119,159,131,191,169,97,19,191,1,132,1
20260905,EMH,cod,117,117,104,153,8,36,115,159,129,191,92,48,22,191,1,116,1
20260629,INW,cod,117,120,115,134,19,31,133,156,153,192,132,69,21,192,0,110,0
20260920,FCL,cod,193,205,4,174,14,33,130,166,145,192,186,102,5,192,20,185,9
20260626,INW,cod,96,97,135,150,7,14,144,164,157,192,137,85,19,192,0,78,0
20260628,NKD,cod,300,301,269,306,1,12,112,157,133,192,249,65,39,192,4,216,0
20260816,AWP,cod,175,177,207,217,10,17,137,161,153,192,172,47,23,192,11,160,3
20260729,MOH,cod,128,175,93,128,17,72,81,148,88,192,142,68,25,192,12,184,6
20260825,INW,cod,151,154,140,151,8,21,107,120,131,192,148,68,45,192,3,121,1
20260819,MOH,cod,96,109,92,132,23,65,90,139,101,193,112,67,16,193,6,112,3
20260811,FCL,cod,160,166,131,162,30,47,145,173,150,193,168,83,12,193,6,200,5
20260725,NKD,cod,293,296,247,282,9,18,123,161,131,193,143,66,42,193,5,235,5
20260802,NAH,cod,160,160,91,154,0,32,54,118,67,194,161,46,48,194,8,189,3
20260728,UNC,pp,277,277,363,370,12,14,160,174,174,194,170,130,6,194,2,111,1
20260902,KIC,cod,306,312,238,287,10,29,120,155,140,194,165,79,14,194,7,192,5
20260701,KIC,cod,152,156,134,173,8,30,121,159,131,194,106,57,15,194,10,158,7
20260703,KIC,cod,136,139,118,143,10,37,128,165,135,194,209,107,16,194,6,146,3
20260726,AWP,cod,187,194,150,165,2,13,150,174,163,194,251,78,13,194,14,224,10
20260804,IGS,pp,129,140,5,5,22,22,157,166,171,194,146,130,10,194,0,204,0
20260822,INW,cod,154,168,153,162,12,19,127,143,147,194,117,62,24,194,4,158,3
20260904,FCL,cod,151,161,154,180,19,30,145,175,149,195,190,92,14,195,4,149,2
20260830,NKD,cod,187,187,198,220,9,17,141,164,162,195,287,96,25,195,14,282,9
20260807,ESA,pp,345,374,375,383,45,51,165,176,177,195,178,106,9,195,5,256,4
20260630,DBL,pp,235,248,286,288,10,13,162,178,170,195,164,109,10,195,1,224,1
20260906,IKE,pp,194,194,182,197,,,106,137,163,195,129,112,28,195,1,250,1
20260818,FCL,cod,217,224,183,220,28,49,144,169,155,195,168,90,10,195,14,209,1
20260817,LOI,cod,329,354,260,282,22,36,140,167,154,195,153,113,12,195,3,183,1
20260810,KIC,cod,280,289,207,235,12,29,128,167,140,195,181,84,19,195,1,135,0
20260807,LOI,cod,130,144,89,99,12,34,143,179,151,196,177,157,12,196,0,144,0
20260705,FCL,cod,206,213,186,237,23,32,140,171,156,196,176,83,15,196,1,231,1
20260804,FLO,cod,166,204,126,158,9,32,116,158,131,196,154,98,27,196,7,156,4
20260706,KIC,cod,167,179,165,197,7,30,112,153,121,196,140,62,44,196,3,186,1
20260803,FLO,cod,265,297,156,204,1,39,113,166,120,196,164,104,26,196,2,140,0
20260901,FCL,cod,224,229,193,234,18,43,134,170,149,196,158,77,10,196,1,209,0
20260913,AWP,cod,156,163,118,135,7,14,147,172,159,197,175,92,22,197,70,272,30
20260701,FCL,cod,208,214,156,188,17,29,146,176,158,197,200,88,5,197,2,180,0
20260910,FCL,cod,170,173,133,172,28,37,156,178,166,197,144,88,11,197,9,158,5
20260802,NKD,cod,241,242,260,274,2,22,97,156,120,197,197,67,35,197,2,235,0
20260702,IKE,pp,183,184,166,167,12,12,190,195,192,197,246,163,3,197,0,200,0
20260630,KIC,cod,192,196,148,193,4,33,104,136,117,197,146,64,22,197,8,155,4
20260902,AWP,cod,210,236,185,198,19,25,169,186,175,197,179,93,13,197,1,158,1
20260820,IKE,pp,225,225,234,236,1,1,174,189,179,197,222,150,10,197,4,199,4
20260901,IKE,pp,322,322,325,325,,,181,193,185,197,256,185,8,197,0,171,0
20260703,LOI,cod,165,172,154,173,5,22,132,165,142,197,158,138,22,197,1,159,1
20260916,REH,pp,98,98,65,84,0,2,168,180,181,197,167,133,4,197,3,320,0
20260821,BSS,pp,301,372,360,360,70,70,182,188,189,197,182,119,0,197,0,417,0
20260729,INW,cod,150,154,158,177,2,25,110,149,127,198,132,62,35,198,0,119,0
20260815,BSS,pp,30,34,34,35,5,6,179,197,180,198,181,90,15,198,1,339,1
20260901,AWP,cod,157,174,161,169,4,16,148,165,169,198,173,56,11,198,4,162,2
20260721,IKE,pp,188,188,220,226,0,7,178,191,184,198,216,173,3,198,0,175,0
20260904,FLO,cod,120,120,97,120,8,65,92,142,109,198,125,84,27,198,1,163,0
20260801,NKD,cod,292,293,193,215,25,39,119,164,136,199,185,97,33,199,1,190,1
20260731,FCL,cod,253,259,235,274,37,57,158,180,162,199,183,87,10,199,6,230,3
20260731,MOH,cod,153,214,85,124,70,123,79,142,87,199,174,77,25,199,3,138,2
20260808,AWP,cod,186,202,160,178,6,16,157,181,168,199,236,100,14,199,13,223,5
20260810,FCL,cod,175,180,146,179,33,61,154,176,162,199,184,80,10,199,3,161,3
20260629,FLO,cod,108,127,94,112,13,47,107,157,116,199,136,76,32,199,3,128,0
20260905,AWP,cod,160,166,135,148,38,48,169,180,180,199,167,75,5,199,8,162,4
20260909,FCL,cod,191,193,151,176,12,29,141,172,154,199,190,92,10,199,9,215,2
20260812,IKE,pp,206,206,213,213,0,4,170,188,181,200,165,122,13,200,0,174,0
20260906,INM,pp,330,335,279,284,4,5,153,173,166,200,171,99,15,200,10,442,4
20260915,DBL,pp,219,225,167,188,6,8,171,187,183,200,241,168,5,200,0,297,0
20260717,IGS,pp,23,23,13,13,2,4,150,166,166,200,117,90,21,200,3,188,1
20260820,BSS,pp,382,404,384,385,24,24,190,196,194,201,146,84,5,201,4,301,1
20260712,NAH,cod,201,201,125,213,0,40,61,133,82,201,177,55,35,201,13,170,3
20260820,KIC,cod,296,313,231,264,1,15,136,168,146,201,162,62,24,201,18,208,8
20260912,IKE,pp,300,310,261,261,0,1,180,191,189,202,231,165,4,202,21,183,8
20260826,LOI,cod,146,165,104,115,16,37,143,169,162,202,158,138,8,202,0,154,0
20260812,FLO,cod,117,117,93,113,12,101,111,165,126,202,168,88,27,202,3,149,1
20260625,NAH,cod,138,154,82,135,19,62,77,201,78,203,150,50,39,203,0,85,0
20260703,NKD,cod,380,380,380,401,11,30,133,165,141,203,180,48,41,203,20,260,7
20260630,IOH,pp,50,59,39,39,4,5,168,182,189,203,166,104,12,203,1,124,0
20260708,LOS,pp,7,8,18,18,4,8,162,186,172,203,230,136,14,203,3,119,3
20260727,IKE,pp,253,253,247,249,0,5,186,192,196,203,125,107,2,203,0,327,0
20260903,EMH,cod,48,50,28,45,5,50,114,160,129,203,187,79,16,203,2,124,1
20260905,INM,pp,229,230,316,320,1,2,183,192,190,204,186,102,7,204,6,275,5
20260809,NAH,cod,197,198,123,208,2,35,75,142,86,204,242,64,39,204,5,196,1
20260707,FCL,cod,270,279,206,243,37,59,144,177,157,204,227,91,9,204,3,210,1
20260806,BSS,pp,428,467,439,448,33,33,164,170,198,204,229,104,0,204,0,215,0
20260801,MOH,cod,83,90,46,79,8,54,76,151,83,204,129,68,29,204,2,167,1
20260829,IKE,pp,161,163,206,208,0,1,187,191,198,205,136,111,6,205,1,332,1
20260703,DBL,pp,237,247,278,285,21,27,184,193,193,205,188,136,5,205,4,156,2
20260719,NAH,cod,228,228,125,228,1,43,55,130,69,205,153,62,36,205,9,175,3
20260918,NKD,cod,342,370,247,329,20,32,119,143,145,205,261,80,32,205,3,86,3
20260915,AWP,cod,196,199,161,191,13,34,169,188,178,205,166,71,9,205,26,190,12
20260909,FLO,cod,311,311,253,304,15,39,112,166,124,205,155,114,22,205,9,256,7
20260811,FLO,cod,66,66,41,55,28,59,127,171,133,206,190,100,23,206,1,113,0
20260804,IKE,pp,304,304,277,280,,,204,204,206,206,203,182,0,206,0,321,0
20260904,AWP,cod,213,217,237,251,5,21,163,183,175,206,179,81,13,206,5,187,4
20260724,FLO,pp,371,435,381,390,11,12,168,183,186,206,151,102,10,206,1,191,1
20260827,NAH,cod,149,149,88,161,4,64,66,143,74,206,325,61,45,206,12,147,3
20260906,FCL,cod,151,154,127,149,15,30,157,182,165,206,174,93,14,206,25,401,12
20260907,AWP,cod,186,193,134,145,10,15,169,184,180,206,167,94,15,206,20,350,4
20260804,KIC,cod,240,248,189,217,2,24,146,185,159,206,138,65,9,206,4,157,4
20260801,DBL,pp,258,321,253,259,11,11,171,185,181,207,190,131,8,207,2,287,1
20260829,EMH,cod,149,149,120,155,4,36,137,187,144,207,172,55,12,207,1,126,0
20260917,IKE,pp,138,138,143,159,8,13,186,193,193,207,167,143,5,207,7,226,3
20260704,FCL,cod,304,310,206,248,24,44,153,185,166,208,187,102,13,208,6,231,3
20260809,KIC,cod,40,40,14,17,2,20,149,185,155,208,181,90,22,208,8,159,4
20260920,INW,pp,180,204,74,298,5,6,172,188,184,208,250,116,5,208,17,179,3
20260909,IKE,pp,171,172,163,164,1,4,190,201,196,208,166,139,5,208,5,185,0
20260808,FCL,cod,229,234,160,203,26,42,159,181,174,208,180,92,8,208,1,230,1
20260725,FLO,pp,465,589,457,475,8,10,177,189,188,209,176,126,11,209,2,204,1
20260915,FCL,cod,182,186,165,223,20,59,140,170,149,209,178,90,12,209,8,196,6
20260814,BSS,pp,372,383,425,426,18,23,200,203,203,209,187,94,1,209,1,295,0
20260918,FCL,cod,153,159,62,142,19,41,142,188,153,209,211,94,8,209,7,142,2
20260818,LOI,cod,182,201,174,201,17,37,151,184,165,209,194,144,15,209,2,209,2
20260821,EMH,cod,139,140,107,139,3,27,133,181,149,209,178,60,21,209,2,97,0
20260801,IGS,pp,189,193,2,2,3,12,168,185,178,209,173,142,14,209,2,360,2
20260813,FCL,cod,164,169,140,176,20,50,165,195,170,210,175,77,10,210,5,212,2
20260917,INM,pp,187,188,76,159,2,3,177,194,189,210,198,118,10,210,9,196,1
20260912,FCL,cod,177,181,166,202,19,29,153,182,161,210,172,103,13,210,12,191,5
20260730,MOH,cod,123,162,78,140,37,130,87,163,97,210,107,73,32,210,3,141,1
20260817,IKE,pp,311,312,252,253,1,3,191,203,198,210,226,163,7,210,1,211,1
20260721,REH,pp,92,92,91,91,3,7,170,188,184,210,202,148,10,210,0,140,0
20260902,FCL,cod,238,247,199,236,22,52,151,186,163,210,206,97,9,210,2,210,1
20260823,FCL,cod,205,208,149,185,16,31,149,186,157,210,205,98,21,210,6,196,0
20260910,AWP,cod,219,233,199,225,10,16,172,188,189,210,183,96,11,210,14,162,7
20260920,AWP,cod,101,105,4,72,2,4,180,197,192,210,186,88,0,210,16,173,10
20260831,EMH,cod,270,279,208,271,15,63,103,162,125,210,146,48,22,210,3,171,1
20260704,KIC,cod,148,157,107,128,9,32,131,174,143,211,158,69,21,211,6,156,2
20260801,FCL,cod,217,223,198,241,27,38,169,197,178,211,179,91,7,211,1,221,1
20260712,MOH,cod,63,65,36,48,8,47,99,165,111,211,197,95,23,211,13,160,3
20260903,KIC,cod,269,277,294,336,7,23,130,171,143,211,186,87,25,211,9,246,7
20260823,NKD,cod,176,178,219,235,0,12,147,163,161,211,260,57,30,211,8,206,2
20260805,MOH,cod,131,179,73,132,53,114,82,156,95,212,126,66,29,212,4,167,0
20260719,FCL,cod,217,224,157,208,33,50,157,194,168,212,235,114,14,212,3,264,1
20260709,DBL,pp,277,282,400,405,17,17,186,199,195,213,192,121,10,213,7,289,4
20260908,INM,pp,255,268,287,293,13,13,186,203,193,213,219,109,8,213,24,528,13
20260705,NAH,cod,168,171,96,160,0,36,78,147,97,213,191,57,38,213,4,182,1
20260817,KIC,cod,296,305,222,262,29,55,137,180,150,213,173,85,27,213,8,212,6
20260801,BSS,pp,239,263,334,334,18,21,191,209,195,213,246,126,9,213,2,245,0
20260802,AWP,cod,145,153,168,177,2,15,157,183,171,214,204,82,21,214,20,240,9
20260627,NAH,cod,229,229,129,219,0,52,80,158,94,214,147,58,27,214,0,88,0
20260814,FCL,cod,158,163,121,167,20,31,152,186,164,214,167,73,12,214,3,187,2
20260903,FLO,cod,160,162,121,155,4,26,110,162,129,214,154,95,26,214,1,196,1
20260726,FCL,cod,200,207,146,175,24,45,156,190,165,214,210,96,10,214,6,241,2
20260804,FCL,cod,233,238,194,225,26,48,151,185,167,214,180,85,9,214,6,222,1
20260821,FCL,cod,230,241,194,247,27,44,161,194,173,214,185,96,10,214,2,186,0
20260817,AWP,cod,209,215,229,250,14,30,165,192,182,214,235,95,13,214,20,204,4
20260803,MOH,cod,208,220,118,167,45,129,91,152,106,215,119,64,25,215,2,155,1
20260902,EMH,cod,155,161,116,157,13,47,124,168,136,215,137,69,25,215,0,192,0
20260811,KIC,cod,234,241,214,244,9,28,155,190,161,215,191,93,24,215,5,174,5
20260818,KIC,cod,257,265,263,301,23,41,145,172,159,215,198,106,17,215,11,174,6
20260908,FCL,cod,185,186,140,164,16,36,161,180,178,215,163,96,8,215,19,303,11
20260825,IKE,pp,218,218,288,289,1,4,199,206,207,215,292,194,3,215,0,255,0
20260709,MOH,cod,169,181,140,254,13,61,96,163,103,215,166,66,39,215,5,205,1
20260730,FCL,cod,237,245,197,233,26,48,172,194,182,216,182,96,8,216,7,232,3
20260828,EMH,cod,142,144,106,136,2,43,135,178,147,216,224,75,14,216,0,134,0
20260824,INW,cod,115,124,92,102,10,28,112,166,126,216,138,85,59,216,1,165,0
20260707,UNC,pp,,,223,226,0,3,181,198,193,217,167,114,4,217,0,109,0
20260829,FCL,cod,182,190,177,208,20,41,161,197,174,217,161,91,14,217,5,187,2
20260917,UNC,pp,,,243,700,0,4,174,196,189,217,205,159,7,217,,,
20260826,FCL,cod,176,183,169,207,27,39,171,194,175,217,210,115,10,217,5,224,1
20260702,NAH,cod,165,165,97,163,1,73,68,148,86,217,206,52,34,217,2,156,1
20260821,KIC,cod,207,224,177,204,8,29,141,187,150,217,187,93,21,217,12,155,6
20260916,FCL,cod,203,208,117,186,22,37,154,185,171,217,191,104,9,217,14,200,5
20260824,LOI,cod,163,185,151,170,27,54,146,175,165,218,149,120,19,218,1,214,1
20260808,IKE,pp,227,227,240,241,0,3,204,211,211,218,233,199,3,218,0,166,0
20260627,FCL,cod,189,196,147,182,19,39,173,208,178,218,209,105,11,218,1,121,0
20260907,DBL,pp,105,107,35,36,6,8,185,200,200,219,163,130,10,219,2,276,1
20260807,KIC,cod,204,208,168,196,9,31,149,180,165,219,160,73,8,219,8,146,0
20260811,AWP,cod,223,234,190,200,3,23,171,202,182,219,252,89,15,219,14,204,10
20260920,IKE,pp,260,260,0,226,3,3,202,212,209,219,240,168,0,219,24,158,17
20260831,FCL,cod,205,211,154,189,28,45,155,189,169,219,173,85,9,219,7,209,5
20260821,AWP,cod,212,219,216,225,6,22,165,191,183,219,233,81,15,219,15,274,10
20260910,FLO,cod,330,330,277,341,2,20,141,175,153,220,201,141,23,220,3,189,2
20260628,KIC,cod,47,50,4,4,19,40,135,181,148,220,172,85,24,220,4,174,2
20260718,FLO,pp,94,95,103,109,7,8,174,196,188,220,180,133,11,220,5,220,4
20260730,BSS,pp,259,289,224,225,21,21,215,218,217,220,132,92,1,220,4,200,4
20260815,AWP,cod,150,152,80,84,3,16,163,197,170,220,193,82,32,220,7,216,2
20260812,KIC,cod,208,215,194,220,4,19,150,182,167,220,194,91,20,220,5,214,3
20260706,FCL,cod,269,286,167,208,28,51,161,196,174,221,224,109,15,221,4,241,4
20260717,FLO,pp,233,316,272,281,17,21,180,196,198,221,189,124,8,221,3,281,2
20260728,FCL,cod,227,234,191,223,28,48,170,193,183,221,197,93,9,221,6,247,2
20260715,IKE,pp,191,191,173,173,0,2,212,215,214,221,296,191,5,221,0,205,0
20260728,IKE,pp,279,291,255,255,12,12,206,215,211,222,208,188,4,222,0,213,0
20260902,FLO,cod,145,167,111,148,1,28,132,183,142,222,141,86,31,222,1,183,1
20260716,MOH,cod,193,206,116,181,17,77,100,165,112,222,172,85,21,222,13,179,5
20260728,MOH,cod,142,156,86,157,13,69,85,147,105,222,181,60,22,222,9,177,2
20260921,INW,pp,103,234,0,219,51,54,184,197,201,223,238,62,7,223,4,151,1
20260822,LOI,cod,156,171,143,164,18,41,143,187,155,223,188,144,28,223,0,165,0
20260630,FCL,cod,246,256,183,220,37,53,163,188,181,223,185,84,10,223,2,196,1
20260721,FLO,pp,449,496,421,428,7,9,194,205,209,223,209,140,6,223,3,235,1
20260721,FCL,cod,223,230,181,230,25,39,178,199,192,224,223,103,6,224,3,212,2
20260712,NKD,cod,250,251,296,315,4,17,159,194,177,224,274,80,22,224,2,205,1
20260827,FCL,cod,214,218,154,189,20,46,166,204,181,225,233,110,13,225,3,207,1
20260710,MOH,cod,216,239,134,210,19,175,88,163,95,225,192,72,27,225,10,218,6
20260626,ESA,pp,269,277,209,232,13,15,179,206,191,225,230,117,17,225,0,130,0
20260919,FCL,cod,185,192,45,189,16,34,164,199,180,225,176,93,3,225,14,220,8
20260716,FLO,pp,329,338,281,292,669,675,185,207,191,225,184,117,12,225,4,222,4
20260903,FCL,cod,215,219,202,228,21,43,170,201,181,226,193,89,8,226,1,181,1
20260914,IKE,pp,172,172,172,172,2,4,193,199,219,226,206,140,2,226,16,161,10
20260731,NKD,cod,151,153,193,219,4,40,142,189,157,226,221,115,31,226,9,187,6
20260629,FCL,cod,221,227,186,219,24,44,160,197,173,227,181,89,10,227,1,174,1
20260703,FCL,cod,257,270,238,309,32,53,163,199,177,227,190,101,12,227,7,198,5
20260822,IKE,pp,239,239,229,230,4,6,210,212,222,227,228,154,4,227,5,261,5
20260815,NKD,cod,308,310,263,291,1,21,127,162,154,227,273,102,45,227,4,262,0
20260914,NKD,cod,141,141,100,113,0,9,144,173,175,228,178,79,32,228,10,210,5
20260915,UNC,pp,134,134,191,219,0,5,191,214,204,229,223,177,5,229,1,309,0
20260630,IKE,pp,164,166,205,205,,,226,228,227,229,242,208,0,229,4,199,4
20260729,UNC,pp,,,269,278,33,36,207,216,219,230,232,173,3,230,0,198,0
20260708,IKE,pp,231,231,212,213,5,6,217,227,218,230,258,198,5,230,0,87,0
20260723,FLO,pp,493,534,518,535,123,125,192,209,207,230,190,126,12,230,4,183,0
20260627,KIC,cod,141,146,99,126,15,43,130,192,147,230,169,72,22,230,2,154,1
20260709,FCL,cod,261,266,161,193,30,62,176,209,186,230,227,97,9,230,15,234,3
20260715,FLO,pp,88,97,100,101,4,16,205,219,211,231,219,126,9,231,2,231,1
20260726,MOH,cod,114,119,38,58,13,70,84,163,96,231,157,70,29,231,11,234,4
20260903,IKE,pp,250,251,267,267,6,6,228,229,230,231,186,144,1,231,0,136,0
20260905,FCL,cod,157,162,127,148,17,29,163,203,178,232,205,108,11,232,5,194,2
20260911,FLO,cod,241,243,202,238,1,48,125,181,141,232,198,124,28,232,1,153,0
20260917,INW,pp,354,370,215,291,13,15,198,213,214,232,176,72,5,232,15,277,6
20260902,NKD,cod,474,474,351,390,0,19,148,181,166,232,147,82,36,232,17,186,11
20260629,NAH,cod,195,195,131,208,10,96,70,160,89,232,124,46,43,232,2,147,1
20260702,FCL,cod,283,297,206,257,21,39,173,205,187,232,194,105,9,232,2,213,0
20260902,IKE,pp,286,286,262,263,,,219,223,227,232,264,191,4,232,1,195,1
20260822,AWP,cod,240,248,221,234,4,16,175,206,181,233,227,92,19,233,9,220,5
20260712,FCL,cod,199,210,139,177,29,43,148,195,165,233,207,93,25,233,12,260,4
20260626,NAH,cod,153,163,84,157,0,61,82,174,90,233,176,57,42,233,0,101,0
20260830,KIC,cod,143,147,123,144,4,21,163,192,175,233,195,90,13,233,11,221,5
20260709,NAH,cod,169,169,120,200,2,68,70,159,86,233,185,53,42,233,2,162,0
20260822,EMH,cod,139,141,112,140,4,35,140,201,150,233,175,70,21,233,3,175,3
20260724,DBL,pp,224,243,343,352,12,12,206,216,218,234,162,125,6,234,2,307,1
20260804,BSS,pp,298,321,319,324,50,52,230,232,231,234,304,163,1,234,0,192,0
20260629,KIC,cod,190,203,191,230,24,56,135,183,148,234,144,62,25,234,8,214,3
20260821,INW,cod,126,140,116,125,14,18,159,192,181,234,157,86,45,234,8,183,2
20260823,IKE,pp,269,269,225,227,1,5,215,223,224,234,287,189,4,234,1,229,0
20260829,AWP,cod,140,148,174,178,4,22,170,207,177,235,128,45,33,235,7,177,2
20260913,NKD,cod,182,182,209,219,0,15,162,201,179,235,232,137,42,235,13,224,2
20260812,FCL,cod,179,184,137,159,26,36,181,210,193,235,235,112,14,235,6,239,1
20260919,INM,pp,152,152,33,172,0,3,190,204,208,235,198,119,10,235,4,84,4
20260907,FCL,cod,167,175,143,176,18,47,165,209,176,236,176,110,15,236,7,364,2
20260831,FLO,cod,222,225,178,217,3,43,132,196,147,236,218,116,29,236,8,145,3
20260825,FCL,cod,209,218,155,189,32,49,177,204,199,236,205,105,9,236,0,168,0
20260830,IKE,pp,202,202,204,204,,,224,228,232,236,224,204,2,236,0,208,0
20260726,NKD,cod,165,166,204,240,0,7,98,173,143,236,271,128,41,236,13,252,8
20260823,KIC,cod,81,85,11,15,11,27,170,198,182,236,204,108,21,236,3,160,0
20260819,KIC,cod,260,271,206,243,25,76,153,191,176,236,188,88,17,236,11,189,7
20260710,IGS,pp,449,454,76,76,1,5,115,133,130,236,69,33,46,236,3,440,2
20260824,KIC,cod,244,257,250,277,45,97,156,198,174,236,208,99,21,236,5,200,1
20260705,NKD,cod,315,315,370,409,1,13,184,213,194,237,259,98,32,237,0,205,0
20260814,KIC,cod,189,210,197,230,2,21,160,198,176,237,176,89,22,237,9,196,6
20260913,INW,pp,203,211,272,281,11,11,196,218,214,237,212,86,7,237,27,246,11
20260722,FLO,pp,584,680,462,481,40,42,208,227,216,238,234,156,14,238,2,210,1
20260918,AWP,cod,175,175,56,202,35,61,185,213,193,238,213,90,13,238,11,203,2
20260704,DBL,pp,268,278,290,295,8,10,202,226,211,238,237,172,11,238,1,157,0
20260918,INM,pp,244,247,77,223,2,4,193,218,203,239,196,124,21,239,5,187,3
20260630,NAH,cod,188,188,129,206,17,71,80,168,100,239,166,61,42,239,2,179,1
20260906,DBL,pp,,,324,330,4,6,212,225,223,239,242,178,8,239,4,525,1
20260729,FCL,cod,219,224,158,198,20,50,172,214,183,239,214,96,17,239,7,241,3
20260724,FCL,cod,206,213,167,210,28,47,176,209,185,240,213,117,11,240,4,218,3
20260701,NAH,cod,152,152,85,150,0,51,71,161,96,240,155,64,37,240,4,196,4
20260825,LOI,cod,126,137,116,140,14,52,156,207,171,241,215,178,18,241,1,204,1
20260713,FLO,pp,137,146,273,285,11,13,201,215,223,241,215,137,6,241,5,221,2
20260714,IKE,pp,144,144,149,150,0,1,220,230,227,241,215,193,3,241,0,311,0
20260907,IKE,pp,183,183,192,194,0,1,200,209,231,241,212,177,2,241,1,404,1
20260803,IGS,pp,10,16,10,10,6,8,201,217,213,241,199,160,13,241,0,157,0
20260720,FLO,pp,12,13,14,14,13,15,208,222,220,242,220,155,10,242,4,254,2
20260708,NAH,cod,185,185,90,161,1,62,77,156,98,242,169,56,45,242,3,175,2
20260824,FCL,cod,179,190,158,197,34,63,176,212,189,242,228,107,22,242,7,191,2
20260625,KIC,cod,153,158,95,119,43,65,162,242,162,242,206,80,24,242,0,106,0
20260902,DBL,pp,61,66,339,344,11,16,207,222,218,242,195,143,5,242,0,198,0
20260918,INW,pp,217,227,153,220,18,18,209,222,219,242,196,103,10,242,1,140,0
20260719,IKE,pp,272,272,262,263,,,222,233,232,243,234,189,4,243,3,246,3
20260828,NKD,cod,222,223,209,237,2,18,157,203,167,243,220,117,46,243,15,212,10
20260707,MOH,cod,285,306,133,216,27,85,114,195,126,244,224,86,22,244,7,210,6
20260807,FCL,cod,193,200,170,211,33,47,182,217,190,244,245,127,17,244,1,219,1
20260903,NKD,cod,317,318,351,390,10,53,128,157,158,244,211,81,42,244,14,173,9
20260827,AWP,cod,200,204,195,216,15,33,189,214,205,245,201,81,17,245,2,249,2
20260717,FCL,cod,261,264,207,254,33,50,185,215,200,245,257,115,12,245,4,211,0
20260910,KIC,cod,229,260,187,220,36,99,167,199,179,245,186,112,21,245,2,122,1
20260920,KIC,cod,153,157,0,58,5,22,174,213,183,245,236,148,12,245,9,236,3
20260717,MOH,cod,229,242,95,173,18,85,101,201,107,245,187,91,19,245,5,172,4
20260908,AWP,cod,194,203,302,315,9,13,217,232,222,245,207,121,12,245,30,412,13
20260904,KIC,cod,211,226,202,239,5,28,174,211,189,245,226,114,10,245,4,179,4
20260815,DBL,pp,381,393,273,275,10,15,189,211,214,246,209,136,13,246,5,319,2
20260805,FCL,cod,189,196,145,189,25,46,196,223,209,246,206,109,9,246,2,224,1
20260813,AWP,cod,251,269,321,346,16,35,183,229,193,246,182,83,23,246,22,256,9
20260805,NKD,cod,428,428,276,291,1,16,163,217,177,246,344,144,48,246,0,238,0
20260723,DBL,pp,252,260,331,336,15,15,211,228,223,247,212,129,11,247,1,286,0
20260820,LOI,cod,128,138,138,169,19,41,162,202,183,247,179,152,27,247,1,202,1
20260628,MOH,cod,179,184,84,104,5,44,120,192,129,247,241,103,26,247,4,233,1
20260919,INW,pp,292,300,125,261,4,11,206,228,210,248,237,127,8,248,6,223,3
20260710,FCL,cod,236,243,284,327,34,59,181,226,193,248,211,99,20,248,3,230,0
20260814,AWP,cod,276,290,246,275,20,27,185,213,205,248,205,74,22,248,13,209,10
20260907,INM,pp,162,162,172,177,2,8,209,219,232,248,238,146,3,248,20,364,12
20260806,AWP,cod,209,218,199,216,10,26,195,218,215,248,202,98,12,248,17,277,10
20260625,DBL,pp,193,196,14,14,3,3,228,247,229,248,202,132,7,248,0,35,0
20260727,FCL,cod,247,252,210,256,32,61,200,229,211,248,211,105,12,248,8,222,4
20260710,FLO,pp,350,476,346,363,20,25,198,216,219,249,167,96,18,249,6,257,2
20260921,KIC,cod,176,311,0,350,12,56,163,206,184,249,217,115,7,249,1,96,1
20260901,KIC,cod,337,344,254,286,12,42,156,212,166,249,168,99,25,249,6,179,4
20260810,IKE,pp,268,268,275,279,0,1,234,242,241,249,254,170,7,249,6,260,3
20260708,DBL,pp,288,297,326,333,10,12,218,229,233,250,203,141,6,250,8,269,4
20260719,MOH,cod,72,74,51,69,12,62,103,194,117,250,197,109,30,250,4,175,3
20260821,LOI,cod,138,154,148,174,14,39,166,210,187,251,225,180,22,251,0,190,0
20260719,AWP,cod,137,139,129,136,4,11,193,221,214,251,290,109,22,251,8,254,4
20260805,AWP,cod,223,228,220,238,18,41,191,219,205,251,209,93,19,251,24,223,11
20260703,IKE,pp,184,184,160,161,1,1,247,247,251,251,179,156,0,251,0,202,0
20260909,KIC,cod,229,241,210,250,17,48,167,215,180,251,233,143,18,251,6,344,0
20260710,DBL,pp,286,292,219,222,8,9,214,234,226,251,236,164,11,251,3,229,2
20260824,IGS,pp,59,192,68,71,12,14,189,208,211,252,189,136,12,252,1,158,0
20260730,DBL,pp,254,265,313,315,19,22,215,227,224,252,192,144,10,252,0,267,0
20260825,NAH,cod,217,217,123,211,0,85,59,152,77,252,130,47,78,252,11,192,4
20260716,NKD,cod,346,346,315,359,12,32,133,175,167,252,244,87,62,252,2,271,2
20260912,NKD,cod,305,307,318,348,4,19,158,205,191,252,175,83,27,252,6,117,0
20260714,FCL,cod,203,213,197,245,38,52,183,218,206,252,248,108,16,252,6,230,2
20260806,UNC,pp,77,214,82,86,138,141,209,230,222,253,251,193,4,253,2,113,2
20260919,FLO,cod,236,240,27,269,2,22,141,179,174,253,184,106,13,253,8,381,5
20260906,NKD,cod,220,221,338,378,2,11,170,233,183,253,336,127,47,253,6,274,4
20260806,FCL,cod,192,202,176,223,18,44,198,233,208,253,225,125,9,253,2,191,1
20260917,NKD,cod,288,296,233,275,12,20,179,202,210,253,168,79,24,253,11,289,4
20260729,NKD,cod,212,212,235,271,48,67,150,195,180,253,191,101,50,253,20,291,20
20260716,IKE,pp,166,166,184,185,0,1,245,249,249,253,187,152,0,253,0,151,0
20260808,ESA,pp,362,380,396,407,16,29,206,232,216,253,268,170,20,253,6,217,5
20260729,AWP,cod,233,249,191,204,18,29,201,225,216,253,242,92,17,253,15,261,8
20260708,MOH,cod,173,188,127,201,23,79,115,191,119,254,153,66,31,254,10,229,7
20260821,FLO,pp,317,318,308,320,73,74,200,222,220,254,215,138,20,254,6,244,4
20260807,AWP,cod,213,217,208,227,3,11,223,237,231,254,242,127,10,254,7,197,3
20260801,AWP,cod,266,275,240,264,8,18,193,219,215,255,205,88,24,255,14,236,11
20260829,NKD,cod,218,221,185,211,18,41,158,216,179,255,154,80,53,255,0,260,0
20260801,LOI,pp,371,419,377,385,34,38,224,241,233,256,238,201,13,256,3,337,1
20260626,DBL,pp,284,291,90,92,11,14,224,239,233,256,235,172,6,256,0,53,0
20260720,NAH,cod,206,206,126,203,1,56,67,151,91,256,208,55,53,256,13,168,8
20260711,MOH,cod,146,152,80,129,8,84,98,202,102,256,229,100,26,256,15,190,8
20260916,NKD,cod,206,207,151,199,12,37,159,208,174,257,164,56,57,257,21,326,7
20260711,NAH,cod,186,186,84,175,2,52,78,173,94,257,146,59,64,257,5,172,3
20260824,AWP,cod,186,216,184,199,21,49,208,236,215,257,231,105,22,257,7,204,6
20260718,NAH,cod,158,159,111,197,0,40,93,171,116,258,123,41,55,258,5,183,4
20260804,AWP,cod,223,227,186,209,8,15,221,243,231,258,203,91,16,258,13,226,6
20260902,INM,pp,366,371,241,247,4,12,214,243,226,258,230,133,12,258,1,141,1
20260814,NKD,cod,326,327,377,416,2,9,186,224,208,258,202,93,35,258,3,275,3
20260806,ESA,pp,445,469,488,506,17,52,202,217,221,258,158,115,13,258,9,371,1
20260830,BSS,pp,73,74,78,78,2,3,192,226,224,258,406,91,1,258,1,240,0
20260725,MOH,cod,141,167,56,86,21,68,97,171,108,258,195,87,45,258,9,192,4
20260905,KIC,cod,271,276,190,223,6,21,190,226,200,259,226,132,24,259,8,163,4
20260826,NKD,cod,203,204,169,196,8,23,153,194,188,259,238,76,51,259,3,243,2
20260713,NKD,cod,195,195,161,172,2,17,162,224,180,259,155,77,46,259,8,313,4
20260724,IKE,pp,262,262,247,247,5,6,230,247,238,259,243,197,12,259,0,259,0
20260914,INW,pp,138,147,127,136,3,5,222,240,234,260,209,113,13,260,22,356,11
20260904,BSS,pp,525,559,488,488,31,31,257,259,258,260,211,135,1,260,0,389,0
20260626,KIC,cod,133,139,98,115,27,77,155,241,159,260,218,96,26,260,2,118,1
20260722,FCL,cod,217,220,193,228,28,46,193,235,205,260,218,116,12,260,7,235,1
20260820,AWP,cod,220,234,198,212,20,35,172,212,198,262,178,70,17,262,11,224,2
20260711,FCL,cod,242,248,208,254,29,47,186,230,204,262,239,113,18,262,6,223,3
20260711,DBL,pp,324,331,379,386,4,6,224,239,237,262,268,174,10,262,0,170,0
20260725,AWP,cod,256,264,236,257,18,38,195,232,216,262,207,84,21,262,14,253,10
20260720,FCL,cod,236,246,181,218,39,69,197,229,214,262,208,86,10,262,6,249,3
20260715,MOH,cod,246,276,172,280,34,147,106,198,121,262,164,85,19,262,24,218,13
20260824,EMH,cod,290,300,217,290,20,87,146,216,163,263,154,74,25,263,2,157,0
20260711,FLO,pp,268,271,276,288,106,109,228,237,243,263,220,152,9,263,1,253,1
20260919,AWP,cod,137,181,29,165,16,26,211,235,232,263,204,110,4,263,24,192,16
20260813,KIC,cod,230,253,204,226,9,37,185,227,193,263,223,105,22,263,3,212,1
20260916,KIC,cod,274,280,142,260,9,43,176,223,189,263,214,131,20,263,2,222,1
20260718,AWP,cod,262,267,267,285,11,15,180,215,220,263,273,113,25,263,15,272,14
20260705,MOH,cod,69,72,59,81,11,84,113,201,121,263,222,120,28,263,4,229,2
20260723,AWP,cod,256,270,240,254,31,50,220,240,231,264,235,89,15,264,27,269,13
20260802,DBL,pp,299,344,218,223,8,12,223,247,236,264,286,193,10,264,1,253,1
20260916,DBL,pp,227,232,278,396,2,4,237,251,247,264,240,188,5,264,3,206,1
20260823,LOI,cod,120,140,95,109,19,44,171,222,194,264,232,187,22,264,0,177,0
20260903,INM,pp,277,277,217,223,0,2,245,253,254,264,260,156,2,264,2,175,1
20260807,BSS,pp,231,244,229,233,17,17,256,261,259,264,239,152,4,264,0,246,0
20260827,KIC,cod,160,162,137,158,8,32,176,215,199,264,182,98,20,264,6,217,3
20260920,NKD,cod,229,277,67,304,3,18,169,221,189,264,280,116,5,264,14,228,1
20260915,INW,pp,115,119,202,220,8,15,212,228,231,264,241,112,13,264,9,181,3
20260722,NAH,cod,250,250,161,268,3,82,90,187,104,264,234,75,36,264,4,185,4
20260805,IKE,pp,235,238,260,267,1,3,257,263,258,265,288,245,1,265,0,178,0
20260807,IKE,pp,234,234,236,237,9,9,237,263,239,265,228,217,5,265,0,215,0
20260819,LOI,cod,178,190,143,165,18,42,188,240,206,265,235,185,20,265,1,211,0
20260918,KIC,cod,238,248,54,256,6,29,177,225,192,265,202,132,14,265,2,216,2
20260718,FCL,cod,217,222,178,224,25,40,210,239,223,265,232,103,10,265,7,270,4
20260911,INW,pp,197,208,176,181,13,25,230,240,243,265,261,112,9,265,2,134,1
20260820,ESA,pp,534,576,798,810,42,44,200,216,231,265,210,100,19,265,16,337,4
20260820,FLO,pp,487,499,470,492,70,73,216,241,230,266,186,113,13,266,1,251,0
20260731,DBL,pp,265,299,326,331,10,18,235,249,240,266,232,183,7,266,1,208,1
20260727,MOH,cod,185,261,143,247,46,115,113,194,131,266,141,73,34,266,8,207,3
20260625,FCL,pp,409,415,381,401,14,17,242,265,243,266,267,136,6,266,0,71,0
20260713,FCL,cod,240,244,196,236,34,62,182,221,208,266,220,107,15,266,3,248,1
20260816,NKD,cod,171,171,267,292,0,11,143,227,153,266,315,126,58,266,8,276,1
20260908,KIC,cod,242,247,225,267,4,34,199,231,212,267,258,141,18,267,14,375,6
20260716,AWP,cod,307,320,252,271,9,20,219,238,239,267,255,97,15,267,13,278,10
20260720,MOH,cod,323,362,160,264,29,93,93,186,111,267,160,83,28,267,12,188,6
20260704,NAH,cod,198,199,98,199,0,51,94,182,115,268,167,56,43,268,0,171,0
20260812,AWP,cod,268,299,160,172,19,33,219,245,233,268,212,82,15,268,12,195,3
20260704,MOH,cod,167,184,91,144,8,59,122,195,136,268,223,109,27,268,3,228,2
20260914,KIC,cod,174,179,108,196,3,22,183,227,199,268,256,148,27,268,11,207,8
20260711,LOI,pp,401,436,466,479,38,40,224,239,246,268,251,187,13,268,4,336,2
20260716,FCL,cod,290,301,245,297,29,48,197,234,214,268,194,107,13,268,5,210,4
20260726,IKE,pp,227,227,238,240,,,259,263,264,269,275,187,4,269,1,293,0
20260906,KIC,cod,119,122,16,17,0,25,180,216,197,269,201,98,23,269,10,403,6
20260727,AWP,cod,305,313,286,305,9,19,212,245,226,269,191,79,27,269,21,251,10
20260723,FCL,cod,228,231,201,256,35,60,208,243,219,269,232,125,14,269,3,223,2
20260818,AWP,cod,217,239,174,187,20,36,211,239,229,269,235,109,22,269,13,177,11
20260825,AWP,cod,178,190,146,160,9,25,207,234,226,269,228,103,19,269,19,233,8
20260830,NAH,cod,183,185,110,182,0,49,78,179,92,269,209,50,73,269,13,217,3
20260703,NAH,cod,193,193,113,195,0,74,94,197,110,270,160,64,48,270,1,164,0
20260731,AWP,cod,228,232,222,230,11,31,197,241,223,271,280,113,21,271,6,218,4
20260717,NAH,cod,187,187,82,156,1,82,83,184,100,271,235,93,50,271,6,171,3
20260713,MOH,cod,316,346,188,309,22,84,113,202,136,271,169,102,25,271,11,202,5
20260914,INM,pp,191,191,180,187,0,2,221,235,245,271,211,124,8,271,25,328,13
20260912,FLO,cod,194,194,182,202,0,21,175,221,191,271,246,149,26,271,9,470,7
20260808,NAH,cod,207,208,111,180,1,52,96,193,108,271,217,96,58,271,0,150,0
20260727,BSS,pp,265,266,222,229,3,5,236,240,264,271,219,93,2,271,5,70,0
20260728,BSS,pp,212,243,232,237,27,28,265,270,266,271,232,130,1,271,2,109,1
20260729,IKE,pp,187,187,259,260,1,2,264,268,268,272,282,252,2,272,0,220,0
20260803,FCL,cod,217,222,180,222,29,45,221,253,228,272,217,111,17,272,3,230,0
20260725,DBL,pp,292,311,260,265,7,8,229,248,244,272,230,168,10,272,0,273,0
20260913,FLO,cod,61,61,38,48,0,19,160,222,174,273,260,157,37,273,14,388,8
20260627,DBL,pp,255,262,238,240,8,9,234,251,251,273,253,189,8,273,1,118,1
20260822,KIC,cod,217,227,213,252,11,87,193,235,212,273,240,133,21,273,10,160,7
20260706,MOH,cod,285,321,153,272,46,143,137,209,152,273,186,85,19,273,9,235,6
20260904,IKE,pp,222,223,202,207,1,1,215,270,217,273,336,235,53,273,5,157,1
20260816,IKE,pp,214,214,225,232,1,1,254,264,264,274,242,193,4,274,1,287,0
20260707,NAH,cod,121,121,92,154,2,70,102,183,122,274,153,52,41,274,2,225,1
20260708,FCL,cod,273,282,250,334,34,58,204,244,216,274,234,107,11,274,5,240,3
20260714,MOH,cod,259,282,148,231,32,97,122,210,130,274,232,100,25,274,11,205,6
20260715,NAH,cod,178,179,91,178,0,111,88,183,111,275,201,71,40,275,4,176,0
20260710,ESA,pp,433,441,587,613,15,26,203,238,226,275,196,120,34,275,8,296,0
20260920,FLO,cod,101,102,3,85,0,28,175,230,187,275,268,148,14,275,15,348,8
20260714,NAH,cod,185,186,105,184,0,59,74,176,100,275,183,72,54,275,5,180,2
20260707,IKE,pp,180,180,200,201,0,1,271,275,272,276,241,212,2,276,1,194,1
20260710,NAH,cod,147,147,92,150,3,92,86,199,100,276,190,70,52,276,2,191,1
20260719,ESA,pp,51,53,57,57,10,16,181,224,206,276,234,129,33,276,6,306,4
20260916,INW,pp,233,236,152,171,0,3,239,254,253,276,251,112,11,276,7,161,0
20260910,INW,pp,173,191,307,345,27,34,245,258,256,277,221,101,7,277,11,355,2
20260706,NAH,cod,204,206,106,172,0,104,93,187,113,277,197,67,47,277,1,154,0
20260705,SOL,cod,71,72,31,33,7,22,159,203,186,277,279,78,63,277,12,258,4
20260809,DBL,pp,320,333,282,286,10,12,231,260,246,278,300,203,14,278,3,295,2
20260823,SOL,cod,45,47,31,35,6,23,137,206,160,278,302,77,94,278,15,242,2
20260826,AWP,cod,174,178,158,171,31,47,217,246,236,278,205,92,18,278,11,216,7
20260713,NAH,cod,162,162,109,167,0,105,81,183,104,278,147,50,58,278,5,180,1
20260721,MOH,cod,167,196,143,244,32,181,94,197,112,279,196,82,31,279,6,209,2
20260702,NKD,cod,454,455,339,383,13,37,202,235,237,279,224,109,23,279,2,274,0
20260723,NKD,cod,227,231,181,201,5,20,201,235,215,279,271,124,40,279,45,315,16
20260718,DBL,pp,275,293,345,350,7,8,225,249,249,280,263,183,6,280,2,240,1
20260803,AWP,cod,240,251,216,227,16,24,230,252,247,280,250,120,17,280,17,262,9
20260709,FLO,pp,320,340,517,540,27,29,215,236,248,281,222,121,12,281,8,315,2
20260831,KIC,cod,303,310,278,336,10,42,192,239,208,281,219,116,21,281,7,190,5
20260826,KIC,cod,240,254,201,238,10,38,195,249,210,281,242,124,26,281,4,210,2
20260801,IKE,pp,184,184,222,222,,,260,275,266,281,289,248,7,281,4,279,1
20260807,NAH,cod,211,211,123,211,0,72,105,197,119,282,151,66,57,282,8,193,5
20260913,FCL,pp,333,336,254,285,9,10,227,260,243,282,330,154,10,282,51,373,38
20260729,BSS,pp,284,306,285,285,28,28,280,280,281,282,303,160,1,282,0,184,0
20260921,DBL,pp,0,280,0,266,11,14,243,261,257,282,291,179,4,282,4,356,0
20260714,AWP,cod,248,257,285,308,35,50,228,251,247,282,286,106,17,282,15,231,3
20260919,KIC,cod,211,232,28,247,1,29,206,250,218,282,235,156,6,282,1,262,0
20260901,DBL,pp,320,324,190,191,4,10,241,261,262,283,242,170,5,283,2,240,0
20260722,AWP,cod,244,255,196,223,11,30,204,236,222,283,252,91,34,283,16,269,11
20260712,AWP,cod,215,226,162,169,12,17,241,264,253,283,267,99,15,283,18,239,9
20260705,BSS,cod,68,70,29,37,3,30,110,196,134,283,230,82,88,283,17,280,10
20260715,FCL,cod,248,255,225,255,23,44,213,250,231,284,255,123,10,284,4,230,0
20260716,NAH,cod,226,227,135,224,1,76,107,215,121,284,164,68,49,284,2,189,2
20260829,KIC,cod,215,222,123,150,13,33,175,232,198,284,181,83,27,284,5,187,3
20260725,NAH,cod,209,209,116,228,0,60,104,199,122,284,191,80,51,284,3,186,3
20260913,KIC,cod,124,136,46,61,8,36,204,241,220,284,232,157,26,284,25,325,14
20260825,KIC,cod,210,232,224,270,20,58,184,240,205,284,254,129,18,284,4,229,1
20260730,IGS,pp,204,213,202,206,19,21,226,245,251,285,226,195,7,285,0,163,0
20260806,NAH,cod,284,285,176,283,4,142,103,191,128,285,195,80,46,285,11,214,3
20260722,MOH,cod,137,178,95,153,28,88,113,199,130,285,207,115,30,285,10,188,5
20260727,NAH,cod,218,218,122,219,2,129,95,198,114,286,239,81,48,286,6,215,3
20260822,FLO,pp,293,294,279,282,11,15,233,255,251,286,290,176,13,286,2,198,1
20260906,SOL,cod,146,148,45,52,7,19,184,250,203,287,304,132,60,287,18,572,7
20260723,MOH,cod,157,181,103,176,30,99,117,220,135,288,210,97,26,288,11,191,7
20260911,KIC,cod,185,189,182,212,6,29,207,256,216,288,277,185,26,288,31,340,19
20260724,NAH,cod,166,166,73,152,1,96,109,201,124,288,159,66,49,288,9,168,4
20260626,FCL,pp,388,394,370,394,17,23,256,272,270,289,296,145,3,289,1,142,0
20260824,IKE,pp,249,249,256,258,0,5,254,275,267,289,152,141,11,289,0,270,0
20260701,NKD,cod,252,252,162,184,19,49,194,233,215,289,199,97,45,289,2,268,1
20260721,NKD,cod,252,253,240,258,6,23,209,239,236,289,259,117,29,289,7,343,5
20260910,NKD,cod,201,203,195,216,12,25,193,220,236,289,105,58,42,289,18,505,16
20260709,AWP,cod,220,229,210,226,15,24,226,243,245,290,231,79,27,290,28,293,12
20260816,NAH,cod,215,215,148,251,1,57,100,214,117,290,230,72,60,290,11,171,5
20260717,DBL,pp,276,295,347,354,7,10,245,262,267,290,247,179,7,290,1,223,1
20260625,MOH,cod,245,269,154,238,22,72,154,287,156,290,263,132,30,290,0,146,0
20260705,FLO,pp,94,97,81,85,210,215,239,257,259,291,279,174,16,291,8,361,3
20260721,NAH,cod,189,190,93,172,1,158,109,217,120,292,181,69,53,292,5,165,0
20260913,NAH,cod,219,219,152,316,0,86,87,207,101,292,319,120,53,292,18,293,10
20260906,NAH,cod,212,214,56,110,0,56,82,176,102,292,231,70,66,292,22,530,8
20260725,IKE,pp,213,213,213,213,2,4,267,275,284,293,300,229,6,293,0,288,0
20260823,AWP,cod,115,115,94,109,5,18,235,263,254,294,248,124,23,294,14,191,5
20260628,BSS,cod,98,99,24,31,14,34,149,230,167,294,295,114,70,294,9,219,3
20260816,DBL,pp,360,367,229,233,4,7,258,276,266,294,320,206,13,294,5,243,1
20260901,FCL,pp,394,396,400,422,7,12,267,279,277,294,247,123,5,294,7,357,3
20260904,NKD,cod,317,317,275,308,15,31,225,250,249,295,288,156,18,295,6,194,3
20260805,NAH,cod,210,235,126,211,3,67,98,202,119,295,152,71,59,295,12,198,6
20260716,DBL,pp,287,294,297,302,8,10,231,259,258,295,225,157,12,295,1,343,0
20260818,FLO,pp,369,441,295,316,92,99,233,255,259,295,245,145,13,295,4,329,3
20260819,AWP,cod,211,220,240,251,17,37,235,275,247,296,261,128,28,296,13,239,1
20260810,DBL,pp,319,326,295,304,6,12,249,268,267,296,278,181,11,296,0,289,0
20260828,FCL,pp,289,293,234,247,12,17,255,275,271,296,323,136,12,296,3,375,1
20260913,IKE,pp,212,212,223,226,3,3,266,292,271,297,288,218,1,297,1,164,1
20260917,FLO,cod,206,226,92,216,14,80,167,210,196,297,191,126,25,297,2,79,1
20260723,ESA,pp,528,623,390,409,63,65,230,259,257,299,254,139,30,299,5,322,2
20260711,AWP,cod,277,293,284,308,22,45,230,251,254,299,261,90,14,299,18,289,4
20260816,SOL,cod,74,76,28,33,10,22,163,240,194,299,312,72,61,299,14,283,2
20260823,NAH,cod,126,127,69,114,1,57,92,190,108,299,189,63,66,299,12,199,1
20260819,FLO,pp,282,282,331,336,83,87,237,264,258,299,289,176,16,299,11,296,3
20260808,DBL,pp,331,342,333,352,7,8,255,276,274,300,273,209,8,300,2,348,1
20260719,NKD,cod,257,258,282,331,1,18,233,274,246,300,316,184,34,300,29,264,25
20260724,MOH,cod,99,128,87,114,10,71,137,227,145,300,209,88,36,300,6,169,5
20260809,SOL,cod,42,47,89,100,2,22,141,228,165,300,374,130,112,300,13,298,1
20260901,NKD,cod,262,266,173,185,3,17,218,254,242,301,255,146,37,301,5,248,4
20260912,KIC,cod,257,269,189,241,5,29,205,253,229,301,249,157,17,301,24,402,22
20260628,ESA,pp,65,66,108,112,7,9,209,266,221,301,306,162,54,301,5,302,5
20260727,FLO,pp,480,623,444,462,257,261,260,278,276,301,290,191,13,301,1,245,1
20260812,BSS,pp,340,352,398,401,13,17,292,300,294,302,273,197,2,302,3,236,3
20260711,ESA,pp,445,460,330,336,11,20,231,271,249,302,286,172,29,302,9,207,5
20260728,AWP,cod,207,220,227,241,18,40,244,279,254,303,270,107,26,303,12,197,4
20260730,AWP,cod,273,286,252,265,15,33,256,291,265,303,248,121,14,303,15,218,9
20260714,FLO,pp,305,546,279,297,119,126,268,287,280,303,296,209,9,303,4,212,1
20260918,FLO,cod,305,311,97,292,4,30,179,241,199,304,231,162,17,304,4,55,2
20260721,AWP,cod,189,202,195,211,14,29,239,278,254,304,279,111,21,304,19,272,5
20260720,AWP,cod,276,284,233,264,8,21,238,280,253,304,229,97,25,304,24,256,13
20260910,BSS,pp,481,490,471,478,28,29,300,300,301,305,264,167,4,305,4,90,1
20260819,IKE,pp,219,219,252,253,1,4,289,294,294,305,237,211,5,305,0,256,0
20260908,LOI,pp,542,613,485,516,39,44,256,275,277,305,281,222,10,305,8,521,4
20260904,SOL,cod,325,351,306,361,7,44,165,226,202,305,219,83,77,305,3,275,2
20260731,ESA,pp,333,361,277,284,37,44,244,269,265,306,255,163,26,306,4,337,1
20260813,NAH,cod,251,252,154,253,4,76,108,203,138,307,217,74,60,307,3,242,1
20260829,DBL,pp,235,240,334,338,11,16,255,285,272,307,230,156,12,307,3,317,1
20260803,NAH,cod,249,250,162,260,5,220,90,191,116,307,228,73,68,307,3,174,3
20260915,INM,pp,82,83,69,84,1,2,276,290,287,307,314,185,9,307,4,237,1
20260906,FCL,pp,339,343,298,327,16,19,279,294,286,307,317,158,6,307,43,698,15
20260710,AWP,cod,302,317,260,274,19,40,213,266,238,307,261,85,29,307,25,306,13
20260809,ESA,pp,81,86,80,80,12,13,222,279,234,307,358,225,48,307,6,218,4
20260921,FLO,cod,298,316,1,327,15,42,186,236,210,308,273,134,16,308,2,64,0
20260724,AWP,cod,217,233,213,229,3,19,247,280,267,308,269,109,21,308,18,257,14
20260919,BSS,pp,300,354,15,357,17,17,304,307,306,309,269,142,2,309,8,334,7
20260706,DBL,pp,281,285,361,369,8,14,266,289,286,309,321,214,6,309,1,258,1
20260722,ESA,pp,535,576,561,574,34,38,253,274,270,310,278,157,19,310,4,221,1
20260708,AWP,cod,216,225,233,260,22,37,246,287,258,310,306,110,28,310,11,360,6
20260814,ESA,pp,494,545,492,504,28,31,261,285,273,310,340,186,13,310,2,319,0
20260805,ESA,pp,368,406,193,196,35,42,235,254,258,310,214,143,29,310,10,347,6
20260811,NAH,cod,209,210,119,208,5,140,103,207,122,310,243,55,82,310,11,199,4
20260730,NKD,cod,257,260,136,159,10,35,220,257,253,311,212,140,36,311,1,262,1
20260817,FLO,pp,207,215,223,233,44,52,255,286,272,311,271,152,15,311,3,346,3
20260726,SOL,cod,92,98,27,34,13,36,182,259,199,311,359,105,82,311,15,381,8
20260908,INW,pp,270,272,288,294,9,14,270,287,284,311,292,130,8,311,19,581,8
20260905,IKE,pp,186,186,182,184,2,3,283,295,296,311,207,176,8,311,0,224,0
20260813,IKE,pp,327,329,214,223,0,2,286,296,301,311,325,239,6,311,0,292,0
20260912,INW,pp,294,300,151,159,14,17,266,289,283,312,314,140,8,312,17,400,11
20260909,NKD,cod,214,214,186,215,18,43,194,248,226,312,209,76,33,312,11,367,3
20260802,EMH,pp,,,1,1,,,264,281,288,312,515,176,9,312,9,458,2
20260828,FLO,pp,535,539,543,552,9,11,272,298,284,313,391,213,12,313,6,256,3
20260713,DBL,pp,308,319,354,357,3,8,258,281,279,313,300,184,12,313,2,282,0
20260912,INM,pp,217,218,215,216,1,8,254,277,282,313,317,163,17,313,14,298,5
20260718,MOH,cod,147,163,134,214,12,70,153,256,166,314,246,145,26,314,4,189,2
20260712,SOL,cod,152,161,55,65,12,29,146,223,181,314,303,90,105,314,13,292,3
20260920,NAH,cod,269,273,5,354,0,85,93,225,112,315,327,134,21,315,17,227,7
20260915,KIC,cod,207,212,177,270,8,51,221,276,232,315,246,149,18,315,15,285,5
20260827,IKE,pp,208,208,177,177,5,6,260,271,282,316,277,209,11,316,1,242,1
20260627,MOH,cod,165,173,122,163,7,78,146,244,160,317,255,145,16,317,1,212,1
20260729,FLO,pp,311,333,341,354,9,13,280,296,296,317,304,217,13,317,0,334,0
20260626,NKD,cod,274,275,267,301,35,45,210,296,222,317,173,68,69,317,0,162,0
20260814,DBL,pp,298,306,406,410,13,13,261,289,282,318,260,187,13,318,3,308,1
20260913,INM,pp,172,172,187,196,0,6,262,299,281,319,279,154,20,319,17,332,6
20260803,NKD,cod,225,229,273,293,0,26,195,258,224,319,230,115,43,319,1,215,1
20260712,BSS,cod,122,159,43,55,12,42,147,236,172,319,424,107,90,319,56,295,10
20260707,DBL,pp,299,307,275,281,13,18,272,294,290,320,284,190,6,320,4,271,2
20260817,DBL,pp,325,329,409,419,28,29,268,290,289,320,297,189,12,320,3,312,2
20260915,IKE,pp,205,211,187,193,6,6,306,316,309,320,259,246,4,320,14,154,13
20260807,NKD,cod,233,234,233,250,1,17,242,276,264,321,282,168,39,321,0,226,0
20260820,NKD,cod,247,249,318,334,6,27,207,269,237,321,205,102,47,321,5,368,2
20260821,NKD,cod,239,242,198,218,2,22,211,264,246,321,293,123,47,321,4,250,4
20260723,NAH,cod,256,256,153,254,1,78,114,246,138,321,240,86,57,321,5,172,2
20260728,FLO,pp,357,503,307,331,5,9,271,293,291,321,295,199,14,321,0,299,0
20260907,KIC,cod,300,305,343,400,27,53,227,280,241,321,254,178,25,321,15,564,7
20260713,AWP,cod,303,321,245,265,27,71,259,295,275,322,273,132,25,322,17,270,7
20260830,SOL,cod,110,111,50,54,4,34,184,257,220,322,301,112,68,322,20,322,3
20260815,NAH,cod,199,201,70,124,0,54,114,222,139,322,254,84,70,322,10,218,4
20260810,NAH,cod,262,262,161,279,25,91,114,220,136,322,219,68,62,322,3,186,3
20260727,DBL,pp,302,316,310,318,11,13,270,290,292,322,318,217,7,322,1,283,0
20260814,NAH,cod,166,166,83,167,3,124,99,236,123,322,166,58,68,322,6,228,2
20260910,INM,pp,281,281,315,328,6,8,261,288,286,323,305,183,16,323,4,309,0
20260701,ESA,pp,737,772,461,475,34,44,248,284,269,323,275,165,35,323,13,312,12
20260625,NKD,cod,313,313,255,293,25,36,258,320,261,323,263,101,39,323,0,114,0
20260801,NAH,cod,188,188,120,188,0,60,85,175,111,323,179,80,84,323,4,211,3
20260917,BSS,pp,348,363,154,275,8,8,304,308,320,324,402,177,0,324,12,193,0
20260802,ESA,pp,42,43,103,104,2,4,237,293,256,325,348,172,44,325,10,244,7
20260628,FCL,pp,323,325,332,347,16,22,287,312,296,325,385,156,9,325,3,241,1
20260717,AWP,cod,276,291,252,277,12,27,253,299,262,325,251,121,38,325,11,271,6
20260804,NAH,cod,196,197,112,196,1,74,122,223,139,325,213,95,62,325,10,168,8
20260807,FLO,pp,323,429,330,351,162,166,286,305,299,326,306,210,16,326,3,267,2
20260815,ESA,pp,53,57,101,103,15,16,266,302,278,326,295,176,28,326,1,314,1
20260728,NAH,cod,175,175,103,179,4,96,111,238,131,326,281,85,74,326,5,186,1
20260830,FCL,pp,327,329,243,257,15,17,278,303,292,326,298,149,13,326,4,346,2
20260805,BSS,pp,260,267,243,245,6,7,294,323,297,326,269,206,27,326,2,265,0
20260819,NKD,cod,309,316,215,236,4,27,200,244,245,326,279,114,50,326,22,396,19
20260819,ESA,pp,650,682,559,569,70,78,242,279,266,327,242,139,44,327,6,270,5
20260815,SOL,cod,68,74,70,79,10,45,167,238,198,328,253,66,98,328,16,318,8
20260822,NKD,cod,306,308,248,291,1,27,202,267,232,328,265,152,60,328,7,219,7
20260811,BSS,pp,279,298,314,321,22,22,325,327,327,329,269,151,2,329,0,215,0
20260729,DBL,pp,312,326,429,438,23,26,292,302,306,329,280,205,10,329,2,315,2
20260813,BSS,pp,414,424,301,303,8,10,319,325,321,329,338,206,5,329,0,306,0
20260825,FLO,pp,500,775,501,512,121,138,276,298,299,330,322,197,13,330,7,300,7
20260630,MOH,cod,245,274,188,316,13,75,166,260,178,330,346,147,31,330,1,227,0
20260912,LOI,pp,363,401,301,306,42,43,278,310,296,330,324,258,16,330,10,522,8
20260824,FLO,pp,808,824,823,845,1041,1048,284,305,300,331,275,179,16,331,6,205,3
20260704,FLO,pp,281,287,368,384,14,18,270,300,292,331,310,213,19,331,4,357,3
20260818,NAH,cod,214,215,118,223,1,101,105,218,125,332,281,59,74,332,9,274,1
20260920,FCL,pp,423,441,16,387,19,22,288,313,304,332,379,182,6,332,31,406,7
20260831,DBL,pp,244,249,447,458,8,14,278,289,316,333,306,207,6,333,1,304,0
20260701,FCL,pp,397,400,343,363,15,20,299,317,308,333,310,172,6,333,4,371,2
20260626,MOH,cod,220,241,152,216,23,90,159,269,168,333,249,126,28,333,0,158,0
20260807,DBL,pp,393,400,488,496,64,68,296,315,309,334,294,231,5,334,4,325,1
20260804,EMH,pp,556,558,547,555,5,6,282,305,298,334,210,110,18,334,15,308,9
20260630,ESA,pp,391,412,448,463,54,66,260,291,288,335,287,167,31,335,4,314,2
20260723,IKE,pp,340,340,343,348,6,6,307,323,319,335,316,270,4,335,1,155,1
20260902,FCL,pp,462,468,417,434,17,23,308,323,317,335,342,189,4,335,4,354,1
20260901,LOI,pp,510,581,453,462,55,61,280,303,306,335,295,243,12,335,1,410,0
20260903,FCL,pp,391,397,407,423,15,21,297,317,312,335,350,171,5,335,6,332,2
20260804,DBL,pp,288,304,263,270,27,34,291,306,303,335,309,227,12,335,4,308,3
20260714,EMH,pp,450,451,474,492,14,23,281,302,309,338,216,95,15,338,4,405,1
20260702,MOH,cod,217,222,148,214,10,84,155,245,174,338,225,137,25,338,7,256,3
20260808,FLO,pp,255,280,257,263,161,168,289,310,306,338,344,232,12,338,1,235,1
20260831,NKD,cod,142,146,134,154,11,33,222,258,256,339,194,77,49,339,2,251,1
20260730,FLO,pp,438,474,434,449,28,30,301,320,315,340,312,230,8,340,4,375,4
20260903,LOI,pp,435,489,383,395,51,61,296,319,314,340,331,279,15,340,2,334,2
20260708,ESA,pp,244,251,171,184,12,22,253,293,281,340,242,135,32,340,12,495,4
20260812,NAH,cod,276,277,169,282,0,72,119,235,144,341,234,70,72,341,3,217,2
20260625,AWP,cod,343,355,253,279,60,80,273,333,280,341,315,140,22,341,1,90,0
20260724,ESA,pp,456,484,489,498,71,82,281,308,299,341,301,176,21,341,2,336,0
20260914,FCL,pp,395,401,293,310,24,28,295,318,311,341,323,162,12,341,25,424,5
20260915,NKD,cod,185,187,158,173,3,12,236,281,265,342,348,185,40,342,9,199,2
20260629,MOH,cod,347,388,238,375,38,146,157,262,172,342,238,147,22,342,2,238,1
20260826,DBL,pp,288,294,386,393,2,9,300,320,317,342,295,224,6,342,3,338,2
20260813,ESA,pp,580,618,549,563,31,49,282,297,305,342,291,189,12,342,4,390,0
20260916,INM,pp,139,139,129,175,0,2,295,314,318,343,246,167,10,343,7,216,1
20260820,NAH,cod,230,230,26,59,2,68,108,204,131,343,213,65,80,343,9,273,4
20260718,NKD,cod,296,302,234,270,5,24,267,304,287,343,355,223,31,343,8,209,6
20260729,ESA,pp,277,286,403,411,17,32,255,286,284,343,270,135,18,343,3,426,1
20260626,AWP,cod,329,346,398,420,63,83,265,320,277,343,375,155,30,343,1,127,0
20260905,NKD,cod,435,437,326,339,23,34,267,303,288,343,359,203,35,343,8,162,8
20260910,NAH,cod,248,248,131,252,1,113,98,227,117,344,298,131,69,344,8,169,4
20260705,AWP,cod,201,205,182,194,5,32,265,316,279,344,344,138,28,344,24,348,19
20260703,MOH,cod,243,257,140,230,13,108,163,272,174,344,258,156,27,344,3,226,2
20260704,AWP,cod,308,328,346,396,18,41,255,300,278,345,332,141,39,345,12,325,2
20260730,NAH,cod,217,218,132,211,0,62,94,207,116,345,227,76,95,345,4,222,2
20260711,IKE,pp,213,213,215,215,12,14,310,330,321,345,308,258,8,345,0,200,0
20260816,ESA,pp,38,40,66,67,2,4,261,307,280,345,327,174,45,345,4,316,1
20260810,NKD,cod,230,231,221,234,6,15,256,302,275,345,244,138,47,345,6,300,4
20260722,IKE,pp,257,259,237,239,10,11,331,338,336,346,359,298,4,346,5,242,4
20260827,NKD,cod,214,220,205,215,4,38,255,312,269,346,286,157,54,346,8,293,8
20260806,FLO,pp,430,464,490,503,95,95,299,320,322,347,290,219,8,347,5,309,0
20260701,MOH,cod,208,225,132,214,52,129,148,259,163,347,284,122,44,347,9,251,7
20260911,FCL,pp,381,387,366,421,22,30,301,329,314,347,324,190,8,347,9,385,5
20260726,LOI,pp,295,340,269,276,51,55,303,319,317,348,350,274,16,348,1,433,0
20260912,NAH,cod,352,354,130,257,1,94,100,234,127,348,252,144,62,348,8,296,4
20260812,DBL,pp,289,314,410,418,6,16,292,324,310,348,315,206,14,348,3,372,3
20260904,FCL,pp,360,360,335,350,17,19,317,327,333,348,374,183,3,348,4,291,2
20260807,SOL,cod,367,397,343,384,12,45,193,259,242,348,239,106,66,348,4,325,1
20260825,NKD,cod,245,247,241,265,0,17,261,299,280,349,253,153,43,349,0,293,0
20260720,DBL,pp,266,270,333,337,18,24,307,327,323,349,348,232,8,349,0,280,0
20260814,FLO,pp,275,276,248,260,11,16,290,314,315,350,245,158,17,350,8,357,5
20260914,LOI,pp,300,331,244,256,18,20,301,320,321,350,343,270,17,350,10,377,2
20260704,NKD,cod,436,441,379,402,13,35,260,307,280,350,300,175,41,350,3,234,3
20260818,IKE,pp,259,259,259,264,0,2,332,343,338,351,371,284,8,351,12,188,1
20260711,BSS,cod,558,594,406,512,21,62,151,246,192,351,439,95,72,351,20,424,10
20260710,BSS,cod,436,500,627,779,24,86,162,255,202,351,191,70,72,351,4,346,1
20260726,FCL,pp,442,448,338,362,33,36,306,329,319,351,378,175,13,351,13,457,4
20260817,NAH,cod,288,288,167,304,3,134,92,211,124,352,255,70,93,352,3,214,2
20260828,NAH,cod,96,96,39,88,1,68,112,246,132,352,236,59,85,352,4,139,2
20260724,NKD,cod,293,293,248,290,11,34,265,303,281,353,257,104,43,353,3,247,2
20260629,ESA,pp,260,286,190,196,74,76,250,290,306,353,287,155,20,353,3,233,1
20260717,NKD,cod,274,274,305,329,3,15,213,262,275,353,244,123,48,353,1,222,1
20260731,LOI,pp,429,481,487,503,43,46,309,325,329,353,318,275,7,353,1,339,1
20260707,FLO,pp,236,284,241,249,7,13,277,314,304,353,351,208,20,353,7,309,4
20260906,INW,pp,236,243,316,324,3,8,311,336,325,354,379,194,8,354,34,585,14
20260911,INM,pp,238,238,227,237,0,2,285,319,305,354,339,198,36,354,4,188,1
20260727,NKD,cod,266,266,168,188,16,42,248,288,277,354,315,153,43,354,13,258,6
20260801,ESA,pp,213,225,292,308,12,19,279,312,296,355,360,219,18,355,14,335,6
20260901,BSS,pp,453,473,456,456,10,10,354,355,354,355,365,207,0,355,0,363,0
20260909,LOI,pp,345,403,410,426,38,42,303,325,323,355,333,270,6,355,14,449,10
20260914,FLO,cod,45,45,41,55,0,34,214,295,239,355,296,207,37,355,13,320,5
20260823,DBL,pp,335,344,392,402,3,4,302,328,319,355,367,240,20,355,3,332,1
20260828,SOL,cod,79,79,107,115,4,30,211,286,253,356,229,79,76,356,20,383,12
20260802,LOI,pp,394,438,314,318,36,38,300,330,317,356,343,294,18,356,3,377,0
20260818,BSS,pp,410,468,436,438,59,59,339,355,339,356,464,232,16,356,1,216,0
20260715,AWP,cod,228,237,256,272,18,41,270,324,288,356,286,140,32,356,12,258,6
20260905,SOL,cod,389,420,284,343,11,33,198,256,244,356,260,105,80,356,15,327,6
20260912,SOL,cod,350,372,304,386,154,172,196,272,238,357,371,162,93,357,47,763,25
20260917,NAH,cod,232,232,67,256,1,124,84,238,108,357,242,116,72,357,21,318,9
20260729,LOI,pp,300,341,280,285,27,34,305,329,327,357,300,258,14,357,1,391,1
20260711,NKD,cod,363,365,209,221,6,21,271,310,297,358,312,185,32,358,14,348,3
20260628,SOL,cod,96,103,8,8,32,56,179,277,213,358,362,133,99,358,11,238,4
20260829,NAH,cod,572,572,283,570,0,82,110,222,131,358,168,36,80,358,3,208,2
20260816,FCL,pp,370,377,373,401,26,32,303,326,327,358,313,136,13,358,11,373,3
20260802,FCL,pp,525,530,392,405,34,39,309,334,326,358,402,183,9,358,8,461,5
20260822,NAH,cod,200,202,110,200,0,72,101,233,129,358,194,55,84,358,7,205,5
20260706,AWP,cod,252,274,251,278,16,31,263,304,297,358,292,113,25,358,20,382,4
20260730,IKE,pp,226,226,202,202,0,1,347,355,348,359,367,331,5,359,0,265,0
20260824,NKD,cod,260,260,188,215,3,7,252,303,284,360,240,101,50,360,2,280,1
20260714,DBL,pp,291,303,402,405,10,13,302,329,319,360,308,206,16,360,2,308,1
20260806,DBL,pp,360,365,227,231,55,76,321,340,334,360,332,257,9,360,0,312,0
20260902,LOI,pp,359,399,443,454,34,39,318,336,332,360,304,261,13,360,0,420,0
20260821,IKE,pp,271,271,218,221,1,1,335,349,345,361,328,276,7,361,2,330,2
20260710,LOI,pp,434,469,377,385,34,37,306,329,331,362,317,258,12,362,3,342,0
20260808,SOL,cod,366,376,341,397,7,24,189,267,223,362,336,134,113,362,2,292,2
20260909,BSS,pp,547,585,658,660,40,40,353,357,355,362,359,232,5,362,34,558,15
20260810,BSS,pp,295,311,283,283,7,7,346,348,361,363,305,107,2,363,0,233,0
20260916,FLO,cod,312,317,189,323,2,27,211,282,238,363,266,172,37,363,6,171,5
20260627,ESA,pp,383,494,398,412,94,96,289,321,314,363,353,208,24,363,2,218,2
20260827,DBL,pp,226,232,255,260,6,11,318,343,333,363,333,256,12,363,2,368,1
20260909,INM,pp,258,264,320,330,1,1,320,346,331,363,336,230,18,363,7,353,4
20260812,NKD,cod,299,303,189,213,5,34,272,324,293,363,307,144,49,363,3,357,1
20260804,NKD,cod,273,274,214,231,4,21,268,303,314,363,213,149,38,363,0,184,0
20260708,FLO,pp,345,358,130,145,6,14,288,323,312,363,294,195,23,363,8,354,6
20260718,ESA,pp,351,368,339,343,15,18,237,295,283,364,299,159,28,364,10,324,5
20260913,SOL,cod,121,124,33,46,1,19,210,323,223,365,416,189,99,365,4,640,3
20260912,FCL,pp,376,380,385,405,17,18,309,335,336,365,348,205,9,365,6,395,3
20260910,LOI,pp,387,434,365,376,28,36,324,343,341,365,345,289,8,365,5,274,3
20260920,LOI,pp,336,388,37,287,25,31,290,326,314,366,385,280,12,366,4,473,4
20260721,ESA,pp,233,260,327,340,26,74,265,300,313,366,305,187,29,366,6,224,5
20260806,NKD,cod,312,313,439,463,2,9,259,299,295,366,277,144,38,366,2,260,2
20260813,LOI,pp,557,640,597,608,50,57,321,339,338,366,351,277,14,366,3,420,2
20260909,NAH,cod,259,259,127,257,6,124,97,225,130,367,152,77,74,367,11,266,2
20260627,NKD,cod,281,282,239,262,28,37,210,299,267,367,286,158,53,367,0,228,0
20260729,NAH,cod,183,183,117,178,0,64,124,267,145,367,188,69,96,367,4,241,3
20260826,BSS,pp,456,510,364,364,48,48,334,349,351,367,442,202,7,367,0,429,0
20260822,SOL,cod,306,318,313,349,9,29,215,295,251,367,279,110,82,367,25,341,16
20260730,ESA,pp,291,300,230,234,30,35,304,322,328,368,284,173,14,368,8,477,5
20260811,DBL,pp,312,320,222,227,6,12,323,349,337,369,391,259,8,369,1,293,1
20260702,FLO,pp,496,1161,403,421,21,26,322,343,336,369,312,198,14,369,2,409,0
20260702,ESA,pp,548,564,720,736,16,22,279,329,294,369,307,195,51,369,6,345,2
20260723,LOI,pp,357,404,370,380,54,57,333,351,347,369,366,289,10,369,2,411,1
20260724,LOI,pp,365,404,355,362,47,49,325,344,340,369,313,269,17,369,0,384,0
20260728,NKD,cod,249,250,198,220,0,47,269,314,290,369,254,163,32,369,7,217,5
20260829,BSS,pp,345,368,322,323,27,30,363,366,366,369,286,165,0,369,0,408,0
20260823,FCL,pp,327,335,269,283,15,17,330,355,341,370,392,187,12,370,15,362,3
20260818,EMH,pp,808,810,781,804,27,32,296,321,334,370,246,66,21,370,7,557,3
20260903,SOL,cod,400,408,358,413,16,50,210,275,261,370,182,77,81,370,8,301,5
20260902,BSS,pp,503,524,519,520,24,24,370,370,370,370,357,221,0,370,1,282,1
20260707,AWP,cod,309,326,251,262,19,47,286,339,307,370,304,142,27,370,19,310,7
20260707,EMH,pp,503,508,493,503,11,12,323,341,344,371,209,77,12,371,3,424,2
20260804,LOI,pp,378,430,373,384,43,46,331,353,346,372,362,322,11,372,2,325,1
20260709,NKD,cod,310,314,304,336,7,36,255,314,285,372,197,95,42,372,10,333,9
20260813,DBL,pp,276,281,286,291,20,32,310,343,334,373,326,240,12,373,2,273,1
20260911,NAH,cod,229,232,118,231,0,102,145,266,167,373,199,104,63,373,12,397,9
20260804,ESA,pp,300,357,351,369,28,29,290,313,315,373,304,186,38,373,10,352,7
20260625,LOI,pp,393,418,340,349,25,26,342,372,344,374,346,286,12,374,0,111,0
20260703,AWP,cod,405,425,325,346,32,52,283,324,308,374,342,133,38,374,12,399,8
20260709,LOI,pp,402,427,369,380,22,27,312,340,336,374,310,251,17,374,4,396,0
20260821,NAH,cod,175,175,258,439,1,68,122,255,151,375,279,85,77,375,8,223,5
20260627,FCL,pp,368,369,340,361,12,14,342,362,353,375,402,210,6,375,1,183,0
20260711,SOL,cod,434,485,402,460,10,44,207,297,247,375,220,101,80,375,7,336,3
20260918,BSS,pp,343,365,72,362,17,17,373,375,374,376,306,136,1,376,2,315,0
20260721,DBL,pp,268,272,233,235,14,34,327,350,342,376,381,244,11,376,2,231,2
20260709,IGS,pp,33,184,8,8,553,559,179,235,229,376,122,80,40,376,17,591,15
20260712,ESA,pp,59,59,70,73,5,36,258,320,276,377,420,213,38,377,13,353,9
20260702,AWP,cod,353,371,328,356,38,50,302,341,321,377,365,178,33,377,18,381,10
20260705,FCL,pp,492,501,446,470,14,17,309,348,330,377,348,192,4,377,5,408,2
20260726,ESA,pp,188,202,177,236,7,13,284,340,298,377,428,217,39,377,4,356,0
20260728,LOI,pp,364,400,330,341,42,50,316,348,337,377,353,287,20,377,0,415,0
20260703,FCL,pp,515,526,508,562,21,25,321,349,343,377,336,200,7,377,0,350,0
20260709,BSS,cod,649,695,411,498,41,108,165,265,206,378,272,102,77,378,14,336,6
20260722,NKD,cod,228,248,199,233,6,31,237,293,276,378,249,148,61,378,21,307,18
20260824,DBL,pp,301,315,309,315,16,26,322,341,350,378,326,218,7,378,4,351,2
20260826,IKE,pp,117,119,115,116,3,4,327,351,333,379,313,278,23,379,0,198,0
20260727,LOI,pp,416,460,347,351,47,56,317,347,344,379,322,268,15,379,0,387,0
20260803,DBL,pp,234,287,316,321,13,16,332,355,347,379,356,275,10,379,2,302,1
20260719,FCL,pp,380,386,346,360,26,35,306,340,329,380,406,199,14,380,7,518,1
20260821,SOL,cod,310,312,321,353,11,34,216,288,258,381,234,74,90,381,21,357,12
20260725,ESA,pp,457,506,517,530,51,52,328,351,347,381,408,249,14,381,7,216,7
20260731,NAH,cod,195,198,119,201,0,65,102,243,125,381,172,89,100,381,1,213,0
20260706,FLO,pp,189,201,161,166,40,46,314,354,327,381,371,248,28,381,10,380,9
20260627,LOI,pp,410,442,370,381,29,33,325,349,344,381,317,279,15,381,0,302,0
20260713,LOI,pp,488,520,362,371,47,60,324,355,345,382,343,269,12,382,0,325,0
20260813,FLO,pp,406,410,401,421,42,53,312,341,341,383,304,182,19,383,12,426,8
20260710,NKD,cod,214,216,230,249,13,47,280,334,304,384,263,119,46,384,7,392,3
20260625,ESA,pp,262,273,308,334,36,40,339,380,342,384,229,153,24,384,0,72,0
20260910,SOL,cod,318,332,419,495,10,38,187,272,244,384,276,131,105,384,5,177,1
20260717,ESA,pp,227,244,339,356,21,46,284,334,311,385,295,172,23,385,13,349,5
20260715,DBL,pp,282,298,353,359,8,14,316,350,338,385,349,247,14,385,4,293,0
20260826,FLO,pp,464,468,465,476,78,83,331,359,350,385,372,264,14,385,7,297,5
20260625,BSS,cod,373,392,310,390,86,126,192,380,194,386,279,96,111,386,0,138,0
20260704,FCL,pp,569,572,455,485,24,28,340,368,354,386,430,226,9,386,3,387,1
20260809,LOI,pp,357,400,335,346,31,34,320,357,335,386,399,301,27,386,6,422,2
20260919,NAH,cod,294,294,14,191,0,99,124,267,150,387,256,130,31,387,11,362,6
20260802,SOL,cod,92,95,28,30,8,22,175,280,224,387,371,123,127,387,13,241,0
20260728,DBL,pp,339,360,267,284,26,30,320,353,345,387,363,248,13,387,2,360,1
20260715,NKD,cod,294,296,247,277,12,43,269,337,284,387,202,129,69,387,5,269,1
20260810,FLO,pp,240,1387,216,225,5,12,325,353,350,388,428,249,17,388,4,221,1
20260901,NAH,cod,245,245,143,245,7,121,99,240,139,388,213,77,85,388,4,233,2
20260824,NAH,cod,187,187,99,207,5,219,95,232,127,388,172,72,84,388,4,227,1
20260821,FCL,pp,389,394,396,419,19,22,346,368,357,388,384,186,10,388,7,408,4
20260809,FCL,pp,485,489,493,531,33,37,355,373,364,388,457,226,7,388,15,451,4
20260730,LOI,pp,276,318,260,264,40,44,342,365,361,389,372,321,18,389,3,296,2
20260726,BSS,cod,152,153,33,39,29,83,150,275,184,389,369,121,116,389,24,443,12
20260821,DBL,pp,299,303,413,420,11,13,336,358,358,390,360,242,13,390,0,331,0
20260908,FCL,pp,382,384,328,346,12,17,329,362,349,390,376,205,16,390,40,558,20
20260820,FCL,pp,401,408,364,383,37,41,343,362,364,390,324,160,11,390,9,363,2
20260921,NKD,cod,75,180,0,147,16,40,287,336,314,391,311,162,3,391,3,239,2
20260916,NAH,cod,232,232,62,234,2,111,119,242,148,391,258,126,77,391,7,253,3
20260714,NKD,cod,276,277,247,273,2,24,273,326,303,392,358,202,56,392,20,259,0
20260717,LOI,pp,329,365,364,375,47,51,318,341,348,392,336,285,17,392,1,405,1
20260702,BSS,cod,402,415,420,534,14,58,165,267,221,392,255,102,86,392,10,330,7
20260831,FCL,pp,389,392,364,383,18,26,335,356,366,392,320,189,6,392,4,357,1
20260831,NAH,cod,278,278,175,279,0,161,112,261,136,393,268,82,82,393,5,217,1
20260918,FCL,pp,345,346,176,325,17,21,339,363,361,393,399,202,8,393,8,322,5
20260828,LOI,pp,249,288,244,249,49,63,331,362,346,393,425,322,19,393,3,309,2
20260919,NKD,cod,295,337,128,321,5,32,219,308,274,393,265,137,4,393,5,150,4
20260826,EMH,pp,708,710,694,713,18,26,340,365,361,394,358,218,17,394,33,682,22
20260803,LOI,pp,523,560,502,517,45,61,333,360,360,394,346,306,6,394,4,350,3
20260731,FLO,pp,348,349,384,404,91,97,343,371,361,394,377,279,13,394,1,361,1
20260920,SOL,cod,48,138,0,83,0,29,256,332,288,394,486,176,15,394,29,570,19
20260825,DBL,pp,258,265,234,237,5,8,343,365,365,395,354,254,11,395,4,300,1
20260909,INW,pp,299,320,246,247,16,21,353,375,368,395,368,201,11,395,9,286,4
20260722,DBL,pp,277,284,384,389,20,23,354,374,370,395,342,247,12,395,2,288,2
20260703,FLO,pp,488,502,486,504,13,15,338,367,357,395,332,239,21,395,4,396,1
20260809,BSS,cod,125,126,12,17,15,43,191,305,227,395,425,139,115,395,19,372,7
20260910,FCL,pp,379,383,333,362,20,26,353,372,368,395,336,202,6,395,10,370,2
20260629,AWP,cod,395,417,439,471,21,49,295,350,321,396,357,154,32,396,28,383,9
20260628,AWP,cod,297,316,172,177,16,24,297,339,334,396,347,160,41,396,13,298,3
20260903,BSS,pp,484,523,471,473,52,52,357,377,376,396,364,212,1,396,0,369,0
20260818,FCL,pp,393,402,356,375,29,36,349,372,367,396,368,167,10,396,3,443,2
20260710,SOL,cod,468,501,425,474,13,34,235,297,278,397,273,99,85,397,17,394,8
20260630,NKD,cod,182,184,156,171,22,34,286,340,318,397,274,124,44,397,2,287,0
20260626,BSS,cod,345,355,288,343,35,74,208,295,237,397,220,78,98,397,0,232,0
20260709,ESA,pp,504,527,377,392,24,30,332,357,353,398,334,239,22,398,15,372,8
20260829,SOL,cod,259,270,264,291,9,26,219,284,278,399,261,108,85,399,21,360,13
20260921,LOI,pp,252,448,0,412,44,58,330,356,361,399,368,244,9,399,2,137,1
20260813,NKD,cod,324,324,232,261,4,24,284,325,336,400,275,131,40,400,8,373,8
20260803,BSS,pp,222,224,217,219,2,4,369,373,394,400,180,119,3,400,4,224,4
20260830,BSS,cod,186,186,163,191,0,31,175,288,222,400,388,117,119,400,25,339,13
20260805,FLO,pp,514,610,535,548,43,50,346,371,365,400,366,267,14,400,5,347,3
20260720,NKD,cod,202,202,167,190,6,37,237,313,265,400,313,142,80,400,9,310,8
20260907,NAH,cod,268,268,213,401,4,162,110,264,142,400,222,96,91,400,23,478,10
20260826,FCL,pp,321,332,337,353,26,32,355,375,372,401,343,206,10,401,7,403,3
20260708,EMH,pp,505,508,496,507,9,12,347,377,365,402,459,203,17,402,4,456,1
20260725,LOI,pp,311,345,319,335,46,49,347,370,364,402,376,319,18,402,6,309,6
20260702,LOI,pp,452,486,487,493,25,29,363,384,375,402,386,305,10,402,2,393,1
20260701,BSS,cod,426,444,246,312,25,81,152,273,203,403,290,102,97,403,7,251,3
20260706,SOL,cod,418,428,319,350,26,58,212,292,268,403,305,111,86,403,5,316,4
20260817,FCL,pp,445,448,435,461,24,31,359,377,379,404,334,148,8,404,9,444,3
20260818,DBL,pp,290,294,263,267,7,22,355,375,374,404,363,251,5,404,4,363,1
20260902,NAH,cod,220,220,135,234,2,134,118,264,139,404,223,100,74,404,5,244,3
20260919,FCL,pp,365,372,101,401,23,30,351,380,369,404,387,215,4,404,12,453,8
20260918,NAH,cod,343,343,42,342,0,141,106,263,135,404,306,150,74,404,9,155,4
20260819,NAH,cod,191,192,57,113,3,105,148,285,166,404,170,68,88,404,8,273,5
20260815,LOI,pp,273,303,256,264,35,37,340,367,368,405,395,294,23,405,4,292,2
20260904,FLO,pp,659,664,630,655,22,31,356,377,376,405,327,247,7,405,7,448,2
20260916,LOI,pp,395,432,407,471,30,39,342,373,363,405,355,281,14,405,1,303,1
20260626,SOL,cod,338,368,324,363,79,109,248,344,261,406,255,113,104,406,1,193,0
20260718,SOL,cod,315,340,336,371,31,61,233,302,282,406,379,123,80,406,14,364,11
20260627,FLO,pp,359,377,366,377,35,40,351,373,373,406,375,242,17,406,2,397,2
20260702,FCL,pp,461,473,406,435,20,27,343,380,364,407,378,210,13,407,0,364,0
20260808,LOI,pp,464,519,467,480,35,38,338,363,366,407,405,324,12,407,2,366,2
20260828,ESA,pp,605,653,300,309,23,28,336,381,350,407,387,224,36,407,17,613,6
20260904,LOI,pp,346,401,327,338,42,42,371,385,388,408,380,335,11,408,0,330,0
20260829,FCL,pp,268,275,344,358,10,16,362,386,379,408,322,167,14,408,6,392,4
20260626,LOI,pp,430,461,419,422,26,31,366,387,379,408,410,335,12,408,0,217,0
20260827,LOI,pp,364,408,420,436,71,77,356,373,372,409,368,309,17,409,4,443,1
20260811,ESA,pp,286,298,261,267,27,29,305,347,348,409,344,213,23,409,6,288,4
20260907,INW,pp,252,257,225,226,11,28,349,375,373,409,302,180,13,409,14,526,5
20260706,NKD,cod,195,195,238,258,10,21,248,339,294,409,483,219,72,409,7,223,2
20260921,FCL,pp,257,445,0,456,22,32,339,373,367,409,428,147,0,409,3,232,2
20260704,EMH,pp,376,383,367,377,22,25,340,375,368,409,509,243,18,409,0,465,0
20260708,SOL,cod,435,461,431,472,34,71,248,329,284,409,324,131,94,409,5,306,2
20260708,LOI,pp,243,262,290,295,44,45,351,369,378,410,346,273,14,410,11,419,5
20260715,EMH,pp,464,468,377,386,7,13,349,378,370,410,522,225,16,410,4,416,0
20260804,FCL,pp,535,537,510,548,26,32,362,386,377,411,433,220,14,411,7,455,2
20260629,BSS,cod,439,445,320,408,16,81,207,318,250,412,307,134,74,412,2,238,0
20260909,FCL,pp,438,447,368,390,27,30,359,376,390,412,360,191,5,412,14,432,3
20260712,LOI,pp,320,355,277,284,22,26,350,386,372,412,400,315,13,412,4,340,2
20260819,FCL,pp,420,430,399,426,31,37,361,389,379,413,381,189,13,413,9,439,4
20260917,LOI,pp,372,408,330,440,28,36,352,378,380,414,366,307,11,414,6,328,2
20260911,BSS,pp,404,404,371,387,,,334,375,371,414,432,263,6,414,4,437,0
20260911,SOL,cod,416,426,418,449,5,60,205,299,268,414,300,149,90,414,10,379,5
20260702,SOL,cod,373,398,300,341,15,68,220,306,277,415,296,124,109,415,8,365,5
20260820,SOL,cod,339,351,315,355,17,57,227,308,285,415,292,118,94,415,13,299,7
20260831,LOI,pp,493,546,455,461,43,59,335,371,369,415,376,311,17,415,3,355,2
20260820,DBL,pp,323,330,180,184,7,10,353,381,378,415,364,259,15,415,3,350,3
20260628,LOI,pp,341,374,318,325,18,22,369,393,379,415,423,349,20,415,1,325,1
20260830,LOI,pp,288,321,271,277,26,30,353,389,371,416,366,308,24,416,1,434,1
20260909,SOL,cod,487,499,523,594,10,42,251,325,311,416,275,146,69,416,12,418,4
20260719,SOL,cod,109,122,20,25,16,35,233,343,258,417,470,174,115,417,21,364,10
20260901,SOL,cod,342,352,352,388,9,78,229,313,280,417,333,114,97,417,5,288,3
20260810,ESA,pp,359,421,350,358,70,82,304,352,349,418,368,234,39,418,5,232,3
20260822,DBL,pp,325,331,218,226,7,13,366,392,385,419,366,280,12,419,5,336,3
20260825,FCL,pp,345,350,326,341,21,21,355,386,380,419,383,192,9,419,6,345,3
20260729,FCL,pp,471,477,467,496,23,30,376,397,393,420,407,210,14,420,8,464,4
20260822,FCL,pp,328,333,356,376,18,21,377,393,396,420,405,202,10,420,5,356,4
20260917,FCL,pp,416,419,270,471,24,35,347,373,386,420,364,205,5,420,8,271,3
20260918,LOI,pp,329,374,167,327,32,40,353,387,378,420,387,331,11,420,5,252,1
20260712,FCL,pp,374,377,310,325,23,32,367,391,387,421,438,205,11,421,13,491,7
20260630,FCL,pp,426,430,410,432,12,16,374,390,401,421,356,209,4,421,6,396,5
20260905,INW,pp,368,378,240,247,10,13,363,385,390,421,348,192,13,421,1,341,0
20260808,NKD,cod,321,322,288,306,0,11,344,378,371,421,470,245,31,421,2,290,0
20260903,NAH,cod,263,263,136,266,1,118,143,291,167,422,356,125,91,422,5,242,4
20260827,FLO,pp,633,642,608,622,10,14,376,397,391,422,383,272,13,422,2,296,1
20260720,ESA,pp,465,502,262,270,15,32,315,361,344,422,310,222,40,422,7,340,1
20260728,FCL,pp,493,499,395,417,33,38,366,391,391,422,345,188,8,422,6,421,4
20260904,NAH,cod,305,305,165,305,0,89,139,292,161,423,233,103,90,423,4,231,0
20260709,SOL,cod,404,425,325,365,15,67,207,317,267,423,351,134,91,423,17,333,12
20260819,DBL,pp,308,313,457,460,8,12,356,394,377,423,409,280,20,423,3,308,1
20260706,FCL,pp,589,598,457,486,31,36,361,387,387,423,434,211,7,423,6,448,4
20260905,BSS,pp,531,616,525,528,76,76,421,422,422,423,472,323,1,423,1,452,1
20260903,INW,pp,413,418,379,391,17,20,367,384,399,424,380,184,10,424,7,437,5
20260921,NAH,cod,171,196,0,199,1,203,117,306,141,424,263,97,35,424,3,122,2
20260822,ESA,pp,655,685,605,626,24,28,329,386,353,425,405,233,39,425,2,285,2
20260630,AWP,cod,341,379,388,406,38,62,337,388,357,425,454,168,34,425,16,321,3
20260830,INW,pp,327,343,212,215,20,26,339,385,368,426,430,180,28,426,19,484,9
20260707,BSS,cod,607,651,514,646,43,113,183,287,243,426,358,100,103,426,12,362,5
20260731,SOL,cod,240,265,277,317,11,45,233,316,273,426,285,112,97,426,4,374,3
20260914,NAH,cod,197,197,89,186,0,91,154,322,176,426,284,127,73,426,12,245,2
20260823,ESA,pp,117,122,122,126,11,14,324,394,341,427,427,259,59,427,17,286,12
20260911,LOI,pp,290,330,384,392,32,39,387,410,398,427,411,353,9,427,6,312,2
20260629,FCL,pp,402,405,348,376,23,31,364,396,387,427,349,184,17,427,1,336,0
20260708,NKD,cod,245,248,249,278,5,25,283,330,357,427,373,184,41,427,8,378,2
20260703,EMH,pp,423,423,410,426,4,10,368,393,394,427,284,173,9,427,0,644,0
20260827,BSS,pp,442,497,441,441,41,41,422,422,429,429,208,134,0,429,1,280,0
20260801,SOL,cod,285,295,252,289,39,69,240,317,284,429,378,140,106,429,12,343,12
20260716,ESA,pp,331,360,259,270,43,58,327,368,354,429,378,210,37,429,2,341,1
20260812,LOI,pp,460,535,422,432,61,68,369,396,390,429,402,326,18,429,4,406,3
20260905,FCL,pp,289,295,303,317,13,16,382,407,398,429,386,213,9,429,6,267,1
20260907,LOI,pp,515,568,459,481,44,53,382,400,403,430,369,317,8,430,9,593,7
20260714,LOI,pp,438,476,447,466,38,42,381,400,403,430,407,336,8,430,2,324,2
20260829,ESA,pp,601,630,923,963,128,133,345,375,379,431,295,188,15,431,6,506,3
20260627,BSS,cod,336,341,281,376,9,44,231,327,272,432,345,168,82,432,1,218,0
20260915,FLO,cod,451,455,320,418,9,59,262,347,292,432,353,228,34,432,5,296,3
20260715,LOI,pp,415,482,469,478,53,56,364,401,386,432,395,329,14,432,5,353,4
20260805,LOI,pp,403,448,472,483,48,53,382,408,406,433,415,373,11,433,0,412,0
20260830,ESA,pp,112,112,164,170,1,3,318,380,347,433,488,268,50,433,12,556,3
20260827,FCL,pp,369,372,329,342,26,36,386,408,405,433,434,221,7,433,4,385,3
20260812,ESA,pp,482,495,439,461,12,23,352,381,381,434,330,221,20,434,5,414,2
20260630,EMH,pp,411,411,406,415,13,20,348,383,376,434,244,117,23,434,2,556,1
20260831,BSS,pp,432,475,403,406,20,20,432,432,434,434,272,118,0,434,0,281,0
20260704,SOL,cod,310,336,368,448,14,28,241,327,302,434,290,126,104,434,3,380,2
20260629,NKD,cod,151,151,193,207,28,54,260,331,319,435,368,144,70,435,1,214,0
20260730,FCL,pp,417,424,429,466,15,17,395,414,409,435,437,240,11,435,9,464,5
20260811,IKE,pp,241,241,228,232,0,1,380,411,404,435,414,325,12,435,14,244,14
20260815,FCL,pp,321,327,245,256,22,25,365,393,397,436,442,195,17,436,8,460,7
20260629,LOI,pp,543,565,449,460,31,34,386,401,413,436,410,330,9,436,1,392,0
20260721,LOI,pp,373,413,393,402,57,69,387,406,408,436,391,318,13,436,2,387,0
20260627,AWP,cod,331,344,253,306,41,69,335,402,346,436,398,208,43,436,8,226,5
20260905,FLO,pp,937,943,825,843,96,100,389,413,403,436,385,292,18,436,7,518,4
20260907,FCL,pp,357,361,376,389,17,29,379,413,400,437,348,209,8,437,14,656,3
20260703,SOL,cod,409,436,363,412,28,74,236,323,278,437,306,131,111,437,8,317,0
20260715,ESA,pp,287,305,219,224,18,36,336,391,364,437,418,236,33,437,6,386,1
20260714,ESA,pp,273,299,338,343,34,39,286,347,346,438,323,196,40,438,7,416,5
20260819,BSS,pp,403,442,503,503,34,34,417,420,435,438,302,221,2,438,1,308,0
20260817,NKD,cod,206,208,169,196,0,14,302,352,358,439,305,102,56,439,9,221,6
20260906,LOI,pp,338,380,251,260,30,33,390,420,403,439,429,352,19,439,7,677,1
20260706,LOI,pp,434,452,293,300,36,43,373,398,406,440,453,337,10,440,17,427,6
20260703,ESA,pp,643,675,547,563,38,44,334,369,373,440,387,236,22,440,11,325,4
20260915,BSS,pp,284,307,276,295,12,12,423,436,426,441,495,228,8,441,52,387,10
20260805,DBL,pp,362,367,312,317,58,72,379,413,402,441,426,326,9,441,1,300,0
20260814,SOL,cod,274,311,341,377,6,44,245,330,303,442,314,149,97,442,21,389,10
20260921,BSS,pp,160,360,0,308,17,18,425,430,438,443,274,145,0,443,14,103,7
20260704,BSS,cod,341,353,197,245,5,64,206,330,244,443,315,138,100,443,3,293,2
20260824,FCL,pp,348,351,340,359,31,41,376,412,399,444,410,203,13,444,5,351,3
20260724,SOL,cod,439,476,399,454,24,79,225,319,293,444,336,124,83,444,8,406,1
20260707,NKD,cod,296,302,157,180,7,35,305,367,319,445,389,205,60,445,15,365,13
20260627,SOL,cod,335,340,293,332,90,117,265,355,290,445,354,161,108,445,14,314,7
20260720,LOI,pp,457,507,415,422,49,62,379,408,402,445,381,312,19,445,4,376,3
20260831,SOL,cod,396,406,317,349,6,48,235,343,287,446,351,114,116,446,7,257,2
20260721,EMH,pp,400,403,387,405,4,6,390,414,416,446,317,163,9,446,4,417,0
20260916,EMH,pp,581,582,537,584,15,21,341,379,399,446,343,202,12,446,3,544,1
20260816,BSS,cod,180,182,107,144,5,52,192,310,231,446,416,123,126,446,35,416,15
20260915,NAH,cod,327,327,147,340,3,194,129,307,162,446,253,135,100,446,11,240,4
20260829,LOI,pp,350,392,324,328,29,35,400,421,421,447,404,318,11,447,0,385,0
20260722,LOI,pp,306,344,374,379,57,68,390,418,406,447,406,340,11,447,1,453,0
20260728,EMH,pp,554,558,653,666,8,23,384,414,405,447,413,208,20,447,2,405,1
20260706,BSS,cod,463,484,287,339,8,87,178,302,238,447,290,131,101,447,8,314,2
20260908,NAH,cod,289,289,168,299,1,130,135,285,169,448,245,112,102,448,19,487,11
20260907,SOL,cod,574,620,432,513,2,35,269,361,314,448,346,174,102,448,20,583,5
20260724,FCL,pp,446,452,419,451,23,31,405,428,417,448,433,210,8,448,9,408,1
20260803,FCL,pp,515,518,528,573,34,39,393,419,411,448,380,207,11,448,5,427,3
20260701,LOI,pp,450,482,558,567,21,26,406,424,422,449,436,359,4,449,2,404,2
20260704,ESA,pp,473,493,515,536,9,21,358,397,388,450,506,251,28,450,5,266,4
20260818,ESA,pp,830,845,519,536,20,29,346,377,389,451,485,222,38,451,11,297,3
20260906,FLO,pp,92,93,205,209,4,8,400,425,419,451,406,333,10,451,8,702,3
20260916,FCL,pp,424,429,318,424,22,25,369,413,399,451,411,255,15,451,18,406,5
20260825,SOL,cod,394,424,323,356,8,52,277,354,325,452,434,143,80,452,5,301,1
20260902,SOL,cod,402,419,295,327,12,41,260,326,317,452,295,122,102,452,10,294,5
20260818,SOL,cod,421,437,421,475,5,38,256,358,296,452,402,134,119,452,9,327,5
20260805,SOL,cod,491,505,413,467,31,77,246,323,305,452,283,105,102,452,9,373,2
20260918,ESA,pp,456,487,145,485,31,49,344,386,372,453,346,235,25,453,8,261,1
20260907,FLO,pp,1017,1091,870,919,14,24,412,431,429,453,406,338,9,453,10,753,7
20260804,FLO,pp,626,802,563,584,90,92,393,421,411,454,408,289,24,454,3,319,2
20260909,ESA,pp,611,647,677,715,42,51,355,385,401,455,334,202,23,455,23,606,12
20260719,LOI,pp,295,330,301,308,41,43,381,417,405,455,475,360,23,455,4,413,3
20260817,BSS,pp,362,375,231,239,17,18,425,431,449,455,225,94,3,455,1,208,0
20260908,NKD,cod,121,122,74,79,0,21,330,382,375,455,397,216,51,455,28,361,16
20260722,FCL,pp,402,408,442,470,22,29,398,427,419,456,435,226,15,456,8,423,3
20260812,FLO,pp,427,436,429,453,40,54,379,411,412,456,401,250,25,456,5,393,3
20260713,SOL,cod,494,521,407,471,49,101,239,325,296,456,391,140,94,456,16,310,9
20260802,BSS,cod,99,104,80,106,4,62,185,305,221,457,421,128,147,457,34,398,8
20260904,INW,pp,366,374,492,509,8,15,387,422,410,457,387,204,18,457,7,394,4
20260718,LOI,pp,317,350,348,355,39,45,383,418,409,457,434,372,14,457,1,342,1
20260716,LOI,pp,430,489,394,405,39,41,385,420,412,458,409,357,24,458,2,353,2
20260821,ESA,pp,425,471,471,483,42,51,402,423,424,458,347,198,22,458,5,423,2
20260715,SOL,cod,393,413,439,501,42,75,261,340,336,459,454,130,97,459,7,262,1
20260803,EMH,pp,1100,1105,1384,1417,11,14,397,422,426,460,285,124,13,460,1,378,1
20260704,LOI,pp,417,450,348,354,35,37,396,432,416,460,432,372,19,460,3,475,3
20260903,FLO,pp,595,596,581,605,10,15,392,419,421,460,428,288,6,460,10,551,10
20260731,FCL,pp,471,475,410,440,23,29,411,442,423,461,429,230,16,461,6,424,1
20260902,INW,pp,452,468,363,370,12,20,404,434,419,465,368,186,21,465,5,497,2
20260825,BSS,pp,376,395,504,506,31,31,431,441,455,465,386,211,1,465,1,245,1
20260919,ESA,pp,524,605,69,568,35,45,361,406,393,465,435,293,19,465,18,382,12
20260915,FCL,pp,355,359,394,448,20,29,399,429,425,465,384,230,9,465,14,390,5
20260814,LOI,pp,467,530,473,482,68,71,412,446,426,465,432,372,18,465,4,393,2
20260727,FCL,pp,485,489,522,553,23,34,403,431,430,466,437,216,8,466,7,441,2
20260707,FCL,pp,562,573,506,543,23,35,400,435,424,466,471,240,8,466,7,435,3
20260811,EMH,pp,642,644,629,640,14,18,405,429,436,468,416,134,16,468,5,565,4
20260705,INW,pp,975,1008,868,934,9,16,383,435,405,468,496,273,30,468,10,538,5
20260709,FCL,pp,500,508,367,392,27,34,406,434,432,468,470,244,13,468,11,481,3
20260630,SOL,cod,351,363,288,326,43,81,257,345,313,469,355,129,117,469,3,291,3
20260707,SOL,cod,401,415,290,340,30,91,262,342,320,470,359,120,93,470,7,321,5
20260803,ESA,pp,292,296,166,177,7,8,342,390,390,470,309,195,44,470,6,237,2
20260707,LOI,pp,321,355,417,425,40,47,395,442,418,470,445,337,22,470,4,471,3
20260716,FCL,pp,459,466,392,418,36,46,408,440,426,470,394,209,11,470,4,446,1
20260629,FLO,pp,458,512,528,537,10,21,401,434,429,471,411,279,20,471,3,436,2
20260801,EMH,pp,528,530,203,210,4,8,389,429,419,471,340,187,22,471,2,475,2
20260806,SOL,cod,390,399,346,398,3,53,248,359,309,471,258,125,111,471,15,457,13
20260828,INW,pp,511,547,241,243,45,61,401,428,420,471,465,205,29,471,12,473,8
20260625,SOL,cod,324,352,263,286,111,135,315,459,322,472,331,134,105,472,1,164,0
20260812,SOL,cod,418,436,365,410,18,71,258,372,306,472,315,116,110,472,5,408,2
20260817,SOL,cod,518,531,340,385,13,47,267,332,352,473,331,118,98,473,12,316,4
20260811,NKD,cod,266,266,291,307,7,60,366,431,391,473,425,251,51,473,4,319,4
20260919,LOI,pp,269,302,46,274,21,25,394,434,420,473,416,363,6,473,5,391,3
20260905,NAH,cod,183,198,90,149,3,161,151,313,172,473,280,128,109,473,1,211,0
20260701,AWP,cod,309,333,265,304,37,62,369,423,392,473,274,132,38,473,8,358,4
20260819,SOL,cod,381,396,292,331,41,80,260,366,318,473,311,122,100,473,11,309,5
20260721,FCL,pp,469,475,381,407,22,31,418,444,437,474,443,218,18,474,5,405,3
20260910,ESA,pp,662,729,642,670,63,75,403,432,426,474,418,284,25,474,1,241,1
20260818,NKD,cod,269,271,218,237,11,22,346,413,393,475,336,164,62,475,3,247,0
20260908,FLO,pp,936,940,1043,1082,7,9,416,447,438,476,442,361,13,476,4,785,3
20260630,LOI,pp,552,602,442,453,30,37,418,443,437,476,432,361,10,476,4,426,3
20260905,LOI,pp,317,395,389,399,51,55,413,447,434,476,487,408,15,476,0,381,0
20260915,LOI,pp,453,496,364,389,30,39,408,440,433,476,443,360,18,476,9,395,4
20260803,FLO,pp,564,608,438,472,2,5,422,451,440,477,462,340,13,477,7,390,0
20260816,LOI,pp,620,715,564,569,56,64,407,446,423,477,472,365,27,477,3,434,2
20260725,FCL,pp,394,403,391,415,19,22,430,457,448,478,417,230,9,478,15,444,6
20260717,SOL,cod,384,411,344,407,17,45,279,383,329,478,301,133,110,478,23,427,11
20260705,LOI,pp,254,280,311,317,30,39,394,440,416,479,467,386,24,479,2,497,0
20260813,SOL,cod,352,359,304,362,17,47,270,368,332,480,336,168,108,480,11,450,5
20260722,EMH,pp,395,395,389,395,11,12,419,438,450,480,537,245,7,480,3,471,0
20260719,BSS,cod,74,82,75,85,13,61,235,381,279,481,505,175,117,481,69,580,7
20260908,SOL,cod,789,860,535,628,5,47,282,377,333,482,387,206,98,482,27,686,14
20260817,LOI,pp,897,967,720,734,75,82,409,444,438,482,485,342,20,482,6,473,3
20260917,SOL,cod,417,475,137,526,12,65,251,347,309,482,333,139,112,482,22,103,17
20260720,FCL,pp,463,466,479,511,31,47,413,440,441,483,429,199,17,483,7,485,1
20260907,NKD,cod,132,133,149,153,1,21,346,428,371,484,310,193,76,484,12,483,11
20260708,BSS,cod,549,615,374,457,37,84,273,368,328,484,349,126,71,484,5,333,2
20260805,FCL,pp,464,469,425,452,24,35,438,457,455,486,475,246,9,486,9,465,4
20260817,ESA,pp,386,472,203,210,78,83,339,403,397,486,421,265,47,486,3,385,2
20260906,BSS,cod,104,104,53,69,0,43,265,394,302,487,477,195,120,487,50,868,22
20260826,LOI,pp,343,375,298,301,59,75,402,436,436,487,436,383,14,487,3,414,2
20260808,FCL,pp,587,590,464,493,30,35,441,467,458,488,520,268,10,488,6,446,3
20260806,LOI,pp,420,466,407,411,32,40,417,457,442,488,466,419,17,488,2,375,2
20260819,EMH,pp,742,745,727,745,12,21,423,454,446,489,804,190,23,489,9,607,2
20260802,INW,pp,495,506,646,658,7,11,404,455,430,489,566,305,36,489,26,549,8
20260913,BSS,cod,186,190,168,208,0,25,225,349,267,491,511,210,146,491,49,730,35
20260727,EMH,pp,918,922,790,807,9,27,430,458,456,491,397,200,17,491,3,463,2
20260809,INW,pp,1015,1020,624,645,3,10,397,457,426,492,511,273,33,492,17,613,4
20260703,BSS,cod,362,371,290,367,7,122,240,362,290,492,378,194,99,492,10,336,5
20260723,FCL,pp,451,456,403,428,51,58,438,458,462,492,487,256,10,492,4,391,2
20260716,SOL,cod,390,414,336,381,53,104,283,383,340,493,280,105,96,493,30,471,6
20260830,FLO,pp,72,72,71,74,4,8,429,467,446,493,499,313,26,493,5,470,4
20260823,BSS,cod,77,78,14,17,4,45,248,380,293,494,455,168,119,494,16,363,6
20260813,FCL,pp,328,331,336,360,31,39,437,464,459,495,455,225,15,495,9,533,5
20260912,BSS,pp,426,456,371,379,14,14,493,494,495,497,490,318,1,497,77,701,77
20260805,EMH,pp,558,559,549,560,13,26,422,458,443,497,616,311,23,497,2,371,0
20260729,EMH,pp,502,504,490,502,6,7,444,472,462,499,494,254,19,499,0,463,0
20260913,LOI,pp,318,366,315,325,162,166,429,462,452,499,480,402,25,499,12,582,6
20260902,ESA,pp,997,1025,837,921,30,35,384,435,426,499,517,235,43,499,6,531,1
20260701,EMH,pp,456,464,83,88,8,11,430,459,463,500,560,285,15,500,1,634,1
20260811,LOI,pp,463,526,498,514,46,55,425,468,449,501,432,366,23,501,1,401,1
20260706,EMH,pp,1023,1028,1000,1021,6,14,430,454,470,501,405,164,11,501,5,461,2
20260710,FCL,pp,491,500,603,637,25,34,436,467,459,501,445,237,12,501,7,497,2
20260713,ESA,pp,389,401,410,446,23,50,381,431,405,501,410,251,43,501,11,374,8
20260629,SOL,cod,376,390,344,380,39,89,256,359,324,502,332,131,123,502,5,337,2
20260717,EMH,pp,421,422,415,419,5,8,445,474,466,502,436,193,16,502,0,355,0
20260811,SOL,cod,373,388,400,463,13,71,310,385,363,503,378,137,80,503,3,320,0
20260725,EMH,pp,464,465,489,505,2,5,433,460,461,503,395,232,19,503,1,468,1
20260810,LOI,pp,615,685,481,492,36,45,434,457,466,505,449,363,16,505,4,396,1
20260713,EMH,pp,895,896,832,849,5,11,424,450,464,505,288,148,18,505,4,432,1
20260717,FCL,pp,407,409,435,460,23,31,430,465,458,506,537,270,13,506,5,438,3
20260824,SOL,cod,416,425,324,364,13,56,272,357,363,506,375,124,98,506,13,237,7
20260703,LOI,pp,460,508,492,497,45,47,453,479,476,507,455,397,7,507,0,491,0
20260829,INW,pp,272,286,481,494,29,39,420,458,454,507,447,195,24,507,8,434,8
20260919,SOL,cod,364,484,4,656,10,60,276,365,351,507,367,191,28,507,6,526,3
20260810,FCL,pp,432,437,460,489,37,50,456,484,470,508,452,240,11,508,10,463,7
20260715,FCL,pp,474,477,517,544,27,36,442,468,469,509,508,258,13,509,8,435,3
20260917,ESA,pp,691,731,486,825,22,37,424,456,452,510,412,279,18,510,9,104,5
20260917,EMH,pp,551,555,492,551,11,20,441,468,473,510,755,334,18,510,,,
20260630,FLO,pp,562,730,515,538,5,9,450,476,476,511,510,331,16,511,5,397,2
20260718,EMH,pp,423,425,416,425,7,10,456,480,475,512,342,194,22,512,2,493,2
20260626,FLO,pp,292,426,270,274,64,67,440,476,466,513,426,293,29,513,0,294,0
20260630,BSS,cod,382,395,359,459,15,75,286,391,329,514,396,205,118,514,7,348,6
20260730,SOL,cod,279,308,262,312,45,77,264,359,358,515,300,124,112,515,12,451,5
20260708,IGS,pp,0,4,3,3,5,15,341,413,389,517,335,199,48,517,1,182,1
20260801,FCL,pp,468,471,465,494,19,22,468,487,489,518,437,252,11,518,11,472,8
20260708,FCL,pp,510,515,542,623,27,34,461,490,479,519,470,266,15,519,6,447,4
20260807,LOI,pp,342,387,298,304,25,30,462,492,474,520,489,438,23,520,1,393,1
20260827,SOL,cod,331,338,278,320,5,44,299,395,363,523,317,143,111,523,26,405,10
20260720,EMH,pp,947,948,923,944,7,13,447,486,475,523,446,197,18,523,1,454,0
20260726,INW,pp,508,529,572,583,23,31,465,492,486,524,548,255,20,524,17,588,11
20260814,FCL,pp,340,345,298,315,15,21,454,496,475,524,406,218,12,524,7,483,1
20260901,INW,pp,276,280,441,447,17,43,434,480,458,525,431,224,16,525,7,482,4
20260831,ESA,pp,1542,1589,495,504,26,38,384,426,458,526,457,221,25,526,9,435,4
20260704,INW,pp,791,828,777,854,77,97,448,481,481,526,566,320,8,526,5,591,2
20260811,FLO,pp,269,277,211,214,92,97,452,494,471,526,512,327,24,526,5,416,2
20260711,FCL,pp,453,455,460,493,22,31,457,497,472,528,496,284,22,528,4,520,1
20260728,ESA,pp,434,453,291,308,64,70,432,468,473,528,401,272,19,528,10,396,6
20260718,FCL,pp,463,468,377,401,27,35,445,487,477,528,456,254,18,528,8,509,7
20260723,EMH,pp,422,425,415,422,8,10,472,503,489,529,509,253,21,529,5,337,1
20260705,ESA,pp,177,190,149,175,11,14,439,484,456,529,644,333,39,529,7,403,3
20260829,FLO,pp,525,533,522,533,46,50,461,491,489,529,506,322,21,529,3,262,2
20260807,FCL,pp,420,428,432,463,42,54,482,507,500,529,527,294,8,529,6,508,5
20260803,SOL,cod,566,575,343,374,29,88,285,381,378,529,385,118,104,529,11,330,1
20260730,EMH,pp,438,439,431,438,6,12,457,500,480,531,553,283,19,531,1,353,0
20260713,FCL,pp,473,477,443,468,35,48,460,492,489,532,472,248,9,532,7,478,3
20260716,EMH,pp,424,425,496,506,17,24,472,504,498,534,548,258,8,534,2,301,1
20260714,FCL,pp,445,450,463,501,34,37,470,504,490,535,499,275,12,535,3,456,1
20260810,SOL,cod,436,446,313,344,3,50,295,402,374,536,418,161,103,536,9,276,6
20260806,FCL,pp,491,499,486,529,37,45,476,506,500,537,505,296,9,537,7,427,4
20260805,INW,pp,749,767,688,709,34,38,455,486,491,537,478,260,23,537,6,531,2
20260824,LOI,pp,507,553,481,496,39,60,454,493,489,537,435,368,22,537,2,559,2
20260714,SOL,cod,506,529,434,502,29,63,335,449,370,537,434,174,120,537,9,276,5
20260812,EMH,pp,513,517,505,513,8,12,468,503,493,537,485,190,23,537,7,557,0
20260804,SOL,cod,484,508,427,485,34,96,316,443,370,538,350,139,118,538,7,361,1
20260710,EMH,pp,330,331,326,330,11,19,453,495,484,538,509,213,21,538,4,500,2
20260918,SOL,cod,514,631,35,553,4,57,248,383,312,540,367,185,119,540,5,363,3
20260810,INW,pp,698,713,688,703,18,24,440,479,494,541,564,248,21,541,12,510,8
20260903,BSS,cod,522,527,463,580,17,99,268,388,323,541,451,161,130,541,22,404,17
20260706,ESA,pp,318,358,281,326,64,79,446,474,482,541,375,201,34,541,8,527,5
20260912,ESA,pp,572,715,755,801,148,154,452,484,494,541,533,340,25,541,31,651,16
20260909,FLO,pp,817,824,778,810,36,41,472,500,507,542,514,409,11,542,11,1004,6
20260828,BSS,cod,295,299,301,370,14,94,205,363,260,543,312,79,183,543,19,558,7
20260701,SOL,cod,340,358,326,367,22,63,304,412,360,543,374,175,131,543,10,323,6
20260811,FCL,pp,419,423,382,419,28,35,484,516,503,543,489,268,14,543,7,467,3
20260901,ESA,pp,661,682,1336,1393,42,51,461,506,482,543,486,275,24,543,7,378,4
20260625,EMH,pp,372,396,364,373,30,32,498,542,499,543,647,296,11,543,0,143,0
20260831,INW,pp,384,403,340,341,13,23,442,480,492,545,437,207,22,545,15,418,4
20260822,LOI,pp,337,378,403,416,53,59,471,514,497,546,528,423,22,546,4,574,2
20260920,ESA,pp,86,123,2,197,3,5,407,485,440,547,565,369,31,547,30,679,14
20260725,SOL,cod,346,374,372,425,32,84,288,401,375,547,420,165,101,547,3,366,1
20260904,BSS,cod,492,504,430,515,7,62,303,418,353,547,383,147,105,547,11,366,5
20260711,EMH,pp,294,298,287,294,5,6,472,510,498,548,450,209,19,548,6,552,4
20260728,SOL,cod,311,326,317,351,25,88,299,419,358,550,386,154,127,550,11,336,1
20260826,SOL,cod,319,332,400,454,16,60,329,444,383,550,419,150,106,550,19,337,10
20260911,ESA,pp,598,682,477,490,65,75,380,501,420,552,503,341,81,552,18,537,15
20260707,ESA,pp,216,231,231,239,23,33,456,501,484,552,419,231,32,552,12,423,11
20260627,EMH,pp,540,540,529,537,11,14,455,497,499,554,495,262,14,554,0,195,0
20260912,BSS,cod,550,556,453,582,8,57,229,352,314,555,341,163,141,555,27,627,15
20260824,ESA,pp,382,411,547,563,39,64,394,451,460,555,472,296,53,555,6,394,4
20260818,LOI,pp,611,673,686,715,56,64,488,520,515,557,491,390,20,557,7,501,4
20260724,EMH,pp,412,414,362,371,8,16,501,530,517,557,431,226,14,557,0,510,0
20260815,BSS,cod,88,92,43,53,14,82,224,377,300,558,408,126,124,558,28,500,13
20260730,INW,pp,600,626,496,506,34,52,470,510,495,559,570,309,23,559,8,501,4
20260801,INW,pp,564,579,539,550,16,25,455,492,503,561,461,230,20,561,8,546,6
20260727,ESA,pp,183,213,165,167,40,45,462,497,499,562,490,280,25,562,9,373,7
20260720,SOL,cod,520,555,385,460,23,49,314,411,378,564,399,116,132,564,9,338,4
20260728,BSS,cod,442,448,342,468,16,113,244,401,303,564,366,128,160,564,7,411,2
20260902,FLO,pp,406,464,386,403,8,10,491,528,521,565,481,359,18,565,2,463,0
20260826,INW,pp,525,544,550,571,26,40,475,511,514,565,484,261,21,565,19,576,14
20260724,BSS,cod,587,613,383,510,102,207,249,396,315,565,330,115,126,565,10,483,7
20260825,LOI,pp,352,405,427,431,54,66,492,530,516,566,510,452,20,566,2,600,2
20260901,BSS,cod,483,507,482,598,27,107,254,378,333,566,408,149,148,566,10,413,6
20260829,BSS,cod,599,613,321,393,18,72,229,371,306,566,298,100,160,566,11,486,7
20260819,LOI,pp,493,527,426,437,68,77,485,524,514,566,540,425,18,566,5,433,4
20260729,SOL,cod,375,407,396,439,36,93,297,420,371,567,414,160,129,567,13,415,11
20260921,ESA,pp,224,516,0,370,44,52,450,481,510,569,538,294,12,569,4,285,0
20260625,FLO,pp,477,572,626,638,26,32,513,566,517,570,488,351,30,570,0,174,0
20260807,INW,pp,976,1154,871,896,170,174,468,510,500,570,522,275,39,570,6,488,3
20260709,EMH,pp,463,463,449,463,7,10,499,537,520,571,654,291,24,571,2,394,0
20260725,BSS,cod,429,437,424,588,16,102,247,400,312,572,420,152,139,572,10,417,8
20260812,FCL,pp,400,405,402,421,27,40,514,545,540,574,611,312,15,574,11,549,4
20260703,INW,pp,830,913,591,638,22,36,488,532,517,574,457,302,14,574,2,549,0
20260727,SOL,cod,538,567,438,489,20,69,316,435,395,575,448,158,130,575,11,332,8
20260822,BSS,cod,318,332,359,464,27,74,237,377,309,576,377,128,160,576,17,388,15
20260914,SOL,cod,574,614,322,412,1,34,318,441,398,585,468,238,110,585,16,466,6
20260918,FLO,pp,789,798,282,755,9,14,466,522,512,585,534,390,27,585,1,147,0
20260731,INW,pp,470,492,535,551,40,53,478,535,507,586,548,286,51,586,9,516,5
20260725,INW,pp,576,595,375,384,38,47,475,514,519,586,502,242,22,586,7,665,5
20260808,BSS,cod,463,483,420,500,14,74,261,402,349,588,411,178,143,588,2,453,2
20260629,EMH,pp,870,873,845,866,6,18,505,541,539,589,442,222,20,589,0,449,0
20260916,BSS,pp,274,297,221,279,22,22,574,579,577,589,425,282,5,589,9,378,6
20260702,EMH,pp,429,432,785,797,10,18,506,545,538,590,488,270,19,590,1,446,0
20260728,INW,pp,583,612,604,625,20,36,520,547,549,592,519,296,16,592,8,607,3
20260706,INW,pp,1085,1097,801,838,17,43,486,547,520,592,643,331,22,592,3,484,1
20260902,BSS,cod,555,572,375,465,24,135,270,417,335,592,433,172,137,592,8,352,6
20260804,BSS,cod,552,573,433,526,23,103,256,428,331,593,422,171,135,593,17,431,8
20260909,EMH,pp,670,670,657,672,10,15,499,535,545,594,654,323,11,594,12,924,4
20260801,BSS,cod,311,317,455,538,16,114,233,399,285,595,384,165,162,595,23,442,14
20260920,BSS,cod,126,217,0,129,2,58,283,439,363,596,559,217,23,596,10,476,4
20260911,BSS,cod,510,518,528,663,10,88,256,391,316,596,350,159,169,596,4,423,4
20260729,INW,pp,495,523,569,584,22,31,522,565,541,597,540,313,28,597,5,543,3
20260723,SOL,cod,387,406,280,331,21,89,344,470,403,601,344,159,150,601,13,423,5
20260810,BSS,cod,533,549,473,593,23,134,297,427,368,603,508,190,153,603,8,394,3
20260821,BSS,cod,308,324,390,505,26,84,247,364,332,603,322,108,142,603,18,508,7
20260905,BSS,cod,453,461,442,559,13,101,298,452,356,605,417,162,151,605,15,449,8
20260831,FLO,pp,578,584,554,563,11,23,520,555,561,606,567,381,21,606,7,396,2
20260908,BSS,pp,643,659,563,570,32,32,598,601,601,606,514,362,3,606,52,1136,10
20260807,BSS,cod,619,640,430,538,25,106,278,442,337,606,328,146,164,606,15,454,6
20260915,EMH,pp,615,622,1854,1912,11,38,497,544,531,608,395,254,23,608,3,654,1
20260827,ESA,pp,512,615,484,500,31,44,512,563,542,610,564,369,17,610,13,506,6
20260721,SOL,cod,434,447,421,483,26,83,370,471,436,610,468,198,122,610,14,441,6
20260825,EMH,pp,770,775,741,766,10,21,509,563,546,611,491,225,31,611,4,835,4
20260827,EMH,pp,752,754,733,752,8,11,539,572,574,612,993,365,22,612,43,551,12
20260731,EMH,pp,393,394,385,393,8,14,533,568,569,612,531,304,17,612,3,508,1
20260808,INW,pp,852,864,1077,1102,61,71,534,571,564,612,557,339,22,612,13,570,11
20260817,EMH,pp,2152,2153,2103,2150,1,16,509,552,557,614,327,100,28,614,7,543,3
20260729,BSS,cod,394,420,336,446,21,129,247,426,308,614,527,182,177,614,18,397,11
20260812,BSS,cod,523,533,531,649,17,74,331,483,399,615,578,202,117,615,22,440,14
20260910,FLO,pp,963,969,926,958,10,14,567,590,587,615,604,494,9,615,2,439,1
20260724,INW,pp,503,665,666,683,168,183,530,564,561,617,536,269,31,617,11,585,3
20260810,EMH,pp,1403,1404,1372,1404,11,21,525,571,558,618,428,158,29,618,1,701,1
20260827,INW,pp,373,395,310,320,12,26,493,544,536,618,530,254,34,618,10,529,4
20260903,ESA,pp,564,603,757,787,19,32,493,554,536,619,553,329,43,619,6,411,3
20260811,BSS,cod,496,515,406,500,29,109,291,456,373,619,506,186,139,619,11,430,7
20260804,INW,pp,502,528,436,446,30,40,533,566,580,620,539,313,21,620,15,580,4
20260913,ESA,pp,100,111,62,63,10,16,501,579,521,623,635,424,64,623,52,710,28
20260910,BSS,cod,765,782,553,655,9,97,274,428,346,623,417,229,145,623,27,208,8
20260911,FLO,pp,747,754,696,724,15,21,552,598,571,623,646,499,19,623,4,380,1
20260701,INW,pp,256,266,311,324,19,24,517,556,562,623,547,301,39,623,10,725,8
20260814,BSS,cod,479,506,400,499,12,72,322,466,379,625,352,138,122,625,19,552,4
20260820,LOI,pp,386,423,404,419,54,65,527,578,563,626,551,449,21,626,5,584,2
20260909,BSS,cod,695,712,565,682,11,85,286,413,380,626,452,214,130,626,36,721,20
20260731,BSS,cod,530,543,337,426,22,151,246,416,333,628,357,130,172,628,12,431,7
20260625,INW,pp,668,699,611,619,70,70,582,631,584,634,673,376,20,634,0,187,0
20260826,ESA,pp,420,442,364,369,16,32,547,589,569,635,562,412,31,635,2,451,2
20260820,BSS,cod,641,659,532,645,18,107,257,427,347,637,313,129,168,637,33,520,12
20260908,ESA,pp,546,578,552,573,38,51,453,495,563,640,405,254,35,640,36,825,18
20260626,INW,pp,503,521,803,815,29,35,560,603,589,644,560,297,18,644,3,335,1
20260702,INW,pp,682,723,571,598,45,54,579,613,600,649,527,328,22,649,3,651,1
20260920,FLO,pp,202,206,3,161,2,5,557,602,591,650,704,455,14,650,27,975,8
20260919,FLO,pp,651,665,83,719,7,17,544,587,587,652,606,432,13,652,22,881,9
20260803,BSS,cod,550,566,324,407,27,175,276,449,351,654,416,150,146,654,8,414,2
20260628,INW,pp,638,681,624,641,30,34,557,600,592,655,691,350,25,655,11,558,5
20260814,EMH,pp,593,594,580,593,4,5,548,599,590,657,633,228,28,657,9,535,2
20260626,EMH,pp,450,450,442,450,6,11,587,631,603,657,547,294,21,657,1,237,1
20260717,BSS,cod,400,470,384,487,58,157,287,432,361,658,451,176,168,658,7,540,4
20260821,LOI,pp,357,415,493,511,53,60,580,614,612,658,602,511,13,658,5,549,2
20260806,BSS,cod,681,709,518,645,26,134,288,461,367,659,433,150,158,659,11,438,3
20260915,SOL,cod,400,424,323,495,11,94,367,497,437,663,563,278,107,663,40,474,33
20260831,BSS,cod,672,702,470,568,25,144,289,427,390,664,379,157,162,664,8,324,3
20260722,SOL,cod,378,407,377,420,44,91,408,538,462,664,470,222,123,664,15,411,5
20260718,BSS,cod,513,594,349,444,107,192,249,458,320,670,551,183,192,670,26,453,16
20260813,BSS,cod,669,692,427,542,27,158,339,487,416,673,406,157,153,673,24,498,17
20260816,INW,pp,430,443,543,567,16,19,530,603,578,675,664,270,71,675,30,697,7
20260813,EMH,pp,647,650,636,650,9,17,577,628,609,675,766,336,35,675,7,551,4
20260803,INW,pp,412,432,252,261,33,58,539,606,590,675,533,310,50,675,6,476,2
20260819,BSS,cod,554,597,446,550,40,104,341,512,403,676,441,166,171,676,10,447,4
20260727,BSS,cod,494,522,390,519,23,159,295,452,380,677,492,158,156,677,8,383,0
20260727,INW,pp,384,401,385,396,21,28,589,627,629,677,542,318,27,677,4,620,3
20260914,ESA,pp,376,404,233,256,26,32,526,585,587,678,577,385,43,678,22,661,8
20260707,INW,pp,1346,1370,1363,1406,35,78,546,629,578,680,740,337,32,680,10,621,6
20260823,LOI,pp,340,377,269,274,48,52,591,635,625,681,646,534,26,681,5,530,2
20260817,BSS,cod,586,613,304,394,20,134,321,492,396,682,479,170,161,682,12,343,4
20260805,BSS,cod,543,560,456,577,30,161,294,474,388,683,476,190,151,683,13,457,7
20260627,INW,pp,454,465,368,375,28,34,580,643,608,684,681,376,45,684,4,433,1
20260824,BSS,pp,439,440,254,257,3,3,584,645,627,688,413,184,12,688,4,152,1
20260921,FLO,pp,826,860,0,918,55,63,594,645,632,692,742,397,12,692,5,174,2
20260630,INW,pp,161,186,436,447,37,39,598,642,625,694,549,299,32,694,5,644,2
20260921,EMH,pp,993,993,3,994,16,28,564,619,627,697,472,125,13,697,2,425,0
20260921,SOL,cod,248,741,0,443,5,71,389,538,476,697,540,212,35,697,2,84,1
20260907,BSS,pp,607,635,568,578,8,8,574,577,696,699,458,208,2,699,8,730,0
20260912,FLO,pp,687,697,702,738,15,21,577,636,629,701,674,492,19,701,17,1341,6
20260826,BSS,cod,573,588,486,579,18,143,351,541,427,703,595,226,154,703,22,527,10
20260818,BSS,cod,491,505,612,755,20,86,328,514,411,710,590,223,189,710,31,453,19
20260913,FLO,pp,198,199,169,181,0,5,609,662,645,711,720,520,23,711,23,981,11
20260811,INW,pp,852,887,1016,1034,47,58,611,667,646,713,851,386,28,713,10,683,0
20260825,INW,pp,527,546,607,633,19,38,589,640,640,715,595,313,36,715,9,588,3
20260730,BSS,cod,468,493,305,386,29,122,320,534,375,717,437,187,198,717,22,433,7
20260827,BSS,cod,444,456,409,500,8,124,334,531,406,719,347,138,184,719,17,566,5
20260916,ESA,pp,765,823,556,700,77,92,553,593,644,719,578,392,43,719,35,776,16
20260808,EMH,pp,542,545,526,542,8,18,632,668,671,722,692,395,19,722,1,693,0
20260716,BSS,cod,588,637,435,590,41,116,291,491,365,722,426,174,224,722,15,534,5
20260908,EMH,pp,734,736,720,736,13,24,609,655,661,722,472,298,24,722,13,1021,9
20260915,ESA,pp,530,544,383,420,23,51,587,648,637,722,611,442,38,722,29,514,5
20260807,EMH,pp,516,518,507,516,5,12,616,671,665,725,519,305,20,725,2,348,1
20260823,INW,pp,355,372,452,460,21,37,582,668,622,734,666,407,60,734,38,785,7
20260904,ESA,pp,277,300,389,397,23,28,605,657,649,746,810,445,38,746,4,495,1
20260715,BSS,cod,542,568,459,605,29,117,379,615,426,749,549,225,199,749,7,428,3
20260917,BSS,cod,754,795,157,632,36,145,354,542,427,753,560,262,193,753,11,254,5
20260824,BSS,cod,353,365,217,301,22,179,358,524,452,754,648,239,199,754,11,335,5
20260917,FLO,pp,572,662,387,636,36,42,628,681,683,758,601,488,21,758,12,337,4
20260901,EMH,pp,810,814,798,810,13,19,616,675,679,758,417,207,25,758,3,844,0
20260722,INW,pp,569,584,519,531,17,31,655,701,690,760,673,379,33,760,13,670,5
20260708,INW,pp,739,746,947,1001,33,75,619,706,654,761,738,361,35,761,10,665,5
20260908,BSS,cod,475,481,448,544,14,106,335,536,430,763,455,260,190,763,51,931,28
20260714,BSS,cod,562,582,526,680,53,112,483,623,557,768,566,221,109,768,16,347,3
20260723,INW,pp,635,668,600,622,33,43,663,704,708,774,678,395,27,774,19,686,12
20260713,BSS,cod,623,681,398,531,98,185,500,645,547,775,647,212,127,775,11,373,7
20260806,INW,pp,609,639,403,419,20,26,697,735,724,776,716,487,29,776,19,487,13
20260720,BSS,cod,472,543,329,455,47,150,418,587,486,778,540,195,174,778,8,488,4
20260918,BSS,cod,541,577,66,789,10,91,323,531,416,779,478,253,207,779,19,553,8
20260914,BSS,cod,519,529,421,573,5,58,378,572,462,780,553,301,198,780,37,687,16
20260907,EMH,pp,1414,1426,1379,1415,20,30,661,704,719,782,721,388,33,782,5,559,2
20260907,BSS,cod,626,640,350,428,11,125,381,597,455,783,491,292,187,783,35,972,11
20260721,INW,pp,548,559,663,681,24,29,697,737,730,785,678,387,22,785,14,759,6
20260719,INW,pp,604,655,674,683,17,28,648,714,695,786,779,424,43,786,16,964,5
20260914,FLO,pp,116,116,131,147,6,13,661,729,707,787,792,550,34,787,30,841,13
20260919,BSS,cod,471,628,13,569,18,93,343,514,490,788,519,259,29,788,7,642,0
20260910,EMH,pp,654,656,644,654,5,12,679,741,722,791,793,448,22,791,0,32,0
20260723,BSS,cod,472,563,380,505,101,230,338,530,423,791,476,217,209,791,31,531,22
20260817,INW,pp,658,686,579,595,26,35,635,701,707,792,658,247,50,792,20,789,1
20260914,BSS,pp,381,382,330,354,1,1,763,768,793,798,449,231,0,798,17,488,12
20260818,INW,pp,914,923,603,624,31,42,655,722,715,804,678,288,53,804,22,849,9
20260912,EMH,pp,544,546,526,545,7,15,669,741,712,807,694,438,37,807,25,914,18
20260629,INW,pp,597,619,549,565,49,56,685,729,739,809,683,359,22,809,2,588,1
20260916,SOL,cod,726,796,254,594,5,68,483,633,563,810,555,305,154,810,18,381,12
20260812,INW,pp,740,770,907,929,47,64,691,752,734,812,824,404,36,812,16,658,11
20260720,INW,pp,511,552,438,448,35,42,657,714,735,813,706,354,30,813,20,782,12
20260825,BSS,cod,451,477,239,304,72,190,435,611,518,819,614,253,167,819,18,441,11
20260806,EMH,pp,722,723,711,723,5,12,721,775,756,819,906,465,19,819,9,492,4
20260921,BSS,cod,204,638,0,560,16,132,413,598,537,821,619,243,41,821,25,183,14
20260831,EMH,pp,1452,1459,1420,1454,18,34,717,767,770,845,726,302,33,845,3,819,1
20260824,INW,pp,494,510,362,371,17,30,663,736,735,845,718,414,57,845,20,803,10
20260919,EMH,pp,581,581,253,584,4,10,732,795,779,849,723,495,16,849,15,1919,10
20260906,ESA,pp,92,101,98,100,1,24,615,790,645,852,818,419,143,852,124,1487,83
20260915,BSS,cod,582,606,388,655,6,180,439,624,545,853,703,363,142,853,29,670,14
20260813,INW,pp,771,783,779,789,25,44,720,788,756,853,815,421,51,853,6,712,0
20260825,ESA,pp,292,299,289,291,9,29,717,763,782,855,778,567,38,855,7,402,6
20260822,INW,pp,650,655,660,680,14,39,706,775,756,860,635,335,44,860,14,795,12
20260902,EMH,pp,766,775,742,766,16,30,732,786,793,862,792,462,23,862,1,869,0
20260820,EMH,pp,705,708,683,706,15,20,772,826,798,862,1033,340,36,862,2,612,1
20260819,INW,pp,599,616,910,934,16,33,704,775,770,869,800,388,51,869,14,741,11
20260905,EMH,pp,583,584,831,853,10,24,727,796,773,873,594,367,41,873,2,725,2
20260709,INW,pp,1087,1105,701,717,40,81,736,823,766,874,947,449,33,874,16,738,8
20260916,BSS,cod,621,681,219,509,21,131,429,668,525,884,647,341,207,884,32,567,20
20260722,BSS,cod,464,541,300,399,91,222,427,617,512,884,504,220,197,884,8,514,4
20260905,ESA,pp,599,620,457,461,18,30,721,804,777,886,869,504,49,886,17,588,12
20260828,EMH,pp,747,749,634,645,0,16,744,834,795,902,1003,375,49,902,5,596,1
20260821,INW,pp,575,586,600,628,22,34,766,822,810,905,800,450,50,905,25,869,9
20260911,EMH,pp,656,657,642,654,5,16,800,851,834,908,802,483,25,908,15,1244,6
20260907,ESA,pp,651,674,554,573,32,68,709,778,798,909,591,400,46,909,66,1322,38
20260721,BSS,cod,453,529,371,496,29,130,447,652,551,911,681,280,199,911,27,550,10
20260918,EMH,pp,561,565,409,562,8,16,815,875,843,912,760,473,18,912,,,
20260712,INW,pp,769,791,980,996,15,31,777,838,827,919,901,398,28,919,49,983,14
20260716,INW,pp,963,994,847,872,28,38,822,870,855,929,790,410,31,929,18,979,10
20260820,INW,pp,550,691,477,491,149,170,777,850,830,933,752,378,51,933,15,751,6
20260903,EMH,pp,300,300,268,272,13,16,808,867,858,939,1091,517,34,939,4,648,0
20260904,EMH,pp,1117,1122,860,879,12,17,855,915,897,977,751,432,29,977,3,682,3
20260916,FLO,pp,811,816,623,806,9,19,826,898,891,979,873,678,31,979,13,581,6
20260814,INW,pp,664,675,690,715,10,18,845,912,884,982,907,449,57,982,10,941,6
20260710,INW,pp,806,817,978,1003,41,80,793,910,837,985,985,454,53,985,24,920,9
20260815,INW,pp,654,658,602,623,4,15,837,920,897,1002,965,483,57,1002,17,758,14
20260829,EMH,pp,700,701,783,802,24,36,869,948,936,1033,808,401,48,1033,5,654,3
20260824,EMH,pp,1426,1436,1395,1430,22,42,885,938,962,1038,645,350,45,1038,5,797,3
20260718,INW,pp,760,780,604,627,18,31,882,959,942,1045,874,554,48,1045,13,986,9
20260711,INW,pp,1414,1443,1084,1100,42,80,863,962,916,1051,1016,486,40,1051,18,855,15
20260821,EMH,pp,626,628,616,626,4,10,942,1010,985,1070,866,378,52,1070,8,666,3
20260915,FLO,pp,1182,1190,975,1085,19,27,943,1001,997,1072,966,752,24,1072,15,962,7
20260713,INW,pp,859,868,779,789,22,42,920,994,979,1088,981,467,40,1088,30,872,10
20260717,INW,pp,776,804,806,830,38,49,971,1028,1004,1089,1048,618,26,1089,8,899,3
20260822,EMH,pp,627,630,614,626,3,7,943,1025,1003,1113,865,409,43,1113,5,974,3
20260715,INW,pp,790,807,783,799,21,34,980,1044,1042,1135,910,520,32,1135,23,968,7
20260626,HBL,pp,1532,1538,800,809,8,12,996,1075,1062,1188,887,549,44,1188,0,816,0
20260629,HBL,pp,1635,1660,735,736,20,26,1021,1097,1099,1205,1069,730,33,1205,11,1080,3
20260714,INW,pp,597,616,761,781,26,55,1053,1148,1107,1235,1085,594,47,1235,19,1007,4
20260628,HBL,pp,717,1022,1343,1350,3,10,1118,1198,1174,1288,1258,869,43,1288,5,1066,2
20260828,HBL,pp,1937,1966,2162,2174,11,14,1198,1266,1224,1313,2138,908,40,1313,63,2054,16
20260627,HBL,pp,1276,1600,1175,1185,3,13,1155,1212,1213,1316,1205,879,35,1316,3,1123,1
20260701,HBL,pp,1690,1726,1495,1503,9,15,1243,1320,1295,1401,1359,915,43,1401,13,1189,8
20260630,HBL,pp,2189,2341,2084,2088,5,13,1265,1337,1323,1414,1422,974,31,1414,5,1052,3
20260825,HBL,pp,3494,3511,3488,3510,2,6,1302,1369,1375,1475,1338,811,37,1475,6,1948,0
20260721,HBL,pp,3560,3579,3231,3268,6,18,1299,1375,1358,1475,1415,878,53,1475,10,1534,6
20260824,HBL,pp,2648,2838,2849,2866,74,78,1266,1340,1362,1486,1173,665,41,1486,26,1666,9
20260720,HBL,pp,2340,2353,1105,1119,7,17,1308,1390,1395,1518,1358,865,42,1518,5,1771,2
20260819,HBL,pp,1805,1812,1720,1732,3,10,1295,1417,1370,1543,1278,805,100,1543,34,1909,22
20260702,HBL,pp,2056,2084,2032,2048,5,10,1352,1442,1421,1582,1463,1019,50,1582,12,1142,7
20260806,HBL,pp,1843,1862,1370,1378,6,13,1345,1417,1454,1583,1417,965,57,1583,9,2377,2
20260703,HBL,pp,2589,2598,2074,2095,6,13,1415,1514,1501,1635,1502,1029,45,1635,12,1526,6
20260715,HBL,pp,976,984,2268,2292,21,34,1428,1506,1499,1641,1413,1017,51,1641,13,1734,4
20260811,HBL,pp,2009,2017,2367,2408,22,31,1445,1552,1514,1660,1693,934,57,1660,12,1744,3
20260807,HBL,pp,3337,3349,1931,1942,9,15,1512,1571,1590,1699,1672,1097,43,1699,11,2684,4
20260718,HBL,pp,1606,1641,1430,1454,5,13,1493,1570,1584,1705,1621,1104,55,1705,12,1971,4
20260808,HBL,pp,1741,1748,3249,3294,14,20,1516,1597,1589,1712,1605,1090,47,1712,13,1975,8
20260818,HBL,pp,1834,1840,1859,1862,11,23,1489,1577,1596,1736,1347,923,59,1736,68,2030,8
20260728,HBL,pp,2452,2494,2665,2681,18,30,1508,1580,1611,1738,1496,1042,52,1738,15,1900,8
20260719,HBL,pp,915,930,1272,1284,4,9,1514,1620,1598,1738,1667,1133,53,1738,26,1499,3
20260810,HBL,pp,3089,3094,2485,2521,14,22,1521,1619,1599,1742,1700,1040,59,1742,10,1405,7
20260729,HBL,pp,2839,2915,2900,2922,46,53,1557,1654,1646,1781,1914,1219,52,1781,27,1640,15
20260716,HBL,pp,1852,1863,1119,1132,2,5,1561,1647,1654,1790,1751,1233,44,1790,29,1855,11
20260625,HBL,pp,876,877,1003,1010,18,27,1642,1786,1657,1807,1501,1123,53,1807,3,495,1
20260717,HBL,pp,1267,1279,1903,1926,4,17,1590,1677,1667,1811,1598,1139,56,1811,12,1451,4
20260722,HBL,pp,1333,1351,2198,2210,4,10,1603,1699,1692,1832,1759,1210,48,1832,22,1483,17
20260817,HBL,pp,1907,1917,1517,1528,8,62,1511,1623,1660,1833,1491,919,64,1833,29,2487,7
20260724,HBL,pp,1383,1398,1280,1286,30,43,1625,1740,1704,1871,1910,1220,56,1871,61,1898,29
20260705,HBL,pp,1916,1922,1404,1415,10,15,1639,1767,1721,1886,2114,1233,62,1886,14,1740,5
20260707,HBL,pp,2128,2133,2294,2311,9,21,1578,1700,1690,1892,1444,952,63,1892,19,2576,5
20260714,HBL,pp,2089,2097,1484,1498,3,17,1628,1715,1741,1914,1503,1089,62,1914,19,2115,4
20260820,HBL,pp,2131,2140,1925,1945,4,9,1620,1728,1762,1918,1842,1211,55,1918,24,1483,7
20260809,HBL,pp,1311,1322,1212,1216,5,8,1711,1809,1783,1920,1932,1300,57,1920,12,1218,8
20260823,HBL,pp,2255,2307,125,125,9,32,1717,1811,1818,1955,1864,1151,51,1955,13,1518,7
20260821,HBL,pp,2223,2232,1974,1988,11,45,1735,1831,1837,1967,1802,1215,59,1967,27,1696,8
20260709,HBL,pp,2115,2119,1876,1885,16,35,1732,1836,1833,2015,1759,1222,72,2015,15,2014,3
20260822,HBL,pp,452,452,1684,1693,1,7,1798,1928,1873,2046,2089,1322,70,2046,15,1562,8
20260725,HBL,pp,1379,1422,1374,1388,6,21,1790,1927,1884,2085,1827,1222,73,2085,44,2104,20
20260723,HBL,pp,2423,2429,2806,2837,7,25,1896,2021,1983,2152,2054,1495,54,2152,30,1545,20
20260704,HBL,pp,2508,2520,2913,2933,20,25,1969,2057,2040,2166,2208,1642,47,2166,7,1500,4
20260713,HBL,pp,2256,2264,1048,1052,7,14,1804,1949,1965,2182,1736,1140,64,2182,4,1973,1
20260816,HBL,pp,911,912,787,790,1,7,1858,2032,1965,2211,2087,1331,106,2211,32,2043,15
20260826,HBL,pp,2561,2705,3145,3159,40,51,2052,2145,2138,2275,2292,1586,52,2275,20,1476,7
20260727,HBL,pp,2842,2987,1685,1691,59,79,1906,2022,2100,2290,1706,1256,72,2290,30,1897,14
20260815,HBL,pp,790,791,1188,1191,10,15,1947,2094,2074,2291,2178,1394,88,2291,21,1767,10
20260726,HBL,pp,1032,1073,901,905,8,22,1951,2121,2052,2302,2308,1549,98,2302,45,1644,14
20260711,HBL,pp,2142,2149,1481,1493,4,10,2040,2165,2155,2324,2162,1395,66,2324,14,2117,7
20260710,HBL,pp,1367,1371,2063,2079,8,18,2030,2161,2145,2326,2349,1542,62,2326,33,2017,5
20260801,HBL,pp,2963,2973,2470,2496,5,9,2091,2218,2183,2365,2425,1589,63,2365,18,1809,8
20260731,HBL,pp,1998,2007,2500,2511,19,31,2137,2232,2227,2367,2224,1564,54,2367,15,1750,6
20260708,HBL,pp,1605,1610,2505,2525,7,17,2080,2218,2198,2403,2317,1577,91,2403,21,1861,6
20260812,HBL,pp,1785,1798,2090,2100,13,32,2078,2234,2191,2416,2181,1471,77,2416,16,2489,6
20260805,HBL,pp,1646,1654,2023,2032,109,127,2089,2242,2214,2419,1827,1428,75,2419,11,3294,3
20260730,HBL,pp,1818,1891,2174,2185,71,79,2201,2313,2295,2451,2343,1688,58,2451,23,1920,18
20260915,HBL,pp,3029,3054,2905,2986,5,19,2161,2265,2294,2458,2309,1500,50,2458,155,2922,73
20260813,HBL,pp,1797,1815,1683,1690,7,41,2144,2280,2255,2472,2444,1610,79,2472,8,1694,2
20260803,HBL,pp,1601,1619,1719,1729,18,35,2187,2303,2320,2487,2359,1481,66,2487,27,1608,10
20260901,HBL,pp,4107,4280,3828,3852,44,47,2240,2370,2347,2538,2130,1397,77,2538,14,2328,8
20260706,HBL,pp,2528,2531,2256,2276,5,10,2289,2439,2378,2582,2480,1767,69,2582,26,1794,3
20260814,HBL,pp,1424,1446,1712,1722,21,27,2267,2413,2405,2622,2360,1664,79,2622,22,2217,4
20260912,HBL,pp,2521,2797,2678,2706,10,23,2327,2463,2457,2652,2504,1696,75,2652,47,3400,15
20260916,HBL,pp,2707,2714,2628,2744,7,13,2349,2488,2471,2667,2428,1582,62,2667,154,2709,78
20260917,HBL,pp,2765,2869,2461,2675,133,146,2391,2538,2491,2681,2798,1828,69,2681,81,1777,30
20260804,HBL,pp,1461,1471,1201,1207,2,17,2454,2569,2568,2733,2295,1594,64,2733,34,1579,12
20260911,HBL,pp,3280,3343,2883,2916,3,14,2416,2570,2539,2750,2405,1678,78,2750,86,2256,27
20260920,HBL,pp,1214,1287,930,1989,0,18,2318,2534,2479,2773,3073,1788,42,2773,121,2762,40
20260910,HBL,pp,2921,3154,2844,2868,30,40,2483,2594,2602,2774,2732,1832,62,2774,24,1478,18
20260712,HBL,pp,40,40,1431,1448,5,19,2433,2617,2551,2797,2681,1880,75,2797,37,2201,8
20260802,HBL,pp,1698,1783,2014,2024,4,11,2512,2666,2609,2805,2804,1935,96,2805,31,1712,14
20260908,HBL,pp,3194,3246,3045,3077,11,28,2534,2652,2680,2873,2334,1447,67,2873,98,5021,49
20260914,HBL,pp,2810,2835,2439,2482,25,55,2509,2667,2666,2885,2545,1694,70,2885,102,3066,50
20260903,HBL,pp,3985,4076,4592,4622,11,19,2570,2706,2709,2898,2666,1871,72,2898,45,2705,34
20260831,HBL,pp,3559,3713,2871,2893,15,24,2603,2737,2749,2933,2626,1670,71,2933,25,2669,3
20260827,HBL,pp,2065,2069,2298,2321,12,26,2739,2842,2835,2977,2867,2155,49,2977,38,2061,22
20260918,HBL,pp,2991,3000,2114,2918,13,20,2645,2818,2780,3028,2740,1761,75,3028,125,2291,38
20260830,HBL,pp,1843,1878,2104,2112,15,28,2764,2897,2878,3056,2708,1748,80,3056,41,2345,9
20260829,HBL,pp,2440,2450,1961,1975,22,38,2744,2913,2846,3067,2810,1689,83,3067,36,2265,18
20260909,HBL,pp,2902,2956,2829,2863,29,38,2712,2875,2858,3080,2625,1934,63,3080,95,3744,27
20260902,HBL,pp,4294,4318,3170,3189,149,161,2768,2910,2892,3089,3025,2069,87,3089,13,2744,8
20260913,HBL,pp,1244,1330,1760,1776,36,46,2826,3012,2964,3213,3300,2300,82,3213,138,3419,62
20260919,HBL,pp,2939,2967,1797,2684,9,16,2813,3003,2977,3237,2672,1907,27,3237,121,3195,49
20260904,HBL,pp,3125,3137,4132,4161,6,19,2996,3099,3101,3248,3250,2347,72,3248,85,2549,64
20260921,HBL,pp,1488,3666,62,2501,3,13,2910,3068,3100,3341,3042,1871,40,3341,51,1877,22
20260906,HBL,pp,1733,1750,940,944,0,15,3338,3536,3438,3698,3863,2328,110,3698,171,4241,52
20260905,HBL,pp,2283,2288,3162,3173,14,28,3748,3899,3856,4055,4261,3043,78,4055,58,1877,31
20260907,HBL,pp,2903,2908,3184,3205,45,60,3618,3820,3840,4114,3265,2294,97,4114,179,5327,76
20260826,ZCQ,pp,,,1,1,,,,,,,,,,,0,1,0
20260728,ZAC,pp,1,1,1,1,,,,,,,,,,,,,
20260715,ZDC,pp,,,1,1,,,,,,,,,,,,,
20260719,RLL,cod,,,1,1,,,,,,,,,,,0,2,0
20260718,WXE,cod,1,1,1,1,,,,,,,,,,,,,
20260707,TYL,pp,,,1,1,,,,,,,,,,,,,
20260625,WZG,pp,1,1,1,1,,,,,,,,,,,,,
20260818,ZAC,pp,8,8,6,6,,,,,,,1,0,,,,,
20260828,SWL,cod,1,1,2,2,,,,,,,1,0,,,0,2,0
20260624,EMB,pp,51,52,40,43,,,,,,,,,,,0,2,0
20260717,ZET,pp,2,2,1,1,,,,,,,,,,,,,
20260909,ZFY,pp,,,1,1,,,,,,,,,,,,,
20260910,ZBL,pp,2,2,3,3,,,,,,,1,0,,,,,
20260627,PBR,pp,3,3,4,4,,,,,,,,,,,,,
20260624,COM,pp,1,1,1,1,,,,,,,,,,,,,
20260917,ZDO,pp,3,3,1,1,,,,,,,,,,,,,
20260629,GBL,pp,2,2,2,2,,,,,,,,,,,,,
20260901,SLB,cod,1,1,1,1,,,,,,,,,,,,,
20260624,MOH,pp,45,51,29,30,,,,,,,,,,,0,1,0
20260723,CFP,pp,4,4,4,4,,,,,,,,,,,0,1,0
20260811,ZGA,pp,,,6,6,,,,,,,,,,,,,
20260624,ZEL,pp,21,29,17,17,,,,,,,,,,,0,2,0
20260624,BHH,pp,2,2,1,1,,,,,,,,,,,0,1,0
20260624,SWE,pp,8,8,6,6,,,,,,,,,,,0,1,0
20260815,ZFB,pp,4,4,4,4,,,,,,,1,0,,,,,
20260805,PBR,pp,1,1,1,1,,,,,,,1,0,,,0,3,0
20260910,SLB,cod,1,1,0,1,,,,,,,1,0,,,0,1,0
20260725,DBL,cod,,,1,1,,,,,,,,,,,,,
20260713,ZEB,pp,1,1,2,2,,,,,,,,,,,,,
20260713,PBR,pp,2,2,2,2,,,,,,,,,,,,,
20260820,SWE,cod,,,2,2,,,,,,,2,0,,,1,1,1
20260921,TYL,cod,,,0,1,,,,,,,3,0,,,,,
20260805,ZFY,cod,0,1,1,1,,,,,,,,,,,,,
20260703,BBO,cod,11,11,8,8,2,3,,,,,,,,,0,2,0
20260826,LVP,cod,1,1,1,1,,,,,,,,,,,0,1,0
20260917,ZBR,pp,,,0,1,,,,,,,,,,,,,
20260811,ZFY,cod,,,0,1,,,,,,,,,,,,,
20260806,LVP,cod,2,3,2,3,0,2,,,,,2,0,,,0,1,0
20260710,BAO,pp,12,13,7,7,,,,,,,1,0,,,,,
20260805,EZS,pp,2,2,2,2,,,,,,,,,,,,,
20260818,EZS,pp,2,2,2,2,,,,,,,,,,,,,
20260806,WXE,pp,2,2,2,2,,,,,,,,,,,0,1,0
20260731,LTL,pp,,,1,1,,,,,,,,,,,,,
20260807,ZDC,pp,,,1,1,,,,,,,,,,,,,
20260728,WZO,pp,5,7,1,1,2,2,,,,,2,0,,,0,1,0
20260916,THE,cod,,,0,1,,,,,,,,,,,,,
20260825,RSL,cod,1,1,5,5,1,1,,,,,1,0,,,0,1,0
20260918,WYG,pp,1,1,1,4,,,,,,,,,,,,,
20260819,BHO,cod,,,1,1,,,,,,,,,,,,,
20260912,EZS,pp,,,3,3,,,,,,,,,,,0,2,0
20260821,WZA,cod,4,4,1,1,,,,,,,,,,,0,1,0
20260905,SWY,pp,1,1,1,1,,,,,,,,,,,,,
20260908,ZDC,pp,,,1,1,,,,,,,,,,,,,
20260724,TYL,pp,7,7,3,3,1,1,,,,,,,,,,,
20260624,SDD,cod,26,28,19,21,,,,,,,,,,,0,4,0
20260921,TYL,pp,,,0,5,,,,,,,,,,,,,
20260921,ZGY,pp,1,1,0,3,,,,,,,,,,,,,
20260805,PWL,pp,5,5,5,5,1,1,,,,,,,,,,,
20260819,ZAC,pp,1,1,2,3,,,,,,,2,0,,,,,
20260831,ZBR,pp,3,3,3,3,,,,,,,,,,,,,
20260906,SLB,pp,,,1,1,,,,,,,1,0,,,1,1,0
20260901,ZAO,cod,1,1,1,1,,,,,,,,,,,0,1,0
20260708,GRG,pp,,,1,1,5,5,,,,,,,,,,,
20260826,ZEX,cod,,,3,3,,,,,,,,,,,,,
20260907,ZEB,cod,1,1,1,1,,,,,,,,,,,,,
20260708,SWY,cod,1,1,1,1,,,,,,,1,0,,,0,1,0
20260807,ZET,pp,1,1,1,1,,,,,,,1,0,,,,,
20260723,LTL,pp,,,2,2,,,,,,,,,,,0,2,0
20260822,TYL,pp,,,2,2,,,,,,,,,,,0,1,0
20260814,THE,cod,,,0,1,,,,,,,,,,,,,
20260624,WZI,cod,10,10,7,7,,,,,,,,,,,0,2,0
20260713,TYL,pp,1,1,3,3,1,1,,,,,,,,,,,
20260903,ZBR,pp,3,3,1,1,,,,,,,1,0,,,,,
20260709,WZG,pp,,,1,1,,,,,,,,,,,,,
20260801,EPL,pp,1,1,2,2,,,,,,,,,,,,,
20260906,SLB,cod,,,1,1,,,,,,,1,0,,,,,
20260624,ZDZ,pp,1,1,1,1,,,,,,,,,,,,,
20260803,ZED,pp,1,1,1,1,,,,,,,,,,,,,
20260729,PBR,pp,,,1,1,,,,,,,1,0,,,0,1,0
20260815,ZCQ,pp,,,1,1,,,,,,,,,,,,,
20260730,ZAC,pp,1,1,2,2,,,,,,,,,,,0,1,0
20260914,ZAC,pp,7,7,6,6,,,,,,,,,,,0,3,0
20260626,BUT,cod,1,1,1,1,,,,,,,,,,,,,
20260624,SOL,cod,369,399,119,129,,,,,,,,,,,0,84,0
20260624,FCL,cod,199,201,107,128,,,,,,,,,,,0,28,0
20260916,XIH,pp,7,7,6,6,,,,,,,3,0,,,0,2,0
20260912,TUN,pp,7,7,4,4,,,,,,,,,,,,,
20260813,GRG,pp,2,2,3,3,,,,,,,,,,,,,
20260703,SWY,pp,1,1,1,1,,,,,,,,,,,0,3,0
20260704,ZEN,pp,1,1,2,2,,,,,,,,,,,,,
20260709,PWL,pp,,,1,1,,,,,,,,,,,,,
20260728,CFP,pp,2,2,2,2,,,,,,,,,,,,,
20260624,SOL,pp,11,11,3,3,,,,,,,,,,,,,
20260730,ZEX,cod,12,12,12,12,,,,,,,,,,,,,
20260726,CUH,cod,4,4,4,4,,,,,,,,,,,,,
20260704,ZET,pp,2,2,1,1,,,,,,,1,0,,,,,
20260905,ZAS,pp,1,1,1,1,,,,,,,,,,,,,
20260727,EPL,cod,1,1,1,1,,,,,,,,,,,,,
20260624,NAH,pp,2,2,2,2,,,,,,,,,,,,,
20260910,ZEL,cod,5,5,5,5,,,,,,,,,,,,,
20260821,WPV,pp,4,4,5,5,,,,,,,1,0,,,0,4,0
20260728,WZA,cod,3,3,3,3,,,,,,,,,,,0,1,0
20260908,ZEB,pp,2,2,2,2,,,,,,,,,,,,,
20260808,SLB,cod,1,1,1,2,,,,,,,1,0,,,,,
20260806,WXE,cod,1,2,1,1,1,1,,,,,,,,,,,
20260624,REH,pp,175,175,164,165,,,,,,,,,,,0,2,0
20260825,ZDF,pp,30,30,24,30,,,,,,,,,,,,,
20260814,ZFB,pp,4,4,4,4,,,,,,,,,,,,,
20260917,ZBH,pp,12,12,12,12,,,,,,,,,,,,,
20260722,JAI,cod,1,1,1,1,,,,,,,,,,,,,
20260624,BHH,cod,5,5,3,4,,,,,,,,,,,0,3,0
20260727,ZAO,cod,3,3,3,3,,,,,,,1,0,,,,,
20260916,EPL,pp,1,1,1,1,,,,,,,,,,,0,2,0
20260919,THE,cod,1,1,0,1,,,,,,,,,,,,,
20260904,LOW,pp,,,2,2,,,,,,,,,,,,,
20260814,ZEK,pp,,,1,1,,,,,,,,,,,,,
20260715,WXN,pp,1,1,1,1,,,,,,,2,0,,,,,
20260710,ZAE,pp,,,2,2,,,,,,,,,,,,,
20260710,CFP,pp,1,1,1,1,,,,,,,3,0,,,0,1,0
20260625,ZAC,pp,1,1,1,1,,,,,,,,,,,,,
20260807,ZED,pp,1,1,1,1,,,,,,,1,0,,,,,
20260822,ARL,pp,,,2,2,,,,,,,,,,,0,1,0
20260902,ZED,pp,2,2,1,1,,,,,,,,,,,,,
20260624,KPI,pp,26,26,24,25,,,,,,,,,,,0,3,0
20260816,ZFB,pp,5,5,5,5,,,,,,,,,,,,,
20260911,RSL,cod,1,2,0,1,1,1,,,,,,,,,,,
20260806,ZET,pp,,,2,2,,,,,,,,,,,,,
20260831,ESS,pp,,,1,1,,,,,,,,,,,,,
20260730,ZET,cod,1,2,1,1,,,,,,,,,,,,,
20260630,ZBR,pp,2,2,2,2,,,,,,,,,,,,,
20260703,LGL,pp,,,1,1,,,,,,,,,,,,,
20260812,ZAE,cod,,,1,1,,,,,,,,,,,,,
20260626,EPL,cod,,,1,1,,,,,,,,,,,,,
20260626,SWY,pp,4,4,4,4,,,,,,,,,,,,,
20260711,ZEB,pp,1,1,4,4,,,,,,,,,,,,,
20260711,ZDC,pp,,,9,9,,,,,,,,,,,,,
20260814,WZO,pp,,,2,2,,,,,,,1,0,,,0,4,0
20260914,ZCQ,pp,,,2,2,,,,,,,,,,,,,
20260909,WXL,pp,1,1,1,1,,,,,,,,,,,,,
20260911,LTL,pp,5,5,5,5,,,,,,,,,,,,,
20260624,LUA,pp,53,64,16,18,,,,,,,,,,,0,8,0
20260713,ZEV,pp,22,22,22,22,,,,,,,,,,,,,
20260718,SWY,cod,1,1,1,1,,,,,,,,,,,,,
20260828,GUD,pp,3,3,3,3,,,,,,,,,,,,,
20260708,SWL,cod,1,2,1,1,,,,,,,,,,,,,
20260729,ZEX,pp,,,1,1,,,,,,,,,,,0,3,0
20260904,ZFN,pp,6,6,20,20,,,,,,,,,,,,,
20260624,EML,pp,9,10,1,1,,,,,,,,,,,0,1,0
20260624,ZAO,pp,4,4,3,4,,,,,,,,,,,,,
20260910,SXL,pp,,,1,1,,,,,,,,,,,,,
20260628,ZAA,pp,25,25,4,4,,,,,,,,,,,0,2,0
20260721,ZED,pp,1,1,1,1,,,,,,,,,,,,,
20260908,ZAC,cod,2,2,2,2,,,,,,,,,,,,,
20260901,WXL,pp,1,1,1,1,,,,,,,,,,,,,
20260918,ZDC,pp,,,1,1,,,,,,,,,,,,,
20260624,RLL,cod,2,2,0,1,,,,,,,,,,,,,
20260902,ZED,cod,1,1,1,1,,,,,,,,,,,,,
20260812,KOL,pp,1,1,8,9,,,,,,,,,,,,,
20260904,ZCS,pp,2,2,2,2,,,,,,,,,,,,,
20260915,EML,cod,1,1,3,4,0,1,,,,,1,0,,,0,4,0
20260826,SWE,cod,4,4,2,3,,,,,,,,,,,0,4,0
20260728,WYG,pp,3,3,3,3,,,,,,,,,,,,,
20260626,RST,pp,1,1,1,1,,,,,,,,,,,,,
20260911,DEH,pp,,,0,1,,,,,,,,,,,,,
20260812,ZAC,pp,1,1,1,1,,,,,,,,,,,,,
20260826,WXE,cod,1,1,1,1,,,,,,,,,,,,,
20260624,LSR,pp,19,22,13,13,,,,,,,,,,,,,
20260823,LVP,cod,3,3,2,3,,,,,,,,,,,0,1,0
20260817,WXN,pp,2,2,1,1,,,,,,,,,,,,,
20260906,TYL,cod,,,1,1,,,,,,,,,,,,,
20260801,BGH,cod,1,1,1,1,,,,,,,1,0,,,,,
20260825,LKH,pp,20,20,20,20,,,,,,,,,,,,,
20260805,WZO,pp,4,4,4,4,,,,,,,,,,,0,2,0
20260624,IOH,pp,109,114,75,75,,,,,,,,,,,,,
20260917,SWY,cod,3,3,1,7,0,1,,,,,1,0,,,,,
20260910,ZED,pp,,,1,1,,,,,,,,,,,,,
20260630,WZG,pp,1,1,0,1,,,,,,,1,0,,,0,1,0
20260909,ZET,cod,1,1,1,1,,,,,,,,,,,,,
20260801,WXN,cod,,,1,1,,,,,,,,,,,,,
20260723,LVP,cod,3,4,7,8,,,,,,,1,0,,,,,
20260903,WXN,pp,1,1,1,1,,,,,,,,,,,,,
20260804,ZAS,pp,1,1,1,1,,,,,,,,,,,,,
20260807,CFP,pp,6,7,5,6,1,1,,,,,,,,,0,2,0
20260727,ZEB,pp,,,3,3,,,,,,,,,,,,,
20260814,KOL,pp,3,3,6,7,,,,,,,,,,,,,
20260911,ZAC,pp,4,4,4,4,,,,,,,,,,,0,1,0
20260701,WZA,cod,,,1,1,,,,,,,1,0,,,0,1,0
20260714,ZFL,pp,,,1,1,,,,,,,,,,,,,
20260914,ZBH,pp,,,1,1,,,,,,,,,,,,,
20260805,ZFB,pp,2,2,2,2,,,,,,,,,,,0,2,0
20260805,BNH,cod,107,107,2,2,,,,,,,,,,,,,
20260624,ZBR,pp,1,1,1,1,,,,,,,,,,,0,1,0
20260725,CUH,cod,6,6,5,6,,,,,,,,,,,,,
20260624,AWP,pp,101,107,53,54,,,,,,,,,,,0,7,0
20260704,ZAO,cod,4,4,4,4,,,,,,,,,,,0,1,0
20260624,BGH,pp,19,20,11,11,,,,,,,,,,,0,1,0
20260712,ZFB,pp,3,3,3,3,,,,,,,,,,,,,
20260816,TYL,cod,,,3,3,1,1,,,,,,,,,,,
20260624,TEL,pp,21,23,14,14,,,,,,,,,,,0,2,0
20260711,ZCB,pp,,,3,3,,,,,,,,,,,,,
20260826,ZAC,cod,2,2,2,2,,,,,,,,,,,0,1,0
20260811,ZFF,pp,4,4,2,2,,,,,,,,,,,,,
20260814,BUT,cod,1,1,1,1,,,,,,,,,,,,,
20260704,WPV,pp,3,3,2,2,,,,,,,4,0,,,,,
20260624,SWT,cod,6,6,3,3,,,,,,,,,,,0,4,0
20260827,ZFB,pp,6,6,6,6,,,,,,,,,,,,,
20260715,LTL,pp,5,5,4,4,1,1,,,,,,,,,0,2,0
20260713,ZEX,pp,1,1,1,1,,,,,,,,,,,,,
20260624,RHH,pp,2,2,2,2,,,,,,,,,,,,,
20260903,FGL,cod,1,1,1,1,,,,,,,1,0,,,,,
20260919,MRR,pp,3,3,2,3,,,,,,,,,,,,,
20260911,SWY,pp,2,2,1,1,,,,,,,1,0,,,,,
20260708,BUT,cod,1,1,1,1,,,,,,,,,,,,,
20260716,HSD,pp,,,1,1,,,,,,,,,,,,,
20260707,EPL,pp,2,2,2,2,,,,,,,,,,,,,
20260910,ZAE,pp,1,1,3,3,,,,,,,,,,,0,1,0
20260803,WZO,pp,5,5,1,1,,,,,,,2,0,,,0,2,0
20260819,SWE,cod,8,8,6,6,,,,,,,1,0,,,0,2,0
20260920,ZET,pp,2,2,0,3,,,,,,,4,0,,,1,4,0
20260721,SWY,cod,1,1,1,1,,,,,,,1,0,,,,,
20260918,LVP,cod,2,2,2,2,,,,,,,,,,,,,
20260630,BGH,cod,5,6,1,1,1,2,,,,,,,,,,,
20260710,ZEB,pp,5,5,3,3,,,,,,,,,,,,,
20260813,PBR,pp,2,3,3,3,1,1,,,,,,,,,0,1,0
20260814,GRG,pp,2,2,2,2,,,,,,,,,,,,,
20260714,ZAC,pp,,,1,1,,,,,,,,,,,,,
20260910,LTL,pp,2,2,8,8,,,,,,,,,,,,,
20260816,SWE,cod,1,1,2,2,,,,,,,1,0,,,0,2,0
20260806,KOL,cod,15,15,16,24,,,,,,,,,,,,,
20260720,SLB,pp,,,2,2,,,,,,,,,,,,,
20260823,WXN,pp,,,3,3,,,,,,,1,0,,,0,1,0
20260827,WYG,pp,1,1,1,1,,,,,,,,,,,,,
20260721,ZBR,pp,2,2,3,3,,,,,,,,,,,0,1,0
20260820,ZBL,pp,1,1,1,1,,,,,,,,,,,,,
20260914,ZCB,pp,1,1,0,1,2,2,,,,,,,,,,,
20260624,BSS,cod,483,506,85,118,,,,,,,,,,,0,83,0
20260703,ESL,pp,3,3,3,3,,,,,,,,,,,0,1,0
20260629,SWY,cod,3,3,3,3,,,,,,,,,,,0,3,0
20260912,ZCQ,pp,2,2,1,1,,,,,,,,,,,,,
20260911,FGL,pp,,,1,1,,,,,,,,,,,,,
20260916,ZBL,pp,1,1,0,1,,,,,,,,,,,0,1,0
20260810,KOL,cod,24,25,27,42,10,10,,,,,5,0,,,,,
20260721,BUT,cod,2,2,2,2,,,,,,,,,,,,,
20260730,ZBR,pp,3,3,3,3,,,,,,,,,,,0,1,0
20260706,BAO,cod,5,5,2,2,,,,,,,,,,,,,
20260716,ZET,pp,,,4,4,,,,,,,,,,,,,
20260921,LTL,pp,1,1,0,24,,,,,,,,,,,,,
20260826,EPL,pp,1,1,1,1,1,1,,,,,,,,,0,1,0
20260811,KOL,pp,9,9,8,8,,,,,,,,,,,,,
20260709,ZEL,cod,20,20,20,20,,,,,,,,,,,,,
20260724,RST,pp,,,1,1,,,,,,,,,,,,,
20260912,ZEL,cod,8,8,6,6,,,,,,,,,,,,,
20260711,TYL,pp,2,2,2,2,,,,,,,,,,,,,
20260831,SLB,cod,1,1,1,1,,,,,,,,,,,,,
20260913,ZFB,pp,,,2,2,,,,,,,,,,,0,1,0
20260627,SLB,pp,1,1,1,1,,,,,,,,,,,,,
20260905,PBR,pp,,,1,1,,,,,,,,,,,,,
20260624,ZED,pp,1,1,1,1,,,,,,,,,,,,,
20260918,DBL,cod,1,1,0,1,,,,,,,,,,,,,
20260626,ZAC,cod,1,1,1,1,,,,,,,,,,,,,
20260811,SWL,cod,1,1,0,1,1,1,,,,,1,0,,,0,2,0
20260813,RLL,cod,,,1,1,,,,,,,,,,,,,
20260721,ZET,cod,,,1,1,,,,,,,,,,,,,
20260718,HLL,pp,,,191,193,,,,,,,,,,,,,
20260916,BGH,cod,2,2,1,1,1,1,,,,,,,,,,,
20260808,BNH,cod,,,39,39,,,,,,,1,0,,,,,
20260824,ZBR,pp,5,5,5,5,,,,,,,,,,,,,
20260812,PWL,cod,2,2,1,2,,,,,,,,,,,,,
20260814,ZGA,pp,,,1,1,,,,,,,,,,,,,
20260728,ZEX,pp,1,1,1,1,,,,,,,,,,,0,1,0
20260703,PBR,cod,4,4,2,4,,,,,,,1,0,,,,,
20260809,ZGA,pp,,,1,1,,,,,,,,,,,0,1,0
20260825,ZDC,pp,,,9,9,,,,,,,,,,,,,
20260725,ZAC,pp,2,2,4,4,,,,,,,1,0,,,0,1,0
20260813,COM,pp,7,7,5,7,,,,,,,,,,,,,
20260718,ZET,pp,1,1,2,2,,,,,,,,,,,,,
20260916,TYL,cod,,,2,2,,,,,,,,,,,0,3,0
20260626,ZAC,pp,2,2,2,2,,,,,,,1,0,,,,,
20260811,KOL,cod,30,31,17,24,,,,,,,9,0,,,,,
20260911,TUN,pp,14,14,11,11,,,,,,,,,,,,,
20260916,XIH,cod,1,1,3,3,,,,,,,1,0,,,0,1,0
20260705,ZET,cod,,,2,2,,,,,,,,,,,,,
20260810,SWY,cod,2,2,1,2,,,,,,,,,,,,,
20260911,EPL,cod,1,1,1,1,,,,,,,,,,,,,
20260918,ZEX,pp,,,0,1,,,,,,,,,,,,,
20260804,ZAE,pp,,,1,1,,,,,,,,,,,,,
20260902,ZDO,pp,,,1,1,,,,,,,,,,,0,1,0
20260703,ZEX,pp,0,1,1,1,1,1,,,,,,,,,,,
20260625,SWY,pp,2,2,1,2,,,,,,,,,,,,,
20260902,WXE,pp,4,4,4,4,,,,,,,2,0,,,,,
20260719,ZFB,pp,4,4,4,4,,,,,,,17,0,,,0,5,0
20260916,RSL,cod,2,2,2,2,,,,,,,1,0,,,0,1,0
20260725,PBR,pp,2,2,2,2,,,,,,,,,,,0,1,0
20260813,ZER,pp,1,1,1,1,,,,,,,,,,,0,1,0
20260710,ZER,pp,,,0,1,,,,,,,,,,,,,
20260917,ZGZ,pp,2,2,1,2,,,,,,,,,,,,,
20260702,WXN,pp,0,1,2,2,1,1,,,,,,,,,,,
20260825,ZAS,pp,2,2,1,1,,,,,,,,,,,,,
20260917,ZFB,pp,2,2,2,3,,,,,,,,,,,0,2,0
20260706,NAH,pp,2,2,2,2,,,,,,,2,0,,,0,2,0
20260824,GUD,pp,4,4,4,4,,,,,,,,,,,,,
20260624,BBO,cod,15,16,13,15,,,,,,,,,,,,,
20260702,SWY,pp,1,1,1,1,,,,,,,1,0,,,0,1,0
20260826,WXF,pp,,,1,1,,,,,,,,,,,,,
20260829,GUD,pp,2,2,1,1,,,,,,,,,,,0,1,0
20260813,ZFB,pp,3,3,3,3,,,,,,,,,,,0,1,0
20260626,RHH,pp,,,1,1,,,,,,,,,,,,,
20260919,LVP,cod,1,1,0,1,,,,,,,,,,,,,
20260909,LTL,pp,6,6,4,5,,,,,,,,,,,,,
20260714,EPL,pp,,,1,1,,,,,,,1,0,,,0,1,0
20260910,GRG,pp,1,1,2,2,,,,,,,,,,,,,
20260903,WYG,pp,4,4,5,5,,,,,,,,,,,,,
20260723,ZBL,pp,,,1,1,,,,,,,,,,,,,
20260627,ZER,pp,2,2,2,2,,,,,,,,,,,,,
20260704,WXN,pp,,,3,3,,,,,,,,,,,,,
20260805,ZBR,pp,1,1,1,1,,,,,,,,,,,,,
20260912,SWT,cod,5,5,1,1,,,,,,,2,0,,,0,10,0
20260711,ZEV,pp,,,0,1,,,,,,,,,,,,,
20260827,ZBR,pp,1,1,1,1,,,,,,,3,0,,,,,
20260624,JEE,pp,4,4,1,1,,,,,,,,,,,,,
20260703,ZAO,cod,1,1,1,1,,,,,,,,,,,0,1,0
20260810,SWY,pp,3,3,2,3,,,,,,,1,0,,,0,1,0
20260814,ZFF,pp,3,3,1,1,,,,,,,,,,,,,
20260718,WXE,pp,7,8,9,9,1,1,,,,,,,,,,,
20260918,SWY,pp,4,4,2,4,,,,,,,,,,,,,
20260817,SLB,cod,1,1,1,1,,,,,,,,,,,0,1,0
20260816,TYL,pp,0,1,1,1,,,,,,,1,0,,,0,6,0
20260727,GBL,pp,,,1,1,,,,,,,,,,,,,
20260801,LTL,pp,1,1,1,1,,,,,,,,,,,0,1,0
20260831,ZAO,cod,2,2,2,2,1,1,,,,,,,,,,,
20260624,ULT,pp,2,6,2,2,,,,,,,,,,,0,2,0
20260904,WXE,pp,,,1,1,,,,,,,,,,,,,
20260624,WZG,pp,2,2,2,2,,,,,,,,,,,,,
20260919,FGL,cod,1,1,0,2,,,,,,,,,,,,,
20260916,SLB,cod,1,2,1,1,2,2,,,,,1,0,,,,,
20260816,COM,pp,15,15,13,13,,,,,,,7,0,,,,,
20260709,HSD,pp,2,2,3,4,,,,,,,,,,,,,
20260808,WPV,cod,,,1,1,,,,,,,,,,,,,
20260624,SWY,cod,4,4,3,4,,,,,,,,,,,,,
20260902,KOL,pp,5,5,5,6,,,,,,,2,0,,,0,4,0
20260624,TUN,pp,4,4,1,1,,,,,,,,,,,,,
20260912,RSL,cod,1,1,1,1,,,,,,,,,,,,,
20260814,COM,pp,7,10,7,7,2,2,,,,,2,0,,,,,
20260910,WZA,pp,11,11,10,10,,,,,,,,,,,,,
20260817,COM,pp,21,21,10,10,,,,,,,7,0,,,0,2,0
20260624,SWT,pp,14,14,9,9,,,,,,,,,,,0,2,0
20260903,SWY,pp,1,1,1,1,,,,,,,1,0,,,,,
20260918,GUD,pp,2,2,2,2,,,,,,,,,,,,,
20260805,ZDC,pp,,,1,1,,,,,,,,,,,,,
20260824,CRL,pp,13,14,1,1,,,,,,,,,,,,,
20260729,ZFB,pp,6,6,5,5,,,,,,,1,0,,,0,1,0
20260725,EPL,pp,,,2,2,,,,,,,,,,,0,1,0
20260915,ZFY,cod,,,2,2,,,,,,,,,,,,,
20260827,SLB,cod,1,1,1,1,,,,,,,,,,,,,
20260826,SLB,pp,1,1,1,1,,,,,,,,,,,,,
20260818,ZDK,pp,1,1,1,1,,,,,,,,,,,,,
20260813,TYL,cod,1,1,1,1,1,1,,,,,1,0,,,,,
20260630,ZDZ,pp,,,1,1,,,,,,,,,,,,,
20260702,ESL,pp,6,6,6,6,,,,,,,,,,,0,2,0
20260729,ZEB,cod,,,3,3,,,,,,,,,,,,,
20260813,ZOH,pp,1,1,1,1,,,,,,,,,,,,,
20260818,SLB,cod,2,2,2,2,,,,,,,,,,,,,
20260624,LOS,pp,25,26,11,14,,,,,,,,,,,,,
20260707,BAO,cod,32,35,13,17,1,1,,,,,,,,,,,
20260806,AMA,cod,8,8,7,8,,,,,,,,,,,0,1,0
20260730,WYG,pp,1,1,1,1,,,,,,,,,,,,,
20260821,EPL,cod,,,1,1,,,,,,,,,,,,,
20260812,TYL,cod,1,1,2,2,,,,,,,,,,,,,
20260711,SLB,pp,1,1,1,1,,,,,,,,,,,,,
20260701,SWL,cod,0,1,1,1,,,,,,,,,,,0,1,0
20260710,ZEV,pp,44,44,44,44,,,,,,,,,,,,,
20260812,WXE,cod,1,1,1,1,,,,,,,,,,,,,
20260910,WXL,pp,,,1,1,,,,,,,,,,,,,
20260711,WZI,pp,9,12,10,10,3,3,,,,,1,0,,,0,3,0
20260826,ZDO,pp,1,1,2,2,,,,,,,,,,,,,
20260909,WZA,pp,6,6,6,6,,,,,,,,,,,,,
20260903,ZFB,pp,,,5,5,,,,,,,,,,,0,2,0
20260624,KPI,cod,5,5,3,5,,,,,,,,,,,0,5,0
20260826,ZED,pp,,,1,1,,,,,,,,,,,0,2,0
20260817,GRG,pp,2,2,2,2,,,,,,,1,0,,,,,
20260819,ZEX,cod,,,1,1,,,,,,,,,,,,,
20260625,ZEB,pp,,,1,1,,,,,,,2,0,,,,,
20260725,SWY,cod,1,1,0,1,,,,,,,,,,,,,
20260711,WPV,pp,2,2,2,2,1,1,,,,,,,,,0,2,0
20260829,ZAO,cod,1,1,1,1,,,,,,,,,,,,,
20260826,ZAS,pp,,,1,1,,,,,,,,,,,,,
20260817,ZAO,cod,2,2,2,2,,,,,,,,,,,0,1,0
20260720,ZAS,pp,1,1,1,1,,,,,,,1,0,,,,,
20260703,RST,pp,1,1,1,1,,,,,,,1,0,,,,,
20260901,LVP,cod,2,2,5,5,,,,,,,1,0,,,,,
20260919,SWT,cod,7,7,3,9,,,,,,,,,,,0,3,0
20260624,WPV,pp,6,6,5,5,,,,,,,,,,,,,
20260902,ZAS,pp,,,1,1,,,,,,,,,,,,,
20260915,WXE,pp,,,2,2,,,,,,,1,0,,,,,
20260808,ZED,pp,3,3,2,2,,,,,,,,,,,,,
20260920,CUH,cod,2,2,0,2,,,,,,,1,0,,,,,
20260916,PWL,pp,,,0,1,,,,,,,,,,,,,
20260810,KOL,pp,10,11,5,6,,,,,,,,,,,,,
20260919,ZCS,pp,,,0,2,,,,,,,,,,,,,
20260715,TYL,pp,,,2,2,,,,,,,,,,,,,
20260626,LHG,pp,1,2,1,1,1,1,,,,,,,,,,,
20260713,WYG,pp,,,1,1,,,,,,,,,,,,,
20260725,ZFB,pp,1,1,1,1,,,,,,,,,,,0,4,0
20260718,ZDC,pp,2,2,5,5,,,,,,,,,,,,,
20260811,PWL,cod,,,1,1,,,,,,,,,,,,,
20260822,TYL,cod,5,5,2,2,,,,,,,,,,,0,1,0
20260905,ZBL,pp,,,1,1,,,,,,,,,,,,,
20260721,WXE,pp,3,3,2,3,,,,,,,1,0,,,,,
20260907,CRL,pp,7,10,5,5,3,3,,,,,,,,,0,1,0
20260728,ZGA,pp,,,1,1,,,,,,,,,,,,,
20260703,ZAO,pp,5,5,5,5,,,,,,,,,,,0,1,0
20260725,WZO,pp,2,2,4,4,,,,,,,,,,,0,4,0
20260810,SLB,pp,1,2,1,1,1,1,,,,,,,,,,,
20260723,ZEX,pp,,,3,3,,,,,,,,,,,,,
20260730,EPL,pp,3,3,2,2,,,,,,,,,,,0,1,0
20260709,NAH,pp,1,1,3,3,,,,,,,2,0,,,0,1,0
20260624,NEX,cod,14,22,4,4,,,,,,,,,,,,,
20260918,WXE,cod,1,1,0,1,,,,,,,,,,,,,
20260920,WXN,pp,,,0,1,,,,,,,,,,,,,
20260919,BHO,pp,,,0,1,,,,,,,,,,,,,
20260804,ZED,pp,1,1,1,1,,,,,,,,,,,,,
20260919,CRL,pp,,,0,2,,,,,,,,,,,0,1,0
20260817,CRO,pp,1,5,1,1,,,,,,,,,,,,,
20260812,BNH,cod,1,1,1,1,,,,,,,,,,,,,
20260909,LOW,pp,,,4,4,,,,,,,,,,,,,
20260811,ZAI,pp,,,2,2,,,,,,,,,,,,,
20260808,ZAS,pp,,,1,1,,,,,,,,,,,,,
20260921,ZED,pp,,,0,2,1,1,,,,,,,,,,,
20260921,SLB,cod,,,0,1,,,,,,,1,0,,,,,
20260711,ZAC,pp,,,1,1,,,,,,,,,,,,,
20260904,EPL,pp,1,1,2,2,,,,,,,1,0,,,0,1,0
20260828,INM,cod,57,57,65,69,,,,,,,1,0,,,,,
20260917,FGL,pp,,,0,1,,,,,,,,,,,,,
20260813,WXE,pp,4,4,4,4,,,,,,,1,0,,,,,
20260724,ZAO,cod,2,2,2,2,,,,,,,,,,,0,1,0
20260806,ZAS,pp,,,2,2,,,,,,,,,,,,,
20260730,BGH,cod,1,1,0,1,,,,,,,,,,,,,
20260702,TYL,cod,,,2,2,,,,,,,,,,,,,
20260818,XIH,cod,,,0,1,,,,,,,,,,,0,3,0
20260907,WZA,pp,8,8,3,3,,,,,,,,,,,,,
20260805,ZED,pp,1,1,1,1,,,,,,,,,,,,,
20260901,BUT,pp,,,1,1,,,,,,,,,,,,,
20260624,WZO,pp,7,7,1,1,,,,,,,,,,,,,
20260919,ZGZ,pp,2,2,0,2,,,,,,,,,,,,,
20260825,WXE,pp,1,1,1,1,,,,,,,2,0,,,,,
20260624,TEL,cod,13,15,8,10,,,,,,,,,,,,,
20260710,EVR,pp,,,1,1,,,,,,,,,,,,,
20260905,JAI,pp,,,0,1,,,,,,,,,,,,,
20260719,COM,pp,1,2,1,1,,,,,,,,,,,,,
20260911,BNH,cod,10,10,20,20,,,,,,,,,,,,,
20260905,EPL,cod,1,1,0,1,,,,,,,,,,,,,
20260917,ZET,pp,2,2,0,2,,,,,,,,,,,,,
20260910,PWL,cod,,,1,1,,,,,,,,,,,,,
20260807,ZFF,pp,1,1,1,1,,,,,,,,,,,,,
20260914,WXE,pp,3,3,1,1,,,,,,,,,,,0,3,0
20260805,ZAE,pp,1,1,1,1,,,,,,,,,,,,,
20260826,ZGA,pp,,,1,1,,,,,,,,,,,0,1,0
20260624,DLH,pp,4,4,1,1,,,,,,,,,,,,,
20260716,ZBR,pp,,,1,1,,,,,,,,,,,,,
20260916,FGL,cod,2,2,3,3,,,,,,,,,,,,,
20260819,IBH,cod,3,4,3,3,,,,,,,,,,,0,1,0
20260716,ZEX,pp,,,1,1,,,,,,,,,,,,,
20260903,ZGA,pp,,,1,1,,,,,,,,,,,,,
20260727,EPL,pp,1,1,1,1,,,,,,,1,0,,,,,
20260913,EML,cod,1,1,1,2,,,,,,,,,,,,,
20260819,ZBL,pp,2,2,3,3,,,,,,,,,,,,,
20260710,BHO,cod,,,2,2,,,,,,,,,,,,,
20260712,SLB,pp,1,1,1,1,,,,,,,,,,,,,
20260811,ZFY,pp,,,1,1,,,,,,,,,,,,,
20260908,TYL,pp,7,7,7,7,,,,,,,,,,,0,2,0
20260624,IBH,pp,4,5,3,3,,,,,,,,,,,,,
20260815,ZDC,pp,,,6,6,,,,,,,3,0,,,,,
20260826,LKH,pp,31,33,31,31,,,,,,,,,,,,,
20260825,CRL,pp,2,4,12,12,2,2,,,,,,,,,,,
20260808,WXE,pp,4,5,4,4,1,1,,,,,,,,,,,
20260730,EPL,cod,1,1,1,1,,,,,,,,,,,,,
20260808,SWE,cod,7,7,3,7,,,,,,,2,0,,,0,4,0
20260823,ZEX,pp,1,1,1,1,,,,,,,,,,,,,
20260723,TWW,pp,,,1,1,,,,,,,,,,,,,
20260805,KOL,cod,31,34,15,24,,,,,,,,,,,,,
20260915,PBR,pp,,,3,3,,,,,,,,,,,,,
20260902,EPL,cod,1,1,1,1,,,,,,,,,,,,,
20260710,ZEN,pp,,,1,1,,,,,,,,,,,0,1,0
20260911,WYG,pp,2,2,2,2,,,,,,,2,0,,,,,
20260829,ZDO,pp,2,2,1,1,,,,,,,,,,,,,
20260824,TYL,cod,,,4,4,,,,,,,,,,,0,1,0
20260905,TYL,cod,1,1,2,2,,,,,,,,,,,,,
20260812,ZAE,pp,1,1,1,1,,,,,,,,,,,,,
20260917,ZHB,pp,1,3,1,1,1,1,,,,,,,,,,,
20260914,ZAS,pp,2,2,1,1,,,,,,,,,,,,,
20260816,PWL,cod,2,2,0,1,,,,,,,,,,,,,
20260824,GRG,pp,1,1,1,1,,,,,,,,,,,0,1,0
20260722,WZA,cod,1,1,1,1,,,,,,,,,,,,,
20260624,RHY,pp,16,17,8,8,,,,,,,,,,,,,
20260730,WZA,cod,2,2,2,2,,,,,,,,,,,,,
20260808,ZBR,pp,,,1,1,,,,,,,,,,,,,
20260811,BGH,cod,2,2,2,2,,,,,,,3,0,,,,,
20260816,SLB,pp,1,1,1,1,,,,,,,,,,,,,
20260813,ZEB,pp,9,9,5,5,,,,,,,1,0,,,,,
20260912,GRG,pp,1,1,1,1,,,,,,,,,,,,,
20260826,TYL,pp,3,3,1,1,1,1,,,,,,,,,0,6,0
20260731,SWY,cod,2,2,2,3,,,,,,,,,,,,,
20260624,VSL,pp,3,3,3,3,,,,,,,,,,,,,
20260627,BGH,cod,3,3,2,2,,,,,,,,,,,,,
20260919,ZET,pp,1,1,0,1,,,,,,,1,0,,,,,
20260629,XIH,cod,2,2,2,4,,,,,,,,,,,,,
20260730,PBR,pp,2,2,1,1,,,,,,,,,,,,,
20260714,ZEB,pp,,,1,1,,,,,,,,,,,,,
20260821,SLB,cod,1,1,1,1,,,,,,,,,,,0,1,0
20260624,NEX,pp,68,84,64,66,,,,,,,,,,,,,
20260811,ZAO,cod,1,1,1,2,,,,,,,1,0,,,0,2,0
20260713,WZG,pp,1,1,1,1,,,,,,,,,,,,,
20260904,BNH,cod,,,1,1,,,,,,,,,,,,,
20260903,BUT,cod,1,1,3,3,,,,,,,,,,,,,
20260624,ZFB,pp,2,2,2,2,,,,,,,,,,,,,
20260624,BBO,pp,11,11,11,11,,,,,,,,,,,0,1,0
20260624,MRR,pp,6,6,6,6,,,,,,,,,,,,,
20260713,LTL,pp,13,13,11,11,,,,,,,,,,,0,3,0
20260819,WZO,pp,,,1,1,,,,,,,,,,,,,
20260729,ZAO,cod,4,4,7,7,,,,,,,,,,,,,
20260803,ZAC,cod,3,3,3,3,,,,,,,,,,,,,
20260911,TYL,cod,3,3,2,6,,,,,,,5,0,,,,,
20260918,ZGA,pp,,,0,1,,,,,,,,,,,,,
20260903,ZEL,cod,8,8,11,11,,,,,,,11,0,,,0,1,0
20260806,BNH,cod,60,60,107,107,,,,,,,,,,,,,
20260818,WZA,cod,3,3,3,3,,,,,,,,,,,0,1,0
20260817,WZC,pp,1,1,1,1,,,,,,,,,,,,,
20260723,RLL,cod,4,4,3,5,,,,,,,,,,,,,
20260724,ZAO,pp,5,5,10,10,,,,,,,1,0,,,0,2,0
20260624,ZAC,pp,2,2,2,2,,,,,,,,,,,,,
20260624,ZAS,pp,3,3,1,1,,,,,,,,,,,0,3,0
20260916,SXL,pp,,,1,1,,,,,,,,,,,,,
20260820,TUN,pp,9,9,14,14,,,,,,,3,0,,,0,1,0
20260724,LTL,pp,1,1,1,1,,,,,,,,,,,0,1,0
20260908,ZED,pp,2,2,2,2,,,,,,,,,,,,,
20260831,WYG,cod,,,1,1,,,,,,,,,,,,,
20260911,ZED,pp,3,3,3,3,,,,,,,,,,,,,
20260917,SXL,pp,1,1,0,1,,,,,,,,,,,,,
20260708,RST,pp,1,3,1,1,,,,,,,,,,,0,1,0
20260825,SLB,pp,1,1,1,1,,,,,,,,,,,,,
20260718,WZA,pp,17,18,13,13,2,2,,,,,1,0,,,0,3,0
20260805,ZER,pp,2,2,2,2,,,,,,,,,,,,,
20260624,NKD,pp,16,17,8,8,,,,,,,,,,,,,
20260905,SWY,cod,2,2,1,2,,,,,,,,,,,,,
20260919,ZDO,pp,,,0,3,,,,,,,,,,,,,
20260909,RSL,cod,,,2,2,,,,,,,,,,,,,
20260921,ZAE,pp,,,0,5,,,,,,,,,,,,,
20260822,NAH,pp,0,1,1,2,,,,,,,,,,,0,1,0
20260914,ZAC,cod,5,5,3,3,,,,,,,,,,,0,2,0
20260919,BGH,cod,2,2,1,3,,,,,,,,,,,,,
20260628,BGH,cod,1,1,1,1,,,,,,,3,0,,,,,
20260823,LVP,pp,4,4,3,4,,,,,,,,,,,,,
20260824,SWE,cod,2,2,2,2,0,1,,,,,1,0,,,0,2,0
20260710,BGH,cod,2,2,2,2,,,,,,,,,,,,,
20260826,EZS,pp,,,2,2,,,,,,,,,,,,,
20260826,ARL,pp,1,1,1,1,,,,,,,,,,,,,
20260904,GUD,pp,1,1,1,1,,,,,,,,,,,,,
20260725,WZG,pp,1,1,1,1,,,,,,,,,,,,,
20260910,BNH,cod,48,48,38,38,1,1,,,,,,,,,,,
20260812,SWY,pp,1,1,1,1,,,,,,,,,,,0,2,0
20260915,CRL,pp,1,1,1,1,,,,,,,1,0,,,,,
20260819,SWY,cod,1,1,1,1,,,,,,,,,,,0,2,0
20260711,ZED,pp,2,2,2,2,,,,,,,,,,,,,
20260815,TYL,cod,,,1,1,,,,,,,,,,,0,1,0
20260805,LVP,cod,4,4,4,4,,,,,,,,,,,0,1,0
20260703,CFP,pp,7,7,7,7,,,,,,,,,,,0,2,0
20260818,ZEB,cod,3,3,3,3,,,,,,,,,,,,,
20260709,SWY,pp,1,1,1,1,,,,,,,,,,,,,
20260826,GRG,pp,1,1,1,1,,,,,,,,,,,,,
20260813,ZGA,pp,1,1,1,1,,,,,,,,,,,,,
20260910,WXN,pp,1,1,1,1,,,,,,,,,,,,,
20260721,ZER,pp,1,1,1,1,0,1,,,,,,,,,,,
20260810,LTL,pp,7,7,8,8,,,,,,,,,,,,,
20260821,ZAO,cod,1,1,1,1,,,,,,,1,0,,,0,1,0
20260818,RLL,cod,8,8,1,1,,,,,,,,,,,,,
20260810,TYL,pp,,,1,1,1,1,,,,,,,,,0,2,0
20260712,NAH,pp,1,1,1,1,,,,,,,,,,,,,
20260908,BHO,pp,1,1,2,2,,,,,,,,,,,,,
20260707,SLB,cod,2,2,2,2,,,,,,,,,,,,,
20260903,LVP,cod,1,1,1,1,,,,,,,,,,,1,1,1
20260715,WXE,pp,,,3,3,,,,,,,,,,,,,
20260916,SLB,pp,1,1,1,1,,,,,,,,,,,,,
20260902,ALW,cod,49,59,41,44,6,6,,,,,,,,,,,
20260708,BHO,pp,1,1,1,1,,,,,,,,,,,,,
20260817,SWY,pp,2,2,1,1,,,,,,,,,,,0,1,0
20260805,ZFF,pp,,,2,2,,,,,,,,,,,,,
20260816,WYG,pp,,,1,1,,,,,,,1,0,,,0,1,0
20260808,ZAC,pp,2,2,3,3,,,,,,,,,,,0,1,0
20260629,ZAC,cod,1,1,1,1,,,,,,,,,,,,,
20260709,ZBL,pp,,,1,1,,,,,,,1,0,,,,,
20260910,XIH,cod,3,4,1,1,0,1,,,,,,,,,,,
20260726,ZGA,pp,,,2,2,,,,,,,,,,,,,
20260724,NAH,pp,5,5,3,3,,,,,,,,,,,0,2,0
20260710,BHO,pp,1,1,3,3,,,,,,,,,,,,,
20260709,PBR,pp,,,1,1,,,,,,,,,,,,,
20260921,ZER,pp,1,1,0,1,,,,,,,,,,,,,
20260824,ARL,pp,1,1,1,1,,,,,,,,,,,0,1,0
20260915,SLB,pp,,,2,2,,,,,,,,,,,0,1,0
20260907,SXL,pp,1,1,1,1,,,,,,,,,,,,,
20260808,PBR,pp,,,1,1,,,,,,,,,,,,,
20260813,WZO,pp,1,1,1,1,,,,,,,,,,,0,2,0
20260903,ALW,cod,72,83,39,44,4,4,,,,,1,0,,,,,
20260902,ALW,pp,33,35,30,31,1,1,,,,,,,,,,,
20260814,PBR,pp,1,1,1,1,,,,,,,2,0,,,,,
20260825,SAC,pp,46,47,32,32,,,,,,,,,,,,,
20260812,CRL,pp,2,2,1,1,,,,,,,,,,,,,
20260624,WZA,pp,4,4,3,4,,,,,,,,,,,,,
20260711,WZA,cod,2,2,2,2,,,,,,,,,,,,,
20260910,ZGA,pp,,,1,1,,,,,,,,,,,,,
20260808,BGH,cod,4,4,1,1,,,,,,,,,,,,,
20260704,BBO,pp,15,15,16,16,,,,,,,,,,,0,7,0
20260903,ZED,pp,,,1,1,,,,,,,,,,,0,1,0
20260731,RSL,cod,2,2,3,8,1,3,,,,,1,0,,,0,2,0
20260812,ZFF,pp,,,3,3,,,,,,,,,,,,,
20260901,ZEB,pp,1,1,3,3,,,,,,,,,,,,,
20260815,ZAO,cod,1,1,1,1,,,,,,,,,,,0,1,0
20260818,PEP,pp,,,1,1,4,4,,,,,,,,,,,
20260806,ZED,cod,1,1,1,1,,,,,,,,,,,,,
20260624,ZDO,pp,1,1,1,1,,,,,,,,,,,,,
20260920,ZGA,pp,,,0,1,,,,,,,,,,,,,
20260811,ZAC,cod,,,1,1,,,,,,,,,,,0,2,0
20260704,ZEG,pp,,,9,9,,,,,,,,,,,,,
20260624,GUD,pp,4,4,1,1,,,,,,,,,,,,,
20260721,ARL,pp,8,8,8,8,,,,,,,1,0,,,,,
20260827,EML,cod,4,4,6,8,,,,,,,,,,,0,3,0
20260912,ZAS,pp,1,1,1,1,,,,,,,,,,,0,1,0
20260807,ZDO,pp,2,2,1,1,,,,,,,,,,,,,
20260624,KIC,pp,12,12,5,5,,,,,,,,,,,0,6,0
20260826,CRL,pp,,,2,2,,,,,,,,,,,,,
20260903,NGA,cod,2,2,1,2,,,,,,,,,,,,,
20260911,KOL,pp,,,2,2,,,,,,,2,0,,,0,5,0
20260708,BAO,cod,18,18,21,25,,,,,,,,,,,,,
20260806,WZO,pp,4,4,3,3,1,1,,,,,1,0,,,0,2,0
20260624,SDH,pp,7,7,5,6,,,,,,,,,,,0,2,0
20260702,ZER,pp,2,2,2,2,,,,,,,,,,,0,2,0
20260627,ZBL,pp,,,2,2,,,,,,,,,,,,,
20260715,ZFW,pp,1,1,1,1,,,,,,,,,,,,,
20260802,ZDC,pp,,,1,1,,,,,,,,,,,,,
20260903,ZAO,cod,2,2,2,2,,,,,,,1,0,,,,,
20260826,SWY,cod,1,1,0,1,,,,,,,,,,,,,
20260626,NAH,pp,3,3,3,3,1,1,,,,,1,0,,,,,
20260825,ZAE,pp,1,1,1,1,,,,,,,,,,,,,
20260817,PWL,cod,,,1,1,,,,,,,1,0,,,,,
20260921,GRG,pp,,,0,2,,,,,,,,,,,,,
20260630,SWY,cod,1,1,1,1,,,,,,,,,,,,,
20260704,WZG,pp,1,1,1,1,,,,,,,,,,,,,
20260806,ZAC,cod,,,1,1,,,,,,,,,,,,,
20260918,BGH,cod,2,3,1,3,,,,,,,,,,,,,
20260912,BNH,cod,30,30,30,30,,,,,,,,,,,0,15,0
20260806,RHH,pp,3,4,3,3,,,,,,,,,,,,,
20260624,ZCB,pp,5,5,5,5,,,,,,,,,,,0,1,0
20260719,WXL,pp,,,1,1,,,,,,,,,,,,,
20260904,BUT,cod,1,1,0,2,,,,,,,,,,,,,
20260819,ZAC,cod,1,1,1,1,,,,,,,,,,,,,
20260630,ZET,pp,,,1,2,,,,,,,,,,,0,2,0
20260828,BUT,pp,,,1,1,,,,,,,,,,,,,
20260726,TYL,pp,,,2,2,,,,,,,,,,,,,
20260908,NGA,cod,,,0,1,,,,,,,1,0,,,,,
20260902,WYG,pp,2,2,1,1,,,,,,,,,,,,,
20260721,WXE,cod,1,1,1,1,,,,,,,,,,,,,
20260718,PBR,pp,2,2,2,2,,,,,,,,,,,,,
20260629,AMA,cod,3,3,3,3,,,,,,,,,,,,,
20260714,ZED,cod,1,1,1,1,,,,,,,,,,,,,
20260722,ZAC,cod,,,1,1,,,,,,,,,,,,,
20260909,AMA,cod,3,3,3,3,,,,,,,,,,,0,5,0
20260701,ZAA,pp,,,6,6,,,,,,,,,,,0,1,0
20260910,ZAC,pp,1,1,3,3,,,,,,,,,,,,,
20260711,WZC,pp,,,1,1,,,,,,,,,,,,,
20260907,GRG,pp,1,1,1,1,,,,,,,1,0,,,,,
20260805,WXN,pp,1,1,4,4,,,,,,,,,,,,,
20260919,SWE,cod,2,3,0,2,,,,,,,1,0,,,1,4,1
20260903,WZA,cod,2,2,1,1,,,,,,,,,,,0,1,0
20260624,EMH,cod,95,95,80,95,,,,,,,,,,,0,29,0
20260730,ZET,pp,2,2,2,2,,,,,,,,,,,,,
20260624,MSR,pp,74,91,27,27,,,,,,,,,,,0,9,0
20260624,SLB,cod,2,2,2,2,,,,,,,,,,,,,
20260714,PBR,pp,,,0,1,,,,,,,,,,,0,1,0
20260831,XIH,cod,0,1,1,1,,,,,,,,,,,0,1,0
20260905,WZA,cod,,,1,1,,,,,,,1,0,,,,,
20260806,WZG,pp,5,5,5,5,,,,,,,,,,,,,
20260716,ZDZ,pp,,,2,2,,,,,,,,,,,,,
20260723,ZED,pp,2,2,2,2,,,,,,,,,,,,,
20260731,SLB,cod,1,1,1,1,,,,,,,1,0,,,0,1,0
20260805,RHH,pp,1,2,2,2,,,,,,,,,,,0,2,0
20260827,INM,cod,70,74,49,55,4,4,,,,,,,,,,,
20260709,AMA,pp,20,20,20,20,,,,,,,2,0,,,,,
20260808,ZDO,pp,,,1,1,,,,,,,,,,,,,
20260727,CFP,pp,8,14,8,8,6,6,,,,,,,,,0,3,0
20260918,ZEB,pp,2,2,1,2,,,,,,,,,,,,,
20260730,SLB,pp,1,1,1,1,,,,,,,,,,,,,
20260716,ZBL,pp,1,1,1,1,,,,,,,,,,,,,
20260624,AMA,pp,7,7,7,7,,,,,,,,,,,,,
20260901,SWL,cod,4,4,0,1,,,,,,,1,0,,,0,2,0
20260708,ROI,pp,,,6,6,,,,,,,27,0,,,,,
20260918,ZDO,pp,3,3,1,3,,,,,,,,,,,,,
20260722,ZFW,pp,,,1,1,,,,,,,,,,,,,
20260625,ZAO,cod,,,2,2,,,,,,,,,,,,,
20260725,ATI,pp,,,1,1,,,,,,,,,,,,,
20260919,ZAI,pp,0,1,0,1,,,,,,,,,,,,,
20260831,ZET,pp,1,1,3,3,,,,,,,2,0,,,,,
20260624,IGS,pp,28,44,25,25,,,,,,,,,,,0,37,0
20260728,BGH,cod,4,4,4,4,,,,,,,,,,,,,
20260908,ZAO,cod,3,3,3,3,,,,,,,2,0,,,0,1,0
20260826,ZEK,pp,,,1,1,,,,,,,,,,,,,
20260807,BGH,cod,1,1,1,1,,,,,,,,,,,0,1,0
20260729,SLB,cod,,,0,1,,,,,,,1,0,,,,,
20260904,BGH,cod,,,2,2,,,,,,,1,0,,,0,2,0
20260914,NGA,cod,1,1,2,2,,,,,,,,,,,,,
20260813,ZAC,cod,1,1,1,1,,,,,,,,,,,,,
20260811,XIH,cod,1,1,2,2,,,,,,,,,,,0,1,0
20260901,ZFL,pp,,,1,1,,,,,,,,,,,,,
20260707,BAO,pp,7,7,5,6,,,,,,,,,,,,,
20260901,WZA,cod,,,2,2,,,,,,,1,0,,,0,2,0
20260703,ZCS,pp,1,1,1,1,,,,,,,,,,,,,
20260717,ZET,cod,1,1,1,1,,,,,,,,,,,,,
20260818,WXN,pp,,,1,1,,,,,,,,,,,,,
20260822,ZFY,cod,,,1,1,,,,,,,,,,,,,
20260721,ZBL,pp,1,1,1,1,,,,,,,,,,,,,
20260801,ZCS,pp,,,1,1,,,,,,,1,0,,,,,
20260731,SWY,pp,2,2,2,2,,,,,,,,,,,0,1,0
20260730,RST,pp,,,0,1,,,,,,,,,,,,,
20260729,RLL,cod,3,3,4,5,,,,,,,,,,,0,3,0
20260718,PBR,cod,1,1,2,2,1,1,,,,,,,,,0,4,0
20260817,AMA,cod,8,8,7,7,,,,,,,2,0,,,0,2,0
20260919,ZFB,pp,5,5,0,5,,,,,,,,,,,,,
20260704,SWY,pp,1,1,1,1,,,,,,,,,,,,,
20260818,ZEX,pp,,,1,1,,,,,,,,,,,,,
20260803,LTL,pp,5,5,5,5,,,,,,,,,,,0,1,0
20260806,SXL,pp,8,8,8,8,,,,,,,,,,,,,
20260717,CFP,pp,,,7,7,,,,,,,3,0,,,,,
20260813,PWL,pp,3,3,3,4,,,,,,,2,0,,,,,
20260920,SWL,cod,,,1,1,,,,,,,2,0,,,0,1,0
20260821,WZG,pp,1,1,1,1,,,,,,,,,,,,,
20260625,ZAC,cod,1,1,1,1,,,,,,,,,,,,,
20260827,TYL,pp,,,1,1,,,,,,,,,,,,,
20260902,EPL,pp,1,1,1,1,,,,,,,1,0,,,,,
20260910,WXE,pp,3,3,2,3,,,,,,,,,,,,,
20260916,ZCB,pp,1,1,0,1,,,,,,,,,,,,,
20260629,ZAC,pp,3,3,1,1,,,,,,,1,0,,,0,1,0
20260812,NAH,pp,3,3,2,3,1,1,,,,,2,0,,,0,1,0
20260908,WZA,pp,11,11,13,13,,,,,,,,,,,,,
20260702,SWY,cod,2,2,2,2,,,,,,,,,,,,,
20260710,ZDO,pp,8,8,7,7,1,1,,,,,,,,,0,1,0
20260803,TYL,pp,1,2,3,3,,,,,,,,,,,,,
20260911,ZAS,pp,1,1,3,3,,,,,,,,,,,,,
20260723,PBR,pp,1,1,1,1,,,,,,,,,,,0,1,0
20260627,ZEX,pp,,,1,1,,,,,,,,,,,,,
20260704,ZBL,pp,,,1,1,,,,,,,,,,,,,
20260729,SWL,cod,2,3,4,5,2,3,,,,,1,0,,,0,3,0
20260725,CRO,pp,5,15,5,5,,,,,,,,,,,,,
20260906,LVP,pp,2,2,2,2,,,,,,,2,0,,,0,7,0
20260702,LOS,cod,,,1,1,,,,,,,,,,,,,
20260826,AFL,cod,1,1,0,1,,,,,,,,,,,,,
20260822,ZDO,pp,1,1,1,1,,,,,,,,,,,,,
20260829,ZAS,pp,1,1,1,1,,,,,,,,,,,,,
20260727,SWY,pp,1,1,1,1,,,,,,,,,,,,,
20260913,ZED,pp,1,1,2,2,,,,,,,,,,,,,
20260815,WZA,cod,,,1,1,,,,,,,,,,,0,1,0
20260921,ZBR,pp,0,1,0,1,,,,,,,,,,,0,1,0
20260627,ZAO,cod,2,2,2,2,,,,,,,,,,,,,
20260625,WZA,cod,,,3,3,,,,,,,,,,,,,
20260719,SWY,cod,2,2,2,2,,,,,,,,,,,,,
20260807,ZAI,pp,1,1,1,1,,,,,,,,,,,,,
20260702,WZA,pp,1,2,1,1,1,1,,,,,,,,,,,
20260916,SWY,pp,3,3,4,4,,,,,,,,,,,0,1,0
20260717,WPV,pp,6,7,6,6,,,,,,,,,,,0,1,0
20260917,ZER,pp,1,1,0,1,,,,,,,,,,,,,
20260904,SLB,cod,2,2,2,2,,,,,,,,,,,0,1,0
20260824,ZET,pp,,,1,1,,,,,,,,,,,,,
20260819,RLL,cod,7,7,4,7,,,,,,,,,,,,,
20260904,ZEK,pp,1,1,1,1,,,,,,,,,,,0,2,0
20260624,LUA,cod,28,28,16,17,,,,,,,,,,,0,3,0
20260624,LVP,pp,8,8,8,8,,,,,,,,,,,0,1,0
20260902,ZAO,cod,3,3,3,3,,,,,,,,,,,,,
20260726,ZDC,pp,,,1,1,,,,,,,,,,,0,7,0
20260903,XIH,cod,,,1,2,,,,,,,,,,,0,1,0
20260809,NAH,pp,1,1,1,1,,,,,,,1,0,,,0,2,0
20260814,ZFW,pp,,,1,1,,,,,,,,,,,,,
20260902,ZEB,pp,,,1,1,,,,,,,,,,,,,
20260706,ZFB,pp,1,1,1,1,,,,,,,,,,,0,21,0
20260729,ZEB,pp,1,1,1,1,,,,,,,,,,,,,
20260801,ZFB,pp,2,2,2,2,,,,,,,,,,,0,1,0
20260709,WZA,cod,2,2,2,2,,,,,,,,,,,,,
20260801,ARL,pp,,,8,8,,,,,,,,,,,0,3,0
20260911,SLB,pp,1,1,1,1,,,,,,,,,,,,,
20260723,LGL,pp,55,57,39,42,1,1,,,,,42,0,,,,,
20260712,TYL,cod,1,1,1,1,,,,,,,,,,,,,
20260831,SWY,pp,3,4,3,3,1,1,,,,,,,,,0,1,0
20260806,BNH,pp,,,1,1,30,30,,,,,,,,,,,
20260830,CUH,cod,2,2,1,2,,,,,,,,,,,0,1,0
20260630,ZDO,pp,,,2,2,,,,,,,,,,,,,
20260911,SWY,cod,1,1,1,1,,,,,,,,,,,,,
20260814,FGL,pp,1,1,1,1,,,,,,,,,,,,,
20260625,ZFB,pp,2,2,2,2,,,,,,,,,,,,,
20260730,SWY,pp,2,2,2,2,,,,,,,,,,,,,
20260715,RLL,cod,1,2,1,2,1,1,,,,,,,,,,,
20260812,ZAC,cod,1,1,1,1,,,,,,,,,,,0,1,0
20260727,ZEB,cod,,,3,3,,,,,,,,,,,,,
20260910,TUN,pp,,,4,4,,,,,,,,,,,,,
20260814,ZED,pp,3,3,3,3,,,,,,,1,0,,,0,1,0
20260819,WYG,pp,,,1,1,,,,,,,,,,,0,1,0
20260918,WZA,cod,,,0,1,,,,,,,,,,,,,
20260727,ZEV,pp,2,2,2,2,,,,,,,,,,,,,
20260827,AMA,cod,1,1,1,1,,,,,,,2,0,,,0,3,0
20260829,EPL,cod,1,1,1,1,,,,,,,,,,,,,
20260707,ZEL,cod,3,3,3,3,,,,,,,,,,,,,
20260708,CRO,pp,0,4,2,2,,,,,,,,,,,,,
20260627,GBL,pp,,,3,3,,,,,,,,,,,,,
20260819,EPL,pp,0,1,2,2,,,,,,,,,,,0,1,0
20260627,XIH,cod,,,2,2,1,1,,,,,,,,,0,2,0
20260715,ZAC,pp,2,2,2,2,,,,,,,,,,,,,
20260630,AMA,cod,7,7,7,7,,,,,,,,,,,,,
20260827,FGL,cod,2,2,2,2,1,1,,,,,,,,,,,
20260708,ZEL,cod,10,11,4,4,1,1,,,,,,,,,,,
20260806,ZCQ,pp,,,1,1,,,,,,,,,,,,,
20260725,SLB,cod,,,1,1,,,,,,,,,,,,,
20260911,WZA,pp,7,7,8,9,,,,,,,1,0,,,0,3,0
20260822,RLL,cod,2,2,7,10,1,1,,,,,,,,,,,
20260629,WYG,pp,2,2,2,2,,,,,,,,,,,,,
20260914,EPL,pp,2,2,2,2,,,,,,,,,,,,,
20260711,WZO,pp,4,4,3,3,,,,,,,1,0,,,0,4,0
20260819,ZAO,cod,1,1,1,1,,,,,,,1,0,,,0,1,0
20260811,ZED,pp,,,2,2,,,,,,,,,,,0,1,0
20260710,NCR,pp,1,1,5,5,,,,,,,,,,,,,
20260701,TYL,cod,2,2,1,1,,,,,,,,,,,,,
20260911,WZA,cod,,,1,1,,,,,,,,,,,,,
20260725,RLL,cod,2,2,2,2,,,,,,,,,,,,,
20260918,PBR,pp,,,1,1,,,,,,,1,0,,,,,
20260902,SLB,pp,1,1,1,1,,,,,,,,,,,,,
20260806,ZET,cod,,,1,1,1,1,,,,,,,,,,,
20260810,ZAO,cod,2,2,2,2,,,,,,,,,,,,,
20260705,HLL,pp,174,177,414,420,,,,,,,,,,,,,
20260815,ZGA,pp,2,2,2,2,,,,,,,3,0,,,,,
20260916,LVP,cod,3,3,3,3,,,,,,,,,,,,,
20260908,EZS,pp,,,2,2,,,,,,,,,,,,,
20260907,SLB,cod,1,1,1,1,,,,,,,1,0,,,,,
20260807,WZG,pp,2,2,2,2,,,,,,,,,,,,,
20260824,ZEK,pp,,,1,2,,,,,,,,,,,,,
20260831,ZFB,pp,,,1,1,,,,,,,2,0,,,,,
20260807,BNH,cod,49,49,60,60,,,,,,,,,,,,,
20260807,KOL,cod,9,9,11,17,,,,,,,,,,,,,
20260711,ZDO,pp,,,1,1,,,,,,,,,,,0,1,0
20260813,ZAO,cod,1,1,1,1,,,,,,,1,0,,,,,
20260805,BNH,pp,,,45,45,,,,,,,,,,,,,
20260720,WZA,pp,5,5,8,8,,,,,,,,,,,,,
20260908,SWY,cod,2,2,1,2,,,,,,,,,,,,,
20260709,WZA,pp,2,2,5,5,,,,,,,1,0,,,1,1,1
20260909,ZFY,cod,,,1,1,,,,,,,,,,,,,
20260812,ZFY,pp,1,1,1,1,,,,,,,,,,,,,
20260630,ZER,pp,2,2,2,2,,,,,,,,,,,,,
20260916,ZEX,cod,3,3,3,3,,,,,,,,,,,,,
20260819,SLB,cod,1,1,1,1,,,,,,,,,,,,,
20260725,NAH,pp,2,2,2,2,,,,,,,2,0,,,0,1,0
20260730,RLL,cod,2,3,3,3,1,1,,,,,1,0,,,,,
20260809,TYL,cod,,,0,1,,,,,,,,,,,,,
20260826,WZA,cod,3,4,2,2,,,,,,,1,0,,,0,1,0
20260814,TYL,pp,1,1,1,1,,,,,,,1,0,,,0,2,0
20260811,SLB,pp,1,1,1,1,,,,,,,,,,,,,
20260711,ZAA,pp,6,6,3,3,,,,,,,,,,,0,1,0
20260903,WXF,pp,,,1,1,,,,,,,,,,,0,1,0
20260804,EPL,pp,2,2,2,2,,,,,,,,,,,0,1,0
20260711,ZER,pp,1,1,1,1,,,,,,,,,,,,,
20260730,GBL,pp,2,2,2,2,,,,,,,,,,,,,
20260909,LVP,cod,1,1,1,1,,,,,,,,,,,0,1,0
20260912,ZBL,pp,1,1,1,1,,,,,,,,,,,,,
20260914,NAH,pp,2,2,2,2,,,,,,,1,0,,,0,1,0
20260722,ZAC,pp,,,1,1,,,,,,,,,,,,,
20260724,CUH,cod,4,4,1,4,,,,,,,,,,,,,
20260704,RLL,cod,1,1,6,7,,,,,,,1,0,,,,,
20260803,SWE,cod,6,6,4,6,,,,,,,1,0,,,0,3,0
20260918,FGL,cod,3,3,0,2,,,,,,,,,,,,,
20260821,ZEB,cod,1,1,1,1,,,,,,,,,,,,,
20260805,LTL,pp,1,1,1,1,,,,,,,3,0,,,,,
20260908,ZFB,pp,3,3,3,3,,,,,,,,,,,0,1,0
20260705,ZCQ,pp,1,1,2,2,,,,,,,,,,,,,
20260915,DEH,cod,,,1,1,,,,,,,,,,,,,
20260909,ZBR,pp,,,1,1,,,,,,,1,0,,,0,1,0
20260821,ZET,pp,,,1,1,,,,,,,,,,,,,
20260827,FGL,pp,1,1,1,1,,,,,,,,,,,,,
20260624,WZI,pp,9,10,9,9,,,,,,,,,,,,,
20260709,BAO,pp,6,6,5,6,,,,,,,,,,,,,
20260912,ZEB,pp,,,1,1,,,,,,,1,0,,,1,2,1
20260915,GUD,pp,8,8,8,8,,,,,,,,,,,,,
20260716,SWY,pp,1,1,1,1,,,,,,,,,,,0,1,0
20260809,TYL,pp,2,2,2,2,,,,,,,,,,,0,5,0
20260708,RHY,pp,3,9,6,6,0,1,,,,,1,0,,,0,2,0
20260630,EPL,pp,1,1,1,1,,,,,,,,,,,,,
20260707,BUT,pp,,,1,1,,,,,,,,,,,,,
20260720,WXN,pp,,,2,2,,,,,,,,,,,,,
20260912,MRR,pp,3,3,3,3,,,,,,,,,,,,,
20260817,ZAC,cod,1,1,1,1,,,,,,,,,,,0,1,0
20260629,TYL,pp,,,6,6,1,1,,,,,,,,,0,1,0
20260624,ESA,cod,5,6,2,2,,,,,,,,,,,0,1,0
20260704,WZI,pp,2,3,1,2,2,2,,,,,3,0,,,0,7,0
20260818,BHO,pp,,,1,1,,,,,,,,,,,,,
20260714,LVP,cod,5,5,4,5,3,3,,,,,,,,,0,1,0
20260726,ZCS,pp,,,1,1,,,,,,,,,,,,,
20260708,TYL,cod,1,1,0,1,1,1,,,,,,,,,,,
20260624,BSS,pp,73,77,15,15,,,,,,,,,,,0,8,0
20260624,ESL,pp,4,4,4,4,,,,,,,,,,,,,
20260904,ZAS,pp,,,2,2,,,,,,,,,,,0,1,0
20260701,BGH,cod,1,1,5,5,,,,,,,1,0,,,,,
20260905,TYL,pp,2,2,1,1,,,,,,,,,,,0,1,0
20260826,SAC,pp,2,2,26,28,1,1,,,,,,,,,,,
20260708,BAO,pp,8,8,8,8,,,,,,,,,,,,,
20260909,THE,pp,2,2,6,6,,,,,,,1,0,,,0,2,0
20260916,ZDC,pp,,,2,2,,,,,,,,,,,,,
20260716,ZAS,pp,1,1,1,1,,,,,,,,,,,,,
20260624,LSR,cod,2,2,1,1,,,,,,,,,,,,,
20260725,ZED,pp,1,1,1,1,,,,,,,,,,,,,
20260820,EPL,pp,0,1,1,1,,,,,,,,,,,0,1,0
20260624,EMB,cod,30,30,18,25,,,,,,,,,,,0,6,0
20260921,WZO,pp,,,0,3,,,,,,,,,,,,,
20260806,CRL,pp,,,2,2,,,,,,,,,,,,,
20260629,CRO,pp,,,1,1,,,,,,,,,,,,,
20260905,ZAC,cod,1,1,1,1,,,,,,,,,,,0,1,0
20260625,ZCQ,pp,,,1,1,,,,,,,,,,,,,
20260803,WZG,pp,1,1,1,1,,,,,,,,,,,,,
20260904,ALW,pp,19,20,19,19,7,7,,,,,2,0,,,,,
20260624,MSR,cod,47,54,25,25,,,,,,,,,,,0,22,0
20260807,ZAS,pp,2,2,1,1,,,,,,,,,,,,,
20260912,ZAC,pp,2,2,2,2,,,,,,,,,,,0,3,0
20260914,SXL,pp,2,2,1,1,,,,,,,,,,,0,1,0
20260828,ARL,pp,1,1,2,2,,,,,,,,,,,,,
20260920,ZGY,pp,3,3,0,1,,,,,,,,,,,,,
20260902,JAI,cod,,,1,1,,,,,,,,,,,,,
20260812,ZED,pp,1,1,1,1,,,,,,,3,0,,,0,1,0
20260731,BGH,cod,1,2,2,2,1,1,,,,,,,,,,,
20260808,ZER,pp,,,1,1,,,,,,,,,,,,,
20260624,LVP,cod,3,3,3,3,,,,,,,,,,,,,
20260919,CUH,cod,1,1,0,1,,,,,,,,,,,,,
20260807,WZC,pp,1,1,1,1,,,,,,,,,,,,,
20260822,ZAC,pp,1,1,1,1,,,,,,,,,,,0,3,0
20260921,SLB,pp,,,0,1,,,,,,,1,0,,,,,
20260904,TYL,cod,,,5,5,,,,,,,,,,,,,
20260725,TYL,pp,2,4,5,5,2,2,,,,,,,,,,,
20260812,PWL,pp,11,11,10,11,,,,,,,,,,,0,2,0
20260903,ALW,pp,20,32,23,24,,,,,,,,,,,,,
20260816,NAH,pp,,,1,1,,,,,,,1,0,,,0,1,0
20260723,COM,pp,2,2,2,2,,,,,,,,,,,0,1,0
20260701,SLB,cod,1,1,1,1,,,,,,,,,,,0,1,0
20260823,NAH,pp,2,2,1,1,,,,,,,3,0,,,,,
20260803,WXE,cod,2,2,2,2,,,,,,,,,,,,,
20260707,HSD,pp,,,1,1,,,,,,,,,,,,,
20260916,ZBH,pp,,,0,1,,,,,,,,,,,,,
20260829,ZED,cod,1,1,1,1,,,,,,,,,,,,,
20260713,GBL,pp,2,2,3,3,,,,,,,,,,,0,1,0
20260730,WZG,pp,1,1,1,1,,,,,,,1,0,,,,,
20260731,SWT,cod,7,9,4,4,,,,,,,4,0,,,0,3,0
20260720,ZAC,pp,2,2,2,2,,,,,,,1,0,,,0,1,0
20260903,ZCS,pp,1,1,1,1,,,,,,,,,,,,,
20260806,ZDO,pp,1,1,1,1,,,,,,,,,,,,,
20260812,GRG,pp,3,3,2,2,,,,,,,,,,,,,
20260901,EPL,pp,1,1,1,1,,,,,,,,,,,,,
20260909,EML,pp,2,2,1,1,,,0,0,0,0,,,0,0,0,1,0
20260625,COM,pp,1,1,0,1,10,10,0,0,0,0,,,0,0,,,
20260707,RHH,pp,,,1,1,,,0,0,0,0,,,0,0,,,
20260723,CUH,pp,43,43,40,41,,,0,0,0,0,,,0,0,,,
20260907,RHH,pp,3,3,3,3,,,0,0,0,0,,,0,0,,,
20260818,EML,pp,,,1,1,,,0,0,0,0,,,0,0,,,
20260819,RHH,pp,2,2,2,2,,,0,0,0,0,,,0,0,0,1,0
20260715,EML,pp,2,2,4,4,3,3,0,0,0,0,,,0,0,0,2,0
20260716,THE,pp,1,1,3,3,,,0,0,0,0,,,0,0,,,
20260907,THE,pp,8,8,3,3,,,0,0,0,0,,,0,0,0,8,0
20260825,EML,pp,,,0,1,1,1,0,0,0,0,2,0,0,0,,,
20260910,EML,pp,7,7,1,1,,,0,0,0,0,,,0,0,0,1,0
20260908,RHH,pp,2,2,0,1,,,0,0,0,0,,,0,0,,,
20260812,EML,pp,,,1,2,,,0,0,0,0,,,0,0,0,2,0
20260729,THE,pp,1,1,13,13,,,0,0,0,0,,,0,0,0,1,0
20260724,CUH,pp,45,46,44,45,,,0,0,0,0,,,0,0,,,
20260707,THE,pp,1,1,1,1,,,0,0,0,0,,,0,0,,,
20260820,THE,pp,7,7,6,6,,,0,0,0,0,,,0,0,0,5,0
20260624,IKE,pp,191,191,130,130,,,0,0,0,0,,,0,0,0,2,0
20260820,EML,pp,2,2,2,2,,,0,0,0,0,,,0,0,0,1,0
20260717,RHH,pp,2,2,2,3,,,0,0,0,0,,,0,0,0,1,0
20260723,THE,pp,3,3,4,4,,,0,0,0,0,,,0,0,,,
20260918,RHH,pp,1,1,0,1,,,0,0,0,0,,,0,0,0,1,0
20260704,RHH,pp,,,7,7,,,0,0,0,0,,,0,0,0,1,0
20260826,RHH,pp,4,4,4,4,1,1,0,0,0,0,1,0,0,0,,,
20260823,EML,pp,1,2,2,2,,,0,0,0,0,,,0,0,0,1,0
20260912,EML,pp,4,4,2,2,,,0,0,0,0,,,0,0,,,
20260729,RHH,pp,1,1,3,3,1,1,0,0,0,0,,,0,0,,,
20260911,EML,pp,,,3,3,,,0,0,0,0,,,0,0,,,
20260808,RHH,pp,,,1,1,,,0,0,0,0,,,0,0,0,1,0
20260902,RHH,pp,1,1,1,1,,,0,0,0,0,,,0,0,0,4,0
20260805,THE,pp,5,5,6,6,,,0,0,0,0,,,0,0,0,1,0
20260827,INM,pp,345,345,200,205,,,0,0,0,0,,,0,0,,,
20260913,EML,pp,4,4,4,4,,,0,0,0,0,,,0,0,0,1,0
20260808,THE,pp,2,2,11,11,,,0,0,0,0,,,0,0,,,
20260629,RHH,pp,1,1,1,1,,,0,0,0,0,2,0,0,0,,,
20260724,THE,pp,,,1,1,,,0,0,0,0,,,0,0,,,
20260702,ZFB,pp,3,3,3,3,,,0,0,1,1,,,0,1,0,1,0
20260826,ZET,pp,2,2,2,2,1,1,0,1,0,1,1,1,0,1,,,
20260713,BGH,cod,1,1,1,1,,,0,1,0,1,1,1,0,1,,,
20260715,TYL,cod,,,2,2,0,1,0,1,0,1,,,0,1,,,
20260903,ZDF,pp,29,29,28,29,,,0,0,1,1,,,0,1,0,3,0
20260709,ZFB,pp,1,1,5,5,,,0,0,0,1,,,1,1,,,
20260918,TYL,pp,2,2,0,2,,,0,0,1,1,,,0,1,,,
20260919,THE,pp,2,2,0,2,,,0,0,1,1,,,0,1,,,
20260805,RLL,cod,1,1,4,4,,,0,0,0,1,,,0,1,0,2,0
20260829,EML,cod,2,2,2,3,0,1,0,1,0,1,1,1,0,1,,,
20260911,ZET,pp,3,5,3,3,2,2,0,0,0,1,1,0,0,1,0,2,0
20260709,EPL,pp,,,1,1,,,0,1,0,1,,,0,1,0,1,0
20260813,ZET,pp,,,4,4,,,0,0,1,1,,,0,1,,,
20260730,HLL,pp,,,44,45,,,0,1,0,1,,,0,1,,,
20260624,SDH,cod,35,75,13,21,,,0,1,0,1,,,0,1,0,24,0
20260919,SWL,cod,1,3,0,1,0,1,0,1,0,1,,,0,1,,,
20260921,ZAO,cod,2,2,0,2,,,0,0,0,1,2,0,0,1,,,
20260712,LVP,cod,3,3,2,3,,,0,1,0,1,1,1,1,1,1,2,0
20260821,ZED,pp,1,1,1,1,,,0,0,0,1,,,1,1,1,3,0
20260824,PWL,cod,1,1,0,1,0,1,0,1,0,1,,,0,1,,,
20260813,PBR,cod,3,3,2,4,0,1,0,0,1,1,,,0,1,,,
20260918,SWE,cod,5,5,2,5,0,1,0,1,0,1,2,1,0,1,,,
20260915,SWY,cod,4,6,1,2,2,2,0,0,0,1,,,0,1,0,1,0
20260630,SDH,pp,4,7,5,5,7,7,0,1,0,1,4,1,0,1,0,5,0
20260804,SLB,cod,1,1,2,2,,,0,0,0,1,,,0,1,0,1,0
20260907,XIH,cod,1,1,1,1,,,0,1,0,1,1,1,0,1,0,2,0
20260917,CUH,cod,3,3,0,3,,,0,1,0,1,1,1,1,1,,,
20260822,PEP,pp,,,3,3,2,2,0,0,1,1,,,0,1,,,
20260806,SLB,cod,2,2,3,3,,,0,0,1,1,2,0,0,1,,,
20260628,RLL,cod,,,0,1,0,1,0,1,0,1,1,0,0,1,0,5,0
20260820,RLL,cod,1,1,6,8,0,1,0,1,0,1,1,1,0,1,,,
20260916,SWL,cod,2,2,1,1,0,1,0,0,0,1,,,0,1,,,
20260713,SLB,cod,,,1,1,,,0,0,1,1,,,0,1,,,
20260907,XIH,pp,5,6,3,3,0,2,0,1,0,1,1,1,0,1,0,6,0
20260624,SWL,cod,2,2,1,1,,,0,1,0,1,,,0,1,0,13,0
20260817,PBR,cod,7,7,5,6,,,0,0,0,1,1,0,0,1,0,1,0
20260827,ZEL,cod,19,35,12,19,16,16,0,1,0,1,1,1,0,1,0,14,0
20260807,NAH,pp,4,4,2,3,0,1,0,1,0,1,1,0,0,1,0,1,0
20260827,XIH,cod,1,1,1,1,0,1,0,0,0,1,,,0,1,0,1,0
20260830,LVP,cod,1,1,1,1,,,0,0,1,1,1,0,0,1,0,1,0
20260807,RLL,cod,,,1,1,,,0,1,0,1,1,0,1,1,,,
20260914,EML,cod,6,6,0,1,,,0,0,0,1,,,0,1,,,
20260707,LTL,pp,1,1,1,1,,,0,0,0,1,,,1,1,,,
20260716,EPL,pp,1,1,3,3,,,0,1,0,1,,,1,1,0,2,0
20260919,SWY,pp,6,6,3,6,,,0,1,0,1,1,1,1,1,,,
20260918,THE,pp,,,0,1,,,0,1,0,1,1,1,1,1,,,
20260627,GRG,pp,,,1,1,,,0,0,1,1,,,0,1,,,
20260710,ZFB,pp,3,3,3,3,,,0,0,1,1,,,0,1,0,2,0
20260917,PEP,pp,0,3,1,2,,,0,0,0,1,,,1,1,,,
20260628,WZA,pp,,,1,1,,,0,1,0,1,5,0,0,1,0,1,0
20260918,SWY,cod,5,6,1,5,1,1,0,1,0,1,,,0,1,,,
20260817,PBR,pp,2,2,1,1,,,0,0,1,1,1,0,0,1,0,1,0
20260625,WZO,pp,,,6,6,,,0,1,0,1,2,1,0,1,,,
20260828,RSL,cod,1,1,1,1,,,0,0,0,1,1,0,0,1,0,3,0
20260813,BGH,cod,2,3,3,3,1,2,0,0,0,1,,,0,1,0,2,0
20260816,EML,pp,2,2,2,3,,,0,1,0,1,3,1,1,1,0,2,0
20260910,SWY,pp,1,1,1,1,,,0,0,1,1,,,0,1,,,
20260818,WXE,pp,2,2,2,2,,,0,1,0,1,1,1,1,1,0,1,0
20260827,PEP,pp,9,9,8,8,2,2,0,0,1,1,,,0,1,0,2,0
20260830,EML,pp,1,1,1,1,,,0,1,0,1,,,1,1,,,
20260911,SLB,cod,1,1,0,1,,,0,1,0,1,,,0,1,0,1,0
20260813,SWE,cod,2,2,1,2,,,0,1,0,1,2,0,1,1,0,5,0
20260721,NAH,pp,1,1,1,1,0,1,0,0,1,1,1,0,0,1,,,
20260916,ESL,pp,3,3,9,9,,,0,1,0,1,,,0,1,,,
20260708,ESL,pp,5,5,7,7,,,0,1,0,1,2,1,0,1,0,3,0
20260724,GBL,pp,2,2,2,2,,,0,1,0,1,1,1,1,1,0,1,0
20260917,PBR,cod,3,3,3,5,,,0,0,0,1,2,0,0,1,,,
20260915,SWE,pp,11,12,14,14,,,0,1,0,1,4,1,1,1,1,3,0
20260803,LGL,pp,59,61,73,75,3,5,0,0,0,1,16,0,0,1,,,
20260904,CRL,pp,,,2,2,,,0,1,0,1,,,0,1,0,1,0
20260903,CRL,pp,,,1,1,,,0,1,0,1,,,1,1,0,4,0
20260917,TYL,pp,,,0,1,,,0,0,0,1,,,0,1,,,
20260810,ZAE,pp,1,1,1,1,,,0,0,1,1,,,0,1,0,1,0
20260916,SWY,cod,8,8,4,6,,,0,0,0,1,,,0,1,,,
20260915,SLB,cod,1,1,1,1,0,2,0,0,0,1,,,0,1,0,1,0
20260908,SWY,pp,1,1,2,2,,,0,1,0,1,,,0,1,0,2,0
20260727,TYL,pp,4,5,1,1,,,0,1,0,1,1,1,1,1,,,
20260822,WZO,pp,,,1,1,,,0,0,1,1,,,0,1,,,
20260705,LVP,pp,12,12,12,12,1,2,0,0,0,1,3,0,0,1,0,1,0
20260910,ROI,pp,28,28,6,10,,,0,0,1,1,25,0,0,1,,,
20260916,WZA,cod,,,2,2,,,0,0,0,1,,,0,1,0,1,0
20260814,ARL,pp,,,4,4,,,0,1,0,1,1,1,1,1,0,1,0
20260825,EPL,pp,2,2,2,2,,,0,1,0,1,1,1,1,1,,,
20260829,ZEL,cod,26,26,10,10,,,0,0,1,1,,,0,1,0,1,0
20260720,XIH,cod,3,3,6,7,,,0,0,0,1,,,0,1,0,5,0
20260804,SWY,cod,3,3,3,3,,,0,1,0,1,,,0,1,,,
20260714,RLL,cod,2,2,3,3,0,1,0,1,0,1,1,1,0,1,0,2,0
20260810,BGH,cod,1,1,4,4,,,0,0,0,1,,,1,1,,,
20260830,LVP,pp,4,34,3,4,,,0,1,0,1,1,1,0,1,0,1,0
20260905,ZDO,pp,,,1,1,,,0,0,1,1,,,0,1,,,
20260626,PBR,cod,1,1,1,2,1,2,0,1,0,1,1,1,0,1,,,
20260713,EPL,pp,3,3,2,2,,,0,0,1,1,,,0,1,,,
20260728,COM,pp,,,2,2,,,0,0,0,1,,,1,1,,,
20260919,SWY,cod,4,4,0,5,,,0,0,1,1,,,0,1,0,2,0
20260916,KOL,pp,,,1,1,,,0,0,1,1,1,0,0,1,0,1,0
20260816,BGH,cod,,,1,1,1,1,0,1,0,1,,,1,1,0,1,0
20260819,ESL,pp,5,5,6,6,,,0,0,1,1,,,0,1,0,5,0
20260824,ZAC,cod,1,1,1,1,,,0,0,1,1,,,0,1,,,
20260912,XIH,cod,3,3,1,1,0,1,0,1,0,1,1,1,0,1,,,
20260713,RHH,pp,3,3,2,2,,,0,1,0,1,1,1,0,1,0,1,0
20260818,KOL,pp,,,2,2,,,0,1,0,1,2,1,1,1,0,1,0
20260630,LTL,pp,,,2,2,,,0,1,0,1,,,0,1,,,
20260826,BGH,cod,2,3,1,1,1,1,0,0,0,1,,,0,1,0,4,0
20260727,SWT,cod,10,10,2,4,,,0,0,1,1,1,0,0,1,0,6,0
20260708,SWY,pp,3,3,3,3,,,0,0,1,1,,,0,1,,,
20260715,XIH,cod,1,1,2,3,,,0,0,0,1,1,0,0,1,0,2,0
20260629,RST,pp,1,1,1,1,,,0,1,0,1,1,1,0,1,,,
20260722,ZER,pp,1,1,1,1,,,0,0,1,1,,,0,1,,,
20260921,CUH,cod,5,5,0,5,0,1,0,1,0,1,1,0,0,1,,,
20260909,BNH,cod,5,5,5,5,,,0,0,1,1,,,0,1,,,
20260710,HSD,pp,,,1,1,,,0,1,0,1,1,1,1,1,,,
20260706,IBH,cod,5,5,2,3,0,1,0,1,0,1,1,1,0,1,0,3,0
20260820,WYG,pp,1,1,1,1,,,0,1,0,1,1,1,0,1,0,1,0
20260914,EML,pp,2,2,2,2,,,0,1,0,1,1,1,0,1,0,1,0
20260914,CRL,pp,1,1,0,1,,,0,0,1,1,,,0,1,,,
20260826,EML,cod,7,7,1,1,,,0,0,1,1,1,0,0,1,0,3,0
20260827,ZET,pp,,,1,1,,,0,0,1,1,1,0,0,1,0,1,0
20260723,RHH,pp,6,6,8,8,,,0,0,1,1,,,0,1,,,
20260829,PEP,pp,0,5,7,8,3,3,0,1,0,1,2,1,0,1,0,1,0
20260725,ZAS,pp,,,1,1,,,0,1,0,1,1,1,0,1,,,
20260918,CUH,cod,1,1,1,1,,,0,0,1,1,,,0,1,,,
20260714,BGH,cod,1,2,2,2,,,0,0,1,1,,,0,1,0,1,0
20260813,SWY,pp,1,1,1,1,0,1,0,1,0,1,1,1,0,1,,,
20260712,SWL,cod,,,1,1,,,0,1,0,1,2,1,1,1,,,
20260828,TYL,pp,0,1,1,1,,,0,0,0,1,2,0,1,1,,,
20260908,BNH,cod,15,16,15,15,,,0,1,0,1,1,1,1,1,0,1,0
20260919,WXE,pp,3,3,0,3,,,0,0,0,1,,,0,1,0,2,0
20260829,EPL,pp,1,1,1,1,,,0,0,1,1,1,0,0,1,0,2,0
20260702,RLL,cod,1,1,2,2,,,0,0,1,1,,,0,1,0,2,0
20260825,TYL,pp,0,1,4,4,,,0,1,0,1,1,1,1,1,0,1,0
20260830,BGH,cod,1,1,1,1,,,0,0,0,1,,,0,1,0,1,0
20260808,XIH,cod,3,3,1,3,0,1,0,1,0,1,1,0,0,1,,,
20260711,WZA,pp,2,2,3,3,,,0,1,0,1,1,0,1,1,0,1,0
20260704,LTL,pp,3,3,2,2,,,0,0,0,1,,,0,1,,,
20260831,WXN,pp,,,1,1,,,0,2,0,2,,,2,2,0,2,0
20260827,CUH,cod,3,4,3,3,,,0,1,0,2,1,1,1,2,0,2,0
20260811,AMA,cod,7,7,7,7,,,0,2,0,2,3,1,2,2,0,3,0
20260905,EPL,pp,1,1,1,1,,,0,1,1,2,,,0,2,,,
20260921,WPV,pp,9,9,0,9,,,0,1,1,2,4,1,0,2,,,
20260809,EML,cod,4,4,4,7,,,0,1,0,2,2,1,1,2,0,3,0
20260903,SWL,cod,10,11,1,4,0,1,0,2,0,2,4,2,1,2,0,6,0
20260714,LSR,cod,9,10,7,7,2,3,0,1,0,2,1,0,1,2,0,2,0
20260915,NAH,pp,5,5,1,2,0,2,0,2,0,2,2,0,0,2,0,3,0
20260722,PBR,cod,1,1,2,2,,,0,1,0,2,4,1,0,2,0,1,0
20260626,SWY,cod,1,1,1,1,0,1,0,1,1,2,1,1,0,2,0,1,0
20260831,LVP,pp,,,1,1,,,0,0,1,2,,,0,2,1,1,1
20260827,IBH,cod,9,20,3,4,2,3,0,2,0,2,,,1,2,0,3,0
20260817,SWL,cod,8,11,6,7,2,3,0,1,0,2,3,1,0,2,0,2,0
20260909,COM,pp,7,7,6,8,,,0,0,1,2,5,0,0,2,0,5,0
20260630,ULT,pp,2,2,0,2,,,0,0,2,2,1,0,0,2,0,10,0
20260814,RHY,pp,9,10,12,12,1,1,0,2,0,2,3,2,0,2,0,7,0
20260624,ESC,cod,47,47,28,47,,,0,2,0,2,,,0,2,0,22,0
20260626,RHY,pp,2,2,8,8,,,0,0,0,2,,,2,2,0,2,0
20260805,CFP,pp,3,3,3,3,,,0,1,1,2,1,1,0,2,0,1,0
20260626,IBH,cod,4,5,4,6,1,3,0,2,0,2,1,1,0,2,0,3,0
20260909,ARL,pp,1,1,1,1,,,0,0,1,2,,,1,2,,,
20260823,CUH,cod,1,1,1,1,,,0,0,0,2,,,1,2,,,
20260819,RSL,cod,5,5,4,5,,,0,0,2,2,,,0,2,,,
20260912,CRL,pp,,,1,1,,,0,0,0,2,,,0,2,2,2,2
20260706,RLL,cod,6,6,1,1,0,1,0,2,0,2,2,1,1,2,0,2,0
20260807,BHH,pp,13,13,8,8,,,0,1,1,2,,,1,2,0,12,0
20260812,PBR,cod,4,5,1,2,1,1,0,1,0,2,1,1,1,2,0,1,0
20260708,DLH,pp,3,3,3,3,0,1,0,1,0,2,7,1,1,2,0,4,0
20260707,LSR,cod,2,3,2,2,1,1,0,1,1,2,3,1,0,2,1,8,0
20260829,RSL,cod,1,1,3,3,,,0,1,1,2,,,0,2,,,
20260910,WPV,pp,4,4,8,9,1,1,0,1,1,2,1,1,0,2,0,2,0
20260703,RSL,cod,8,9,5,6,1,3,0,0,0,2,,,0,2,0,6,0
20260801,IBH,cod,2,2,2,2,0,1,0,2,0,2,1,1,0,2,0,5,0
20260720,ZDC,pp,,,2,2,,,0,1,1,2,,,0,2,0,9,0
20260820,XIH,cod,,,1,1,,,0,2,0,2,1,1,2,2,0,2,0
20260921,NAH,pp,1,6,0,2,,,0,1,1,2,2,0,0,2,,,
20260824,ZAC,pp,2,2,2,2,,,0,1,1,2,1,1,0,2,0,1,0
20260727,LGL,pp,10,10,4,4,,,0,0,2,3,4,0,1,3,,,
20260714,RHY,pp,2,2,2,2,,,0,0,2,3,2,0,1,3,0,1,0
20260707,RLL,cod,1,1,6,7,0,1,0,1,1,3,2,1,0,3,,,
20260830,SWT,cod,3,3,1,1,,,0,2,0,3,,,1,3,0,6,0
20260710,ZEL,cod,8,12,8,11,4,4,0,3,0,3,3,3,3,3,0,3,0
20260824,AMA,cod,1,1,1,1,,,0,1,1,3,,,1,3,0,1,0
20260912,IBH,pp,4,7,4,4,,,0,2,1,3,5,2,1,3,1,12,1
20260912,IBH,cod,1,1,1,1,,,0,1,0,3,2,1,0,3,0,2,0
20260826,ZFB,pp,1,1,1,1,,,0,0,3,3,,,0,3,0,8,0
20260715,LSR,cod,3,3,1,1,1,1,0,3,0,3,4,1,1,3,0,2,0
20260729,IBH,cod,5,6,5,8,1,2,0,1,1,3,3,1,0,3,0,5,0
20260625,GUD,pp,3,3,6,6,0,2,0,3,0,3,,,0,3,0,3,0
20260801,PBR,cod,3,3,3,3,,,0,1,1,3,1,1,0,3,0,3,0
20260901,BGH,cod,2,2,2,2,,,0,2,1,3,3,2,1,3,0,1,0
20260706,SWY,cod,3,3,2,3,0,2,0,3,0,3,4,2,1,3,0,2,0
20260710,SWL,cod,3,4,1,2,2,2,0,1,0,4,1,0,3,4,0,4,0
20260807,WZI,pp,12,12,11,11,,,0,0,3,4,2,0,0,4,0,3,0
20260716,RSL,cod,13,13,11,13,2,3,0,0,1,4,4,0,2,4,1,4,0
20260908,CUH,cod,2,2,2,2,0,1,0,3,0,4,4,2,1,4,0,6,0
20260824,IBH,cod,3,3,2,3,1,3,0,3,1,5,6,3,0,5,0,1,0
20260701,RSL,cod,7,7,6,6,0,1,0,2,1,5,3,2,0,5,0,3,0
20260820,CUH,cod,2,2,2,2,0,3,0,3,1,6,,,1,6,1,4,0
20260724,CFP,pp,11,12,11,11,1,1,0,3,3,6,,,0,6,0,3,0
20260828,SWE,cod,2,2,2,2,0,6,0,6,0,7,14,6,1,7,0,2,0
20260914,ZEL,cod,,,5,5,0,7,0,7,0,7,11,7,0,7,4,5,4
20260831,ZEL,cod,3,3,15,15,,,0,7,0,7,8,7,7,7,0,3,0
20260721,EML,cod,6,7,6,6,2,4,0,2,1,8,3,2,2,8,0,2,0
20260831,LGL,pp,71,79,60,65,1,4,0,0,3,9,6,0,1,9,0,10,0
20260810,BNH,cod,,,10,10,,,1,1,1,1,,,0,1,0,2,0
20260812,ESL,pp,3,4,5,5,1,1,1,1,1,1,2,1,0,1,0,3,0
20260918,LVP,pp,3,3,2,3,1,1,1,1,1,1,,,0,1,0,2,0
20260716,LVP,cod,3,3,4,4,,,1,1,1,1,1,1,0,1,0,2,0
20260907,PBR,pp,2,2,1,1,,,1,1,1,1,2,1,0,1,0,2,0
20260624,SDD,pp,84,84,61,63,,,1,1,1,1,,,0,1,0,6,0
20260828,XIH,pp,2,2,2,2,,,1,1,1,1,1,1,0,1,0,3,0
20260629,BGH,cod,,,1,1,1,1,1,1,1,1,,,0,1,,,
20260918,GRG,pp,,,0,8,,,1,1,1,1,1,1,0,1,,,
20260917,SWL,cod,0,1,1,2,,,1,1,1,1,1,1,0,1,0,2,0
20260811,PWL,pp,5,5,11,12,,,1,1,1,1,,,0,1,,,
20260715,AMA,cod,4,4,3,4,,,1,1,1,1,,,0,1,0,1,0
20260703,EPL,cod,1,1,1,1,,,1,1,1,1,1,1,0,1,,,
20260820,RSL,cod,,,1,1,1,1,1,1,1,1,2,1,0,1,0,1,0
20260725,XIH,pp,5,5,7,7,,,1,1,1,1,,,0,1,0,5,0
20260808,ZAO,pp,4,4,4,4,,,1,1,1,1,2,1,0,1,0,4,0
20260821,PBR,pp,1,1,1,1,,,1,1,1,1,2,1,0,1,0,1,0
20260912,PBR,pp,,,1,1,,,1,1,1,1,1,0,0,1,0,1,0
20260826,ZBL,pp,,,1,1,,,1,1,1,1,1,1,0,1,,,
20260717,WZA,pp,3,4,4,4,,,1,1,1,1,,,0,1,0,3,0
20260901,WXE,pp,2,3,2,2,1,1,1,1,1,1,,,0,1,0,1,0
20260823,ZGA,pp,,,1,1,,,1,1,1,1,,,0,1,1,2,0
20260730,SWT,cod,7,8,8,9,1,1,1,1,1,1,2,1,0,1,0,3,0
20260624,PRH,cod,6,6,5,6,,,1,1,1,1,,,0,1,0,2,0
20260915,SXL,pp,1,1,1,1,,,1,1,1,1,1,1,0,1,,,
20260724,SDH,pp,3,15,1,1,9,9,1,1,1,1,3,0,0,1,1,9,1
20260826,PWL,cod,1,1,1,1,,,1,1,1,1,1,1,0,1,,,
20260720,PBR,pp,2,3,2,2,1,1,1,1,1,1,1,1,0,1,,,
20260819,CRO,pp,2,3,2,2,2,2,1,1,1,1,1,1,0,1,,,
20260705,ZET,pp,,,1,1,,,1,1,1,1,2,1,0,1,,,
20260713,ZAO,cod,1,1,1,1,,,1,1,1,1,2,1,0,1,,,
20260709,RST,pp,,,1,1,,,1,1,1,1,1,1,0,1,,,
20260717,PBR,pp,,,1,1,,,1,1,1,1,,,0,1,0,1,0
20260709,ZAA,pp,1,1,9,9,,,1,1,1,1,1,1,0,1,1,2,0
20260703,XIH,cod,6,6,3,4,,,1,1,1,1,3,0,0,1,,,
20260901,ZAC,cod,1,1,1,1,,,1,1,1,1,1,1,0,1,,,
20260908,ZED,cod,,,1,1,,,1,1,1,1,,,0,1,0,1,0
20260626,TYL,pp,0,1,3,3,,,1,1,1,1,1,1,0,1,0,1,0
20260625,WZA,pp,3,3,2,2,,,1,1,1,1,1,0,0,1,0,3,0
20260901,ZAC,pp,2,2,2,2,,,1,1,1,1,1,0,0,1,0,1,0
20260905,FGL,cod,1,1,1,1,,,1,1,1,1,,,0,1,,,
20260727,SLB,pp,,,1,1,,,1,1,1,1,,,0,1,0,2,0
20260919,EPL,pp,1,1,0,1,,,1,1,1,1,1,1,0,1,,,
20260816,TUN,pp,1,1,2,2,,,1,1,1,1,1,0,0,1,1,3,1
20260801,NAH,pp,1,1,1,1,,,1,1,1,1,5,0,0,1,0,1,0
20260911,EPL,pp,,,1,1,,,1,1,1,1,1,1,0,1,,,
20260624,LOI,cod,105,107,59,67,,,1,1,1,1,,,0,1,0,23,0
20260822,AMA,cod,6,6,6,6,,,1,1,1,1,,,0,1,0,2,0
20260910,ZAO,cod,2,2,4,4,,,1,1,1,1,1,0,0,1,0,3,0
20260918,ZED,pp,1,1,0,3,,,1,1,1,1,1,1,0,1,,,
20260821,TYL,cod,,,0,1,1,1,1,1,1,1,2,0,0,1,0,2,0
20260826,ZAO,cod,2,2,2,2,,,1,1,1,1,1,1,0,1,0,1,0
20260801,EML,pp,,,3,3,,,1,1,1,1,2,1,0,1,0,3,0
20260717,LVP,cod,4,4,4,4,,,1,1,1,1,1,1,0,1,0,1,0
20260808,ZFB,pp,1,1,1,1,,,1,1,1,1,1,1,0,1,,,
20260815,SWY,cod,,,1,1,,,1,1,1,1,1,1,0,1,0,2,0
20260628,ZFB,pp,20,20,20,20,,,1,1,1,1,1,1,0,1,,,
20260901,PBR,pp,,,1,1,,,1,1,1,1,1,1,0,1,,,
20260728,ZED,pp,3,3,3,3,,,1,1,1,1,2,1,0,1,,,
20260729,WZA,pp,15,15,7,7,,,1,1,1,1,4,1,0,1,0,7,0
20260807,ESL,pp,6,7,9,9,1,1,1,1,1,1,2,1,0,1,1,4,1
20260813,AMA,cod,4,5,4,4,,,1,1,1,1,1,1,0,1,0,3,0
20260731,PBR,pp,1,1,1,1,,,1,1,1,1,1,0,0,1,0,1,0
20260908,PBR,pp,,,1,1,,,1,1,1,1,,,0,1,0,2,0
20260703,WZA,cod,1,1,1,1,,,1,1,1,1,,,0,1,0,1,0
20260901,ZDO,pp,1,1,1,1,,,1,1,1,1,1,1,0,1,0,1,0
20260904,AMA,cod,1,1,1,1,,,1,1,1,1,1,1,0,1,,,
20260917,SWE,cod,4,5,4,4,,,1,1,1,1,2,1,0,1,,,
20260626,CFP,pp,0,4,2,2,4,4,1,1,1,1,1,1,0,1,,,
20260717,RST,pp,2,3,3,3,,,1,1,1,1,1,1,0,1,,,
20260915,WXN,pp,,,2,2,,,1,1,1,1,1,1,0,1,,,
20260911,ZAC,cod,6,6,6,6,,,1,1,1,1,1,1,0,1,,,
20260824,XIH,cod,,,1,1,0,1,1,1,1,1,,,0,1,,,
20260703,PBR,pp,1,1,2,2,,,1,1,1,1,2,1,0,1,0,2,0
20260909,BGH,cod,5,6,5,5,,,1,1,1,1,1,1,0,1,0,2,0
20260907,CUH,cod,4,4,3,4,,,1,1,1,1,1,1,0,1,0,6,0
20260912,LOW,pp,,,2,2,,,1,1,1,1,2,1,0,1,,,
20260808,TUN,pp,1,1,5,5,,,1,1,1,1,2,1,0,1,,,
20260827,WZA,cod,1,1,2,2,1,1,1,1,1,1,,,0,1,0,1,0
20260907,NAH,pp,3,3,2,2,,,1,1,1,1,,,0,1,0,4,0
20260821,ZAC,pp,2,2,4,4,,,1,1,1,1,,,0,1,,,
20260825,WXN,pp,,,2,2,,,1,1,1,1,,,0,1,,,
20260829,ZAC,pp,5,5,5,5,,,1,1,1,1,2,1,0,1,0,2,0
20260630,WZA,cod,2,2,1,1,,,1,1,1,1,1,1,0,1,,,
20260912,ZAC,cod,3,3,2,3,,,1,1,1,1,1,1,0,1,0,2,0
20260814,ZAC,pp,2,2,2,2,,,1,1,1,1,,,0,1,0,1,0
20260729,WZO,pp,,,5,5,,,1,1,1,1,,,0,1,,,
20260831,PBR,cod,8,8,5,8,,,1,1,1,1,1,1,0,1,0,3,0
20260824,ZFY,pp,,,1,1,,,1,1,1,1,,,0,1,,,
20260815,BGH,cod,1,1,1,1,,,1,1,1,1,2,0,0,1,,,
20260704,RST,pp,,,1,1,,,1,1,1,1,,,0,1,,,
20260908,ZAS,pp,,,1,1,,,1,1,1,1,1,1,0,1,0,2,0
20260807,IBH,cod,3,3,2,3,0,1,1,1,1,1,1,1,0,1,0,3,0
20260901,THE,pp,5,5,5,5,1,1,1,1,1,1,1,1,0,1,1,5,1
20260807,SWY,pp,2,2,2,2,,,1,1,1,1,,,0,1,0,1,0
20260812,ZBR,pp,2,2,2,2,,,1,1,1,1,,,0,1,0,1,0
20260704,CFP,pp,3,7,3,3,4,4,1,1,1,1,1,1,0,1,0,3,0
20260626,ZEX,pp,1,1,1,1,,,1,1,1,1,,,0,1,0,1,0
20260702,ZAS,pp,1,1,3,3,,,1,1,1,1,1,1,0,1,0,2,0
20260917,ZAC,cod,1,1,1,1,,,1,1,1,1,4,1,0,1,,,
20260702,WZG,pp,3,3,3,3,,,1,1,1,1,1,1,0,1,,,
20260907,PWL,cod,,,0,1,,,1,1,1,1,,,0,1,0,1,0
20260624,EML,cod,30,31,2,3,,,1,1,1,1,,,0,1,0,9,0
20260718,ZEB,pp,,,8,8,,,1,1,1,1,1,1,0,1,,,
20260817,WXE,pp,0,1,1,1,1,1,1,1,1,1,,,0,1,0,4,0
20260725,CUH,pp,56,60,56,57,1,1,1,1,1,1,2,1,0,1,0,1,0
20260803,THE,pp,4,5,1,1,1,1,1,1,1,1,2,1,0,1,0,6,0
20260902,GRG,pp,1,1,1,1,,,1,1,1,1,,,0,1,,,
20260806,WYG,pp,3,3,3,3,,,1,1,1,1,1,1,0,1,,,
20260824,LVP,cod,1,1,0,1,,,1,1,1,1,1,1,0,1,0,1,0
20260814,ZEB,pp,1,1,10,10,,,1,1,1,1,1,1,0,1,,,
20260819,CRL,pp,1,1,2,2,1,1,1,1,1,1,1,1,0,1,0,1,0
20260817,WYG,pp,1,1,1,1,,,1,1,1,1,,,0,1,0,1,0
20260625,ESL,pp,2,2,2,2,,,1,1,1,1,1,1,0,1,0,1,0
20260803,XIH,cod,1,1,4,5,,,1,1,1,1,1,1,0,1,0,2,0
20260730,ZAO,cod,,,2,2,,,1,1,1,1,,,0,1,,,
20260810,SWL,cod,1,2,1,1,0,3,1,1,1,1,1,1,0,1,0,1,0
20260627,NAH,pp,1,1,1,1,,,1,1,1,1,1,0,0,1,,,
20260910,ZEK,pp,,,1,1,,,1,1,1,1,1,1,0,1,,,
20260831,SWE,cod,7,7,1,4,1,1,1,1,1,1,5,0,0,1,0,2,0
20260713,NAH,pp,4,4,3,3,,,1,1,1,1,1,1,0,1,0,1,0
20260909,WZA,cod,,,0,1,,,1,1,1,1,,,0,1,0,1,0
20260819,ZAE,pp,,,1,1,,,1,1,1,1,1,1,0,1,,,
20260919,KOL,pp,2,2,0,1,,,1,1,1,1,1,0,0,1,0,2,0
20260814,THE,pp,2,3,10,10,,,1,1,1,1,1,0,0,1,0,5,0
20260701,ZAC,pp,2,2,2,2,,,1,1,1,1,3,1,0,1,0,1,0
20260909,GRG,pp,3,3,1,1,,,1,1,1,1,,,0,1,,,
20260707,PBR,pp,1,1,1,1,,,1,1,1,1,1,1,0,1,0,1,0
20260709,ZAO,pp,4,4,14,14,,,1,1,1,1,1,1,0,1,0,1,0
20260625,CFP,pp,7,7,8,8,,,1,1,1,1,1,1,0,1,,,
20260901,ZGA,pp,,,1,1,,,1,1,1,1,,,0,1,,,
20260721,GBL,pp,2,2,1,1,,,1,1,1,1,2,1,0,1,0,1,0
20260626,ZAA,pp,1,1,1,1,,,1,1,1,1,2,1,0,1,0,1,0
20260625,PBR,cod,2,2,2,2,,,1,1,1,1,1,1,0,1,,,
20260821,NAH,pp,5,5,6,7,1,1,1,1,1,1,,,0,1,0,2,0
20260903,THE,pp,2,3,6,6,,,1,1,1,1,,,0,1,0,2,0
20260920,ROI,pp,,,6,11,,,1,1,1,1,,,0,1,,,
20260704,XIH,cod,4,5,3,5,,,1,1,1,1,1,0,0,1,,,
20260917,GUD,pp,3,3,3,3,,,1,1,1,1,1,1,0,1,,,
20260818,SWY,cod,1,1,1,2,,,1,1,1,1,1,1,0,1,,,
20260804,ZEB,pp,2,2,3,3,,,1,1,1,1,2,1,0,1,,,
20260911,RHH,pp,2,2,3,4,,,1,1,1,1,1,0,0,1,0,2,0
20260905,XIH,cod,1,1,1,1,,,1,1,1,1,1,1,0,1,,,
20260818,ZAC,cod,1,1,1,1,,,1,1,1,1,1,1,0,1,,,
20260902,PBR,pp,1,1,1,1,,,1,1,1,1,1,1,0,1,0,2,0
20260624,RLL,pp,23,23,14,14,,,1,1,1,1,,,0,1,0,1,0
20260713,WPV,pp,2,2,2,2,,,1,1,1,1,,,0,1,,,
20260827,SWL,cod,5,6,2,3,1,1,1,1,1,1,1,1,0,1,0,3,0
20260717,ZAA,pp,4,4,9,9,,,1,1,1,1,1,1,0,1,0,4,0
20260825,PBR,pp,1,1,3,3,,,1,1,1,1,,,0,1,0,3,0
20260710,AMA,cod,1,1,1,1,,,1,1,1,1,2,1,0,1,0,1,0
20260902,ZET,pp,1,1,3,4,,,1,1,1,1,1,1,0,1,,,
20260701,ZAO,pp,3,3,3,3,,,1,1,1,1,3,1,0,1,0,2,0
20260806,XIH,pp,3,3,2,2,,,1,1,1,1,1,1,0,1,0,1,0
20260820,ZEB,pp,,,1,1,1,1,1,1,1,1,1,0,0,1,,,
20260805,BGH,cod,3,4,1,2,,,1,1,1,1,,,0,1,0,1,0
20260820,WZA,cod,1,1,1,1,,,1,1,1,1,1,1,0,1,,,
20260901,ZEL,cod,33,33,17,17,,,1,1,1,1,8,0,0,1,,,
20260911,AMA,cod,,,6,6,,,1,1,1,1,2,1,0,1,0,7,0
20260814,BGH,cod,2,2,2,3,1,1,1,1,1,1,2,1,0,1,,,
20260701,PBR,cod,3,4,4,4,1,1,1,1,1,1,,,0,1,0,2,0
20260719,NAH,pp,2,2,1,1,,,1,1,1,1,1,0,0,1,0,1,0
20260729,ZBL,pp,,,1,1,,,1,1,1,1,1,1,0,1,0,1,0
20260801,WZO,pp,2,2,3,3,,,1,1,1,1,2,0,0,1,0,2,0
20260626,WPV,pp,2,2,2,2,,,1,1,1,1,1,1,0,1,0,2,0
20260818,WZO,pp,2,2,2,2,,,1,1,1,1,1,0,0,1,,,
20260823,RSL,cod,1,1,1,1,,,1,1,1,1,3,1,0,1,0,1,0
20260912,EPL,pp,2,2,2,2,,,1,1,1,1,1,1,0,1,,,
20260820,RHH,pp,4,5,4,4,,,1,1,1,1,1,0,0,1,0,1,0
20260903,CUH,cod,4,4,3,4,,,1,1,1,1,1,1,0,1,0,3,0
20260704,ZED,pp,,,2,2,,,1,1,1,1,2,1,0,1,0,1,0
20260713,WZO,pp,1,1,4,4,,,1,1,1,1,1,1,0,1,0,1,0
20260712,ZAO,pp,3,3,3,3,,,1,1,1,1,2,1,0,1,0,1,0
20260730,ZAS,pp,1,1,1,1,,,1,1,1,1,,,0,1,,,
20260624,FLP,pp,27,27,23,27,,,1,1,1,1,,,0,1,0,12,0
20260901,ZAE,pp,,,1,1,,,1,1,1,1,,,0,1,,,
20260727,XIH,cod,1,1,3,4,1,1,1,1,1,1,4,1,0,1,0,4,0
20260725,WXE,pp,2,2,4,4,,,1,1,1,1,2,0,0,1,0,6,0
20260816,SDH,pp,17,33,4,11,17,17,1,1,1,1,2,1,0,1,0,3,0
20260821,RHH,pp,2,2,1,1,,,1,1,1,1,,,0,1,,,
20260724,SLB,pp,1,1,2,2,,,1,1,1,1,1,1,0,1,,,
20260826,EML,pp,4,5,4,4,1,1,1,1,1,1,,,0,1,0,2,0
20260810,PWL,pp,8,11,12,13,2,2,1,1,1,1,2,1,0,1,,,
20260910,RHH,pp,2,2,1,1,,,1,1,1,1,2,1,0,1,,,
20260901,GRG,pp,1,1,1,1,,,1,1,1,1,1,0,0,1,0,1,0
20260911,ZFB,pp,5,5,5,5,,,1,1,1,1,,,0,1,,,
20260711,ZAO,pp,8,8,9,9,,,1,1,1,1,2,1,0,1,0,1,0
20260723,EPL,pp,4,4,3,3,,,1,1,1,1,2,1,0,1,,,
20260810,XIH,cod,3,3,3,4,,,1,1,1,1,1,0,0,1,,,
20260813,LVP,cod,1,1,2,2,,,1,1,1,1,,,0,1,,,
20260921,PWL,pp,1,1,0,1,6,6,1,1,1,1,1,1,0,1,0,1,0
20260727,ZED,pp,1,1,1,1,,,1,1,1,1,1,1,0,1,,,
20260828,INM,pp,298,306,398,405,7,7,1,1,1,1,7,1,0,1,,,
20260827,BGH,cod,3,3,3,3,,,1,1,1,1,,,0,1,0,1,0
20260919,WYG,pp,1,1,0,2,,,1,1,1,1,,,0,1,,,
20260701,PBR,pp,1,1,2,2,,,1,1,1,1,,,0,1,0,2,0
20260810,ZDC,pp,,,1,1,,,1,1,1,1,1,1,0,1,,,
20260917,SWY,pp,2,2,1,3,,,1,1,1,1,1,1,0,1,,,
20260709,WZI,pp,2,3,4,4,,,1,1,1,1,,,0,1,0,4,0
20260908,ZCS,pp,3,3,3,3,,,1,1,1,1,1,1,0,1,0,2,0
20260721,EPL,pp,1,1,1,1,,,1,1,1,1,1,0,0,1,0,1,0
20260830,ZED,pp,1,1,1,1,,,1,1,1,1,1,1,0,1,,,
20260703,EPL,pp,2,2,2,2,,,1,1,1,1,3,1,0,1,0,1,0
20260831,PBR,pp,2,2,1,1,,,1,1,1,1,1,1,0,1,0,2,0
20260807,WZA,cod,1,1,1,1,,,1,1,1,1,1,1,0,1,,,
20260716,BGH,cod,,,1,1,,,1,1,1,1,1,1,0,1,,,
20260709,BAO,cod,17,17,14,17,,,1,1,1,1,3,1,0,1,,,
20260916,EPL,cod,,,1,1,,,1,1,1,1,1,1,0,1,,,
20260721,BGH,cod,1,2,1,1,1,1,1,1,1,1,,,0,1,,,
20260719,TUN,pp,,,1,1,,,1,1,1,1,2,1,0,1,0,4,0
20260822,PBR,pp,2,3,1,1,1,1,1,1,1,1,1,1,0,1,0,1,0
20260710,VSL,pp,9,9,10,10,,,1,1,1,1,3,0,0,1,0,4,0
20260731,ZAO,cod,2,2,2,2,,,1,1,1,1,1,1,0,1,0,2,0
20260805,EPL,pp,,,1,1,,,1,1,1,1,3,1,0,1,,,
20260825,XIH,pp,2,2,4,4,,,1,1,1,1,,,0,1,0,4,0
20260920,ZAS,pp,,,0,2,,,1,1,1,1,1,1,0,1,,,
20260914,WXL,pp,1,1,1,1,,,1,1,1,1,1,1,0,1,0,1,0
20260816,LVP,pp,2,3,1,1,,,1,1,1,1,2,1,0,1,0,1,0
20260702,WZI,pp,5,6,3,3,,,1,1,1,1,2,0,0,1,0,6,0
20260703,WPV,pp,2,2,2,2,,,1,1,1,1,2,1,0,1,0,1,0
20260821,PWL,cod,1,1,1,1,,,1,1,1,1,,,0,1,0,1,0
20260801,GBL,pp,,,1,1,,,1,1,1,1,,,0,1,0,2,0
20260730,NAH,pp,2,2,4,4,,,1,1,1,1,2,0,0,1,,,
20260806,ARL,pp,3,3,3,3,,,1,1,1,1,2,1,0,1,0,1,0
20260908,ZBR,pp,1,1,1,1,,,1,1,1,1,1,1,0,1,0,2,0
20260824,EML,pp,3,4,3,3,1,1,1,1,1,1,1,1,0,1,0,1,0
20260808,XIH,pp,8,8,6,6,,,1,1,1,1,2,0,0,1,0,2,0
20260903,ZAC,cod,5,5,5,5,,,1,1,1,1,1,1,0,1,0,3,0
20260811,LTL,pp,3,3,3,4,,,1,1,1,1,1,1,0,1,,,
20260722,ZEX,pp,3,3,1,1,,,1,1,1,1,1,1,0,1,0,1,0
20260818,SWY,pp,1,1,2,2,,,1,1,1,1,1,1,0,1,0,1,0
20260914,ZET,pp,2,2,2,2,,,1,1,1,1,1,1,0,1,,,
20260709,GBL,pp,3,3,1,1,,,1,1,1,1,2,1,0,1,,,
20260822,WZA,cod,,,3,3,,,1,1,1,1,1,1,0,1,,,
20260909,ZAE,pp,2,2,1,1,,,1,1,1,1,,,0,1,,,
20260919,COM,pp,7,7,4,6,,,1,1,1,1,5,1,0,1,0,6,0
20260702,SWL,cod,2,3,0,1,2,4,1,1,1,1,1,1,0,1,0,1,0
20260702,XIH,cod,1,1,1,1,,,1,1,1,1,,,0,1,1,2,1
20260821,GRG,pp,1,1,1,1,,,1,1,1,1,1,1,0,1,0,4,0
20260918,EZS,pp,2,3,0,2,,,1,1,1,1,1,1,0,1,,,
20260916,ZAC,cod,3,3,2,3,,,1,1,1,1,1,1,0,1,0,3,0
20260827,ZAC,cod,1,1,1,1,,,1,1,1,1,1,1,0,1,,,
20260917,PBR,pp,2,2,1,2,,,1,1,1,1,2,1,0,1,,,
20260722,ZED,pp,1,1,1,1,,,1,1,1,1,1,0,0,1,,,
20260808,WZO,pp,,,2,2,,,1,1,1,1,2,1,0,1,0,1,0
20260817,SWT,cod,17,20,10,10,3,3,1,1,1,1,1,1,0,1,0,3,0
20260702,NAH,pp,2,2,1,1,,,1,1,1,1,1,0,0,1,0,3,0
20260822,WXE,pp,3,3,3,3,,,1,1,1,1,,,0,1,0,2,0
20260722,COM,pp,2,2,2,2,,,1,1,1,1,,,0,1,,,
20260630,SWY,pp,1,1,1,1,,,1,1,1,1,2,1,0,1,0,1,0
20260813,ZAS,pp,1,1,1,1,,,1,1,1,1,1,1,0,1,0,2,0
20260729,AMA,cod,9,9,9,9,,,1,1,1,1,1,1,0,1,0,2,0
20260829,SWL,cod,1,1,1,1,1,1,1,1,1,1,1,0,0,1,0,1,0
20260820,ZAO,pp,2,2,2,2,,,1,1,1,1,1,1,0,1,0,8,0
20260810,ZAO,pp,2,3,2,2,1,1,1,1,1,1,10,1,0,1,1,2,0
20260710,ZAO,cod,3,3,3,3,,,1,1,1,1,1,1,0,1,0,1,0
20260901,ZET,pp,4,4,2,2,,,1,1,1,1,,,0,1,,,
20260905,RHH,pp,1,1,3,3,,,1,1,1,1,1,1,0,1,0,2,0
20260821,LVP,pp,2,2,2,2,1,1,1,1,1,1,1,0,0,1,0,1,0
20260728,XIH,cod,2,2,1,2,,,1,1,1,1,1,0,0,1,0,1,0
20260806,ZAC,pp,1,1,1,1,,,1,1,1,1,,,0,1,0,1,0
20260826,ZAE,pp,,,1,1,,,1,1,1,1,,,0,1,,,
20260718,WPV,pp,10,10,8,8,,,1,1,1,1,1,0,0,1,,,
20260710,PBR,pp,1,1,1,1,,,1,1,1,1,1,1,0,1,0,1,0
20260911,LVP,pp,3,3,3,3,,,1,1,1,1,1,1,0,1,0,1,0
20260717,ZFB,pp,7,7,7,7,,,1,1,1,1,3,1,0,1,0,2,0
20260718,SWT,cod,,,1,1,1,1,1,1,1,1,1,0,0,1,0,2,0
20260910,PWL,pp,4,4,3,5,,,1,1,1,1,1,0,0,1,0,1,0
20260703,SDH,pp,7,15,5,5,3,4,1,1,1,1,2,1,0,1,0,1,0
20260828,RHH,pp,2,2,2,2,,,1,1,1,1,1,1,0,1,0,2,0
20260706,ZAC,pp,,,2,2,,,1,1,1,1,,,0,1,0,2,0
20260811,PBR,pp,2,2,2,2,,,1,1,1,1,,,0,1,0,2,0
20260630,ZCQ,pp,1,1,1,1,,,1,1,1,1,,,0,1,0,1,0
20260825,ZBR,pp,1,1,1,1,,,1,1,1,1,1,1,0,1,0,1,0
20260811,WYG,pp,2,2,2,2,,,1,1,1,1,2,1,0,1,,,
20260707,NAH,pp,1,1,1,1,,,1,1,1,1,,,0,1,0,1,0
20260710,ZAO,pp,9,9,8,8,,,1,1,1,1,,,0,1,0,4,0
20260624,SWE,cod,10,10,6,6,,,1,1,1,1,,,0,1,0,1,0
20260701,LGL,pp,,,1,1,,,1,1,1,1,1,1,0,1,,,
20260917,ZBL,pp,2,2,0,2,,,1,1,1,1,1,1,0,1,,,
20260714,ZER,pp,1,1,1,1,,,1,1,1,1,1,1,0,1,,,
20260712,EPL,pp,,,1,1,,,1,1,1,1,,,0,1,0,1,0
20260902,TYL,pp,1,1,1,1,,,1,1,1,1,,,0,1,0,1,0
20260730,WZO,pp,3,3,1,1,,,1,1,1,1,3,1,0,1,,,
20260913,TUN,pp,,,2,2,,,1,1,1,1,1,1,0,1,,,
20260817,ZFF,pp,,,2,2,,,1,1,1,1,,,0,1,0,5,0
20260709,ZER,pp,3,3,4,4,,,1,1,1,1,,,0,1,,,
20260818,ZAO,cod,2,2,2,2,,,1,1,1,1,,,0,1,0,1,0
20260730,RHH,pp,3,3,3,3,,,1,1,1,1,1,1,0,1,0,3,0
20260627,CFP,pp,5,5,5,5,,,1,1,1,1,3,0,0,1,0,1,0
20260708,GBL,pp,1,1,1,1,,,1,1,1,1,,,0,1,0,2,0
20260902,XIH,cod,5,5,2,3,,,1,1,1,1,1,1,0,1,,,
20260808,WYG,pp,,,1,1,,,1,1,1,1,,,0,1,0,1,0
20260625,SLB,pp,2,2,2,2,,,1,1,1,1,1,1,0,1,0,1,0
20260827,WPV,pp,9,9,9,9,,,1,1,1,1,2,0,0,1,0,4,0
20260817,LVP,cod,1,1,0,1,1,1,1,1,1,1,1,0,0,1,,,
20260813,SWY,cod,1,1,1,1,,,1,1,1,1,,,0,1,0,1,0
20260624,ESC,pp,41,41,40,41,,,1,1,1,1,,,0,1,0,3,0
20260908,GUD,pp,,,1,1,,,1,1,1,1,1,1,0,1,0,1,0
20260912,WZA,cod,1,1,1,1,,,1,1,1,1,1,1,0,1,,,
20260706,EPL,pp,,,1,1,,,1,1,1,1,1,0,0,1,0,2,0
20260803,SWY,cod,1,3,1,1,,,1,1,1,1,2,1,0,1,,,
20260912,ZBR,pp,2,2,3,3,,,1,1,1,1,1,1,0,1,0,1,0
20260813,ZAC,pp,2,2,2,2,,,1,1,1,1,2,1,0,1,0,1,0
20260807,WPV,pp,5,5,4,4,,,1,1,1,1,2,1,0,1,0,1,0
20260919,EZS,pp,,,0,2,,,1,1,1,1,1,1,0,1,,,
20260909,SWY,cod,1,1,0,1,,,1,1,1,1,1,1,0,1,0,2,0
20260721,ZAS,pp,1,1,1,1,,,1,1,1,1,,,0,1,,,
20260910,ZAC,cod,2,2,2,2,,,1,1,1,1,1,1,0,1,0,1,0
20260812,ZAO,pp,6,6,6,6,,,1,1,1,1,,,0,1,0,2,0
20260811,EPL,pp,0,1,1,1,,,1,1,1,1,,,0,1,0,2,0
20260718,ZAC,pp,1,1,1,1,,,1,1,1,1,1,1,0,1,,,
20260701,SWY,cod,2,2,1,2,,,1,1,1,1,1,1,0,1,0,1,0
20260629,ZEB,cod,,,2,2,,,1,1,1,1,1,1,0,1,,,
20260822,RHH,pp,,,1,1,,,1,1,1,1,1,1,0,1,,,
20260921,PWL,cod,1,1,0,1,,,1,1,1,1,,,0,1,,,
20260803,PBR,pp,1,1,1,1,,,1,1,1,1,1,1,0,1,0,2,0
20260705,LVP,cod,2,2,2,2,,,1,1,1,1,2,1,0,1,0,2,0
20260812,ARL,pp,,,1,1,,,1,1,1,1,,,0,1,0,2,0
20260710,GBL,pp,1,2,4,4,,,1,1,1,1,,,0,1,,,
20260625,ZAS,pp,1,1,2,2,,,1,1,1,1,1,0,0,1,,,
20260905,NAH,pp,3,3,6,7,,,1,1,1,1,2,1,0,1,0,4,0
20260809,BHH,pp,26,26,16,16,,,1,1,1,1,4,1,0,1,0,3,0
20260814,XIH,cod,1,1,1,1,,,1,1,1,1,2,0,0,1,,,
20260820,ZBR,pp,,,1,1,,,1,1,1,1,,,0,1,,,
20260903,ZAC,pp,1,1,1,1,,,1,1,1,1,3,1,0,1,0,1,0
20260731,MRR,pp,3,3,3,3,,,1,1,1,1,,,0,1,0,1,0
20260810,WXE,pp,1,1,1,1,,,1,1,1,1,1,1,0,1,0,1,0
20260826,PEP,pp,2,6,5,6,,,1,1,1,1,2,0,0,1,0,1,0
20260720,SWY,cod,1,1,0,1,,,1,1,1,1,1,1,0,1,0,1,0
20260706,LTL,pp,4,4,7,7,,,1,1,1,1,1,1,0,1,0,1,0
20260921,LVP,pp,1,1,0,1,,,1,1,1,1,1,1,0,1,,,
20260702,WPV,pp,4,4,4,4,,,1,1,1,1,1,1,0,1,0,2,0
20260625,MRR,pp,5,5,5,5,,,1,1,1,1,5,1,0,1,0,1,0
20260822,EPL,pp,1,1,1,1,,,1,1,1,1,1,1,0,1,0,1,0
20260824,SWY,pp,1,1,1,1,,,1,1,1,1,,,0,1,0,1,0
20260625,WZI,pp,9,9,5,5,,,1,1,1,1,2,1,0,1,0,1,0
20260630,ZAE,pp,1,1,1,1,,,1,1,1,1,1,1,0,1,,,
20260727,WZO,pp,1,1,1,1,,,1,1,1,1,,,0,1,0,1,0
20260703,NAH,pp,,,0,1,,,1,1,1,1,4,1,0,1,0,2,0
20260809,EML,pp,1,1,3,3,,,1,1,1,1,1,1,0,1,0,1,0
20260915,RSL,cod,,,7,10,,,1,1,1,1,1,1,0,1,0,1,0
20260827,LVP,cod,1,1,1,1,,,1,1,1,1,,,0,1,0,2,0
20260702,EPL,pp,1,1,1,1,,,1,1,1,1,,,0,1,,,
20260906,ZAO,cod,4,4,3,3,,,1,1,1,1,,,0,1,0,4,0
20260820,ARL,pp,3,3,1,1,,,1,1,1,1,,,0,1,,,
20260624,NAH,cod,149,150,92,146,,,1,1,1,1,,,0,1,0,53,0
20260624,DBL,pp,34,35,1,1,,,1,1,1,1,,,0,1,0,11,0
20260920,SWT,pp,13,14,0,4,1,1,1,1,1,1,5,1,0,1,0,1,0
20260626,WZI,pp,4,4,6,6,,,1,1,1,1,2,0,0,1,,,
20260818,NAH,pp,5,5,4,4,,,1,1,1,1,2,1,0,1,0,1,0
20260629,PBR,pp,1,1,1,1,,,1,1,1,1,1,1,0,1,,,
20260701,ZFB,pp,9,9,9,9,,,1,1,1,1,1,1,0,1,0,2,0
20260909,WYG,pp,4,4,5,5,,,1,1,1,1,1,1,0,1,,,
20260808,WZA,cod,5,6,5,5,1,1,1,1,1,1,1,1,0,1,,,
20260910,PBR,pp,3,3,3,3,,,1,1,1,1,1,0,0,1,,,
20260701,EPL,pp,,,1,1,,,1,1,1,1,2,1,0,1,0,1,0
20260712,EPL,cod,,,1,1,,,1,1,1,1,,,0,1,,,
20260910,ZAA,pp,1,1,21,21,,,1,1,1,1,3,1,0,1,0,2,0
20260813,RHH,pp,2,2,2,2,,,1,1,1,1,1,1,0,1,,,
20260911,ZBR,pp,1,1,1,1,,,1,1,1,1,,,0,1,,,
20260724,XIH,cod,4,5,3,4,,,1,1,1,1,1,0,0,1,0,2,0
20260819,PBR,pp,1,1,1,1,,,1,1,1,1,,,0,1,0,1,0
20260713,WZA,pp,1,1,1,1,,,1,1,1,1,3,1,0,1,,,
20260806,TUN,pp,6,6,9,9,,,1,1,1,1,,,0,1,,,
20260730,SWY,cod,2,2,0,1,,,1,1,1,1,1,1,0,1,,,
20260913,XIH,cod,1,1,1,2,,,1,1,1,1,1,1,0,1,0,1,0
20260904,PBR,pp,2,2,2,2,,,1,1,1,1,1,1,0,1,0,1,0
20260725,SLB,pp,1,1,1,1,,,1,1,1,1,1,1,0,1,0,1,0
20260723,PEP,pp,0,4,11,13,,,1,1,1,1,,,0,1,,,
20260921,KOL,pp,0,1,0,3,,,1,1,1,1,1,0,0,1,,,
20260803,SWY,pp,1,1,1,1,,,1,1,1,1,1,1,0,1,,,
20260701,WZA,pp,1,2,2,2,1,1,1,1,1,1,,,0,1,,,
20260629,ZED,pp,3,3,3,3,,,1,1,1,1,2,1,0,1,0,2,0
20260707,XIH,pp,5,5,7,7,,,1,1,1,1,3,1,0,1,0,5,0
20260909,TYL,pp,,,2,2,,,1,1,1,1,1,1,0,1,0,1,0
20260628,NAH,pp,4,4,2,2,,,1,1,1,1,2,0,0,1,,,
20260827,NAH,pp,3,3,4,4,1,1,1,1,1,1,1,0,0,1,0,1,0
20260731,EPL,pp,2,2,2,2,,,1,1,1,1,1,1,0,1,0,1,0
20260917,MRR,pp,2,2,2,2,,,1,1,1,1,1,1,0,1,,,
20260626,ZAS,pp,1,1,1,1,,,1,1,1,1,4,1,0,1,,,
20260908,XIH,pp,2,2,3,3,,,1,1,1,1,2,1,0,1,0,2,0
20260726,XIH,pp,5,5,1,1,,,1,1,1,1,3,1,0,1,0,3,0
20260804,WZA,cod,2,2,2,2,,,1,1,1,1,,,0,1,,,
20260803,LVP,cod,1,1,2,2,,,1,1,1,2,1,1,1,2,0,3,0
20260801,XIH,cod,1,2,2,2,,,1,1,1,2,1,0,0,2,0,3,0
20260731,RLL,cod,,,0,1,,,1,2,1,2,2,2,0,2,0,4,0
20260920,SWT,cod,6,8,1,4,0,1,1,2,1,2,3,2,0,2,0,6,0
20260830,XIH,pp,3,3,1,1,,,1,1,2,2,3,1,0,2,0,3,0
20260917,IBH,cod,2,3,0,2,0,1,1,2,1,2,3,1,1,2,0,1,0
20260818,SWL,cod,2,2,2,2,0,1,1,1,1,2,2,1,0,2,0,3,0
20260807,TUN,pp,14,14,12,12,,,1,2,1,2,2,2,1,2,0,3,0
20260919,SLB,cod,1,1,2,2,,,1,2,1,2,,,1,2,0,1,0
20260624,MOH,cod,196,218,92,129,,,1,2,1,2,,,0,2,0,97,0
20260712,ZAA,cod,1,1,74,81,1,1,1,1,1,2,4,1,0,2,0,10,0
20260921,RLL,pp,1,6,0,4,1,2,1,1,1,2,1,0,0,2,0,1,0
20260811,RLL,cod,1,1,1,1,0,1,1,1,1,2,1,1,0,2,0,4,0
20260727,WXE,pp,7,7,9,9,0,1,1,2,1,2,2,1,0,2,0,2,0
20260804,VSL,pp,14,15,10,10,,,1,1,2,2,1,0,0,2,0,1,0
20260716,ZED,pp,1,1,1,1,,,1,1,2,2,3,1,0,2,0,1,0
20260810,CFP,pp,3,6,9,9,3,3,1,1,2,2,1,1,0,2,0,1,0
20260819,ZED,pp,1,1,1,1,,,1,1,1,2,1,0,0,2,,,
20260811,ZEB,pp,1,1,1,1,,,1,1,2,2,1,1,0,2,0,1,0
20260707,SWL,cod,,,6,6,1,2,1,2,1,2,2,2,0,2,0,1,0
20260905,LVP,cod,1,1,1,1,,,1,2,1,2,,,1,2,0,2,0
20260810,LVP,cod,2,2,3,3,1,2,1,2,1,2,2,2,0,2,0,2,0
20260824,CUH,cod,2,2,2,2,,,1,1,1,2,1,1,0,2,0,2,0
20260728,RLL,cod,5,6,2,3,1,1,1,1,2,2,1,1,0,2,0,1,0
20260921,PBR,cod,7,10,0,9,0,1,1,2,1,2,4,1,0,2,0,5,0
20260814,PBR,cod,3,3,3,3,0,1,1,2,1,2,3,2,0,2,0,3,0
20260816,ROI,pp,,,5,7,,,1,2,1,2,16,0,1,2,1,2,1
20260702,BBO,cod,8,8,11,12,0,1,1,1,2,2,1,1,0,2,0,5,0
20260901,XIH,pp,2,2,5,5,,,1,1,2,2,1,0,0,2,0,2,0
20260715,NAH,pp,2,2,2,2,,,1,2,1,2,1,0,0,2,0,1,0
20260807,SWY,cod,1,1,1,1,0,1,1,2,1,2,1,0,0,2,0,1,0
20260827,ESL,pp,3,3,1,1,,,1,1,1,2,1,1,1,2,0,4,0
20260627,IBH,cod,2,2,2,2,,,1,2,1,2,2,1,1,2,0,2,0
20260718,XIH,cod,4,4,3,3,0,1,1,2,1,2,4,1,0,2,0,1,0
20260625,JEE,pp,6,7,6,6,,,1,2,1,2,3,0,0,2,0,1,0
20260902,LVP,pp,3,3,4,4,,,1,1,1,2,2,1,1,2,0,1,0
20260730,SWE,cod,2,2,1,1,,,1,1,1,2,5,0,1,2,0,2,0
20260812,XIH,cod,1,1,1,1,0,1,1,2,1,2,1,1,0,2,0,2,0
20260919,RLL,pp,1,1,0,1,,,1,1,1,2,2,0,1,2,0,2,0
20260708,PBR,cod,1,1,2,2,,,1,2,1,2,2,1,0,2,0,2,0
20260902,EML,pp,,,3,3,,,1,2,1,2,2,1,1,2,0,2,0
20260717,GBL,pp,2,3,5,5,,,1,2,1,2,2,2,1,2,0,2,0
20260810,XIH,pp,6,6,13,13,,,1,1,2,2,2,1,0,2,0,3,0
20260919,PBR,pp,1,1,0,1,,,1,2,1,2,,,1,2,0,3,0
20260901,LVP,pp,4,5,3,3,1,1,1,1,1,2,1,1,0,2,0,1,0
20260626,GUD,pp,8,8,8,8,2,2,1,1,2,2,,,0,2,0,1,0
20260718,TUN,pp,9,9,10,10,,,1,1,2,2,2,1,0,2,0,3,0
20260816,SWT,cod,5,5,3,3,1,1,1,1,2,2,4,1,0,2,1,3,1
20260827,KOL,pp,,,4,4,1,1,1,2,1,2,,,1,2,0,1,0
20260829,PBR,cod,5,9,4,4,4,5,1,2,1,2,1,1,0,2,0,1,0
20260820,IBH,cod,7,8,3,5,2,3,1,1,1,2,3,1,0,2,1,3,1
20260729,SWT,cod,6,6,4,4,1,1,1,1,1,2,1,1,0,2,0,2,0
20260817,EML,pp,2,3,1,1,1,2,1,1,1,2,,,0,2,1,3,1
20260811,PBR,cod,1,1,2,3,1,1,1,1,1,2,1,1,1,2,0,4,0
20260920,NAH,pp,2,2,0,1,,,1,2,1,2,1,0,0,2,0,2,0
20260820,IBH,pp,13,13,5,6,,,1,1,1,2,4,1,0,2,0,4,0
20260828,SLB,pp,1,1,1,1,,,1,2,1,2,2,2,1,2,,,
20260829,LVP,pp,3,3,3,3,,,1,1,1,2,2,1,1,2,0,2,0
20260625,ZED,pp,1,1,1,1,,,1,2,1,2,1,1,0,2,0,1,0
20260907,COM,pp,12,12,10,10,,,1,1,1,2,3,0,1,2,1,6,1
20260802,LVP,cod,2,2,1,1,0,1,1,2,1,2,,,0,2,0,4,0
20260810,IBH,cod,5,5,0,1,,,1,1,1,2,2,1,0,2,0,2,0
20260915,EML,pp,4,4,3,4,,,1,1,2,2,1,1,0,2,0,3,0
20260918,NEX,pp,11,13,4,13,,,1,2,1,2,13,1,1,2,0,109,0
20260728,CUH,cod,7,7,4,7,1,1,1,2,1,2,2,2,1,2,0,1,0
20260819,LTL,pp,1,1,16,16,0,1,1,1,1,2,4,1,0,2,0,5,0
20260826,TYL,cod,1,1,2,2,0,1,1,2,1,2,3,2,0,2,,,
20260909,PBR,cod,2,2,2,2,0,1,1,2,1,2,1,1,1,2,0,5,0
20260703,SWT,cod,5,5,1,4,1,2,1,2,1,2,4,2,0,2,0,7,0
20260817,ROI,pp,,,3,3,,,1,1,2,2,7,0,0,2,5,5,4
20260707,PBR,cod,6,8,5,8,2,3,1,2,1,2,3,1,0,2,0,2,0
20260629,PBR,cod,1,1,1,1,,,1,2,1,2,2,1,1,2,0,3,0
20260629,NAH,pp,1,1,2,2,0,1,1,2,1,2,1,0,0,2,0,1,0
20260714,LTL,pp,5,5,7,7,,,1,1,2,2,,,0,2,0,8,0
20260729,IBH,pp,5,10,1,1,3,4,1,1,1,2,3,0,0,2,0,6,0
20260919,PEP,pp,0,2,0,4,,,1,1,1,2,2,1,0,2,,,
20260825,AMA,cod,4,4,4,4,,,1,1,1,2,1,1,1,2,0,1,0
20260718,AMA,cod,3,3,4,5,,,1,1,1,2,2,1,0,2,0,1,0
20260805,WYG,pp,2,2,3,3,,,1,1,2,2,,,0,2,0,2,0
20260901,NAH,pp,2,2,1,1,0,1,1,1,1,2,1,0,0,2,0,2,0
20260811,NAH,pp,3,3,1,1,,,1,1,2,2,2,1,0,2,0,1,0
20260709,ARL,pp,11,11,11,11,,,1,1,2,2,3,1,0,2,0,2,0
20260917,ZAO,cod,1,1,1,1,,,1,2,1,2,1,1,1,2,,,
20260819,PBR,cod,4,4,2,6,,,1,1,1,2,1,1,1,2,0,2,0
20260728,ZAA,pp,,,1,1,,,1,2,1,2,1,1,1,2,0,9,0
20260713,PBR,cod,5,6,8,8,,,1,2,1,2,2,0,0,2,0,1,0
20260921,IBH,cod,0,2,0,1,0,2,1,1,1,2,3,1,0,2,,,
20260826,SWE,pp,4,4,2,2,,,1,1,2,2,1,0,0,2,0,4,0
20260918,WXE,pp,0,1,0,1,1,1,1,1,1,2,1,1,0,2,0,1,0
20260804,CFP,pp,1,2,1,1,1,1,1,1,2,2,,,0,2,0,2,0
20260820,BGH,cod,2,2,1,1,,,1,1,1,2,2,0,1,2,0,1,0
20260720,NAH,pp,1,1,1,1,,,1,2,1,2,2,1,1,2,0,2,0
20260821,THE,pp,3,3,0,1,,,1,1,2,2,,,0,2,,,
20260703,BBO,pp,23,23,17,19,,,1,1,2,2,,,0,2,0,6,0
20260820,ZED,pp,1,1,1,1,,,1,1,1,2,1,0,0,2,0,2,0
20260808,NAH,pp,1,1,1,1,0,1,1,2,1,2,1,1,0,2,0,3,0
20260717,XIH,pp,2,2,3,3,,,1,1,2,2,2,0,0,2,0,7,0
20260917,WPV,pp,5,5,2,3,,,1,2,1,2,1,1,1,2,,,
20260830,RHH,pp,,,2,2,,,1,2,1,2,2,2,1,2,0,1,0
20260806,WPV,pp,4,4,4,4,,,1,1,2,2,,,0,2,0,8,0
20260629,ZET,pp,2,2,3,3,,,1,1,2,2,,,0,2,0,3,0
20260825,LVP,cod,1,1,1,1,0,1,1,2,1,2,2,2,0,2,,,
20260904,KOL,pp,1,1,2,3,,,1,1,2,2,1,1,0,2,0,2,0
20260803,ZAO,cod,3,3,3,3,,,1,2,1,2,2,2,0,2,0,2,0
20260910,BUT,cod,,,1,2,0,1,1,1,1,2,2,1,1,2,,,
20260821,WXE,pp,5,5,5,5,,,1,1,2,2,,,0,2,0,1,0
20260729,LGL,pp,4,6,45,47,0,1,1,1,2,2,,,0,2,0,4,0
20260909,XIH,cod,,,0,1,,,1,1,1,2,1,1,0,2,1,1,1
20260919,RSL,cod,,,0,3,,,1,2,1,2,2,2,0,2,0,10,0
20260806,NAH,pp,0,1,1,1,2,3,1,2,1,2,2,2,0,2,0,1,0
20260822,XIH,cod,1,1,0,1,,,1,1,1,2,,,1,2,0,2,0
20260904,CUH,cod,1,1,1,1,,,1,2,1,2,2,2,0,2,0,2,0
20260626,ZET,pp,3,3,3,3,,,1,2,1,2,3,0,1,2,0,2,0
20260902,BGH,cod,4,4,1,1,,,1,1,2,2,3,1,0,2,0,1,0
20260818,THE,pp,10,10,6,7,,,1,2,1,2,3,2,0,2,0,2,0
20260813,PEP,pp,,,5,5,1,1,1,1,2,2,,,0,2,0,1,0
20260921,PBR,pp,1,2,0,1,,,1,1,2,2,1,1,0,2,0,1,0
20260714,SWL,cod,304,310,98,134,,,1,2,1,2,1,1,0,2,0,5,0
20260716,WZO,pp,7,8,2,2,1,1,1,1,1,2,1,0,0,2,0,3,0
20260801,RLL,cod,1,1,1,1,1,1,1,1,1,2,1,1,0,2,1,1,1
20260909,RLL,pp,9,10,10,10,3,3,1,1,1,2,2,1,0,2,0,4,0
20260814,ESL,pp,4,4,4,4,,,1,2,1,2,5,1,0,2,0,4,0
20260711,ZFB,pp,1,1,1,1,,,1,1,2,2,1,1,0,2,0,1,0
20260730,ZEB,pp,1,1,2,2,,,1,2,1,2,2,2,1,2,,,
20260810,NAH,pp,3,3,3,3,,,1,2,1,2,1,1,1,2,0,1,0
20260709,ZAO,cod,2,2,5,5,,,1,1,2,2,1,1,0,2,,,
20260627,SLB,cod,1,1,1,1,,,1,2,1,2,1,1,0,2,,,
20260918,PBR,cod,3,3,2,2,,,1,1,1,2,6,1,0,2,0,3,0
20260905,CUH,cod,4,4,3,4,0,1,1,2,1,3,4,3,1,3,0,1,0
20260710,BBO,cod,5,5,4,5,,,1,2,2,3,2,1,1,3,0,5,0
20260816,LSR,cod,2,2,1,3,3,3,1,2,1,3,4,2,2,3,2,3,0
20260710,ZED,pp,2,2,6,6,,,1,1,2,3,,,0,3,0,2,0
20260717,AMA,pp,11,11,10,10,,,1,1,3,3,2,1,0,3,0,7,0
20260714,SWE,cod,2,2,2,3,,,1,2,1,3,4,1,2,3,0,6,0
20260729,CUH,cod,5,5,4,5,,,1,2,1,3,2,2,1,3,0,1,0
20260722,SWE,cod,4,4,2,4,0,2,1,3,1,3,3,0,0,3,0,6,0
20260906,EML,cod,2,3,1,2,,,1,3,1,3,,,1,3,0,8,0
20260806,EML,pp,,,6,6,,,1,2,2,3,1,1,0,3,0,5,0
20260826,LVP,pp,,,1,1,,,1,3,1,3,3,2,2,3,,,
20260716,ZEL,cod,36,36,29,32,,,1,2,2,3,5,1,1,3,0,10,0
20260826,PBR,cod,2,3,4,4,1,1,1,2,2,3,2,2,0,3,0,2,0
20260901,SWT,cod,4,7,5,8,2,3,1,3,1,3,4,1,1,3,0,7,0
20260814,SWL,cod,5,5,1,1,0,1,1,2,2,3,,,0,3,0,3,0
20260706,GUD,pp,16,16,14,14,2,2,1,3,1,3,5,3,2,3,0,3,0
20260730,SWL,cod,2,3,4,4,2,2,1,3,1,3,3,2,1,3,0,3,0
20260630,WZA,pp,3,3,2,2,1,2,1,2,2,3,2,1,0,3,0,5,0
20260903,ROI,pp,10,10,3,3,,,1,2,2,3,11,0,0,3,0,2,0
20260907,KOL,pp,5,5,5,5,,,1,2,2,3,3,2,0,3,0,5,0
20260702,WZO,pp,5,5,3,3,,,1,1,1,3,,,1,3,0,3,0
20260625,TYL,pp,2,2,1,1,0,2,1,3,1,3,,,0,3,,,
20260731,XIH,cod,1,1,1,1,1,2,1,3,1,3,2,2,1,3,,,
20260716,ROI,pp,17,19,23,27,2,2,1,2,2,3,28,0,1,3,1,4,1
20260901,CUH,cod,2,2,2,3,,,1,2,1,3,2,1,0,3,0,1,0
20260727,CUH,cod,7,7,3,7,0,2,1,3,1,3,3,3,0,3,0,1,0
20260902,IBH,cod,7,7,5,7,,,1,1,1,3,1,0,0,3,0,2,0
20260816,SWL,cod,1,1,2,2,,,1,1,2,3,1,1,0,3,0,2,0
20260829,NAH,pp,5,7,6,6,0,1,1,2,1,3,1,0,0,3,0,1,0
20260818,SWE,cod,2,2,2,2,0,1,1,2,1,3,,,1,3,0,3,0
20260701,RLL,cod,2,2,0,1,1,3,1,3,1,3,3,2,0,3,0,2,0
20260910,PBR,cod,9,9,3,4,,,1,2,2,3,2,2,0,3,,,
20260707,GUD,pp,14,14,2,2,,,1,1,1,3,2,0,2,3,0,1,0
20260908,CRL,pp,,,2,2,,,1,1,3,3,1,1,0,3,0,4,0
20260917,EML,cod,16,18,2,6,1,1,1,2,1,3,5,1,0,3,1,2,1
20260828,TYL,cod,,,1,1,,,1,3,1,3,2,2,2,3,,,
20260813,SWE,pp,19,19,19,19,,,1,2,2,3,7,0,1,3,0,7,0
20260907,SWE,cod,9,9,8,10,,,1,1,1,3,2,1,0,3,0,4,0
20260911,PBR,cod,3,4,8,9,,,1,1,3,3,2,1,0,3,0,1,0
20260831,SWL,cod,3,3,0,1,0,2,1,3,1,3,2,2,0,3,0,1,0
20260828,SWE,pp,4,4,5,5,1,1,1,1,1,3,4,1,0,3,0,1,0
20260713,LSR,cod,3,3,4,6,1,3,1,1,1,3,3,1,0,3,0,1,0
20260825,VSL,pp,8,8,7,7,,,1,1,2,3,1,1,1,3,0,4,0
20260829,CUH,cod,1,1,0,1,0,2,1,1,3,3,1,0,0,3,0,1,0
20260917,ROI,pp,13,14,2,5,,,1,1,1,3,16,0,2,3,,,
20260815,SWL,cod,,,3,3,,,1,3,1,3,3,3,0,3,0,1,0
20260828,IBH,cod,0,9,1,2,1,1,1,2,1,3,4,1,1,3,0,3,0
20260706,SWE,cod,6,7,7,9,,,1,2,1,3,6,0,1,3,1,8,0
20260816,RSL,cod,1,1,1,1,,,1,1,1,3,2,0,0,3,0,1,0
20260829,ZAO,pp,6,6,6,6,,,1,2,2,3,2,1,0,3,0,3,0
20260829,BGH,cod,2,2,2,2,,,1,2,2,3,2,2,0,3,,,
20260903,PWL,pp,1,1,0,1,,,1,2,1,3,1,0,0,3,0,5,0
20260920,IBH,cod,1,1,0,2,,,1,1,1,3,,,0,3,0,3,0
20260706,SDH,pp,2,4,1,3,6,6,1,1,3,3,5,1,0,3,0,7,0
20260703,LVP,pp,8,9,8,8,0,1,1,1,1,3,1,0,1,3,0,5,0
20260829,BBO,cod,3,3,2,3,0,1,1,2,2,3,3,1,0,3,0,9,0
20260830,IBH,pp,0,10,1,1,3,3,1,1,2,3,2,1,1,3,0,1,0
20260706,XIH,cod,2,2,2,2,0,2,1,3,1,3,3,1,0,3,,,
20260813,IBH,cod,6,7,1,1,,,1,1,2,3,3,0,0,3,0,4,0
20260721,TYL,cod,,,3,3,,,1,2,2,3,1,1,0,3,0,3,0
20260709,PBR,cod,3,3,3,3,0,2,1,3,1,3,4,3,0,3,1,4,1
20260904,PEP,pp,0,2,3,3,,,1,2,1,3,2,1,0,3,,,
20260704,WZO,pp,2,2,4,4,,,1,2,1,3,3,2,2,3,0,4,0
20260804,IBH,cod,1,2,4,4,1,2,1,2,1,3,4,2,0,3,0,2,0
20260829,IBH,pp,10,22,8,8,,,1,1,1,3,2,1,1,3,1,8,1
20260713,CFP,pp,3,3,3,3,,,1,1,3,3,,,0,3,,,
20260912,RHH,pp,3,3,3,3,,,1,2,2,3,2,1,0,3,0,2,0
20260902,AMA,cod,3,3,3,3,,,1,2,2,3,3,2,0,3,0,4,0
20260726,LVP,cod,2,2,3,3,,,1,1,1,4,1,0,1,4,0,2,0
20260730,LSR,cod,5,7,7,7,1,1,1,1,3,4,2,0,1,4,0,6,0
20260808,CUH,cod,6,6,3,6,1,2,1,3,1,4,2,2,0,4,0,5,0
20260827,LKH,pp,15,15,13,13,,,1,2,2,4,2,2,0,4,0,2,0
20260714,MRR,pp,8,10,7,8,,,1,2,2,4,4,1,1,4,0,8,0
20260720,SWE,cod,5,5,4,6,,,1,2,2,4,3,0,1,4,0,4,0
20260825,RLL,cod,11,11,3,4,0,1,1,2,2,4,3,1,1,4,0,4,0
20260624,KIC,cod,132,135,89,106,,,1,4,1,4,,,0,4,0,71,0
20260822,CUH,cod,1,1,1,1,,,1,1,2,4,,,1,4,0,2,0
20260716,IBH,pp,14,15,6,8,2,3,1,2,3,4,6,2,0,4,0,4,0
20260709,SWL,cod,4,5,4,4,,,1,4,1,4,5,4,0,4,0,3,0
20260710,PBR,cod,2,2,3,3,0,1,1,3,1,4,2,1,1,4,0,1,0
20260717,TUN,pp,13,13,11,11,,,1,1,2,4,1,1,0,4,0,1,0
20260704,RSL,cod,7,8,4,11,,,1,2,1,4,1,1,0,4,0,2,0
20260812,EML,cod,3,4,2,2,1,2,1,3,1,4,11,1,0,4,0,2,0
20260805,RSL,cod,13,13,4,9,0,1,1,2,1,4,3,1,0,4,0,2,0
20260724,IBH,cod,1,1,1,2,0,2,1,3,1,4,4,1,0,4,0,3,0
20260728,LVP,cod,2,2,2,2,,,1,3,2,4,2,2,0,4,0,4,0
20260901,KOL,pp,4,4,1,1,1,1,1,2,2,4,2,1,1,4,0,1,0
20260704,LVP,pp,11,11,8,11,,,1,2,2,4,2,1,1,4,0,4,0
20260905,SWE,cod,13,13,11,11,0,2,1,4,1,4,3,1,1,4,0,2,0
20260921,XIH,cod,0,1,0,3,,,1,2,3,4,3,2,0,4,,,
20260820,PBR,cod,4,4,3,3,,,1,3,2,4,5,3,1,4,0,2,0
20260804,SWE,cod,3,3,4,4,0,1,1,3,1,4,7,1,0,4,0,3,0
20260701,BBO,cod,11,11,7,7,,,1,3,1,4,1,1,0,4,0,8,0
20260905,PBR,cod,,,2,2,,,1,2,3,4,1,1,0,4,0,1,0
20260803,ESC,cod,12,12,8,12,0,4,1,4,1,5,8,3,0,5,0,9,0
20260820,EML,cod,3,3,3,3,0,2,1,4,2,5,4,3,0,5,0,3,0
20260813,ROI,pp,31,32,11,11,1,4,1,3,3,5,28,0,0,5,,,
20260720,EML,pp,4,4,2,2,,,1,2,4,5,,,1,5,0,6,0
20260711,SWL,cod,2,2,2,2,,,1,1,5,5,,,0,5,0,1,0
20260817,EML,cod,4,4,8,9,0,5,1,1,1,5,1,0,0,5,0,4,0
20260912,NAH,pp,5,5,6,6,0,2,1,4,2,5,4,1,0,5,0,5,0
20260828,CUH,cod,3,3,2,3,,,1,2,1,5,2,1,1,5,0,1,0
20260806,RSL,cod,2,3,7,13,1,3,1,4,1,5,3,1,2,5,1,2,0
20260914,RLL,pp,3,4,5,6,1,1,1,1,5,5,12,0,0,5,0,20,0
20260805,CUH,cod,3,3,2,3,0,2,1,4,1,5,3,1,1,5,0,6,0
20260915,IBH,cod,4,4,2,4,0,2,1,3,2,5,2,1,1,5,0,4,0
20260914,AMA,pp,10,10,10,10,,,1,1,4,5,1,1,0,5,0,1,0
20260711,BBO,cod,10,10,7,10,0,3,1,5,1,6,6,5,2,6,0,1,0
20260920,ESC,cod,7,7,0,4,0,1,1,4,1,6,9,3,0,6,1,8,0
20260811,SWE,cod,1,1,1,1,0,3,1,4,2,6,1,1,1,6,0,1,0
20260718,EML,cod,7,7,5,8,0,3,1,4,1,6,1,1,2,6,0,5,0
20260821,PBR,cod,,,2,2,,,1,3,2,6,3,3,2,6,0,5,0
20260707,SWT,cod,7,7,13,14,0,1,1,2,3,7,1,1,1,7,0,8,0
20260803,IBH,cod,3,3,2,3,0,3,1,6,1,7,4,4,2,7,0,5,0
20260810,CUH,cod,10,10,7,9,1,4,1,6,1,7,8,6,1,7,0,5,0
20260817,RSL,cod,1,1,1,1,1,5,1,5,1,7,3,2,3,7,1,7,1
20260709,ESA,cod,12,12,11,11,3,3,1,5,2,7,6,2,1,7,0,11,0
20260710,RSL,cod,7,9,3,5,2,5,1,4,2,7,9,3,0,7,0,5,0
20260630,RSL,cod,6,7,3,4,0,2,1,5,2,7,2,2,1,7,0,8,0
20260714,EML,cod,6,6,4,5,17,52,1,5,1,8,6,4,0,8,0,11,0
20260901,RLL,cod,,,5,11,0,4,1,5,1,9,4,3,2,9,0,5,0
20260916,ESC,cod,9,11,6,9,1,1,1,6,3,9,1,1,1,9,0,8,0
20260907,KOL,cod,30,31,7,12,1,11,1,7,1,9,4,4,1,9,0,27,0
20260826,ESC,cod,14,14,13,16,0,4,1,6,1,10,13,4,1,10,0,15,0
20260725,IGS,pp,1150,1156,863,880,3,4,1,1,5,15,6,1,4,15,0,42,0
20260911,XIH,cod,1,2,3,3,,,2,2,2,2,1,1,0,2,0,1,0
20260722,LVP,cod,11,11,2,3,,,2,2,2,2,2,2,0,2,0,3,0
20260915,WZI,pp,2,2,4,4,,,2,2,2,2,3,1,0,2,0,3,0
20260918,WZI,pp,4,4,0,4,,,2,2,2,2,3,1,0,2,0,3,0
20260914,LVP,pp,2,2,2,2,,,2,2,2,2,1,1,0,2,0,3,0
20260704,EPL,pp,2,2,1,2,,,2,2,2,2,1,0,0,2,0,1,0
20260919,SWT,pp,5,5,1,9,,,2,2,2,2,3,2,0,2,0,7,0
20260805,AMA,cod,11,11,11,11,,,2,2,2,2,2,2,0,2,0,2,0
20260731,ESL,pp,2,2,7,7,0,1,2,2,2,2,2,1,0,2,0,5,0
20260730,WPV,pp,8,8,9,9,,,2,2,2,2,2,1,0,2,0,1,0
20260918,XIH,pp,7,7,6,9,,,2,2,2,2,6,2,0,2,0,1,0
20260717,ZAO,cod,1,1,1,1,,,2,2,2,2,2,1,0,2,0,4,0
20260904,SWY,pp,2,2,2,2,,,2,2,2,2,1,1,0,2,0,1,0
20260909,SWE,pp,8,9,7,7,,,2,2,2,2,3,1,0,2,2,6,2
20260912,WPV,pp,8,9,7,7,1,1,2,2,2,2,4,1,0,2,0,10,0
20260910,BBO,cod,11,11,9,11,,,2,2,2,2,3,1,0,2,0,2,0
20260706,ZAO,pp,6,6,6,6,,,2,2,2,2,3,2,0,2,0,7,0
20260704,BBO,cod,1,1,3,3,,,2,2,2,2,2,2,0,2,0,2,0
20260831,ZAC,pp,2,2,2,2,,,2,2,2,2,3,2,0,2,,,
20260810,EPL,pp,1,1,1,1,,,2,2,2,2,1,0,0,2,0,1,0
20260808,WPV,pp,9,9,14,14,,,2,2,2,2,3,1,0,2,0,2,0
20260915,ZAC,cod,6,7,7,8,1,1,2,2,2,2,2,2,0,2,0,6,0
20260706,ESL,pp,10,10,1,1,,,2,2,2,2,2,2,0,2,,,
20260714,SWY,pp,1,1,1,1,,,2,2,2,2,1,1,0,2,0,1,0
20260912,ZAO,cod,2,2,3,3,,,2,2,2,2,3,1,0,2,0,3,0
20260907,ZEB,pp,2,2,3,3,,,2,2,2,2,1,1,0,2,0,2,0
20260703,TUN,pp,5,5,6,6,,,2,2,2,2,1,1,0,2,0,4,0
20260825,ZAO,pp,6,6,6,6,,,2,2,2,2,1,1,0,2,0,3,0
20260808,EML,pp,3,3,0,1,,,2,2,2,2,2,2,0,2,0,1,0
20260728,ZFB,pp,1,1,1,1,,,2,2,2,2,4,2,0,2,0,1,0
20260720,ZAA,pp,12,13,3,3,1,1,2,2,2,2,3,2,0,2,0,1,0
20260807,XIH,pp,5,5,5,5,,,2,2,2,2,3,2,0,2,0,1,0
20260902,ZAO,pp,2,2,2,2,,,2,2,2,2,2,1,0,2,,,
20260917,ZAC,pp,2,2,1,3,,,2,2,2,2,1,1,0,2,,,
20260819,NAH,pp,2,2,2,2,1,1,2,2,2,2,3,2,0,2,0,1,0
20260812,SWL,cod,3,3,3,4,,,2,2,2,2,1,1,0,2,0,2,0
20260908,LVP,pp,3,3,2,3,,,2,2,2,2,2,2,0,2,0,1,0
20260918,SWT,pp,11,12,4,11,2,2,2,2,2,2,2,2,0,2,,,
20260630,AMA,pp,30,32,30,30,2,2,2,2,2,2,2,1,0,2,0,5,0
20260717,SWT,cod,3,3,2,4,,,2,2,2,2,1,0,0,2,0,6,0
20260831,RSL,cod,1,1,1,1,,,2,2,2,2,1,1,0,2,0,1,0
20260801,ZAO,cod,2,2,2,2,,,2,2,2,2,2,2,0,2,0,1,0
20260701,IBH,cod,4,4,2,3,,,2,2,2,2,,,0,2,0,5,0
20260818,TYL,pp,6,6,6,6,3,3,2,2,2,2,1,1,0,2,,,
20260706,ZAO,cod,2,2,2,2,,,2,2,2,2,4,2,0,2,,,
20260817,ZED,pp,1,1,1,1,,,2,2,2,2,5,2,0,2,,,
20260715,SWL,cod,1,1,136,172,,,2,2,2,2,4,2,0,2,0,4,0
20260829,EML,pp,2,2,2,2,,,2,2,2,2,1,0,0,2,0,2,0
20260921,NGA,cod,0,1,0,2,,,2,2,2,2,1,1,0,2,,,
20260912,SWT,pp,4,4,1,1,,,2,2,2,2,3,1,0,2,0,7,0
20260630,VSL,pp,2,2,3,3,,,2,2,2,2,2,2,0,2,0,3,0
20260921,SWL,cod,1,6,0,1,1,1,2,2,2,2,,,0,2,0,1,0
20260701,SLB,pp,1,1,1,1,,,2,2,2,2,1,1,0,2,0,2,0
20260718,ZAA,pp,6,6,6,6,,,2,2,2,2,2,1,0,2,0,2,0
20260814,PWL,pp,7,7,6,7,,,2,2,2,2,5,1,0,2,,,
20260902,ARL,pp,,,7,8,,,2,2,2,2,2,2,0,2,0,2,0
20260715,GBL,pp,1,1,1,1,,,2,2,2,2,2,2,0,2,0,1,0
20260912,SWY,pp,,,1,1,,,2,2,2,2,1,1,0,2,0,2,0
20260726,EML,pp,4,5,3,3,,,2,2,2,2,1,1,0,2,0,4,0
20260706,WZA,pp,1,1,5,5,,,2,2,2,2,2,1,0,2,0,3,0
20260712,ZAA,pp,,,5,5,,,2,2,2,2,1,1,0,2,0,2,0
20260908,LVP,cod,1,1,1,1,,,2,2,2,2,1,1,0,2,0,1,0
20260726,NAH,pp,5,5,3,4,,,2,2,2,2,3,2,0,2,,,
20260901,RSL,cod,1,1,2,2,0,1,2,2,2,2,2,2,0,2,0,3,0
20260706,WPV,pp,0,1,2,2,,,2,2,2,2,2,2,0,2,0,4,0
20260818,ZEB,pp,,,3,3,,,2,2,2,2,1,0,0,2,0,5,0
20260821,WZI,pp,12,15,13,13,3,3,2,2,2,2,3,1,0,2,0,5,0
20260911,ZEB,pp,,,0,1,,,2,2,2,2,2,2,0,2,0,3,0
20260806,BGH,cod,2,5,2,2,3,3,2,2,2,2,1,1,0,2,0,1,0
20260721,WZO,pp,,,1,1,,,2,2,2,2,4,2,0,2,0,2,0
20260818,AMA,cod,4,4,5,5,1,1,2,2,2,2,2,1,0,2,0,2,0
20260626,WZA,pp,,,1,1,,,2,2,2,2,,,0,2,,,
20260804,XIH,pp,,,2,2,,,2,2,2,2,1,1,0,2,0,2,0
20260727,PBR,pp,1,1,1,2,0,1,2,2,2,2,1,1,0,2,,,
20260910,XIH,pp,4,4,1,1,,,2,2,2,2,4,2,0,2,0,1,0
20260713,WZI,pp,8,8,8,8,1,1,2,2,2,2,3,2,0,2,,,
20260901,WZI,pp,9,12,9,9,3,3,2,2,2,2,3,1,0,2,0,9,0
20260629,GRG,pp,2,2,5,5,,,2,2,2,2,2,2,0,2,,,
20260721,ZET,pp,,,1,1,,,2,2,2,2,2,0,0,2,0,1,0
20260824,PBR,pp,4,4,3,3,,,2,2,2,2,1,1,0,2,0,1,0
20260908,NAH,pp,3,4,1,4,,,2,2,2,2,4,2,0,2,0,5,0
20260710,XIH,cod,3,3,4,6,1,1,2,2,2,2,1,1,0,2,1,7,0
20260629,WZO,pp,,,4,4,,,2,2,2,2,2,1,0,2,0,5,0
20260819,XIH,cod,2,2,1,1,,,2,2,2,2,2,1,0,2,0,1,0
20260813,CRL,pp,,,2,2,,,2,2,2,2,2,2,0,2,,,
20260817,RLL,cod,2,2,0,2,,,2,2,2,2,,,0,2,0,2,0
20260702,VSL,pp,5,5,1,1,,,2,2,2,2,4,2,0,2,0,2,0
20260630,MRR,pp,4,4,4,4,,,2,2,2,2,,,0,2,0,6,0
20260708,XIH,cod,2,3,1,1,,,2,2,2,2,4,1,0,2,0,2,0
20260718,WZI,pp,5,6,4,4,2,2,2,2,2,2,4,1,0,2,0,6,0
20260706,SWY,pp,2,2,2,2,,,2,2,2,2,2,1,0,2,0,1,0
20260919,WZI,cod,1,1,0,1,,,2,2,2,2,2,2,0,2,0,2,0
20260630,ZFB,pp,3,3,3,3,,,2,2,2,2,2,2,0,2,,,
20260714,CFP,pp,2,2,2,2,,,2,2,2,2,2,1,0,2,,,
20260709,ESL,pp,2,2,2,2,,,2,2,2,2,1,1,0,2,0,3,0
20260710,ESL,pp,2,2,2,2,,,2,2,2,2,4,2,0,2,0,2,0
20260804,SWY,pp,1,1,1,1,,,2,2,2,2,2,2,0,2,,,
20260918,EML,pp,1,1,0,8,,,2,2,2,2,5,2,0,2,0,2,0
20260701,NAH,pp,,,1,1,,,2,2,2,2,1,1,0,2,0,3,0
20260715,WZI,cod,5,5,10,10,,,2,2,2,2,5,1,0,2,0,2,0
20260831,KOL,pp,9,9,0,1,,,2,2,2,2,4,1,0,2,1,2,1
20260911,WPV,pp,6,6,7,7,,,2,2,2,2,3,2,0,2,0,7,0
20260629,SWY,pp,2,2,2,2,,,2,2,2,2,1,1,0,2,0,2,0
20260806,ZAA,pp,1,1,28,28,2,2,2,2,2,2,5,2,0,2,0,4,0
20260908,ZAC,pp,3,3,3,3,,,2,2,2,2,2,2,0,2,0,4,0
20260815,ZAO,pp,4,4,4,4,,,2,2,2,2,2,2,0,2,0,3,0
20260731,THE,pp,1,1,2,2,,,2,2,2,2,2,2,0,2,,,
20260819,ARL,pp,1,1,1,1,,,2,2,2,2,3,2,0,2,0,1,0
20260712,SDH,pp,14,35,3,3,15,15,2,2,2,2,3,1,0,2,1,7,0
20260721,IBH,cod,2,2,5,5,1,1,2,2,2,2,9,2,0,2,0,4,0
20260724,VSL,pp,8,9,6,7,1,1,2,2,2,2,1,1,0,2,0,3,0
20260917,EML,pp,10,10,3,5,,,2,2,2,2,2,2,0,2,0,4,0
20260806,ZAO,cod,2,2,1,1,,,2,2,2,2,4,2,0,2,,,
20260725,XIH,cod,0,1,2,2,,,2,2,2,2,2,0,0,2,,,
20260729,WXE,pp,4,4,5,5,,,2,2,2,2,4,1,0,2,0,1,0
20260722,SDH,pp,3,22,2,2,16,16,2,2,2,2,5,2,0,2,1,10,0
20260831,ZDO,pp,1,2,1,1,1,1,2,2,2,2,2,2,0,2,,,
20260822,TUN,pp,1,1,2,2,,,2,2,2,2,3,2,0,2,0,3,0
20260919,ZAC,pp,2,2,0,2,,,2,2,2,2,5,2,0,2,0,4,0
20260625,ZAA,pp,,,4,4,,,2,2,2,2,,,0,2,0,1,0
20260905,ZAA,pp,2,2,3,3,1,1,2,2,2,2,3,2,0,2,1,4,0
20260728,WZI,pp,3,5,8,8,2,2,2,2,2,2,4,0,0,2,0,2,0
20260711,ZAO,cod,3,3,3,3,,,2,2,2,2,3,2,0,2,0,2,0
20260901,CRL,pp,,,1,1,,,2,2,2,2,1,0,0,2,,,
20260730,TYL,pp,3,5,4,4,,,2,2,2,2,2,2,0,2,,,
20260909,NKD,pp,9,9,16,16,1,1,2,2,2,2,6,0,0,2,3,16,0
20260903,WXE,pp,2,2,1,1,,,2,2,2,2,,,0,2,0,1,0
20260722,XIH,pp,3,3,5,5,,,2,2,2,2,5,1,0,2,0,2,0
20260804,SDH,pp,10,21,5,5,8,8,2,2,2,2,3,1,0,2,0,6,0
20260801,PBR,pp,,,1,1,,,2,2,2,2,3,1,0,2,,,
20260627,PBR,cod,1,2,0,1,,,2,2,2,2,3,2,0,2,0,3,0
20260904,EML,cod,5,5,3,4,,,2,2,2,2,4,0,0,2,0,4,0
20260804,ZET,pp,,,2,2,,,2,2,2,2,1,1,0,2,0,2,0
20260702,TUN,pp,4,4,3,3,,,2,2,2,2,1,1,0,2,0,3,0
20260908,ZAO,pp,12,12,12,12,,,2,2,2,2,4,2,0,2,0,1,0
20260808,SWE,pp,12,12,12,13,,,2,2,2,2,1,0,0,2,0,9,0
20260912,WYG,pp,1,1,1,1,,,2,2,2,2,,,0,2,,,
20260921,MRR,pp,2,2,0,2,,,2,2,2,2,2,2,0,2,,,
20260901,EML,pp,2,2,2,2,1,1,2,2,2,2,1,0,0,2,0,1,0
20260919,SLB,pp,1,1,0,2,,,2,2,2,2,,,0,2,0,2,0
20260910,SWT,pp,11,12,3,3,8,8,2,2,2,2,1,1,0,2,,,
20260701,ESL,pp,1,1,1,1,,,2,2,2,2,1,1,0,2,0,2,0
20260910,LVP,pp,3,3,3,3,,,2,2,2,2,,,0,2,0,2,0
20260909,WPV,pp,18,18,13,14,,,2,2,2,2,1,1,0,2,0,2,0
20260820,WPV,pp,3,3,2,3,,,2,2,2,2,1,0,0,2,0,3,0
20260902,WZI,pp,7,7,6,6,,,2,2,2,2,1,0,0,2,0,10,0
20260806,NEX,pp,22,26,34,36,15,15,2,2,2,2,5,1,0,2,0,16,0
20260627,GUD,pp,2,4,1,2,3,3,2,2,2,2,3,2,0,2,0,2,0
20260804,ZFB,pp,1,1,1,1,,,2,2,2,2,1,1,0,2,0,1,0
20260626,SOL,pp,5,5,5,5,,,2,2,2,2,7,2,0,2,0,3,0
20260909,KOL,pp,1,1,3,4,,,2,2,2,2,4,1,0,2,0,7,0
20260916,WXE,pp,2,2,1,2,,,2,2,2,2,2,1,0,2,,,
20260911,ZAO,pp,10,11,10,10,1,1,2,2,2,2,2,0,0,2,0,1,0
20260706,WZI,pp,1,2,3,3,2,2,2,2,2,2,5,2,0,2,0,2,0
20260908,AMA,cod,6,6,6,6,,,2,2,2,2,2,2,0,2,0,2,0
20260810,RHH,pp,1,1,2,2,,,2,2,2,2,3,2,0,2,0,3,0
20260715,ARL,pp,,,4,4,,,2,2,2,2,1,0,0,2,0,3,0
20260722,EML,pp,4,4,6,6,1,1,2,2,2,2,1,1,0,2,0,3,0
20260718,NAH,pp,1,1,3,3,,,2,2,2,2,2,1,0,2,0,1,0
20260720,WPV,pp,8,8,10,10,,,2,2,2,2,5,2,0,2,0,3,0
20260725,WXN,pp,,,1,1,,,2,2,2,2,2,2,0,2,,,
20260824,SWL,cod,2,2,2,3,4,4,2,2,2,2,3,1,0,2,0,3,0
20260805,TUN,pp,6,6,10,11,,,2,2,2,2,3,2,0,2,,,
20260902,WPV,pp,1,1,1,1,,,2,2,2,2,2,1,0,2,0,2,0
20260711,CFP,pp,2,2,2,2,,,2,2,2,2,3,0,0,2,1,1,1
20260708,NAH,pp,2,2,0,1,,,2,2,2,2,1,1,0,2,0,3,0
20260804,PBR,cod,4,5,4,5,2,2,2,2,2,2,3,2,0,2,,,
20260704,ESL,pp,6,6,1,1,,,2,2,2,2,2,2,0,2,0,1,0
20260715,IBH,cod,6,7,4,5,1,1,2,2,2,2,2,1,0,2,0,4,0
20260711,IBH,pp,2,2,4,5,,,2,2,2,2,3,1,0,2,0,5,0
20260725,RHY,pp,6,6,15,15,,,2,2,2,2,3,1,0,2,0,10,0
20260914,ESL,pp,2,3,5,5,,,2,2,2,2,3,2,0,2,0,10,0
20260911,WZI,pp,2,2,3,3,1,1,2,2,2,2,2,2,0,2,0,2,0
20260721,TYL,pp,0,1,0,1,,,2,2,2,2,,,0,2,,,
20260813,EPL,pp,2,2,2,2,,,2,2,2,2,2,2,0,2,,,
20260710,WPV,pp,1,1,1,1,,,2,2,2,2,2,2,0,2,0,2,0
20260624,NKD,cod,232,236,98,111,,,2,2,2,2,,,0,2,0,47,0
20260723,EML,pp,5,5,2,2,,,2,2,2,2,2,2,0,2,0,1,0
20260921,WZI,pp,4,5,0,5,1,1,2,2,2,2,5,2,0,2,0,3,0
20260624,RSL,pp,29,31,22,23,,,2,2,2,2,,,0,2,0,4,0
20260822,RSL,cod,1,1,2,2,,,2,2,2,2,2,2,0,2,0,2,0
20260627,ZED,pp,2,2,2,2,,,2,2,2,2,2,2,0,2,,,
20260917,AMA,cod,,,1,3,,,2,2,2,2,2,2,0,2,,,
20260714,NAH,pp,2,2,3,3,,,2,2,2,2,3,1,0,2,,,
20260915,ZAS,pp,,,0,1,,,2,2,2,2,3,2,0,2,0,3,0
20260921,EML,pp,0,1,0,3,,,2,2,2,2,,,0,2,0,3,0
20260817,KOL,pp,3,4,7,7,1,1,2,2,2,2,2,2,0,2,,,
20260820,PBR,pp,,,1,1,,,2,2,2,2,1,1,0,2,,,
20260714,ZFB,pp,17,17,17,17,,,2,2,2,2,1,1,0,2,0,1,0
20260716,WPV,pp,12,12,19,19,,,2,2,2,2,1,0,0,2,,,
20260724,MRR,pp,4,4,4,4,,,2,2,2,2,,,0,2,0,2,0
20260804,WZG,pp,2,2,2,2,,,2,2,2,2,,,0,2,0,2,0
20260914,TYL,cod,,,1,1,,,2,2,2,2,2,2,0,2,,,
20260921,EPL,pp,,,0,1,,,2,2,2,2,1,1,0,2,,,
20260625,GRG,pp,2,2,1,1,1,1,2,2,2,2,4,2,0,2,0,2,0
20260913,XIH,pp,2,2,2,2,,,2,2,2,2,1,0,0,2,0,5,0
20260828,EZS,pp,,,6,6,,,2,2,2,2,2,2,0,2,,,
20260901,PBR,cod,3,4,1,1,1,1,2,2,2,2,1,1,0,2,,,
20260915,AMA,cod,5,5,5,5,,,2,2,2,2,3,2,0,2,0,6,0
20260715,LVP,cod,3,3,2,2,,,2,2,2,2,2,2,0,2,0,1,0
20260711,SWY,pp,1,1,0,1,,,2,2,2,2,1,1,0,2,,,
20260624,PRH,pp,79,86,55,55,,,2,2,2,2,,,0,2,0,8,0
20260727,LTL,pp,1,1,1,1,,,2,2,2,2,1,1,0,2,0,3,0
20260708,LVP,cod,5,5,5,5,2,2,2,2,2,2,2,2,0,2,0,1,0
20260725,SWE,cod,3,3,2,2,,,2,2,2,2,3,2,0,2,0,3,0
20260916,TUN,pp,3,3,7,12,,,2,2,2,2,3,2,0,2,0,4,0
20260910,THE,pp,2,2,1,2,,,2,2,2,2,1,1,0,2,,,
20260827,SAC,pp,,,6,6,,,2,2,2,2,2,2,0,2,,,
20260704,WZA,pp,5,5,1,1,,,2,2,2,2,1,1,0,2,0,3,0
20260729,SDH,pp,3,14,6,6,20,20,2,2,2,2,4,2,0,2,0,4,0
20260716,AMA,cod,4,4,4,4,,,2,2,2,2,3,2,0,2,0,2,0
20260715,CFP,pp,1,1,1,1,,,2,2,2,2,1,1,0,2,0,1,0
20260710,LVP,cod,2,2,2,2,,,2,2,2,2,2,1,0,2,0,1,0
20260822,BGH,cod,2,2,3,3,,,2,2,2,2,2,2,0,2,0,2,0
20260831,CUH,cod,6,6,4,6,,,2,2,2,2,3,1,0,2,0,3,0
20260902,ZAC,pp,3,3,3,3,,,2,2,2,2,1,1,0,2,0,2,0
20260920,COM,pp,,,0,1,,,2,2,2,2,3,0,0,2,0,13,0
20260711,KIC,pp,2,8,10,10,,,2,2,2,2,6,0,0,2,1,15,1
20260810,EML,pp,2,2,2,2,1,1,2,2,2,2,2,2,0,2,0,1,0
20260701,VSL,pp,6,7,6,7,,,2,2,2,2,2,2,0,2,0,3,0
20260915,TUN,pp,12,12,1,1,,,2,2,2,2,2,2,0,2,0,11,0
20260811,EML,pp,2,2,1,2,,,2,2,2,2,2,2,0,2,0,3,0
20260822,LVP,pp,5,5,5,5,,,2,2,2,2,1,1,0,2,0,3,0
20260811,XIH,pp,4,4,3,3,,,2,2,2,2,2,1,0,2,0,2,0
20260703,ZAA,pp,1,1,2,2,,,2,2,2,2,4,2,0,2,0,1,0
20260630,NAH,pp,2,2,3,3,,,2,2,2,2,3,1,0,2,0,1,0
20260807,ZEB,pp,,,3,3,,,2,2,2,2,2,2,0,2,,,
20260721,WZA,pp,9,11,10,10,2,2,2,2,2,2,3,2,0,2,0,3,0
20260814,LTL,pp,4,4,7,8,,,2,2,2,2,1,1,0,2,0,1,0
20260828,LKH,pp,11,12,11,11,,,2,2,2,2,2,2,0,2,0,2,0
20260710,WXN,pp,,,2,2,,,2,2,2,2,,,0,2,0,2,0
20260915,XIH,cod,2,2,2,2,,,2,2,2,2,1,1,0,2,0,3,0
20260710,GUD,pp,8,8,6,6,,,2,2,2,3,4,0,0,3,0,3,0
20260822,PWL,pp,2,3,1,2,1,1,2,3,2,3,2,2,1,3,0,4,0
20260725,ESL,pp,6,6,6,6,,,2,2,2,3,2,2,0,3,0,10,0
20260821,LVP,cod,1,1,1,1,0,1,2,3,2,3,,,0,3,0,1,0
20260918,ZAA,pp,1,1,1,7,1,1,2,2,3,3,1,1,0,3,,,
20260625,LVP,cod,2,2,1,2,0,1,2,3,2,3,3,3,0,3,0,3,0
20260711,RLL,cod,,,2,3,,,2,3,2,3,1,1,1,3,0,2,0
20260905,PWL,pp,,,1,1,,,2,2,3,3,,,0,3,0,2,0
20260721,LVP,cod,3,4,2,3,0,1,2,3,2,3,1,1,0,3,0,3,0
20260917,SWE,pp,6,8,5,7,,,2,2,2,3,2,0,1,3,,,
20260818,ZED,pp,3,3,3,3,,,2,3,2,3,1,0,0,3,0,4,0
20260828,KIC,pp,4,4,4,4,,,2,2,3,3,18,0,0,3,0,18,0
20260825,PBR,cod,7,8,6,6,,,2,2,2,3,1,1,0,3,0,1,0
20260731,EML,pp,3,4,6,6,1,1,2,2,3,3,2,2,0,3,,,
20260829,PWL,pp,4,4,4,4,,,2,2,3,3,3,1,0,3,0,2,0
20260625,ZAO,pp,3,3,3,3,,,2,3,2,3,5,2,0,3,0,1,0
20260726,SDH,pp,2,19,1,1,20,20,2,3,2,3,2,1,1,3,1,4,1
20260902,ZDF,pp,21,21,20,21,,,2,2,3,3,,,0,3,0,3,0
20260830,NAH,pp,1,2,2,2,,,2,3,2,3,4,2,1,3,0,1,0
20260802,XIH,pp,3,3,1,1,,,2,3,2,3,2,1,0,3,1,3,0
20260830,SWE,cod,4,5,4,6,,,2,2,3,3,1,0,0,3,0,11,0
20260821,IBH,cod,2,4,5,7,1,2,2,3,2,3,2,1,1,3,0,2,0
20260911,NAH,pp,4,4,3,3,0,1,2,2,3,3,2,1,0,3,0,1,0
20260725,RHH,pp,,,1,1,,,2,2,2,3,2,2,0,3,,,
20260722,ZAO,cod,1,1,1,1,0,1,2,3,2,3,,,0,3,,,
20260902,LVP,cod,1,1,1,1,,,2,2,3,3,,,0,3,0,1,0
20260914,LTL,pp,10,10,10,10,,,2,3,2,3,1,1,1,3,3,8,0
20260708,GUD,pp,6,6,18,20,1,1,2,3,2,3,1,1,0,3,0,7,0
20260908,AMA,pp,11,11,10,11,,,2,2,2,3,2,1,0,3,0,3,0
20260625,SWY,cod,1,1,1,1,,,2,3,2,3,2,2,1,3,0,1,0
20260903,EML,pp,,,1,1,,,2,2,2,3,1,0,0,3,0,1,0
20260820,SWL,cod,5,5,3,3,,,2,2,3,3,2,0,0,3,0,1,0
20260713,NEX,cod,4,15,7,8,0,1,2,3,2,3,8,3,1,3,0,6,0
20260728,XIH,pp,1,1,2,2,,,2,3,2,3,4,2,0,3,0,2,0
20260714,XIH,cod,4,4,2,4,1,2,2,2,2,3,4,0,0,3,0,1,0
20260829,TYL,pp,5,6,5,5,,,2,2,3,3,,,0,3,,,
20260829,ZAA,pp,2,2,37,38,,,2,2,3,3,2,0,0,3,0,1,0
20260710,WZI,pp,2,3,1,1,1,1,2,3,2,3,,,1,3,2,8,2
20260903,COM,pp,5,6,4,4,1,1,2,2,3,3,5,0,0,3,0,5,0
20260730,RSL,cod,10,10,6,6,,,2,2,2,3,3,2,0,3,0,2,0
20260712,EML,pp,2,2,3,3,,,2,3,2,3,2,2,1,3,0,4,0
20260904,ESL,pp,6,6,11,11,0,1,2,3,2,3,2,2,0,3,0,1,0
20260901,AMA,cod,3,3,3,3,,,2,2,3,3,1,0,0,3,0,1,0
20260629,XIH,pp,3,3,8,8,,,2,3,2,3,5,3,0,3,0,2,0
20260710,LTL,pp,7,7,6,6,,,2,3,2,3,3,1,1,3,0,2,0
20260905,ESL,pp,5,6,5,6,,,2,2,2,3,2,2,0,3,0,5,0
20260626,JEE,pp,4,4,6,6,,,2,2,2,3,1,0,0,3,0,2,0
20260721,EML,pp,6,8,7,7,1,1,2,2,3,3,3,2,0,3,,,
20260907,PEP,pp,4,5,4,4,,,2,2,3,3,,,0,3,0,7,0
20260801,CFP,pp,1,1,1,1,,,2,3,2,3,2,1,1,3,0,9,0
20260818,SWT,cod,3,4,7,10,1,1,2,3,2,3,5,3,0,3,0,2,0
20260707,SWY,cod,1,1,1,1,,,2,2,3,3,,,0,3,0,2,0
20260715,SWE,pp,7,7,5,5,,,2,2,2,3,7,1,1,3,1,9,0
20260824,PWL,pp,6,6,5,6,,,2,3,2,3,3,0,0,3,2,4,2
20260730,LOS,pp,13,13,10,11,2,2,2,3,2,3,3,2,1,3,0,6,0
20260902,SWE,cod,1,1,4,4,2,2,2,2,2,3,3,2,0,3,0,4,0
20260709,XIH,cod,4,4,2,2,0,1,2,3,2,3,,,0,3,0,2,0
20260703,XIH,pp,7,8,3,3,,,2,2,2,3,2,1,0,3,0,4,0
20260705,NAH,pp,3,3,1,1,,,2,2,3,3,1,1,0,3,0,2,0
20260704,IBH,cod,,,3,3,0,1,2,2,2,3,4,2,0,3,1,7,1
20260808,IBH,cod,7,7,5,6,,,2,3,2,3,4,3,0,3,0,3,0
20260903,SWE,cod,3,3,1,2,,,2,2,3,3,3,1,0,3,0,2,0
20260803,TUN,pp,7,7,4,4,,,2,3,2,3,2,2,0,3,0,3,0
20260813,LVP,pp,3,3,3,3,,,2,2,3,3,3,2,0,3,0,3,0
20260727,IBH,cod,7,7,6,7,1,2,2,3,2,3,4,2,0,3,0,4,0
20260909,NAH,pp,1,2,1,1,,,2,3,2,3,4,1,0,3,0,7,0
20260710,NAH,pp,,,1,1,0,1,2,3,2,3,1,1,0,3,,,
20260831,BGH,cod,,,1,1,,,2,2,3,3,2,2,0,3,0,5,0
20260728,TYL,pp,,,2,3,,,2,2,2,3,3,2,1,3,,,
20260627,EPL,pp,2,2,4,4,,,2,2,3,3,,,0,3,0,1,0
20260709,LTL,pp,3,4,2,2,,,2,2,3,3,5,1,0,3,,,
20260812,LGL,pp,71,74,68,71,,,2,2,3,3,18,0,0,3,0,24,0
20260805,BHH,pp,1,1,1,1,0,1,2,3,2,3,,,0,3,0,10,0
20260626,GRG,pp,8,8,5,5,,,2,3,2,3,1,1,0,3,0,2,0
20260825,ROI,pp,16,16,4,4,0,1,2,2,2,3,14,0,0,3,,,
20260717,AMA,cod,9,9,6,7,,,2,3,2,3,2,2,1,3,0,3,0
20260905,KOL,pp,2,2,6,6,,,2,3,2,3,,,1,3,0,3,0
20260826,LTL,pp,2,2,3,3,,,2,3,2,3,3,1,0,3,0,4,0
20260905,SWL,cod,3,3,5,5,0,1,2,3,2,3,3,2,0,3,0,1,0
20260629,WPV,pp,2,2,1,1,,,2,3,2,3,1,1,0,3,0,2,0
20260816,LVP,cod,1,1,1,1,,,2,2,2,3,,,1,3,0,1,0
20260831,AMA,cod,3,3,3,3,,,2,3,2,3,2,2,0,3,0,2,0
20260829,LTL,pp,1,1,1,1,,,2,2,3,3,1,0,0,3,1,3,0
20260917,BBO,cod,15,15,10,15,,,2,3,2,3,3,2,1,3,,,
20260901,ZAO,pp,5,5,5,5,,,2,2,3,3,2,1,0,3,0,6,0
20260801,VSL,pp,1,2,2,2,2,2,2,3,2,3,5,2,0,3,0,6,0
20260803,LVP,pp,8,8,5,5,,,2,3,2,3,5,2,0,3,0,4,0
20260829,ESL,pp,,,4,4,,,2,3,2,3,4,3,1,3,0,5,0
20260829,AMA,cod,4,4,4,4,,,2,2,3,3,,,0,3,0,3,0
20260703,IBH,pp,5,7,13,13,3,3,2,3,2,3,3,3,0,3,0,6,0
20260716,IBH,cod,0,2,3,4,0,1,2,3,2,3,6,2,0,3,0,3,0
20260723,TYL,pp,0,1,2,2,1,1,2,2,3,3,1,1,0,3,0,4,0
20260911,RLL,cod,,,3,7,0,2,2,3,2,3,3,3,0,3,,,
20260804,EML,cod,4,7,4,4,1,1,2,2,2,3,5,2,1,3,0,5,0
20260916,EML,cod,7,8,2,5,,,2,3,2,3,3,2,0,3,0,5,0
20260804,THE,pp,5,5,2,2,,,2,2,3,3,1,1,0,3,0,4,0
20260630,ZAO,pp,5,5,5,5,,,2,2,3,3,,,0,3,0,1,0
20260831,ZAA,pp,,,3,3,,,2,2,2,3,,,1,3,0,4,0
20260904,SWL,cod,67,68,5,9,1,2,2,2,2,3,1,0,0,3,,,
20260913,SWT,cod,2,2,3,3,0,1,2,3,2,3,1,1,0,3,0,2,0
20260706,RHY,pp,10,10,5,5,,,2,2,2,3,2,1,1,3,0,4,0
20260721,LSR,cod,4,5,6,8,1,1,2,2,3,3,7,1,0,3,0,3,0
20260720,XIH,pp,4,4,11,11,,,2,2,3,3,3,1,0,3,0,5,0
20260904,SWT,cod,5,5,4,4,0,1,2,3,2,3,3,1,1,3,0,4,0
20260716,NAH,pp,1,1,2,2,,,2,2,2,3,1,1,0,3,0,1,0
20260816,RHY,pp,,,8,9,,,2,2,2,4,5,2,0,4,0,4,0
20260810,EML,cod,,,4,6,5,7,2,2,2,4,1,1,1,4,0,1,0
20260708,SWT,cod,2,3,4,6,2,3,2,3,2,4,3,3,1,4,0,2,0
20260916,RHH,pp,1,1,2,3,,,2,4,2,4,3,3,1,4,0,1,0
20260710,EML,pp,,,2,2,0,1,2,3,3,4,3,2,1,4,0,8,0
20260716,LSR,cod,5,6,6,7,1,1,2,4,2,4,3,1,1,4,0,1,0
20260907,PBR,cod,2,3,1,1,4,4,2,2,3,4,1,1,0,4,0,10,0
20260805,SWL,cod,1,1,2,4,3,6,2,3,2,4,3,2,1,4,0,2,0
20260630,CFP,pp,1,1,2,2,,,2,3,3,4,4,2,0,4,0,3,0
20260710,SWT,cod,3,3,3,3,1,3,2,4,2,4,5,4,2,4,0,4,0
20260727,EML,cod,2,2,5,5,,,2,3,3,4,4,1,1,4,0,10,0
20260905,WPV,pp,1,1,1,1,,,2,3,3,4,4,3,1,4,0,3,0
20260920,IBH,pp,3,3,0,3,,,2,4,2,4,3,1,1,4,0,3,0
20260726,XIH,cod,5,6,1,1,0,2,2,4,2,4,2,2,0,4,0,2,0
20260905,SWT,cod,5,5,5,6,,,2,3,2,4,5,1,2,4,0,5,0
20260803,CUH,cod,6,7,4,5,0,1,2,3,2,4,2,2,0,4,0,6,0
20260906,SWE,cod,,,1,1,0,1,2,3,2,4,2,1,0,4,0,7,0
20260720,LVP,cod,2,2,2,2,0,1,2,3,3,4,4,1,0,4,0,3,0
20260907,AMA,cod,7,7,7,7,,,2,3,3,4,3,3,0,4,,,
20260806,SWT,cod,9,9,8,9,0,1,2,4,2,4,4,4,1,4,0,2,0
20260827,THE,pp,4,5,6,6,1,1,2,4,2,4,2,1,1,4,0,4,0
20260731,PBR,cod,6,6,5,5,0,1,2,2,2,4,1,1,0,4,0,2,0
20260903,LVP,pp,3,3,3,3,0,1,2,3,3,4,4,1,0,4,0,2,0
20260723,SWE,cod,3,3,4,4,,,2,2,2,4,3,1,2,4,1,3,0
20260804,SWT,cod,3,3,5,5,2,2,2,3,3,4,3,3,0,4,0,2,0
20260711,XIH,pp,6,6,6,6,,,2,3,3,4,3,1,0,4,0,11,0
20260628,LVP,cod,5,5,5,5,1,2,2,4,2,4,3,3,0,4,0,3,0
20260701,ZED,pp,2,2,3,3,,,2,3,3,4,1,1,0,4,0,1,0
20260624,AWP,cod,380,391,209,218,,,2,4,2,4,,,0,4,0,48,0
20260707,RSL,cod,7,7,4,7,,,2,3,3,4,4,2,1,4,0,5,0
20260913,IBH,cod,1,8,1,1,0,1,2,3,2,4,3,2,0,4,1,6,1
20260726,EML,cod,4,6,5,5,1,3,2,4,2,4,4,2,0,4,0,4,0
20260828,BBO,cod,7,7,7,7,,,2,3,2,4,2,2,2,4,0,2,0
20260703,WZO,pp,4,4,4,4,,,2,2,3,4,1,1,1,4,0,2,0
20260716,XIH,cod,2,2,1,1,0,3,2,4,2,4,2,0,0,4,,,
20260920,ESC,pp,9,9,1,5,0,1,2,4,2,4,2,0,0,4,0,8,0
20260726,RSL,cod,,,1,1,0,1,2,2,2,4,1,1,1,4,0,6,0
20260918,ZAO,cod,1,1,0,1,,,2,3,2,4,5,3,1,4,0,7,0
20260717,SWE,cod,5,5,2,4,0,1,2,4,2,4,2,0,1,4,0,1,0
20260726,TEL,cod,6,7,2,2,2,2,2,3,2,4,5,2,2,4,1,5,1
20260707,VSL,pp,4,4,4,4,0,1,2,3,3,4,5,1,0,4,0,5,0
20260718,LVP,cod,3,3,2,2,0,1,2,4,2,4,5,4,1,4,,,
20260811,IBH,cod,3,4,3,4,0,1,2,3,2,4,6,2,1,4,0,1,0
20260712,LSR,cod,4,4,1,1,,,2,3,2,4,1,1,1,4,0,4,0
20260806,IBH,cod,3,3,3,3,1,4,2,3,2,4,1,1,0,4,0,2,0
20260728,WPV,pp,12,12,20,21,,,2,3,3,4,3,2,0,4,0,5,0
20260713,GUD,pp,15,15,11,15,,,2,4,2,4,4,2,2,4,0,7,0
20260727,LVP,cod,2,2,0,2,2,2,2,2,2,4,4,2,0,4,0,4,0
20260822,IBH,cod,6,7,2,2,0,1,2,3,3,4,5,2,0,4,0,3,0
20260918,WPV,pp,3,3,2,4,,,2,3,2,4,3,3,1,4,0,6,0
20260727,AMA,pp,,,5,5,0,1,2,3,3,4,,,0,4,0,13,0
20260726,IBH,cod,1,1,0,1,,,2,3,3,4,3,2,1,4,0,5,0
20260813,SWT,cod,5,5,5,6,,,2,2,2,4,4,0,2,4,0,7,0
20260911,XIH,pp,1,1,4,4,,,2,3,3,4,3,2,0,4,0,3,0
20260722,RSL,cod,3,3,1,1,,,2,3,2,4,7,3,1,4,0,5,0
20260805,EML,cod,6,9,1,3,4,5,2,3,2,4,,,2,4,0,8,0
20260727,SWE,cod,10,10,3,3,1,2,2,4,2,4,3,2,1,4,1,6,0
20260731,LVP,cod,3,3,3,3,,,2,3,3,4,3,3,1,4,0,2,0
20260827,BBO,cod,4,4,3,4,,,2,2,4,4,2,1,0,4,0,8,0
20260914,IBH,cod,6,6,4,6,,,2,3,2,4,4,2,0,4,0,2,0
20260822,WZI,cod,8,8,8,8,3,3,2,3,2,4,8,3,1,4,0,2,0
20260818,PBR,cod,4,4,3,3,,,2,3,2,4,2,2,1,4,0,1,0
20260829,XIH,pp,5,5,5,5,,,2,4,2,4,5,4,2,4,0,3,0
20260725,SWT,cod,3,4,4,6,1,1,2,4,2,4,2,1,2,4,0,1,0
20260713,XIH,cod,2,2,3,3,,,2,2,2,4,2,0,0,4,0,2,0
20260921,SWE,cod,8,12,0,8,,,2,4,2,4,1,0,2,4,0,4,0
20260626,SWT,cod,3,3,4,4,2,3,2,4,2,4,5,4,0,4,0,1,0
20260921,KOL,cod,0,9,0,16,0,6,2,4,2,4,9,1,0,4,0,5,0
20260720,IBH,cod,6,9,5,5,1,5,2,3,3,4,1,1,0,4,0,5,0
20260727,RSL,cod,9,9,2,4,0,1,2,2,3,5,3,2,1,5,0,1,0
20260715,SWE,cod,,,2,2,0,1,2,2,3,5,5,0,0,5,0,3,0
20260901,AMA,pp,10,11,9,9,1,1,2,2,5,5,2,0,0,5,0,11,0
20260721,SWT,cod,1,3,5,5,0,1,2,3,2,5,4,1,0,5,0,4,0
20260711,DLH,pp,6,6,3,3,0,1,2,4,2,5,,,0,5,0,5,0
20260715,TUN,pp,7,7,17,17,,,2,4,2,5,3,1,3,5,0,3,0
20260720,ZAO,pp,6,6,6,6,,,2,3,4,5,2,0,0,5,0,7,0
20260904,SWE,cod,,,1,1,0,2,2,5,2,5,4,1,0,5,0,6,0
20260730,ESC,cod,14,14,12,14,1,3,2,4,2,5,8,1,0,5,0,15,0
20260710,BAO,cod,26,26,8,14,,,2,5,2,5,8,5,0,5,0,4,0
20260815,SDH,pp,4,16,1,1,22,22,2,3,3,5,2,1,0,5,0,1,0
20260911,WZI,cod,6,6,14,14,,,2,4,3,5,5,3,0,5,0,16,0
20260908,PBR,cod,2,2,3,3,,,2,4,2,5,5,4,1,5,0,2,0
20260625,RLL,cod,,,0,1,1,2,2,5,2,5,1,0,1,5,0,2,0
20260821,RHY,pp,13,13,17,20,9,10,2,4,2,5,3,2,1,5,0,7,0
20260701,SWT,cod,10,10,6,9,,,2,2,2,5,3,1,3,5,0,9,0
20260720,SWT,cod,7,9,3,3,,,2,3,3,5,4,3,0,5,1,3,0
20260810,AMA,cod,1,1,1,1,0,1,2,3,3,5,4,2,1,5,0,4,0
20260719,EML,pp,8,8,2,2,1,1,2,4,2,5,5,4,3,5,0,3,0
20260824,PBR,cod,4,4,4,4,0,3,2,2,2,5,,,1,5,0,4,0
20260629,SWL,cod,1,1,1,1,0,1,2,3,2,5,1,1,0,5,0,4,0
20260806,CUH,cod,8,8,7,8,0,1,2,3,4,5,5,1,0,5,0,2,0
20260626,BBO,pp,9,18,14,14,,,2,4,3,5,5,2,1,5,0,4,0
20260630,IBH,cod,4,4,4,6,5,6,2,4,3,5,6,3,1,5,0,3,0
20260827,IBH,pp,11,35,6,6,3,3,2,2,4,5,3,1,0,5,1,7,1
20260702,IBH,cod,12,14,3,9,1,1,2,4,2,5,2,2,0,5,0,4,0
20260801,WZA,pp,12,12,14,16,,,2,4,3,5,6,3,1,5,0,2,0
20260911,BBO,cod,11,11,8,12,0,1,2,5,2,5,3,3,2,5,,,
20260728,SWE,cod,8,8,13,15,1,3,2,4,2,5,1,1,1,5,0,2,0
20260718,RSL,cod,2,3,4,7,,,2,4,2,5,2,2,1,5,0,1,0
20260716,BBO,cod,11,11,9,11,0,1,2,3,2,5,4,2,0,5,0,8,0
20260730,PBR,cod,1,1,2,2,,,2,4,3,5,3,2,1,5,0,6,0
20260827,SWE,pp,6,6,6,7,,,2,4,3,5,6,3,2,5,0,4,0
20260919,ZAO,cod,1,1,0,1,,,2,3,4,5,1,1,0,5,,,
20260911,SWE,cod,1,1,1,1,0,2,2,5,2,5,4,1,0,5,4,10,3
20260702,SWE,cod,8,8,5,10,0,1,2,2,4,5,9,1,0,5,0,8,0
20260804,CUH,cod,3,3,3,4,0,1,2,4,2,5,6,4,0,5,0,2,0
20260723,SWT,cod,2,4,4,4,4,5,2,4,2,5,2,2,0,5,0,6,0
20260921,SDD,cod,3,7,0,4,1,1,2,4,2,5,10,2,0,5,,,
20260815,LSR,cod,2,3,2,2,1,1,2,4,3,5,5,3,1,5,0,2,0
20260711,ZEL,cod,7,7,3,4,,,2,2,5,5,3,2,0,5,,,
20260717,LSR,cod,7,8,10,10,0,1,2,2,2,5,1,0,1,5,0,4,0
20260825,EML,cod,2,6,3,4,4,4,2,4,3,5,1,1,0,5,0,3,0
20260919,IBH,cod,4,4,0,5,,,2,4,3,5,5,4,0,5,0,4,0
20260918,EML,cod,2,2,3,12,,,2,3,2,5,4,1,1,5,1,1,0
20260909,IBH,cod,5,5,3,7,2,3,2,3,3,6,2,1,0,6,0,3,0
20260711,SWE,cod,4,4,3,5,1,3,2,4,4,6,4,2,0,6,0,9,0
20260629,PEP,pp,0,2,9,10,,,2,3,5,6,5,2,1,6,0,1,0
20260910,IBH,cod,2,3,1,1,1,2,2,4,2,6,5,3,1,6,0,3,0
20260714,GUD,pp,8,8,4,8,1,1,2,4,4,6,1,0,2,6,1,14,1
20260630,SWT,cod,2,2,5,5,1,1,2,4,2,6,3,3,3,6,0,6,0
20260921,SWY,cod,12,14,0,12,0,2,2,4,2,6,4,3,2,6,0,2,0
20260712,IBH,cod,3,3,0,1,,,2,2,2,6,3,1,0,6,1,3,1
20260710,RHY,pp,3,3,5,5,,,2,2,3,6,1,1,3,6,0,2,0
20260714,IBH,cod,5,6,2,2,0,2,2,4,3,6,5,3,0,6,0,2,0
20260714,RSL,cod,1,2,4,5,1,3,2,4,2,6,3,1,0,6,0,3,0
20260904,RLL,cod,,,7,12,0,2,2,5,2,6,6,5,1,6,0,5,0
20260907,EML,cod,,,1,2,0,2,2,4,2,6,3,3,1,6,0,8,0
20260701,TEL,cod,7,8,7,7,3,5,2,6,2,6,10,2,0,6,0,4,0
20260802,RSL,cod,1,1,1,1,0,1,2,5,3,6,7,4,1,6,0,5,0
20260728,IBH,cod,4,4,1,2,1,1,2,4,4,6,2,2,1,6,0,3,0
20260917,ESC,cod,13,13,8,14,0,5,2,3,2,6,7,3,0,6,0,1,0
20260808,PBR,cod,1,2,4,4,1,1,2,3,4,6,2,1,0,6,0,1,0
20260908,RLL,cod,8,8,0,1,0,3,2,5,2,6,4,4,1,6,0,13,0
20260708,IBH,cod,6,6,4,8,0,2,2,5,2,6,4,1,1,6,0,3,0
20260725,RSL,cod,2,2,1,1,0,2,2,5,3,7,4,3,1,7,0,4,0
20260723,RSL,cod,7,7,8,8,1,3,2,5,3,7,5,4,1,7,0,7,0
20260810,LSR,cod,6,9,8,8,1,3,2,4,3,7,4,3,2,7,1,9,0
20260807,SWL,cod,2,2,1,1,0,2,2,5,3,7,7,5,0,7,0,1,0
20260921,EML,cod,0,4,0,2,0,1,2,4,2,7,2,1,1,7,0,2,0
20260905,IBH,cod,1,10,2,3,0,2,2,4,3,7,4,2,2,7,0,1,0
20260907,IBH,cod,1,4,1,2,1,5,2,6,3,7,5,4,1,7,1,10,1
20260911,IBH,cod,2,2,2,3,0,4,2,5,3,7,1,1,1,7,0,3,0
20260720,EML,cod,9,12,4,5,1,2,2,5,3,7,3,3,0,7,0,5,0
20260915,SWE,cod,2,2,3,4,1,1,2,4,5,7,4,0,0,7,0,1,0
20260730,CUH,cod,1,1,0,1,0,2,2,4,3,7,4,4,0,7,0,7,0
20260903,PBR,cod,5,5,3,3,0,2,2,6,2,7,8,6,0,7,0,1,0
20260801,RSL,cod,1,1,2,2,,,2,6,3,7,6,4,1,7,0,1,0
20260908,IBH,cod,5,8,0,1,0,1,2,5,4,7,4,3,0,7,0,6,0
20260706,LSR,cod,3,4,2,3,2,4,2,5,4,7,1,1,2,7,0,5,0
20260713,IBH,cod,2,2,7,11,0,2,2,3,2,7,2,1,0,7,0,2,0
20260715,SWT,cod,1,1,7,8,3,5,2,5,4,7,4,3,0,7,0,5,0
20260713,EML,cod,5,6,3,3,1,3,2,5,3,7,1,1,1,7,0,4,0
20260912,IGS,pp,7,18,32,33,,,2,2,2,7,2,1,3,7,0,1,0
20260831,IBH,cod,9,10,6,6,7,7,2,4,4,7,6,3,0,7,0,6,0
20260907,RLL,cod,5,5,4,5,0,4,2,3,2,7,3,2,0,7,0,3,0
20260719,LSR,cod,1,1,2,3,0,2,2,5,2,7,5,4,1,7,0,2,0
20260804,RSL,cod,9,9,3,5,4,5,2,3,2,7,3,1,2,7,0,6,0
20260903,BBO,cod,14,14,11,14,0,1,2,5,3,8,6,4,1,8,0,12,0
20260911,NEX,cod,43,73,43,44,0,1,2,5,4,8,6,4,1,8,,,
20260921,ZEL,pp,6,6,0,6,,,2,4,4,8,9,3,2,8,0,2,0
20260812,ZEL,cod,12,15,10,10,3,4,2,4,3,8,11,2,2,8,0,6,0
20260919,EML,cod,6,7,0,7,1,6,2,6,2,8,1,1,0,8,0,4,0
20260713,RSL,cod,6,6,2,2,0,3,2,5,2,9,6,2,1,9,0,7,0
20260630,FLP,pp,49,49,45,49,0,2,2,3,5,9,5,0,2,9,0,2,0
20260706,SWT,cod,14,14,2,2,1,2,2,5,5,9,2,1,0,9,0,9,0
20260627,KPI,cod,3,3,2,3,0,2,2,6,3,9,10,4,2,9,0,5,0
20260729,ESC,cod,3,3,1,3,0,9,2,8,2,13,5,2,1,13,2,18,1
20260728,PRH,cod,19,20,17,22,1,4,2,6,7,14,6,0,0,14,0,9,0
20260818,EMB,cod,18,19,16,22,1,8,2,13,4,15,14,6,1,15,0,15,0
20260724,IGS,pp,153,153,144,153,5,5,2,19,18,49,6,5,10,49,0,97,0
20260825,THE,pp,5,5,9,9,,,3,3,3,3,3,3,0,3,0,4,0
20260905,THE,pp,1,2,2,2,,,3,3,3,3,3,3,0,3,,,
20260901,WZI,cod,13,14,13,13,1,1,3,3,3,3,5,3,0,3,0,4,0
20260916,COM,pp,6,6,4,12,,,3,3,3,3,1,1,0,3,0,5,0
20260822,LTL,pp,1,1,3,3,,,3,3,3,3,6,2,0,3,0,2,0
20260817,XIH,cod,1,1,5,6,,,3,3,3,3,1,1,0,3,0,2,0
20260625,SWT,cod,4,5,4,5,1,1,3,3,3,3,3,3,0,3,,,
20260818,XIH,pp,4,4,6,6,,,3,3,3,3,4,1,0,3,0,7,0
20260716,ZFB,pp,2,2,2,2,,,3,3,3,3,3,3,0,3,0,1,0
20260905,EML,cod,1,1,3,3,,,3,3,3,3,2,1,0,3,0,2,0
20260701,ZAO,cod,2,2,4,4,,,3,3,3,3,1,1,0,3,,,
20260628,VSL,pp,1,1,2,2,,,3,3,3,3,3,3,0,3,0,5,0
20260918,KOL,pp,1,1,0,1,1,1,3,3,3,3,2,1,0,3,0,4,0
20260630,GUD,pp,9,9,4,8,,,3,3,3,3,1,0,0,3,0,5,0
20260706,LVP,cod,1,1,1,1,,,3,3,3,3,1,1,0,3,0,1,0
20260727,NAH,pp,0,2,2,4,,,3,3,3,3,3,0,0,3,0,1,0
20260919,SXL,pp,1,1,0,2,1,1,3,3,3,3,3,3,0,3,0,1,0
20260804,SOL,pp,15,15,15,15,3,3,3,3,3,3,9,0,0,3,0,9,0
20260907,ZET,pp,,,2,2,,,3,3,3,3,3,2,0,3,0,1,0
20260916,WYG,pp,,,1,1,,,3,3,3,3,4,3,0,3,0,2,0
20260702,ZAO,pp,5,5,5,5,,,3,3,3,3,1,1,0,3,0,5,0
20260919,WZI,pp,3,3,0,2,,,3,3,3,3,2,1,0,3,0,4,0
20260709,SOL,pp,5,6,8,8,,,3,3,3,3,4,2,0,3,0,5,0
20260912,WZA,pp,5,5,9,9,,,3,3,3,3,3,2,0,3,0,13,0
20260910,ZAO,pp,6,6,6,6,,,3,3,3,3,3,1,0,3,0,10,0
20260704,SWL,pp,13,15,21,21,1,1,3,3,3,3,3,3,0,3,0,8,0
20260905,AMA,cod,5,5,4,5,,,3,3,3,3,3,3,0,3,0,2,0
20260822,ESL,pp,3,3,2,2,,,3,3,3,3,3,3,0,3,0,6,0
20260916,SWE,cod,4,6,3,6,,,3,3,3,3,,,0,3,0,2,0
20260814,WXE,pp,4,5,3,3,1,1,3,3,3,3,2,2,0,3,0,1,0
20260917,WZI,pp,3,3,3,3,1,1,3,3,3,3,1,0,0,3,,,
20260916,ZET,pp,,,4,4,,,3,3,3,3,1,1,0,3,,,
20260914,XIH,pp,3,4,1,1,,,3,3,3,3,3,2,0,3,0,1,0
20260818,SDH,pp,9,26,6,6,12,12,3,3,3,3,2,1,0,3,0,3,0
20260724,SWE,cod,3,3,3,3,,,3,3,3,3,,,0,3,0,4,0
20260714,WZI,pp,6,6,6,6,,,3,3,3,3,2,1,0,3,0,1,0
20260824,WZO,pp,1,1,1,1,,,3,3,3,3,,,0,3,0,2,0
20260722,GBL,pp,2,2,4,4,,,3,3,3,3,4,3,0,3,0,1,0
20260803,ZAC,pp,1,1,1,1,,,3,3,3,3,5,3,0,3,,,
20260908,SLB,cod,1,1,0,1,,,3,3,3,3,1,1,0,3,0,3,0
20260807,EPL,pp,2,2,3,3,,,3,3,3,3,2,2,0,3,0,2,0
20260714,XIH,pp,2,2,3,3,,,3,3,3,3,3,1,0,3,0,5,0
20260815,WZA,pp,2,2,6,6,,,3,3,3,3,3,2,0,3,0,1,0
20260722,ESL,pp,8,8,4,4,,,3,3,3,3,,,0,3,0,1,0
20260802,LVP,pp,1,2,1,1,,,3,3,3,3,3,3,0,3,0,2,0
20260806,LTL,pp,,,1,1,,,3,3,3,3,3,0,0,3,0,1,0
20260904,ZBR,pp,,,2,2,,,3,3,3,3,2,2,0,3,,,
20260911,SWT,pp,1,1,7,7,,,3,3,3,3,1,1,0,3,0,6,0
20260919,ESL,pp,0,2,0,2,,,3,3,3,3,3,3,0,3,0,2,0
20260825,SWE,pp,5,5,5,5,,,3,3,3,3,2,2,0,3,0,6,0
20260707,ESL,pp,4,4,15,15,,,3,3,3,3,2,2,0,3,0,3,0
20260717,BAO,pp,28,29,9,9,2,2,3,3,3,3,8,2,0,3,0,3,0
20260920,EML,pp,2,2,0,2,,,3,3,3,3,5,3,0,3,0,4,0
20260825,LVP,pp,3,3,2,2,,,3,3,3,3,4,2,0,3,0,1,0
20260725,VSL,pp,5,5,4,4,,,3,3,3,3,4,1,0,3,0,8,0
20260921,RSL,cod,1,2,0,1,,,3,3,3,3,3,3,0,3,,,
20260916,SWE,pp,11,12,12,15,1,1,3,3,3,3,1,1,0,3,0,3,0
20260814,LSR,cod,3,3,8,8,1,1,3,3,3,3,4,2,0,3,0,7,0
20260921,WZI,cod,3,4,0,4,1,1,3,3,3,3,5,2,0,3,,,
20260827,ZAO,pp,4,4,4,4,,,3,3,3,3,2,2,0,3,0,2,0
20260728,PBR,cod,,,2,2,,,3,3,3,3,4,2,0,3,0,3,0
20260807,SWE,cod,1,1,2,3,,,3,3,3,3,2,2,0,3,1,11,1
20260801,SWL,cod,1,1,1,2,,,3,3,3,3,3,2,0,3,0,3,0
20260902,WZI,cod,6,6,5,5,,,3,3,3,3,2,1,0,3,0,6,0
20260729,AMA,pp,21,21,21,21,,,3,3,3,3,3,3,0,3,,,
20260805,ZAO,pp,10,10,11,11,,,3,3,3,3,2,1,0,3,0,6,0
20260727,ZAA,pp,2,2,1,1,,,3,3,3,3,2,1,0,3,0,4,0
20260813,XIH,pp,12,12,9,9,,,3,3,3,3,4,2,0,3,0,4,0
20260710,WZI,cod,6,7,7,7,1,1,3,3,3,3,2,1,0,3,0,6,0
20260912,PBR,cod,4,4,4,4,,,3,3,3,3,3,2,0,3,0,3,0
20260703,AMA,cod,8,8,7,8,,,3,3,3,3,3,3,0,3,0,3,0
20260807,ZAA,pp,,,9,10,,,3,3,3,3,,,0,3,0,2,0
20260902,SWE,pp,13,13,12,12,,,3,3,3,3,5,2,0,3,0,7,0
20260826,NAH,pp,3,3,2,2,,,3,3,3,3,2,2,0,3,0,4,0
20260904,ZFB,pp,1,1,1,1,,,3,3,3,3,,,0,3,0,4,0
20260918,AMA,cod,5,5,2,5,,,3,3,3,3,3,3,0,3,0,3,0
20260825,ZED,pp,1,1,2,2,,,3,3,3,3,4,3,0,3,0,1,0
20260918,SWT,cod,5,5,2,5,,,3,3,3,3,1,1,0,3,0,2,0
20260916,ZAO,cod,1,1,1,1,,,3,3,3,3,3,2,0,3,0,3,0
20260919,NAH,pp,1,1,0,3,,,3,3,3,3,3,2,0,3,0,3,0
20260909,ZAO,pp,14,14,14,14,,,3,3,3,3,2,1,0,3,0,1,0
20260703,SWY,cod,2,2,0,2,,,3,3,3,3,3,3,0,3,0,1,0
20260823,EML,cod,,,5,5,,,3,3,3,3,4,1,0,3,0,5,0
20260710,TUN,pp,,,2,2,,,3,3,3,3,2,0,0,3,0,3,0
20260704,LVP,cod,2,2,2,2,,,3,3,3,3,2,1,0,3,0,4,0
20260821,ZAO,pp,1,1,1,1,,,3,3,3,3,6,1,0,3,0,2,0
20260726,VSL,pp,2,2,3,3,1,1,3,3,3,3,5,2,0,3,0,1,0
20260819,BGH,cod,,,5,5,,,3,3,3,3,2,2,0,3,0,1,0
20260731,NAH,pp,2,4,2,3,,,3,3,3,3,2,1,0,3,0,2,0
20260627,SDH,pp,6,15,6,7,3,3,3,3,3,3,6,2,0,3,0,1,0
20260910,KOL,pp,2,2,1,1,0,1,3,3,3,3,1,1,0,3,,,
20260625,ARL,pp,33,33,32,34,,,3,3,3,3,,,0,3,,,
20260809,SWE,cod,2,2,1,1,,,3,3,3,3,5,1,0,3,1,3,0
20260912,THE,pp,2,2,7,7,,,3,3,3,3,3,3,0,3,0,5,0
20260731,ZAA,pp,2,2,13,13,1,1,3,3,3,3,4,3,0,3,0,1,0
20260709,SWE,cod,3,3,5,6,0,1,3,3,3,3,5,1,0,3,0,6,0
20260914,TUN,pp,5,5,10,11,,,3,3,3,3,3,3,0,3,0,4,0
20260714,GBL,pp,,,2,2,,,3,3,3,3,3,3,0,3,,,
20260821,BGH,cod,2,2,1,1,,,3,3,3,3,1,1,0,3,0,1,0
20260813,SDH,pp,4,16,5,5,7,7,3,3,3,3,7,2,0,3,0,5,0
20260824,WPV,pp,5,5,5,5,,,3,3,3,3,1,1,0,3,0,5,0
20260728,EPL,pp,1,1,1,1,,,3,3,3,3,2,2,0,3,0,1,0
20260824,LTL,pp,3,3,3,3,,,3,3,3,3,4,0,0,3,0,2,0
20260730,ZAO,pp,4,4,4,4,,,3,3,3,3,4,2,0,3,0,9,0
20260820,LTL,pp,2,2,2,2,,,3,3,3,3,2,0,0,3,0,2,0
20260716,WZA,pp,3,3,5,5,,,3,3,3,3,2,2,0,3,0,1,0
20260629,ZAS,pp,,,0,1,,,3,3,3,3,2,2,0,3,0,1,0
20260711,AMA,cod,5,5,5,5,,,3,3,3,3,2,2,0,3,0,2,0
20260902,NAH,pp,2,2,2,2,,,3,3,3,3,1,1,0,3,0,5,0
20260628,XIH,pp,8,8,5,5,1,1,3,3,3,3,1,1,0,3,0,2,0
20260912,SOL,pp,11,11,8,8,2,2,3,3,3,3,9,2,0,3,0,18,0
20260804,ZBR,pp,,,1,1,,,3,3,3,3,2,2,0,3,0,3,0
20260629,VSL,pp,5,5,5,5,1,1,3,3,3,3,2,2,0,3,0,1,0
20260627,WPV,pp,1,1,2,2,,,3,3,3,3,1,1,0,3,0,3,0
20260807,ZAO,cod,,,0,1,,,3,3,3,3,1,1,0,3,0,7,0
20260704,GBL,pp,2,2,2,2,,,3,3,3,3,1,1,0,3,,,
20260825,SWE,cod,16,17,10,16,,,3,3,3,3,3,2,0,3,0,1,0
20260724,EPL,pp,2,2,1,1,1,1,3,3,3,3,1,1,0,3,0,3,0
20260907,ZAO,cod,6,6,7,7,,,3,3,3,3,3,3,0,3,0,2,0
20260706,PBR,cod,6,7,2,2,1,1,3,3,3,3,4,3,0,3,0,1,0
20260718,ZFB,pp,5,5,5,5,,,3,3,3,3,1,1,0,3,0,3,0
20260820,WZI,cod,14,19,10,10,4,4,3,3,3,3,1,1,0,3,0,7,0
20260804,WZO,pp,5,6,6,6,,,3,3,3,3,3,1,0,3,0,1,0
20260807,WZO,pp,2,2,5,5,,,3,3,3,3,1,1,0,3,,,
20260916,EML,pp,5,5,5,5,,,3,3,3,3,3,3,0,3,0,2,0
20260821,SWE,cod,2,2,2,2,1,1,3,3,3,3,1,1,0,3,0,3,0
20260625,SWL,pp,6,7,8,8,,,3,3,3,3,4,2,0,3,0,2,0
20260626,LVP,cod,3,3,3,3,,,3,3,3,3,4,3,0,3,0,2,0
20260817,PWL,pp,3,4,5,9,,,3,3,3,3,5,2,0,3,0,1,0
20260624,EMH,pp,411,411,399,411,,,3,3,3,3,,,0,3,0,14,0
20260912,TYL,pp,,,0,2,,,3,3,3,3,2,1,0,3,0,7,0
20260906,NAH,pp,1,1,0,2,,,3,3,3,3,2,2,0,3,0,5,0
20260723,NAH,pp,2,2,1,2,1,1,3,3,3,3,,,0,3,0,3,0
20260917,NKD,pp,22,24,13,13,,,3,3,3,3,2,1,0,3,0,14,0
20260908,WPV,pp,9,9,10,10,,,3,3,3,3,3,2,0,3,,,
20260818,IBH,pp,16,16,6,7,,,3,3,3,3,4,2,0,3,0,4,0
20260715,ZFB,pp,2,2,2,2,,,3,3,3,3,3,3,0,3,,,
20260909,ZET,pp,2,2,2,2,,,3,3,3,3,2,2,0,3,0,2,0
20260818,TUN,pp,1,3,2,2,2,3,3,3,3,3,6,3,0,3,0,2,0
20260910,AMA,pp,19,19,1,1,,,3,3,3,3,7,3,0,3,,,
20260713,WZI,cod,9,11,9,9,3,3,3,3,3,3,3,1,0,3,0,5,0
20260729,EPL,pp,1,1,1,1,,,3,3,3,3,3,3,0,3,0,1,0
20260820,NAH,pp,3,3,1,1,,,3,3,3,3,2,2,0,3,0,5,0
20260708,MRR,pp,11,11,11,11,,,3,3,3,3,2,2,0,3,0,4,0
20260704,PBR,cod,1,1,2,3,,,3,3,3,3,2,2,0,3,0,1,0
20260806,ESL,pp,5,5,9,9,,,3,3,3,3,3,3,0,3,0,4,0
20260626,SDH,pp,3,3,1,1,3,3,3,3,3,3,2,1,0,3,0,4,0
20260902,PBR,cod,3,4,6,7,,,3,3,3,3,3,3,0,3,0,3,0
20260630,ESL,pp,1,1,1,1,,,3,3,3,3,3,2,0,3,0,4,0
20260809,SWE,pp,5,5,4,4,,,3,3,3,3,2,1,0,3,0,7,0
20260820,ESL,pp,5,5,2,3,,,3,3,3,3,4,3,0,3,0,2,0
20260714,WZA,pp,1,1,1,1,,,3,3,3,3,3,2,0,3,0,1,0
20260716,ZAO,cod,3,3,2,3,,,3,3,3,3,2,2,0,3,,,
20260722,TUN,pp,5,6,8,8,,,3,3,3,3,3,0,0,3,1,11,1
20260721,WZI,pp,6,6,5,5,,,3,3,3,3,3,2,0,3,0,5,0
20260813,ZED,pp,3,3,3,3,,,3,3,3,3,1,0,0,3,0,1,0
20260903,BGH,cod,2,2,4,4,,,3,3,3,3,,,0,3,0,2,0
20260817,LVP,pp,,,1,1,,,3,3,3,3,3,1,0,3,0,2,0
20260909,SWT,pp,1,2,11,11,5,5,3,3,3,3,6,3,0,3,2,10,1
20260831,VSL,pp,5,5,5,5,,,3,3,3,3,4,3,0,3,0,4,0
20260727,XIH,pp,2,2,6,7,,,3,3,3,3,2,1,0,3,0,3,0
20260805,SDH,pp,10,19,5,6,9,10,3,3,3,3,2,1,0,3,0,5,0
20260702,MRR,pp,4,4,12,12,,,3,3,3,3,6,3,0,3,,,
20260731,SDH,pp,6,20,2,2,16,16,3,3,3,3,3,2,0,3,0,6,0
20260731,WZI,pp,,,7,7,,,3,3,3,3,6,2,0,3,0,2,0
20260810,WZI,pp,4,4,4,4,3,3,3,3,3,3,8,2,0,3,0,5,0
20260707,MRR,pp,8,8,8,8,,,3,3,3,3,2,2,0,3,0,4,0
20260804,XIH,cod,2,2,2,2,,,3,3,3,3,3,2,0,3,0,2,0
20260903,WZI,pp,19,20,14,14,1,1,3,3,3,3,3,2,0,3,0,4,0
20260709,MRR,pp,9,9,8,9,,,3,3,3,3,7,3,0,3,0,2,0
20260825,RHH,pp,3,3,3,3,,,3,3,3,3,2,2,0,3,0,4,0
20260829,LKH,pp,10,10,10,10,,,3,3,3,3,6,3,0,3,0,3,0
20260913,NAH,pp,3,3,5,5,,,3,3,3,3,2,1,0,3,0,1,0
20260813,NAH,pp,1,2,4,4,,,3,3,3,3,3,1,0,3,,,
20260729,CFP,pp,2,2,2,2,,,3,3,3,3,9,3,0,3,0,1,0
20260921,SWT,cod,0,1,0,6,,,3,3,3,3,6,2,0,3,,,
20260917,SWT,pp,7,7,3,5,,,3,3,3,3,2,2,0,3,0,5,0
20260901,VSL,pp,3,3,4,4,,,3,3,3,3,2,2,0,3,0,3,0
20260716,WZI,pp,8,8,7,8,,,3,3,3,3,4,2,0,3,0,3,0
20260807,TYL,pp,4,5,6,6,,,3,3,3,3,5,1,0,3,0,3,0
20260902,EML,cod,6,6,5,6,,,3,3,4,4,3,1,0,4,0,4,0
20260714,SDH,pp,11,29,22,28,30,30,3,4,3,4,3,2,0,4,0,7,0
20260831,NAH,pp,3,5,5,5,,,3,3,4,4,3,0,0,4,0,3,0
20260911,RLL,pp,2,2,7,7,1,2,3,3,3,4,2,2,0,4,,,
20260630,WPV,pp,2,2,4,4,,,3,3,4,4,3,2,0,4,0,3,0
20260818,BGH,cod,3,3,2,2,,,3,3,4,4,1,1,0,4,0,1,0
20260714,SOL,pp,11,12,18,18,1,1,3,4,3,4,8,2,1,4,1,7,0
20260804,TUN,pp,19,20,12,12,,,3,3,4,4,2,2,0,4,0,1,0
20260912,KOL,pp,4,4,1,1,,,3,4,3,4,4,2,1,4,0,1,0
20260827,PWL,pp,1,2,2,2,,,3,3,4,4,1,0,0,4,0,5,0
20260711,IBH,cod,5,5,3,4,,,3,3,3,4,4,2,1,4,0,1,0
20260909,ESL,pp,5,5,8,9,0,1,3,4,3,4,3,3,0,4,0,20,0
20260727,PBR,cod,6,6,4,6,0,1,3,3,3,4,2,1,0,4,0,3,0
20260717,EML,pp,3,4,5,5,,,3,4,3,4,5,4,1,4,0,3,0
20260801,EML,cod,5,6,3,4,,,3,3,3,4,5,2,1,4,0,6,0
20260627,VSL,pp,3,3,1,1,,,3,3,4,4,2,1,0,4,0,5,0
20260703,BHH,pp,6,6,5,5,,,3,4,3,4,7,1,1,4,0,5,0
20260816,EML,cod,3,3,1,3,,,3,3,4,4,2,1,0,4,0,1,0
20260729,ZAO,pp,4,4,9,9,,,3,3,4,4,3,2,0,4,0,3,0
20260723,WZI,pp,5,6,5,5,1,1,3,4,3,4,4,0,1,4,0,8,0
20260724,LVP,cod,3,3,3,4,,,3,4,3,4,3,1,1,4,0,1,0
20260717,XIH,cod,1,1,1,1,0,1,3,4,3,4,3,3,0,4,1,5,0
20260825,NAH,pp,3,3,2,2,,,3,3,4,4,4,2,0,4,0,4,0
20260729,TUN,pp,,,2,2,,,3,3,4,4,4,2,0,4,0,9,0
20260726,LSR,cod,2,4,2,2,3,4,3,4,3,4,2,0,0,4,0,6,0
20260831,ZAO,pp,4,4,4,4,,,3,4,3,4,5,4,0,4,0,4,0
20260718,ESL,pp,8,8,7,8,,,3,3,4,4,3,3,0,4,0,4,0
20260727,SWL,cod,2,2,4,6,0,3,3,4,3,4,4,0,1,4,0,9,0
20260704,LSR,cod,0,2,0,1,1,1,3,3,4,4,8,3,0,4,0,3,0
20260711,TUN,pp,4,4,5,5,,,3,4,3,4,2,2,1,4,0,2,0
20260629,MRR,pp,7,7,7,7,,,3,3,4,4,2,2,0,4,0,5,0
20260914,SWT,cod,2,2,1,2,,,3,4,3,4,4,4,1,4,0,1,0
20260730,ESA,cod,17,20,16,18,1,1,3,4,3,4,8,3,1,4,0,8,0
20260717,WZI,cod,9,9,8,8,1,1,3,3,4,4,3,1,0,4,2,8,0
20260629,PRH,cod,13,13,11,15,0,1,3,3,4,4,6,3,0,4,0,4,0
20260730,IBH,cod,4,6,5,6,2,3,3,3,3,4,3,2,0,4,0,6,0
20260725,IBH,cod,2,4,1,1,1,1,3,4,3,4,,,0,4,0,1,0
20260717,WZO,pp,4,4,5,5,,,3,3,3,4,4,2,0,4,0,2,0
20260701,SWL,pp,8,9,18,18,,,3,3,4,4,2,1,0,4,0,4,0
20260827,ZAC,pp,3,3,3,3,,,3,3,3,4,1,1,1,4,0,2,0
20260910,SWE,cod,5,5,7,8,0,1,3,3,3,4,13,3,0,4,0,1,0
20260711,LSR,cod,3,3,2,5,,,3,3,3,4,3,2,0,4,0,2,0
20260817,IBH,cod,2,2,3,3,1,1,3,3,4,4,4,2,0,4,1,3,0
20260702,WZI,cod,15,15,16,17,,,3,4,3,4,5,3,0,4,0,7,0
20260805,RLL,pp,25,25,26,28,0,1,3,3,3,4,4,2,0,4,1,9,1
20260713,EML,pp,3,5,4,4,1,1,3,3,3,4,3,3,1,4,0,3,0
20260727,TEL,cod,9,11,17,19,3,4,3,3,3,4,4,1,1,4,0,10,0
20260716,DLH,pp,41,53,40,40,10,10,3,3,3,4,7,1,1,4,0,5,0
20260710,IBH,cod,4,4,2,2,,,3,3,3,4,2,1,1,4,1,8,0
20260704,NAH,pp,1,1,1,1,,,3,4,3,4,1,0,1,4,0,1,0
20260730,EML,pp,2,2,4,4,,,3,3,3,4,3,3,1,4,0,6,0
20260824,NAH,pp,2,2,2,2,,,3,4,3,4,2,1,0,4,,,
20260716,KIC,pp,14,14,15,16,0,1,3,4,3,4,2,1,0,4,1,4,1
20260911,CUH,cod,1,1,1,1,0,1,3,3,3,4,3,3,0,4,0,4,0
20260823,PWL,pp,2,2,2,2,,,3,3,4,4,3,2,0,4,0,3,0
20260814,ZAA,pp,,,28,29,,,3,3,3,4,,,1,4,0,2,0
20260808,SWT,cod,5,7,4,4,2,2,3,4,3,4,3,3,0,4,0,5,0
20260812,LVP,pp,3,3,3,3,,,3,4,3,4,4,3,1,4,0,4,0
20260911,PEP,pp,2,7,0,1,,,3,3,3,4,3,2,0,4,,,
20260716,WZI,cod,3,3,4,4,2,2,3,4,3,4,5,1,1,4,0,2,0
20260807,LVP,cod,1,2,0,1,,,3,4,3,4,3,3,1,4,0,5,0
20260920,SDD,cod,5,6,0,5,,,3,3,3,4,6,3,0,4,0,5,0
20260630,LVP,cod,8,8,8,8,,,3,3,4,4,3,2,0,4,0,2,0
20260624,FLO,cod,151,159,91,110,,,3,4,3,4,,,0,4,0,40,0
20260806,SWL,cod,1,1,1,1,,,3,3,3,4,,,0,4,0,5,0
20260713,PEP,pp,0,2,12,12,,,3,4,3,4,1,1,1,4,0,3,0
20260919,XIH,cod,2,2,3,3,,,3,4,3,4,3,2,1,4,0,2,0
20260804,TYL,pp,,,1,2,3,4,3,4,3,4,4,4,0,4,0,6,0
20260707,EML,pp,2,3,1,1,,,3,3,4,4,1,1,0,4,0,11,0
20260710,DLH,pp,4,4,4,4,0,1,3,3,3,4,4,0,0,4,0,8,0
20260712,SWE,cod,3,3,1,1,,,3,3,3,4,3,1,1,4,0,2,0
20260909,BBO,cod,15,15,14,15,0,1,3,3,3,4,3,2,1,4,1,4,0
20260826,WPV,pp,1,1,1,1,,,3,3,4,4,4,3,0,4,0,3,0
20260903,EML,cod,2,2,2,4,0,1,3,4,3,4,3,1,0,4,,,
20260808,BHH,pp,12,12,15,15,,,3,3,3,4,3,2,1,4,0,3,0
20260704,WZI,cod,8,8,10,10,2,2,3,3,3,4,5,3,0,4,0,6,0
20260902,NEX,pp,75,78,43,43,2,3,3,3,4,4,3,2,0,4,0,5,0
20260903,ESL,pp,9,9,1,1,,,3,3,3,4,4,3,1,4,0,4,0
20260909,AMA,pp,6,7,6,6,1,1,3,3,3,4,2,2,0,4,0,12,0
20260713,KIC,pp,20,22,12,12,1,1,3,4,3,4,7,2,1,4,0,5,0
20260912,EML,cod,2,2,2,5,,,3,3,3,4,1,1,0,4,,,
20260628,LSR,cod,4,4,5,5,2,2,3,4,3,4,4,2,0,4,1,4,0
20260905,ALW,pp,17,17,13,14,1,1,3,4,3,4,7,3,1,4,,,
20260707,IBH,cod,8,8,2,2,1,1,3,4,3,4,7,4,1,4,0,3,0
20260728,SWE,pp,15,15,28,30,,,3,3,4,4,4,1,0,4,0,10,0
20260626,MRR,pp,4,4,4,4,1,1,3,4,3,4,4,1,0,4,0,1,0
20260731,LVP,pp,5,5,2,2,1,1,3,4,3,4,5,3,0,4,0,8,0
20260711,SOL,pp,12,12,11,11,,,3,4,3,4,5,0,1,4,0,4,0
20260803,EML,pp,6,6,1,1,,,3,4,3,4,5,3,0,4,0,2,0
20260625,IBH,pp,10,11,5,5,,,3,4,3,4,5,1,0,4,0,2,0
20260722,ZAA,pp,,,3,3,,,3,4,3,4,2,1,1,4,0,2,0
20260824,BGH,cod,1,1,2,2,0,1,3,3,4,4,3,2,0,4,0,1,0
20260801,CUH,cod,2,3,2,4,,,3,3,4,4,5,3,0,4,0,2,0
20260716,PBR,cod,8,9,4,4,1,1,3,3,4,4,2,2,0,4,0,2,0
20260818,ESL,pp,4,4,16,16,1,1,3,4,3,4,2,2,0,4,0,6,0
20260803,VSL,pp,12,12,13,14,1,1,3,4,3,4,3,2,0,4,0,4,0
20260726,SWE,cod,,,1,1,0,1,3,4,3,4,4,4,0,4,0,3,0
20260807,SWT,cod,1,1,2,2,,,3,3,4,4,5,2,0,4,0,7,0
20260720,RSL,cod,6,6,3,3,0,3,3,3,4,5,3,2,0,5,0,5,0
20260729,VSL,pp,,,1,1,1,1,3,4,4,5,5,4,0,5,0,4,0
20260708,RSL,cod,5,6,1,8,1,2,3,4,4,5,5,3,0,5,1,5,0
20260802,CUH,cod,3,3,3,4,0,1,3,5,3,5,5,3,0,5,0,5,0
20260713,BBO,cod,17,17,17,17,0,1,3,5,3,5,6,3,1,5,0,5,0
20260625,TEL,cod,12,12,9,10,1,1,3,5,3,5,5,2,2,5,0,2,0
20260819,SWL,cod,2,6,1,1,3,4,3,5,3,5,5,4,1,5,0,5,0
20260717,RHY,pp,20,20,15,15,,,3,5,3,5,6,5,2,5,0,2,0
20260921,SWY,pp,3,4,0,5,,,3,3,5,5,2,2,0,5,0,2,0
20260916,IBH,cod,2,7,2,3,2,4,3,5,3,5,4,3,1,5,0,1,0
20260903,KOL,pp,1,1,4,4,,,3,4,3,5,1,1,1,5,0,3,0
20260626,SWE,cod,6,6,1,2,1,3,3,5,3,5,8,5,0,5,0,6,0
20260705,SWE,cod,4,4,1,1,0,1,3,4,4,5,4,3,0,5,0,4,0
20260702,DLH,pp,8,8,7,10,,,3,4,3,5,9,3,1,5,0,7,0
20260819,EML,cod,2,2,1,1,2,3,3,4,4,5,3,1,0,5,0,1,0
20260913,TEL,cod,3,5,3,4,1,2,3,3,3,5,5,3,0,5,0,12,0
20260704,VSL,pp,6,6,5,5,,,3,3,4,5,2,1,0,5,0,5,0
20260820,ZAA,pp,,,1,1,,,3,3,5,5,5,3,0,5,0,9,0
20260713,BAO,pp,14,14,12,14,0,1,3,5,3,5,6,4,0,5,0,4,0
20260709,BBO,cod,7,7,6,7,0,1,3,5,3,5,4,3,1,5,0,5,0
20260904,PBR,cod,5,6,4,5,,,3,4,3,5,4,2,0,5,0,6,0
20260920,EML,cod,1,1,0,6,0,2,3,5,3,5,8,5,0,5,1,4,0
20260630,SWE,cod,6,6,9,10,0,1,3,5,3,5,5,3,1,5,1,9,1
20260819,CUH,cod,1,1,1,1,,,3,4,3,5,6,4,0,5,0,4,0
20260916,PBR,cod,7,7,4,5,0,1,3,5,3,5,3,3,0,5,0,5,0
20260714,EML,pp,5,5,5,5,8,11,3,3,4,5,3,3,0,5,0,2,0
20260824,RLL,cod,10,10,2,10,,,3,4,3,5,5,4,1,5,0,2,0
20260704,RLL,pp,10,10,9,9,,,3,4,3,5,4,3,1,5,0,9,0
20260918,IBH,cod,3,4,1,2,1,3,3,4,3,5,3,3,0,5,1,6,1
20260809,ZEL,cod,6,6,2,2,0,1,3,5,3,5,8,4,0,5,10,27,10
20260707,RHY,pp,,,2,2,6,7,3,4,3,5,,,0,5,0,4,0
20260909,WZI,cod,10,13,7,7,2,2,3,5,3,5,4,3,1,5,0,5,0
20260708,AMA,cod,12,12,12,12,,,3,4,3,5,4,4,0,5,0,5,0
20260730,LVP,cod,3,3,2,3,0,1,3,3,3,5,2,2,0,5,0,5,0
20260624,FCL,pp,391,393,230,244,,,3,5,3,5,,,0,5,0,26,0
20260721,GUD,pp,6,8,5,7,0,3,3,3,5,5,4,3,0,5,0,6,0
20260912,SWE,cod,1,1,1,1,0,3,3,5,3,5,3,0,0,5,1,7,0
20260812,IBH,cod,3,4,7,8,,,3,4,3,5,2,2,0,5,0,2,0
20260627,RLL,cod,2,2,1,2,0,2,3,5,3,5,4,4,0,5,0,4,0
20260721,PBR,cod,4,4,3,3,1,1,3,4,4,5,1,1,1,5,0,6,0
20260728,WZI,cod,12,14,7,7,1,1,3,3,3,5,6,3,2,5,0,7,0
20260715,WZO,pp,,,2,2,,,3,4,4,5,5,4,0,5,0,1,0
20260728,LSR,cod,5,6,3,3,,,3,3,3,5,4,1,1,5,0,6,0
20260731,AMA,cod,7,7,7,7,,,3,5,3,5,5,5,2,5,0,4,0
20260826,RLL,cod,2,2,4,9,0,1,3,4,3,5,4,3,1,5,0,1,0
20260723,EML,cod,6,7,5,6,1,5,3,5,3,5,6,2,0,5,0,4,0
20260725,EML,cod,7,7,6,9,2,2,3,3,4,5,5,3,0,5,0,2,0
20260808,SWL,cod,2,2,2,2,,,3,3,3,5,2,1,0,5,0,3,0
20260724,IBH,pp,10,12,8,10,2,2,3,3,4,5,5,3,0,5,0,8,0
20260813,IBH,pp,7,8,5,7,,,3,3,4,5,6,2,1,5,0,7,0
20260902,PWL,pp,1,1,2,3,1,1,3,4,4,5,4,3,0,5,0,4,0
20260910,NAH,pp,2,2,1,1,,,3,4,3,5,4,2,0,5,0,2,0
20260901,IBH,cod,5,8,4,6,4,4,3,3,3,5,3,2,1,5,0,4,0
20260626,RLL,cod,2,3,1,1,0,3,3,4,3,5,3,1,0,5,0,1,0
20260805,LVP,pp,10,12,7,8,,,3,4,3,5,5,2,1,5,0,5,0
20260906,ZAA,pp,1,1,2,2,,,3,5,3,5,5,3,2,5,0,8,0
20260801,SDH,pp,4,14,6,7,17,17,3,5,3,5,6,4,0,5,0,5,0
20260919,AMA,cod,3,3,2,3,0,2,3,5,3,5,5,5,0,5,0,5,0
20260904,SWE,pp,1,1,1,1,,,3,3,5,5,6,3,0,5,1,2,1
20260819,ZAO,pp,1,1,1,1,,,3,4,4,5,2,1,0,5,0,4,0
20260830,IBH,cod,0,6,1,1,3,3,3,5,3,5,6,5,1,5,0,5,0
20260909,CUH,cod,1,1,1,1,0,2,3,3,3,5,2,2,0,5,0,5,0
20260806,IBH,pp,7,8,1,1,1,1,3,3,3,5,6,3,0,5,0,5,0
20260828,IBH,pp,2,16,0,1,,,3,5,3,6,3,3,1,6,0,6,0
20260709,RSL,cod,1,2,5,5,0,1,3,6,3,6,4,4,1,6,0,4,0
20260917,ZAO,pp,6,6,4,6,,,3,5,4,6,1,1,0,6,,,
20260906,IBH,pp,2,21,1,1,,,3,6,3,6,3,1,2,6,0,10,0
20260805,PBR,cod,,,0,2,,,3,4,5,6,4,3,0,6,0,3,0
20260801,LSR,cod,6,6,2,3,2,2,3,3,3,6,3,3,1,6,,,
20260725,PBR,cod,5,5,9,9,,,3,4,4,6,4,4,0,6,0,1,0
20260704,TEL,cod,9,11,11,11,1,3,3,4,3,6,5,3,0,6,0,10,0
20260702,NEX,cod,14,18,8,9,,,3,6,3,6,7,4,1,6,0,9,0
20260916,SWT,cod,,,3,6,0,1,3,5,4,6,6,4,0,6,0,1,0
20260820,SWT,cod,10,12,10,12,0,2,3,5,4,6,5,2,0,6,0,8,0
20260709,RLL,pp,18,19,9,9,,,3,5,4,6,7,2,1,6,1,7,0
20260919,PBR,cod,4,5,1,4,1,2,3,6,3,6,2,1,0,6,0,4,0
20260628,TEL,cod,2,2,1,2,0,2,3,5,3,6,10,5,0,6,0,8,0
20260706,DLH,pp,8,8,11,11,,,3,4,4,6,1,1,1,6,0,6,0
20260917,AMA,pp,,,11,18,,,3,4,5,6,4,4,0,6,,,
20260804,LSR,cod,4,4,6,7,1,1,3,4,3,6,7,3,1,6,0,12,0
20260812,SWT,cod,6,6,5,5,,,3,5,4,6,5,4,2,6,0,5,0
20260810,ESC,cod,8,9,13,17,0,4,3,3,4,6,6,3,0,6,1,9,1
20260910,WZI,cod,12,12,8,10,4,4,3,4,5,6,2,2,1,6,,,
20260718,LSR,cod,6,6,3,3,1,3,3,4,4,6,5,3,0,6,0,2,0
20260806,LSR,cod,3,4,3,4,,,3,5,3,6,3,1,2,6,0,2,0
20260715,RSL,cod,5,5,1,1,0,1,3,6,3,6,4,3,2,6,0,9,0
20260821,KOL,pp,2,3,7,7,,,3,3,5,6,4,1,1,6,1,7,0
20260701,PRH,cod,13,15,8,12,1,2,3,4,5,6,4,2,0,6,0,6,0
20260915,ZAA,pp,,,14,14,,,3,5,4,6,3,3,2,6,,,
20260729,EML,pp,2,2,1,1,1,1,3,4,4,6,3,3,0,6,0,8,0
20260729,WZI,cod,7,7,13,13,1,1,3,4,5,6,6,1,0,6,0,6,0
20260630,IBH,pp,14,18,12,12,3,3,3,3,5,6,6,1,0,6,0,5,0
20260817,WPV,pp,3,3,1,1,,,3,3,6,6,4,2,0,6,0,9,0
20260902,PEP,pp,2,3,6,6,,,3,4,4,6,5,2,2,6,0,1,0
20260702,SDH,pp,2,4,1,2,2,2,3,4,4,6,4,3,1,6,0,6,0
20260831,SWE,pp,5,5,6,6,0,1,3,4,3,6,15,2,1,6,0,8,0
20260804,WZI,pp,6,8,7,7,,,3,3,7,7,4,3,0,7,1,1,0
20260806,WZI,pp,6,6,4,4,,,3,6,4,7,,,3,7,0,14,0
20260907,SWT,cod,6,6,5,5,1,3,3,4,4,7,4,2,0,7,0,7,0
20260718,IBH,cod,4,5,5,5,1,2,3,6,4,7,5,4,0,7,0,4,0
20260823,IBH,cod,2,2,0,2,0,3,3,7,3,7,3,3,1,7,0,7,0
20260713,LVP,pp,65,65,153,174,,,3,6,4,7,4,3,2,7,0,6,0
20260629,LSR,cod,7,7,6,7,1,2,3,4,5,7,1,0,2,7,0,6,0
20260725,LSR,cod,3,3,3,3,,,3,5,4,7,4,1,2,7,1,7,1
20260714,DLH,pp,7,9,9,9,,,3,5,4,7,5,2,2,7,0,3,0
20260909,LSR,cod,11,12,16,17,0,1,3,7,3,7,8,4,2,7,2,13,1
20260811,LSR,cod,8,10,7,10,3,5,3,6,4,7,4,2,2,7,1,7,1
20260915,ESC,cod,7,7,10,15,1,4,3,5,4,7,4,2,2,7,0,3,0
20260706,AMA,pp,12,12,12,12,,,3,6,4,7,6,5,1,7,0,7,0
20260801,WZI,cod,9,10,6,6,,,3,4,6,7,4,3,0,7,0,11,0
20260828,RHY,pp,8,8,6,6,1,2,3,3,4,7,3,1,1,7,0,4,0
20260828,LGL,pp,5,5,66,71,1,1,3,3,4,7,28,3,0,7,0,1,0
20260724,RSL,cod,4,4,2,3,0,1,3,6,3,7,4,2,1,7,0,3,0
20260711,RSL,cod,3,5,1,3,2,4,3,7,3,7,7,3,2,7,0,4,0
20260729,LSR,cod,8,9,8,9,1,3,3,6,3,7,3,2,2,7,0,9,0
20260818,WZI,pp,5,6,2,2,,,3,5,5,7,10,4,1,7,0,3,0
20260917,TYL,cod,4,4,5,5,0,4,3,7,3,7,7,7,0,7,,,
20260712,TEL,cod,7,8,2,2,3,4,3,5,3,7,8,3,1,7,0,7,0
20260914,KOL,pp,2,2,4,4,,,3,4,3,7,4,3,3,7,0,1,0
20260822,PBR,cod,3,3,1,1,0,1,3,4,4,7,4,3,1,7,0,2,0
20260714,LVP,pp,12,12,39,41,,,3,4,5,7,4,3,1,7,0,4,0
20260808,LSR,cod,7,8,2,2,,,3,4,4,7,5,2,1,7,0,4,0
20260909,TEL,cod,8,12,9,10,5,9,3,4,4,8,6,2,0,8,0,8,0
20260827,RLL,cod,,,1,2,0,5,3,7,3,8,6,6,1,8,0,4,0
20260902,RLL,cod,2,2,2,2,,,3,4,4,8,4,3,0,8,0,4,0
20260709,IBH,cod,4,4,4,5,,,3,7,4,8,5,5,0,8,0,5,0
20260722,AMA,cod,6,6,6,6,,,3,5,6,8,4,4,0,8,0,5,0
20260713,DLH,pp,5,5,7,7,,,3,4,6,8,4,1,1,8,0,2,0
20260829,IBH,cod,9,16,3,8,0,3,3,6,3,8,3,2,0,8,0,2,0
20260717,RSL,cod,6,6,3,7,1,1,3,5,3,8,3,2,2,8,0,3,0
20260803,LSR,cod,9,10,9,9,0,3,3,5,4,8,6,4,1,8,0,3,0
20260912,TEL,cod,17,17,13,20,3,3,3,5,4,8,4,3,1,8,0,3,0
20260722,PRH,cod,11,11,12,22,0,1,3,5,5,8,15,4,1,8,0,4,0
20260629,SWT,cod,6,6,3,5,1,2,3,5,4,8,3,2,1,8,0,7,0
20260627,WZI,pp,7,7,7,7,,,3,8,3,8,5,4,5,8,0,5,0
20260812,LSR,cod,8,10,4,5,,,3,4,7,8,4,2,1,8,0,5,0
20260808,ESC,cod,14,15,7,9,2,2,3,3,4,8,5,2,1,8,0,12,0
20260722,EML,cod,6,7,4,5,3,6,3,5,5,9,8,4,1,9,0,2,0
20260630,SWL,cod,1,1,1,1,6,15,3,5,4,9,3,3,1,9,0,5,0
20260809,ESC,cod,14,15,8,10,0,2,3,8,3,9,9,6,2,9,0,4,0
20260808,RSL,cod,2,2,5,9,0,1,3,5,4,10,3,2,2,10,0,4,0
20260918,WZA,pp,4,4,2,6,,,3,6,6,10,5,4,0,10,0,5,0
20260719,EML,cod,4,4,1,2,1,5,3,8,3,10,9,8,0,10,0,7,0
20260812,RSL,cod,,,2,2,1,1,3,9,4,10,9,5,5,10,0,5,0
20260709,TEL,cod,11,14,9,10,3,5,3,5,6,10,3,0,0,10,0,4,0
20260626,KPI,cod,6,6,6,6,0,2,3,8,5,11,3,1,1,11,0,5,0
20260805,ESC,cod,7,7,5,7,4,14,3,9,3,11,12,6,1,11,0,6,0
20260803,TEL,cod,17,18,14,18,2,8,3,5,7,12,8,4,3,12,1,9,0
20260909,KOL,cod,2,4,5,7,0,5,3,9,3,12,7,3,1,12,0,22,0
20260627,SWL,cod,0,1,2,2,2,5,3,9,3,12,3,2,3,12,0,2,0
20260909,IGS,pp,47,55,48,50,23,40,3,6,4,13,1,0,2,13,0,11,0
20260910,IGS,pp,0,25,10,12,9,30,3,4,7,13,8,4,1,13,0,2,0
20260816,ESA,cod,1,1,10,10,0,2,3,7,6,14,15,1,1,14,4,25,1
20260823,ESC,cod,32,33,9,13,,,3,8,4,15,13,4,6,15,0,16,0
20260818,WPV,pp,6,6,7,7,1,1,4,4,4,4,4,3,0,4,0,4,0
20260819,WZI,cod,8,8,8,8,1,1,4,4,4,4,,,0,4,1,11,0
20260803,NAH,pp,3,3,2,3,1,1,4,4,4,4,5,3,0,4,0,1,0
20260730,XIH,pp,5,5,3,3,,,4,4,4,4,7,4,0,4,0,3,0
20260717,WZI,pp,6,8,7,7,1,1,4,4,4,4,3,2,0,4,0,5,0
20260908,LGL,pp,7,7,19,21,,,4,4,4,4,6,4,0,4,,,
20260902,VSL,pp,14,15,11,11,,,4,4,4,4,4,4,0,4,0,5,0
20260630,ZAC,pp,,,2,2,,,4,4,4,4,3,3,0,4,0,1,0
20260731,VSL,pp,4,4,4,4,,,4,4,4,4,2,1,0,4,0,1,0
20260822,WZI,pp,10,10,10,10,,,4,4,4,4,8,2,0,4,0,3,0
20260824,ZAO,pp,2,2,3,3,,,4,4,4,4,2,1,0,4,0,4,0
20260625,AMA,pp,9,9,8,9,,,4,4,4,4,5,3,0,4,0,2,0
20260912,COM,pp,5,5,5,5,,,4,4,4,4,1,1,0,4,0,3,0
20260916,NAH,pp,1,2,1,2,,,4,4,4,4,3,3,0,4,0,6,0
20260906,XIH,pp,1,1,1,1,,,4,4,4,4,3,3,0,4,0,14,0
20260723,NEX,cod,19,19,12,12,,,4,4,4,4,2,2,0,4,0,4,0
20260904,WZI,cod,2,2,5,5,,,4,4,4,4,9,3,0,4,0,6,0
20260625,SWE,cod,12,12,14,16,,,4,4,4,4,3,1,0,4,,,
20260626,DLH,pp,3,3,5,5,,,4,4,4,4,1,0,0,4,0,1,0
20260701,GUD,pp,8,8,7,9,3,3,4,4,4,4,10,3,0,4,0,2,0
20260811,WZO,pp,,,1,1,,,4,4,4,4,4,0,0,4,0,6,0
20260807,AMA,cod,3,3,3,3,,,4,4,4,4,4,4,0,4,0,3,0
20260808,SDH,pp,5,32,5,5,13,13,4,4,4,4,6,3,0,4,0,1,0
20260707,XIH,cod,,,1,2,,,4,4,4,4,3,2,0,4,0,2,0
20260715,XIH,pp,6,6,3,3,1,1,4,4,4,4,7,3,0,4,0,4,0
20260725,ZAO,pp,3,3,3,3,,,4,4,4,4,6,3,0,4,0,3,0
20260914,ZAO,cod,7,7,7,7,,,4,4,4,4,4,4,0,4,0,4,0
20260721,WZI,cod,3,3,5,5,,,4,4,4,4,8,2,0,4,0,2,0
20260830,NKD,pp,24,24,26,26,,,4,4,4,4,7,4,0,4,0,47,0
20260824,ZEL,cod,2,2,1,1,18,25,4,4,4,4,5,2,0,4,0,3,0
20260726,AMA,cod,,,9,9,1,1,4,4,4,4,3,3,0,4,0,2,0
20260630,ZAA,pp,,,16,16,,,4,4,4,4,1,1,0,4,0,2,0
20260902,EZS,pp,6,6,6,6,,,4,4,4,4,2,2,0,4,0,4,0
20260831,XIH,pp,6,6,6,6,,,4,4,4,4,2,2,0,4,0,3,0
20260915,ZAC,pp,3,3,4,4,,,4,4,4,4,5,4,0,4,0,4,0
20260912,ZFN,pp,,,1,1,,,4,4,4,4,2,2,0,4,,,
20260919,TUN,pp,4,4,1,4,,,4,4,4,4,5,4,0,4,0,1,0
20260711,PBR,cod,6,7,2,3,1,2,4,4,4,4,6,4,0,4,0,2,0
20260716,ZAA,pp,5,5,1,1,,,4,4,4,4,2,1,0,4,0,2,0
20260818,EML,cod,5,5,4,5,,,4,4,4,4,2,1,0,4,1,8,0
20260723,KIC,pp,15,17,15,16,,,4,4,4,4,2,1,0,4,0,10,0
20260813,LTL,pp,6,6,2,2,,,4,4,4,4,6,4,0,4,0,1,0
20260907,LVP,pp,,,1,1,,,4,4,4,4,2,2,0,4,0,5,0
20260904,NKD,pp,12,33,17,17,,,4,4,4,4,9,4,0,4,0,19,0
20260909,SWE,cod,8,8,2,5,0,1,4,4,4,4,1,0,0,4,0,11,0
20260907,ZAO,pp,1,1,1,1,,,4,4,4,4,1,1,0,4,1,11,1
20260902,SWL,cod,1,1,5,6,,,4,4,4,4,3,3,0,4,0,1,0
20260731,ZAO,pp,9,9,9,9,,,4,4,4,4,4,2,0,4,0,7,0
20260704,GUD,pp,2,2,4,4,,,4,4,4,4,1,1,0,4,2,9,2
20260903,VSL,pp,17,17,21,21,,,4,4,4,4,5,4,0,4,0,3,0
20260803,SDH,pp,5,14,13,13,10,10,4,4,4,4,4,3,0,4,0,3,0
20260915,NEX,pp,5,9,3,3,,,4,4,4,4,6,2,0,4,0,22,0
20260911,SWT,cod,3,3,3,5,,,4,4,4,4,3,3,0,4,0,3,0
20260906,ZAO,pp,10,11,10,10,1,1,4,4,4,4,3,2,0,4,0,6,0
20260717,SOL,pp,7,7,7,11,,,4,4,4,4,8,0,0,4,0,7,0
20260714,WZO,pp,5,5,4,4,,,4,4,4,4,3,3,0,4,0,2,0
20260812,WZI,pp,7,8,2,2,1,1,4,4,4,4,8,3,0,4,0,11,0
20260824,KOL,pp,6,6,7,7,,,4,4,4,4,4,1,0,4,0,2,0
20260915,XIH,pp,10,10,10,10,,,4,4,4,4,3,3,0,4,0,4,0
20260624,DFX,pp,31,31,24,24,,,4,4,4,4,,,0,4,0,16,0
20260825,WPV,pp,8,8,8,8,,,4,4,4,4,3,3,0,4,0,2,0
20260827,WXE,pp,1,4,3,6,5,5,4,4,4,4,3,1,0,4,0,1,0
20260821,SDH,pp,17,43,11,13,25,25,4,4,4,4,6,4,0,4,0,4,0
20260706,BBO,pp,29,29,31,32,,,4,4,4,4,2,2,0,4,0,3,0
20260804,ZAO,pp,7,7,6,6,,,4,4,4,4,6,4,0,4,0,7,0
20260904,SWT,pp,1,4,2,2,,,4,4,4,4,7,2,0,4,1,16,1
20260721,XIH,pp,4,4,1,1,,,4,4,4,4,3,2,0,4,0,1,0
20260627,XIH,pp,3,3,4,4,,,4,4,4,4,2,1,0,4,0,3,0
20260624,ESA,pp,447,515,235,242,,,4,4,4,4,,,0,4,0,32,0
20260817,XIH,pp,4,4,12,12,,,4,4,4,4,3,3,0,4,0,5,0
20260818,PWL,pp,2,2,3,3,,,4,4,4,4,6,3,0,4,2,8,0
20260813,WZA,pp,15,15,12,12,,,4,4,4,4,3,2,0,4,1,8,0
20260711,WZI,cod,4,6,4,4,,,4,4,4,4,4,3,0,4,1,13,1
20260709,BGH,cod,1,1,2,2,,,4,4,4,4,,,0,4,0,4,0
20260803,PBR,cod,8,10,5,6,1,1,4,4,4,4,3,3,0,4,0,3,0
20260729,XIH,cod,1,1,2,2,,,4,4,4,4,2,2,0,4,0,7,0
20260717,SDH,pp,11,29,2,3,15,15,4,4,4,4,4,3,0,4,0,3,0
20260912,ZAO,pp,4,4,3,3,,,4,4,4,4,5,2,0,4,0,12,0
20260720,SWE,pp,17,17,17,18,,,4,4,4,4,11,2,0,4,0,9,0
20260904,LVP,cod,1,1,0,1,,,4,4,4,4,6,4,0,4,0,2,0
20260722,LSR,cod,3,3,3,5,1,1,4,4,4,4,6,3,0,4,0,3,0
20260902,RLL,pp,7,7,9,9,0,1,4,4,4,4,6,2,0,4,0,4,0
20260721,ZAA,pp,8,8,9,9,,,4,4,4,4,6,4,0,4,0,6,0
20260921,ESL,pp,0,9,0,1,,,4,4,4,4,4,1,0,4,0,1,0
20260727,ZEX,pp,1,1,1,1,,,4,4,4,4,1,1,0,4,,,
20260703,WZI,pp,6,6,8,8,,,4,4,4,4,2,2,0,4,0,3,0
20260911,RHY,pp,11,11,9,10,,,4,4,4,4,4,3,0,4,0,3,0
20260801,SWT,cod,6,7,7,8,2,2,4,4,4,4,5,3,0,4,0,3,0
20260629,ZAO,pp,,,1,1,,,4,4,4,4,5,4,0,4,0,5,0
20260727,ZAO,pp,7,7,7,7,,,4,4,4,4,2,2,0,4,,,
20260715,ZAO,pp,6,6,6,6,,,4,4,4,4,5,2,0,4,1,9,0
20260821,WZI,cod,9,12,8,8,3,3,4,4,4,4,3,3,0,4,0,2,0
20260904,ALW,cod,50,54,68,72,2,2,4,4,4,4,7,4,0,4,,,
20260821,AMA,cod,4,4,4,4,,,4,4,4,4,4,3,0,4,0,2,0
20260827,PBR,cod,2,3,1,1,1,2,4,4,4,4,5,4,0,4,1,5,1
20260806,ZAO,pp,6,6,6,6,,,4,4,4,4,3,3,0,4,0,1,0
20260714,SWT,cod,7,7,5,8,,,4,4,4,4,3,2,0,4,,,
20260917,TUN,pp,5,5,3,5,,,4,4,4,4,7,3,0,4,0,2,0
20260624,INW,cod,119,120,19,20,,,4,4,4,4,,,0,4,0,20,0
20260702,GUD,pp,2,2,1,1,,,4,4,4,4,4,3,0,4,0,4,0
20260728,SDH,pp,6,25,5,6,23,23,4,4,4,4,3,3,0,4,0,9,0
20260822,KOL,pp,3,3,3,4,2,2,4,4,4,4,2,0,0,4,1,7,1
20260908,BGH,cod,0,1,2,2,,,4,4,4,4,3,3,0,4,0,3,0
20260722,NAH,pp,1,2,1,1,,,4,4,4,4,5,2,0,4,0,2,0
20260724,EML,pp,,,5,6,,,4,4,4,4,5,4,0,4,0,4,0
20260916,IBH,pp,5,25,2,4,,,4,4,4,4,4,3,0,4,0,4,0
20260730,ZFB,pp,3,3,4,4,,,4,4,4,4,2,2,0,4,0,1,0
20260731,XIH,pp,2,2,3,3,,,4,4,4,4,4,3,0,4,0,1,0
20260728,VSL,pp,12,13,7,8,,,4,5,4,5,4,4,0,5,0,6,0
20260915,VSL,pp,24,24,31,32,,,4,4,5,5,4,0,0,5,0,13,0
20260829,ZBR,pp,,,1,1,,,4,5,4,5,2,2,0,5,0,5,0
20260821,SWT,cod,10,12,9,11,2,2,4,5,4,5,4,1,0,5,0,5,0
20260910,IBH,pp,5,6,10,10,,,4,4,5,5,4,3,0,5,0,3,0
20260713,IBH,pp,7,8,6,7,0,1,4,4,5,5,3,1,0,5,0,5,0
20260804,LVP,pp,11,13,14,14,,,4,4,4,5,3,2,1,5,0,4,0
20260827,SWE,cod,1,1,2,2,,,4,5,4,5,5,4,0,5,0,4,0
20260626,WZO,pp,2,2,1,2,,,4,5,4,5,3,3,1,5,0,1,0
20260918,AMA,pp,12,12,1,12,,,4,5,4,5,5,5,1,5,0,10,0
20260825,ZAA,pp,,,8,8,,,4,4,4,5,4,4,1,5,0,3,0
20260819,RLL,pp,10,11,13,13,3,3,4,5,4,5,6,5,0,5,0,7,0
20260729,LSR,pp,13,16,12,14,4,4,4,5,4,5,7,3,1,5,0,10,0
20260716,RLL,cod,1,2,2,2,0,1,4,5,4,5,5,5,0,5,,,
20260713,LVP,cod,1,1,1,1,,,4,4,5,5,3,3,0,5,0,4,0
20260813,LSR,cod,11,14,6,8,1,1,4,4,5,5,3,2,0,5,0,4,0
20260719,LVP,cod,,,0,1,,,4,4,4,5,6,4,0,5,0,6,0
20260905,COM,pp,5,5,5,5,,,4,4,5,5,8,3,0,5,0,6,0
20260710,IBH,pp,11,13,9,10,2,2,4,4,5,5,2,1,0,5,0,6,0
20260917,NAH,pp,6,7,1,5,,,4,5,4,5,5,4,0,5,0,5,0
20260730,VSL,pp,6,6,7,7,,,4,4,5,5,6,4,0,5,1,7,1
20260725,SDH,pp,5,34,3,3,12,12,4,4,5,5,1,1,0,5,0,8,0
20260829,INM,cod,40,40,41,43,0,1,4,5,4,5,11,4,0,5,0,1,0
20260820,NEX,cod,32,33,41,45,,,4,4,4,5,7,3,1,5,0,8,0
20260731,SWL,cod,2,2,1,1,0,2,4,4,4,5,3,2,0,5,0,3,0
20260920,XIH,pp,1,2,1,1,,,4,5,4,5,9,4,0,5,0,7,0
20260717,ESL,pp,4,4,5,5,,,4,4,4,5,3,3,1,5,0,2,0
20260826,THE,pp,5,5,1,1,,,4,4,5,5,6,4,0,5,0,1,0
20260826,ESL,pp,3,3,5,5,,,4,4,4,5,3,2,0,5,0,3,0
20260810,VSL,pp,19,19,25,25,1,1,4,5,4,5,4,2,1,5,0,13,0
20260817,SOL,pp,36,41,19,19,,,4,4,5,5,12,1,0,5,0,8,0
20260826,ZAC,pp,4,4,4,4,,,4,4,4,5,5,3,1,5,0,1,0
20260911,EML,cod,2,2,3,4,1,2,4,4,4,5,3,1,0,5,0,2,0
20260720,TUN,pp,7,7,2,3,1,1,4,5,4,5,8,3,0,5,0,2,0
20260702,BBO,pp,7,7,7,7,,,4,4,4,5,2,2,1,5,0,7,0
20260809,CUH,cod,13,13,6,13,,,4,4,4,5,4,4,0,5,0,1,0
20260707,LVP,pp,15,15,14,15,0,1,4,5,4,5,6,5,0,5,0,5,0
20260805,WPV,pp,6,6,7,7,0,1,4,4,4,5,2,2,1,5,0,6,0
20260704,XIH,pp,7,7,10,10,,,4,4,4,5,4,3,0,5,0,3,0
20260728,SWT,cod,7,9,11,15,5,6,4,5,4,5,3,3,0,5,0,2,0
20260918,IBH,pp,11,11,3,7,1,1,4,5,4,5,6,4,1,5,0,11,0
20260711,AMA,pp,20,20,20,20,,,4,4,5,5,2,2,0,5,0,8,0
20260727,EML,pp,2,2,2,2,1,1,4,5,4,5,5,5,0,5,0,5,0
20260903,NAH,pp,3,4,2,2,,,4,5,4,5,7,4,1,5,0,4,0
20260722,ZAO,pp,6,6,6,6,,,4,5,4,5,7,5,0,5,0,3,0
20260629,RHY,pp,6,10,3,3,1,1,4,4,4,5,6,4,1,5,0,5,0
20260821,TUN,pp,1,1,1,1,,,4,5,4,5,2,2,0,5,0,4,0
20260820,WZI,pp,10,10,9,9,1,1,4,4,5,5,,,0,5,0,11,0
20260701,BHH,pp,8,10,5,5,1,1,4,4,5,5,10,4,0,5,0,5,0
20260822,THE,pp,2,3,9,9,0,1,4,5,4,5,7,5,0,5,0,2,0
20260710,SDH,pp,6,17,3,3,10,10,4,4,5,5,4,3,0,5,0,3,0
20260719,BGH,pp,6,6,6,7,4,4,4,5,4,5,4,2,0,5,0,19,0
20260801,LVP,pp,1,1,3,4,,,4,4,5,5,3,2,0,5,0,6,0
20260725,IBH,pp,5,5,4,5,2,2,4,4,4,5,3,2,0,5,0,1,0
20260902,XIH,pp,13,14,11,11,1,1,4,5,4,5,9,5,1,5,0,5,0
20260723,LVP,pp,9,10,9,11,,,4,4,4,5,4,3,0,5,0,7,0
20260721,ESL,pp,3,4,10,11,,,4,4,5,5,4,1,0,5,0,5,0
20260715,SDH,pp,6,14,9,13,14,14,4,5,4,5,4,3,0,5,0,7,0
20260724,PBR,cod,3,4,3,3,1,2,4,4,4,5,3,2,0,5,0,4,0
20260731,CUH,cod,6,6,3,3,,,4,4,4,5,4,4,0,5,0,1,0
20260813,ESL,pp,1,1,1,1,,,4,5,4,5,4,4,0,5,0,7,0
20260813,SWT,pp,13,14,17,18,3,3,4,4,5,5,2,1,0,5,0,6,0
20260803,XIH,pp,3,3,6,6,,,4,4,5,5,3,2,0,5,0,5,0
20260911,ESL,pp,3,3,3,3,,,4,4,5,5,4,4,0,5,0,6,0
20260714,BAO,pp,9,9,11,11,,,4,4,5,5,4,2,0,5,0,3,0
20260718,WZO,pp,,,4,4,,,4,4,5,5,3,3,0,5,0,2,0
20260902,CUH,cod,3,3,3,4,,,4,4,5,5,2,2,0,5,0,1,0
20260716,SWE,cod,5,5,3,5,,,4,5,4,5,7,3,1,5,0,3,0
20260718,SDH,pp,5,12,12,16,16,16,4,5,4,5,5,4,1,5,0,3,0
20260812,SWE,cod,3,3,3,3,,,4,4,5,5,5,3,0,5,0,6,0
20260908,THE,pp,1,1,5,5,,,4,4,5,5,4,4,0,5,,,
20260728,ESL,pp,8,8,8,8,,,4,5,4,5,6,5,1,5,0,3,0
20260814,SDH,pp,9,15,10,10,9,9,4,5,4,5,3,2,0,5,1,7,1
20260627,ZAO,pp,2,2,2,2,,,4,5,4,5,3,2,0,5,,,
20260727,SWT,pp,19,22,15,16,0,1,4,5,4,5,3,0,0,5,0,12,0
20260918,ESL,pp,3,3,1,1,,,4,4,5,5,3,3,0,5,0,5,0
20260914,ZAO,pp,7,9,8,8,,,4,4,5,5,7,3,0,5,0,6,0
20260701,TUN,pp,5,5,5,5,,,4,4,5,5,1,1,0,5,0,10,0
20260724,SWT,pp,8,9,7,8,0,1,4,5,4,5,8,4,0,5,0,14,0
20260804,SWL,cod,4,4,1,3,,,4,4,4,5,2,1,1,5,0,8,0
20260705,BHH,pp,9,10,6,6,,,4,4,5,6,8,2,1,6,0,9,0
20260715,PBR,cod,2,2,3,4,,,4,5,5,6,4,4,0,6,0,7,0
20260721,VSL,pp,2,2,6,6,,,4,4,6,6,4,3,0,6,0,6,0
20260916,THE,pp,2,2,7,7,,,4,4,6,6,4,4,0,6,0,7,0
20260729,RSL,cod,1,1,2,5,0,1,4,4,4,6,5,4,1,6,0,5,0
20260811,RHY,pp,3,9,5,5,1,1,4,5,5,6,10,4,0,6,0,6,0
20260805,WZI,pp,14,17,14,14,,,4,6,4,6,9,5,0,6,0,7,0
20260912,SWE,pp,3,4,3,3,,,4,5,5,6,7,1,0,6,1,6,0
20260808,EML,cod,4,4,3,4,1,2,4,4,4,6,3,3,1,6,0,5,0
20260702,SWT,cod,3,3,3,5,0,2,4,4,6,6,3,3,0,6,0,1,0
20260707,DLH,pp,3,3,2,3,,,4,4,5,6,4,4,1,6,0,5,0
20260719,PRH,cod,3,3,4,5,,,4,6,4,6,7,2,2,6,1,11,1
20260708,SWE,cod,2,2,1,2,0,1,4,5,4,6,2,0,0,6,0,5,0
20260708,NEX,cod,13,13,14,17,1,1,4,5,4,6,19,4,2,6,0,2,0
20260903,ZAO,pp,5,5,5,5,,,4,5,5,6,6,5,0,6,0,4,0
20260807,CUH,cod,6,6,5,6,1,3,4,6,4,6,3,3,0,6,0,6,0
20260918,RLL,pp,4,4,3,7,1,1,4,4,5,6,3,3,1,6,0,5,0
20260715,MRR,pp,7,7,7,7,0,1,4,5,4,6,1,1,0,6,0,7,0
20260901,ESL,pp,9,9,16,17,0,1,4,5,4,6,3,3,2,6,0,6,0
20260701,WZO,pp,2,3,6,7,1,1,4,5,4,6,4,2,2,6,1,3,1
20260809,NKD,pp,42,42,36,36,,,4,5,5,6,8,3,1,6,0,25,0
20260811,CUH,cod,10,11,6,11,0,1,4,5,5,6,8,4,1,6,0,3,0
20260821,ZEL,cod,19,19,19,19,0,1,4,4,4,6,,,0,6,0,10,0
20260731,IBH,pp,7,7,7,9,0,1,4,5,4,6,5,4,1,6,1,5,1
20260719,BAO,pp,2,2,20,23,,,4,6,4,6,4,4,0,6,0,5,0
20260629,KIC,pp,15,17,17,17,2,3,4,5,5,6,9,3,1,6,2,12,0
20260813,WPV,pp,4,5,4,4,1,1,4,5,5,6,5,2,0,6,0,10,0
20260921,VSL,pp,3,3,0,5,,,4,4,5,6,5,4,0,6,0,8,0
20260916,BBO,cod,11,11,9,11,1,4,4,4,4,6,2,1,0,6,,,
20260630,DLH,pp,4,4,5,5,,,4,6,4,6,2,2,1,6,0,3,0
20260825,KOL,pp,,,1,1,,,4,5,5,6,5,3,1,6,0,4,0
20260801,SWE,cod,6,6,3,5,,,4,4,6,6,4,3,0,6,0,4,0
20260715,ESL,pp,4,4,8,8,,,4,5,5,6,3,3,0,6,0,4,0
20260626,RSL,cod,6,7,6,7,0,1,4,5,4,6,7,4,0,6,0,6,0
20260915,SWT,cod,5,5,3,3,0,1,4,5,4,6,6,5,1,6,0,5,0
20260711,TEL,cod,11,14,8,8,1,1,4,5,4,6,6,3,1,6,0,7,0
20260824,XIH,pp,6,6,10,10,,,4,5,5,6,3,2,0,6,0,4,0
20260728,EML,pp,5,6,3,3,,,4,5,4,6,6,5,1,6,0,2,0
20260811,EML,cod,2,2,1,1,0,1,4,6,4,6,8,6,0,6,0,7,0
20260706,WZO,pp,2,2,2,2,1,3,4,4,4,6,2,2,1,6,0,2,0
20260729,BBO,cod,8,9,7,8,1,1,4,5,4,6,5,5,0,6,0,7,0
20260715,GUD,pp,6,10,6,6,1,1,4,4,6,6,4,4,0,6,0,4,0
20260819,LSR,cod,9,14,4,6,6,7,4,4,4,6,11,3,1,6,0,5,0
20260801,IBH,pp,8,8,14,14,1,1,4,5,4,6,4,3,1,6,0,5,0
20260920,TUN,pp,,,0,3,,,4,5,5,6,5,4,0,6,0,12,0
20260915,KOL,pp,1,1,0,2,0,2,4,4,4,6,2,2,0,6,0,2,0
20260818,LSR,cod,4,9,11,11,3,4,4,7,4,7,8,5,1,7,0,6,0
20260807,LSR,cod,3,5,3,3,1,1,4,5,4,7,7,4,1,7,0,3,0
20260823,SWT,cod,2,2,2,2,1,2,4,5,6,7,5,1,0,7,0,6,0
20260917,WZI,cod,,,1,1,1,1,4,5,6,7,5,3,1,7,,,
20260828,RLL,pp,,,2,2,,,4,6,5,7,7,6,0,7,0,7,0
20260723,SOL,pp,14,15,16,16,1,2,4,4,4,7,6,2,1,7,3,17,0
20260726,RLL,pp,1,3,9,9,2,3,4,6,4,7,8,4,2,7,0,8,0
20260816,IBH,pp,2,2,1,1,1,1,4,4,4,7,6,1,2,7,0,3,0
20260814,IBH,pp,9,10,6,6,2,2,4,6,5,7,6,3,2,7,0,7,0
20260731,EML,cod,11,16,8,9,1,2,4,5,5,7,4,3,0,7,0,7,0
20260915,RHY,pp,33,34,22,23,0,1,4,6,5,7,6,6,0,7,0,10,0
20260724,NEX,cod,26,29,28,28,,,4,6,5,7,6,4,1,7,0,8,0
20260904,BHH,pp,19,20,15,15,,,4,6,5,7,3,1,1,7,0,14,0
20260627,BHH,pp,6,6,2,2,,,4,5,6,7,7,3,0,7,0,10,0
20260708,SWE,pp,5,5,5,5,3,5,4,6,5,7,11,3,0,7,1,14,0
20260714,REH,pp,161,164,162,167,3,5,4,6,4,7,7,5,0,7,0,5,0
20260802,SDH,pp,8,23,3,3,17,17,4,4,6,7,3,3,0,7,0,1,0
20260712,IBH,pp,1,1,2,3,1,1,4,6,5,7,8,5,1,7,1,5,0
20260820,ZEL,cod,1,1,1,1,0,1,4,5,4,7,1,0,1,7,2,10,0
20260721,AMA,cod,2,2,2,2,0,2,4,7,4,7,8,7,0,7,0,5,0
20260717,EML,cod,8,11,1,1,3,4,4,6,4,7,8,6,3,7,0,6,0
20260706,RSL,cod,11,11,5,8,3,7,4,6,5,7,4,3,0,7,0,4,0
20260825,IBH,cod,7,14,7,7,,,4,5,6,7,3,2,0,7,0,6,0
20260831,ESL,pp,13,13,4,4,,,4,5,5,7,6,4,1,7,0,9,0
20260701,LSR,cod,3,3,1,3,1,1,4,6,5,7,8,6,1,7,0,2,0
20260826,BBO,cod,15,15,30,33,,,4,6,5,7,8,6,1,7,0,7,0
20260704,ESA,cod,13,15,10,10,2,2,4,4,7,7,5,3,0,7,0,5,0
20260703,SOL,pp,9,9,7,7,,,4,7,4,7,2,2,3,7,0,13,0
20260909,RSL,pp,20,22,19,19,4,4,4,5,5,7,11,4,0,7,0,14,0
20260725,WZI,cod,16,17,25,25,4,4,4,4,7,7,12,4,0,7,0,7,0
20260715,DLH,pp,31,41,5,5,3,3,4,4,6,7,4,2,1,7,0,3,0
20260822,IBH,pp,3,3,6,6,0,1,4,6,4,7,8,5,0,7,1,9,1
20260701,KPI,cod,16,16,9,13,,,4,4,6,7,8,3,0,7,0,6,0
20260802,IBH,pp,,,1,1,1,1,4,5,5,7,7,4,1,7,0,6,0
20260827,CUH,pp,11,11,11,11,,,4,5,6,7,6,5,0,7,0,10,0
20260704,SOL,pp,9,10,10,10,,,4,4,7,7,8,3,0,7,0,9,0
20260829,SWE,pp,13,13,8,8,,,4,6,5,7,3,1,2,7,0,3,0
20260805,LSR,cod,3,4,6,7,0,2,4,6,5,7,6,2,1,7,0,6,0
20260626,TEL,cod,11,12,6,8,2,2,4,5,5,7,5,4,2,7,0,3,0
20260712,ZEL,cod,3,3,4,5,,,4,7,4,7,8,6,2,7,,,
20260703,LSR,cod,2,2,4,5,1,1,4,5,5,7,5,4,0,7,0,9,0
20260921,LSR,cod,6,11,0,10,4,6,4,7,4,7,5,4,1,7,0,2,0
20260813,AMA,pp,10,10,10,10,,,4,6,5,7,4,4,1,7,0,13,0
20260811,ZAA,pp,1,1,3,3,,,4,6,5,7,10,6,1,7,0,8,0
20260831,SWT,cod,10,13,10,13,4,5,4,4,6,7,5,2,0,7,0,7,0
20260823,VSL,pp,2,2,1,1,,,4,5,6,7,3,3,1,7,0,3,0
20260719,IBH,cod,2,2,1,1,1,4,4,7,4,8,5,5,1,8,1,9,0
20260903,ESA,cod,13,13,12,13,,,4,4,7,8,15,1,1,8,0,11,0
20260711,SWT,cod,6,8,2,3,,,4,5,4,8,9,4,3,8,0,2,0
20260704,SWT,cod,3,3,4,4,0,3,4,8,4,8,9,7,0,8,0,4,0
20260825,LGL,pp,3,3,3,3,,,4,4,5,8,17,3,2,8,0,7,0
20260627,RSL,cod,1,2,1,1,1,3,4,8,4,8,7,5,1,8,0,5,0
20260825,CUH,pp,12,12,11,11,0,1,4,5,6,8,8,5,0,8,0,7,0
20260727,LSR,cod,5,5,3,3,1,2,4,6,4,8,6,3,3,8,0,3,0
20260728,SWL,cod,8,8,8,8,1,3,4,6,5,8,4,3,1,8,0,5,0
20260921,WZA,pp,6,6,0,7,,,4,5,7,8,11,2,0,8,0,4,0
20260814,SWT,cod,6,8,5,7,1,2,4,6,4,8,4,2,2,8,0,6,0
20260828,SWT,cod,2,3,5,6,1,1,4,5,7,8,3,0,1,8,0,9,0
20260710,SWE,cod,4,4,2,3,,,4,6,4,8,6,5,3,8,0,4,0
20260709,SWT,cod,6,6,5,8,,,4,6,5,8,6,6,0,8,0,7,0
20260714,NEX,cod,49,50,45,45,0,1,4,8,4,8,7,5,1,8,0,10,0
20260821,CUH,cod,1,1,1,1,,,4,6,5,8,4,3,2,8,0,4,0
20260903,PEP,pp,3,5,3,3,0,1,4,6,5,8,2,0,1,8,0,7,0
20260725,TEL,cod,14,16,14,20,2,3,4,5,5,8,6,5,1,8,0,7,0
20260912,CUH,pp,9,9,9,9,,,4,4,6,8,3,2,1,8,0,17,0
20260822,ROI,pp,28,28,7,8,0,2,4,8,5,9,25,0,0,9,3,9,3
20260827,WZI,cod,,,3,3,,,4,6,6,9,5,4,0,9,0,17,0
20260911,TEL,cod,15,17,9,13,0,3,4,7,4,9,3,3,0,9,0,7,0
20260711,PRH,cod,15,15,12,17,,,4,6,5,9,12,3,1,9,0,10,0
20260907,RHY,pp,10,10,3,3,1,1,4,7,6,9,4,2,1,9,1,17,1
20260903,NEX,pp,17,17,62,63,0,1,4,7,5,9,8,5,0,9,0,11,0
20260707,SWE,cod,8,8,5,6,0,1,4,7,4,9,4,3,2,9,0,5,0
20260629,KPI,cod,6,6,7,9,0,3,4,6,4,9,4,1,0,9,0,10,0
20260728,EML,cod,5,5,7,7,0,1,4,8,5,9,8,5,3,9,0,3,0
20260811,LGL,pp,27,27,14,15,7,8,4,4,8,9,,,0,9,,,
20260813,ESC,cod,20,22,12,19,2,6,4,8,4,9,7,4,0,9,0,7,0
20260814,RSL,cod,1,1,4,4,0,1,4,5,5,9,2,2,2,9,0,6,0
20260713,TEL,cod,17,19,15,17,5,6,4,5,7,9,2,1,0,9,0,7,0
20260909,PRH,cod,9,11,8,9,,,4,5,6,9,2,1,0,9,0,10,0
20260903,LGL,pp,14,15,14,14,,,4,6,6,9,8,6,2,9,0,16,0
20260809,RSL,cod,,,1,1,0,2,4,7,4,10,8,6,3,10,0,7,0
20260807,RHY,pp,17,18,6,6,0,1,4,5,9,10,4,4,1,10,0,2,0
20260810,LGL,pp,,,8,8,0,2,4,5,5,10,4,3,4,10,0,11,0
20260715,EML,cod,2,2,2,6,5,6,4,7,5,10,5,5,1,10,0,2,0
20260710,ESA,cod,19,19,15,16,0,1,4,6,7,10,3,1,0,10,0,8,0
20260705,BHH,cod,28,28,10,13,0,3,4,8,4,10,15,2,0,10,0,9,0
20260913,ESC,cod,8,10,0,1,0,3,4,7,5,10,7,3,0,10,0,7,0
20260826,SWT,cod,6,8,5,5,4,6,4,8,5,10,11,5,3,10,0,5,0
20260712,BGH,pp,8,9,8,8,2,2,4,9,5,10,9,3,1,10,1,11,1
20260807,EML,cod,6,7,6,10,2,4,4,9,5,11,5,4,0,11,0,8,0
20260813,EML,cod,4,5,2,2,0,2,4,9,4,11,3,0,0,11,0,4,0
20260802,ESC,cod,15,17,8,15,1,5,4,10,4,11,9,7,0,11,0,9,0
20260822,SWT,cod,12,13,12,12,1,5,4,10,5,11,13,5,1,11,0,5,0
20260711,EML,cod,8,10,2,5,0,3,4,5,5,12,4,4,4,12,0,9,0
20260911,KOL,cod,4,4,7,8,0,3,4,7,5,12,10,4,1,12,1,16,0
20260914,KOL,cod,7,7,5,10,0,2,4,6,4,12,7,2,2,12,0,4,0
20260725,PRH,cod,17,17,15,20,0,3,4,10,4,13,18,5,5,13,0,16,0
20260913,SWL,cod,,,2,2,1,6,4,7,5,13,5,4,1,13,,,
20260818,ESC,cod,20,21,14,21,2,11,4,11,4,13,10,5,3,13,0,15,0
20260814,EML,cod,3,4,2,3,0,2,4,9,4,13,7,6,6,13,0,8,0
20260710,KPI,cod,21,21,19,26,0,4,4,13,4,16,19,6,3,16,1,13,0
20260906,ESC,cod,11,11,1,2,0,4,4,9,6,17,11,6,2,17,1,24,0
20260817,ZEL,cod,1,6,1,1,6,11,4,6,7,18,4,1,4,18,0,14,0
20260905,KOL,cod,1,1,12,17,0,5,4,10,7,19,2,2,2,19,1,12,0
20260727,WZI,pp,9,9,8,8,,,5,5,5,5,5,3,0,5,0,4,0
20260904,WZI,pp,3,5,8,8,1,1,5,5,5,5,8,5,0,5,0,2,0
20260821,SWE,pp,8,8,8,8,,,5,5,5,5,5,2,0,5,1,3,0
20260629,DLH,pp,6,6,8,8,,,5,5,5,5,5,0,0,5,0,12,0
20260903,WZI,cod,6,6,7,7,1,1,5,5,5,5,4,3,0,5,0,6,0
20260806,VSL,pp,6,6,8,8,,,5,5,5,5,9,3,0,5,0,5,0
20260707,TUN,pp,4,4,6,7,,,5,5,5,5,6,2,0,5,0,11,0
20260727,SDH,pp,4,27,6,6,22,22,5,5,5,5,6,4,0,5,0,1,0
20260805,EML,pp,2,2,1,1,1,1,5,5,5,5,5,4,0,5,0,7,0
20260711,ESL,pp,3,3,1,1,,,5,5,5,5,3,3,0,5,0,3,0
20260904,XIH,pp,2,2,1,1,,,5,5,5,5,6,4,0,5,0,2,0
20260827,XIH,pp,2,2,2,2,,,5,5,5,5,2,2,0,5,0,3,0
20260825,LTL,pp,1,1,1,1,,,5,5,5,5,3,1,0,5,0,3,0
20260717,PBR,cod,3,4,6,6,2,2,5,5,5,5,4,4,0,5,0,3,0
20260722,WZA,pp,7,7,7,7,,,5,5,5,5,6,4,0,5,0,1,0
20260912,AMA,cod,8,8,7,8,,,5,5,5,5,5,4,0,5,0,6,0
20260902,ESL,pp,6,6,5,5,,,5,5,5,5,4,4,0,5,0,1,0
20260906,ALW,pp,14,14,10,11,1,1,5,5,5,5,19,4,0,5,1,11,1
20260723,SWE,pp,5,5,5,5,,,5,5,5,5,12,2,0,5,0,6,0
20260914,WZA,pp,9,9,5,5,,,5,5,5,5,6,4,0,5,0,10,0
20260717,LTL,pp,9,9,8,9,,,5,5,5,5,4,2,0,5,0,4,0
20260909,ZEL,cod,7,7,0,7,,,5,5,5,5,,,0,5,0,13,0
20260825,SWL,cod,,,3,3,,,5,5,5,5,3,2,0,5,0,2,0
20260709,TUN,pp,6,6,4,4,,,5,5,5,5,4,3,0,5,0,5,0
20260826,XIH,pp,2,2,1,1,,,5,5,5,5,8,5,0,5,0,5,0
20260703,LVP,cod,4,6,4,4,,,5,5,5,5,4,3,0,5,1,3,0
20260827,PBR,pp,3,3,3,3,,,5,5,5,5,4,4,0,5,0,2,0
20260713,ZAO,pp,5,5,5,5,,,5,5,5,5,5,3,0,5,0,1,0
20260830,EML,cod,1,1,5,6,,,5,5,5,5,9,3,0,5,0,2,0
20260704,TUN,pp,2,2,2,2,,,5,5,5,5,5,5,0,5,0,1,0
20260916,ZFB,pp,3,3,2,2,,,5,5,5,5,4,4,0,5,,,
20260625,WPV,pp,2,2,1,1,,,5,5,5,5,6,4,0,5,0,1,0
20260717,IBH,cod,9,9,4,6,,,5,5,5,5,5,3,0,5,0,3,0
20260723,ZFB,pp,5,5,5,5,,,5,5,5,5,6,4,0,5,0,1,0
20260910,SWT,cod,2,2,1,1,,,5,5,5,5,3,3,0,5,0,2,0
20260912,XIH,pp,3,3,2,2,,,5,5,5,5,4,2,0,5,0,3,0
20260804,AMA,cod,2,2,2,2,,,5,5,5,5,5,5,0,5,0,4,0
20260713,SDH,pp,8,23,4,4,13,13,5,5,5,5,5,3,0,5,0,4,0
20260903,SWE,pp,8,8,9,9,0,1,5,5,5,5,4,3,0,5,0,6,0
20260716,LTL,pp,3,3,6,6,,,5,5,5,5,10,5,0,5,,,
20260909,NEX,cod,11,12,11,11,1,1,5,5,5,5,5,4,0,5,0,14,0
20260831,WPV,pp,4,4,4,4,,,5,5,5,5,4,3,0,5,0,3,0
20260909,ZFB,pp,1,1,1,1,,,5,5,5,5,,,0,5,,,
20260911,TYL,pp,3,4,1,1,2,2,5,5,5,5,7,5,0,5,,,
20260906,NKD,pp,13,14,8,8,,,5,5,5,5,14,4,0,5,1,5,0
20260822,ZAO,pp,4,4,4,4,,,5,5,5,5,2,2,0,5,0,2,0
20260806,WZI,cod,9,10,14,14,1,1,5,5,5,5,5,2,0,5,0,5,0
20260704,RHY,pp,,,10,10,,,5,5,5,5,6,5,0,5,0,3,0
20260711,BAO,pp,4,4,9,9,,,5,5,5,5,6,4,0,5,0,2,0
20260918,ZAC,pp,7,7,1,7,,,5,5,5,5,5,5,0,5,0,6,0
20260730,WZA,pp,6,6,14,14,,,5,5,5,5,5,3,0,5,0,1,0
20260709,WZO,pp,5,5,2,2,,,5,5,5,5,3,3,0,5,0,2,0
20260819,WPV,pp,1,1,2,2,,,5,5,5,5,6,4,0,5,0,6,0
20260707,SDH,pp,3,8,4,4,9,9,5,5,5,5,8,2,0,5,0,6,0
20260822,ZEL,cod,12,12,12,12,,,5,5,5,5,2,0,0,5,1,6,0
20260722,SWE,pp,14,14,14,14,,,5,5,5,5,2,2,0,5,0,1,0
20260726,ZAA,pp,,,8,8,,,5,5,5,5,6,3,0,5,1,4,0
20260626,BHH,pp,5,5,4,5,,,5,5,5,5,5,3,0,5,0,2,0
20260717,GUD,pp,3,3,3,3,,,5,5,5,5,7,1,0,5,0,4,0
20260919,LSR,cod,4,7,0,3,,,5,5,5,5,6,3,0,5,0,7,0
20260910,WZI,pp,7,7,7,8,,,5,5,5,5,3,3,0,5,,,
20260912,WZI,pp,3,3,3,3,,,5,5,5,5,6,5,0,5,1,11,1
20260908,SWE,pp,6,7,6,6,,,5,5,5,5,6,3,0,5,1,1,1
20260715,ZAA,pp,2,2,2,2,,,5,5,5,5,7,4,0,5,0,3,0
20260817,ZAO,pp,13,13,13,13,,,5,5,5,5,8,5,0,5,0,1,0
20260810,ESL,pp,9,9,10,10,,,5,5,5,5,4,2,0,5,0,4,0
20260625,IBH,cod,4,7,1,2,1,1,5,5,5,5,6,5,0,5,,,
20260710,SOL,pp,6,6,5,5,,,5,5,5,5,9,1,0,5,0,7,0
20260818,COM,pp,11,13,15,15,1,1,5,5,5,5,4,2,0,5,0,2,0
20260819,TUN,pp,12,12,6,6,,,5,5,5,5,1,1,0,5,0,2,0
20260629,AMA,pp,13,13,13,13,,,5,5,5,5,3,2,0,5,0,6,0
20260818,ZAO,pp,3,3,3,3,,,5,5,5,5,6,3,0,5,,,
20260724,XIH,pp,5,5,2,2,,,5,5,5,5,4,3,0,5,0,7,0
20260627,JEE,pp,,,0,1,1,1,5,5,5,5,4,4,0,5,0,2,0
20260714,WZI,cod,12,14,6,6,,,5,5,5,5,6,3,0,5,0,7,0
20260723,VSL,pp,6,6,7,7,,,5,5,5,5,4,3,0,5,0,4,0
20260806,BHH,pp,10,10,8,9,,,5,5,5,5,2,2,0,5,0,5,0
20260715,IBH,pp,6,6,8,8,,,5,5,5,5,4,3,0,5,0,9,0
20260821,SWL,cod,1,3,4,4,1,1,5,5,5,5,3,3,0,5,0,4,0
20260629,SDH,pp,6,8,3,3,2,2,5,5,5,5,4,3,0,5,0,4,0
20260718,XIH,pp,3,3,3,3,,,5,5,5,5,5,3,0,5,0,5,0
20260803,AMA,cod,3,3,3,3,,,5,5,5,5,4,4,0,5,0,8,0
20260909,WZI,pp,6,7,6,6,1,1,5,5,5,5,7,5,0,5,0,5,0
20260630,LSR,cod,5,7,6,8,1,1,5,5,5,6,6,3,1,6,0,4,0
20260821,WZA,pp,4,4,4,4,,,5,5,5,6,3,3,1,6,0,3,0
20260823,CUH,pp,10,10,9,10,,,5,6,5,6,6,5,0,6,0,2,0
20260904,NAH,pp,6,6,2,2,,,5,5,6,6,3,2,0,6,0,1,0
20260718,IBH,pp,7,9,12,13,0,2,5,6,5,6,7,4,0,6,0,4,0
20260723,TUN,pp,14,14,17,17,,,5,6,5,6,10,5,0,6,0,1,0
20260629,NEX,cod,21,23,14,14,1,1,5,5,6,6,6,0,0,6,0,8,0
20260627,LSR,cod,8,11,7,7,4,4,5,6,5,6,3,2,1,6,0,4,0
20260629,IBH,cod,7,7,3,4,2,2,5,5,6,6,4,2,0,6,0,1,0
20260910,ESL,pp,4,4,5,5,,,5,6,5,6,6,6,1,6,0,3,0
20260804,WZI,cod,11,14,9,9,2,2,5,6,5,6,8,4,1,6,0,8,0
20260810,WZI,cod,16,16,7,7,1,1,5,6,5,6,7,4,1,6,1,7,1
20260826,VSL,pp,3,3,3,3,,,5,5,5,6,8,5,1,6,0,4,0
20260717,IBH,pp,8,9,9,9,,,5,6,5,6,4,3,0,6,0,12,0
20260716,BAO,pp,10,10,6,6,,,5,5,6,6,9,4,0,6,0,5,0
20260728,WZA,pp,10,10,10,10,,,5,5,6,6,3,3,0,6,0,6,0
20260830,WZI,cod,,,9,9,,,5,6,5,6,8,5,1,6,0,2,0
20260919,ZAC,cod,5,5,0,5,,,5,6,5,6,5,4,0,6,0,8,0
20260811,VSL,pp,11,11,10,10,,,5,5,6,6,5,3,0,6,0,14,0
20260810,LVP,pp,1,1,2,2,2,2,5,5,6,6,6,5,0,6,0,12,0
20260709,WZI,cod,6,7,8,8,1,1,5,5,6,6,3,1,0,6,0,6,0
20260812,SDH,pp,5,23,3,5,17,18,5,5,5,6,2,2,0,6,1,8,0
20260828,RSL,pp,6,7,5,5,0,1,5,5,5,6,5,2,1,6,0,15,0
20260814,WZA,pp,13,14,14,14,1,1,5,5,5,6,2,1,1,6,0,7,0
20260910,COM,pp,3,3,6,6,,,5,5,6,6,9,2,0,6,0,1,0
20260729,LVP,cod,6,6,6,6,,,5,5,5,6,6,4,0,6,0,3,0
20260704,SWE,cod,2,2,1,2,,,5,6,5,6,4,2,1,6,0,4,0
20260920,BGH,pp,3,4,0,2,2,3,5,6,5,6,7,5,0,6,0,14,0
20260801,XIH,pp,5,5,3,3,0,1,5,6,5,6,6,4,0,6,0,7,0
20260713,SWL,cod,2,3,3,3,1,1,5,5,6,6,5,5,0,6,0,1,0
20260630,NEX,cod,1,2,55,56,1,1,5,5,6,6,5,0,0,6,0,20,0
20260701,XIH,pp,1,1,1,1,,,5,6,5,6,6,5,0,6,0,7,0
20260918,RHY,pp,11,11,2,10,,,5,5,6,6,8,6,0,6,0,4,0
20260818,SWE,pp,2,2,3,3,1,2,5,5,5,6,3,0,0,6,0,12,0
20260831,EML,cod,1,1,1,1,0,1,5,6,5,6,3,1,0,6,0,2,0
20260803,ESL,pp,11,11,11,11,,,5,5,6,6,6,4,0,6,0,8,0
20260917,XIH,pp,7,7,8,8,,,5,6,5,6,3,3,1,6,0,2,0
20260715,RHY,pp,2,2,7,7,,,5,5,6,6,4,4,0,6,0,4,0
20260824,VSL,pp,5,7,5,5,1,1,5,5,5,6,5,4,1,6,0,4,0
20260624,LOI,pp,418,442,283,284,,,5,6,5,6,,,0,6,0,31,0
20260630,SWL,pp,18,22,3,4,3,4,5,5,5,6,5,3,1,6,0,11,0
20260831,ROI,pp,10,10,4,4,,,5,5,6,6,11,0,0,6,0,7,0
20260820,WZA,pp,11,11,11,12,,,5,5,5,6,4,3,1,6,0,6,0
20260625,BBO,cod,6,7,5,6,,,5,6,5,6,2,0,1,6,0,5,0
20260629,BHH,pp,4,4,4,4,,,5,6,5,6,5,2,0,6,0,7,0
20260917,SOL,pp,13,13,11,20,,,5,6,5,6,9,1,0,6,0,5,0
20260718,ZAO,pp,,,2,2,,,5,5,5,6,9,4,1,6,0,6,0
20260805,ZAA,pp,37,39,1,1,,,5,5,6,6,5,5,0,6,0,5,0
20260718,EML,pp,4,4,1,1,,,5,5,5,6,5,4,1,6,0,4,0
20260729,BAO,pp,27,27,10,10,,,5,5,6,6,2,1,0,6,0,8,0
20260710,SWE,pp,9,9,10,10,,,5,5,6,6,17,4,0,6,1,5,0
20260918,ZAC,cod,3,3,1,3,0,1,5,6,5,6,5,3,0,6,0,3,0
20260703,DLH,pp,3,3,4,4,,,5,5,6,6,3,2,0,6,0,3,0
20260626,LSR,cod,7,7,4,4,,,5,6,5,6,7,4,1,6,0,6,0
20260819,BBO,cod,4,4,14,15,,,5,5,6,6,3,1,0,6,0,8,0
20260915,PBR,cod,,,3,4,,,5,5,6,6,3,1,0,6,0,8,0
20260820,COM,pp,32,32,26,26,,,5,5,6,6,12,4,0,6,0,2,0
20260724,WZI,pp,1,1,1,1,,,5,5,6,6,3,0,0,6,0,2,0
20260806,SDH,pp,5,20,12,14,22,22,5,6,5,6,8,6,1,6,0,4,0
20260625,VSL,pp,5,5,5,5,,,5,6,5,6,4,4,1,6,0,2,0
20260826,PWL,pp,3,3,7,7,9,9,5,6,5,6,4,3,0,6,0,2,0
20260810,SWE,cod,5,5,5,7,,,5,6,5,6,4,1,1,6,0,3,0
20260822,XIH,pp,3,3,2,2,,,5,5,6,6,1,1,0,6,0,7,0
20260720,IBH,pp,9,12,6,6,,,5,6,5,6,7,5,0,6,0,7,0
20260731,RHY,pp,13,13,18,18,,,5,5,5,6,2,2,0,6,0,14,0
20260826,IBH,cod,4,15,5,6,0,1,5,6,5,6,5,4,0,6,1,4,1
20260710,LSR,cod,6,7,3,4,0,1,5,6,5,6,5,4,1,6,1,2,1
20260812,ZAA,pp,5,6,1,1,1,1,5,6,5,7,10,4,2,7,0,7,0
20260715,SOL,pp,9,13,18,18,1,1,5,7,5,7,13,3,2,7,0,9,0
20260720,LSR,cod,12,16,4,4,2,3,5,5,6,7,6,4,1,7,0,7,0
20260720,SDH,pp,2,13,5,6,9,10,5,6,6,7,6,2,0,7,0,7,0
20260906,VSL,pp,6,6,3,3,,,5,5,7,7,8,3,0,7,0,11,0
20260629,ESL,pp,2,2,2,2,,,5,5,7,7,6,5,0,7,0,6,0
20260716,RLL,pp,14,17,15,18,,,5,6,5,7,5,3,1,7,0,14,0
20260728,LOS,pp,13,22,45,45,13,26,5,6,6,7,15,3,1,7,0,9,0
20260625,ESA,cod,11,12,5,6,1,1,5,7,5,7,8,3,2,7,0,2,0
20260907,WPV,pp,8,8,5,5,,,5,6,6,7,5,5,0,7,0,13,0
20260709,IBH,pp,13,14,7,8,1,2,5,6,5,7,4,2,1,7,0,7,0
20260803,EML,cod,2,4,8,10,2,3,5,7,5,7,7,7,1,7,0,6,0
20260810,IBH,pp,11,13,3,3,,,5,6,6,7,7,4,1,7,2,7,1
20260812,IBH,pp,2,4,5,5,0,2,5,6,5,7,5,3,0,7,0,4,0
20260811,SDH,pp,7,26,7,8,17,18,5,6,6,7,7,4,0,7,0,7,0
20260722,IBH,cod,3,4,2,4,5,6,5,7,5,7,4,2,1,7,0,4,0
20260810,BHH,pp,11,13,17,18,1,1,5,6,6,7,5,3,0,7,0,5,0
20260629,IBH,pp,10,12,4,5,2,2,5,6,6,7,5,4,1,7,0,7,0
20260713,SWT,cod,7,7,2,2,1,2,5,7,5,7,6,5,1,7,0,9,0
20260723,WPV,pp,1,1,1,1,,,5,6,6,7,8,6,0,7,0,4,0
20260827,LVP,pp,2,2,2,2,,,5,5,6,7,4,3,1,7,0,5,0
20260814,IBH,cod,7,7,6,9,,,5,7,5,7,2,1,1,7,0,2,0
20260823,LSR,cod,1,1,6,7,0,1,5,6,6,7,8,3,0,7,0,10,0
20260716,SWT,pp,3,6,3,3,3,3,5,5,7,7,9,4,0,7,0,8,0
20260721,LTL,pp,,,1,1,,,5,7,5,7,6,3,0,7,0,8,0
20260709,BBO,pp,10,10,10,10,,,5,6,6,7,3,3,0,7,0,15,0
20260815,IBH,pp,1,1,3,3,1,1,5,6,5,7,6,3,2,7,0,3,0
20260818,IBH,cod,3,3,0,2,1,3,5,6,5,7,1,1,1,7,0,7,0
20260702,KPI,cod,16,16,18,21,0,2,5,7,5,7,11,4,0,7,0,6,0
20260901,LGL,pp,6,6,6,6,1,3,5,5,6,7,1,0,0,7,,,
20260729,SWT,pp,7,8,8,9,4,6,5,6,6,7,6,5,0,7,1,10,0
20260713,ROI,pp,33,35,38,46,,,5,6,6,7,28,0,1,7,4,11,4
20260909,SWT,cod,1,1,1,2,0,3,5,6,6,7,7,5,0,7,0,10,0
20260902,NEX,cod,26,26,26,26,,,5,6,6,7,7,4,1,7,0,30,0
20260821,VSL,pp,2,2,1,1,,,5,6,6,7,7,3,0,7,0,11,0
20260918,NAH,pp,2,3,2,3,0,1,5,6,6,7,6,5,0,7,0,1,0
20260730,BBO,cod,7,7,6,7,,,5,6,5,7,5,5,0,7,0,7,0
20260901,WPV,pp,10,10,10,10,,,5,6,6,7,4,3,0,7,0,3,0
20260806,AMA,pp,11,11,11,11,,,5,5,7,7,5,4,0,7,0,9,0
20260629,GUD,pp,6,6,4,5,0,2,5,5,5,7,5,4,0,7,0,3,0
20260714,VSL,pp,12,13,10,10,,,5,5,7,7,2,2,0,7,0,4,0
20260731,BBO,cod,12,13,8,12,2,4,5,5,5,7,6,5,1,7,0,6,0
20260705,SDH,pp,5,12,3,4,,,5,7,5,7,8,4,1,7,0,9,0
20260709,PRH,cod,17,18,14,20,2,4,5,7,5,7,6,3,0,7,0,8,0
20260716,GUD,pp,2,2,2,2,,,5,7,5,7,9,5,2,7,0,6,0
20260817,WZI,cod,8,9,9,9,0,1,5,6,6,7,10,4,0,7,0,9,0
20260829,SWE,cod,5,5,3,3,,,5,7,6,8,,,2,8,0,4,0
20260715,BBO,cod,8,8,6,8,,,5,5,6,8,4,3,1,8,0,7,0
20260812,TEL,cod,28,34,24,30,1,1,5,7,5,8,5,2,2,8,0,14,0
20260625,RHY,pp,9,9,7,7,,,5,7,5,8,5,4,1,8,,,
20260917,LSR,cod,4,6,3,6,3,4,5,6,5,8,6,3,2,8,,,
20260909,IBH,pp,14,14,18,19,2,2,5,7,6,8,6,4,0,8,0,1,0
20260627,LVP,cod,2,2,2,2,0,2,5,8,5,8,8,7,0,8,0,7,0
20260903,IBH,cod,4,4,4,6,0,1,5,6,5,8,8,3,0,8,0,3,0
20260716,TUN,pp,4,4,7,7,,,5,5,5,8,2,2,3,8,0,7,0
20260807,SDH,pp,4,20,3,3,12,12,5,7,6,8,7,5,0,8,0,3,0
20260707,TEL,cod,6,12,8,11,5,5,5,8,5,8,6,1,1,8,1,14,0
20260724,LSR,cod,3,3,3,6,,,5,7,6,8,8,2,0,8,0,5,0
20260918,ZAO,pp,4,4,0,4,,,5,6,7,8,13,5,0,8,0,8,0
20260831,IBH,pp,15,17,15,15,8,9,5,6,7,8,6,3,0,8,0,4,0
20260723,SDH,pp,3,21,5,5,31,32,5,7,6,8,5,3,0,8,0,5,0
20260902,BHH,pp,15,15,4,4,,,5,6,7,8,8,2,0,8,0,8,0
20260729,EML,cod,10,10,3,3,4,4,5,5,6,8,5,3,1,8,0,7,0
20260806,NEX,cod,15,17,14,14,0,2,5,6,6,8,6,2,0,8,0,9,0
20260713,ESA,cod,8,11,6,12,3,3,5,6,6,8,12,4,0,8,0,10,0
20260817,IBH,pp,2,2,4,4,4,5,5,5,8,8,3,1,0,8,0,5,0
20260910,TEL,cod,13,18,11,14,3,4,5,7,5,8,7,2,1,8,0,6,0
20260828,COM,pp,6,6,6,6,,,5,7,6,8,20,1,2,8,2,16,0
20260803,WZA,pp,2,2,11,11,,,5,5,6,8,5,3,0,8,2,8,1
20260715,SWL,pp,19,20,288,297,3,3,5,5,6,8,9,4,1,8,0,8,0
20260816,BHH,pp,13,14,13,15,,,5,5,8,8,10,2,0,8,1,11,1
20260724,RHY,pp,13,13,10,11,,,5,5,8,8,3,2,0,8,0,11,0
20260731,LSR,cod,5,6,7,7,,,5,6,5,8,4,4,1,8,0,6,0
20260712,EML,cod,3,3,6,8,0,1,5,8,5,9,11,6,2,9,0,5,0
20260908,VSL,pp,12,12,16,16,,,5,8,6,9,6,6,1,9,0,13,0
20260624,INW,pp,682,711,100,107,,,5,9,5,9,,,0,9,0,31,0
20260725,NEX,cod,8,8,11,12,,,5,8,6,9,15,7,3,9,0,9,0
20260717,TEL,cod,13,14,7,11,1,1,5,7,7,9,9,4,1,9,0,8,0
20260908,PRH,cod,13,13,14,16,2,3,5,6,6,9,7,3,1,9,0,20,0
20260901,ZDF,pp,,,19,19,0,2,5,8,5,9,,,1,9,0,5,0
20260722,WZI,cod,12,14,11,11,,,5,6,5,9,6,4,4,9,0,8,0
20260710,AMA,pp,5,5,5,5,,,5,7,5,9,6,4,0,9,0,1,0
20260811,SWT,cod,1,5,1,1,3,4,5,6,7,9,2,0,1,9,0,4,0
20260706,PEP,pp,,,5,8,,,5,7,6,9,6,3,1,9,0,7,0
20260725,BAO,pp,17,17,20,20,,,5,5,9,9,6,1,0,9,0,15,0
20260704,PRH,cod,15,16,5,6,0,2,5,7,5,9,10,4,1,9,0,5,0
20260723,IBH,pp,3,3,3,4,1,1,5,5,7,9,4,4,0,9,0,3,0
20260713,ZEL,cod,13,13,12,13,0,1,5,7,7,9,9,5,1,9,1,5,1
20260720,BBO,cod,28,28,23,27,,,5,5,6,9,5,3,2,9,0,6,0
20260904,RHY,pp,28,28,27,27,0,1,5,9,6,10,11,8,2,10,0,4,0
20260805,BBO,cod,10,12,7,10,2,5,5,8,5,10,8,5,3,10,0,5,0
20260728,ROI,pp,14,14,14,15,1,2,5,6,5,10,14,0,3,10,3,5,3
20260702,RSL,cod,8,8,5,6,0,1,5,6,5,10,5,5,1,10,0,4,0
20260628,PRH,cod,5,6,4,4,0,1,5,9,6,10,7,7,0,10,0,12,0
20260822,LGL,pp,16,16,10,13,0,1,5,7,5,10,6,6,1,10,0,26,0
20260918,ZAA,cod,,,9,44,1,2,5,6,6,10,13,5,1,10,,,
20260921,IBH,pp,1,10,0,8,0,1,5,8,6,10,11,6,2,10,0,3,0
20260627,BHH,cod,14,15,8,10,1,4,5,10,5,10,12,2,0,10,0,12,0
20260907,SWL,cod,1,2,44,64,1,3,5,9,6,10,5,5,1,10,0,5,0
20260902,LSR,cod,16,17,15,16,0,2,5,5,8,10,4,1,1,10,0,9,0
20260914,PRH,cod,11,12,5,9,2,5,5,9,5,10,9,3,1,10,0,5,0
20260828,LSR,cod,6,8,2,2,1,2,5,7,7,10,9,2,1,10,0,12,0
20260919,PRH,cod,12,12,3,13,,,5,7,6,10,7,3,1,10,0,16,0
20260721,PRH,cod,17,18,2,9,3,5,5,5,5,10,2,1,1,10,0,6,0
20260712,RSL,cod,,,2,2,1,3,5,8,5,10,7,5,1,10,0,6,0
20260913,PRH,cod,4,4,3,3,0,3,5,7,6,10,11,5,1,10,1,9,0
20260910,ZEL,pp,17,17,20,20,,,5,8,7,10,19,4,3,10,0,3,0
20260711,BAO,cod,33,33,26,42,,,5,8,5,11,12,7,1,11,0,4,0
20260908,KOL,cod,10,10,11,16,0,3,5,9,6,11,21,9,1,11,0,9,0
20260803,RSL,cod,7,11,4,4,0,1,5,7,6,11,6,3,2,11,0,7,0
20260629,RSL,cod,3,4,1,2,1,6,5,10,5,11,8,6,2,11,0,7,0
20260720,WZI,pp,10,12,10,10,2,2,5,8,8,11,8,5,0,11,0,5,0
20260909,ESC,cod,8,8,5,7,0,1,5,5,5,11,4,2,1,11,0,16,0
20260823,IBH,pp,1,1,3,4,1,1,5,10,5,12,13,8,2,12,0,6,0
20260918,SDD,cod,4,4,1,12,1,3,5,9,6,13,6,6,0,13,0,4,0
20260921,ESC,cod,7,7,0,12,0,4,5,11,7,13,10,4,1,13,0,4,0
20260731,ESC,cod,14,16,9,14,1,7,5,11,5,13,11,6,1,13,1,22,0
20260831,COM,pp,15,15,8,8,,,5,5,5,13,2,1,8,13,1,28,0
20260808,BHH,cod,43,44,33,50,0,1,5,6,5,13,10,2,2,13,0,12,0
20260820,TEL,cod,12,17,8,9,5,9,5,8,6,13,15,4,1,13,0,17,0
20260807,BBO,cod,12,12,11,12,0,3,5,11,6,13,11,11,3,13,0,11,0
20260918,ESA,cod,36,40,5,25,4,4,5,10,7,13,7,3,3,13,2,15,0
20260911,ESC,cod,3,3,1,3,0,5,5,9,5,14,10,8,4,14,1,19,0
20260920,PRH,cod,6,6,0,5,0,4,5,11,6,14,11,6,0,14,0,9,0
20260904,LSR,cod,11,13,9,10,0,2,5,9,8,14,6,3,4,14,0,13,0
20260905,LSR,cod,10,10,7,9,0,1,5,7,10,14,7,3,1,14,0,9,0
20260901,ESC,cod,17,19,12,17,1,5,5,8,8,15,9,3,2,15,1,21,1
20260917,KOL,cod,12,12,0,8,0,11,5,9,6,15,8,4,0,15,,,
20260709,EML,cod,4,4,0,4,0,5,5,11,6,15,13,9,3,15,0,12,0
20260917,PRH,cod,13,13,6,10,0,6,5,10,7,16,10,4,1,16,0,4,0
20260911,LSR,cod,7,9,9,11,1,2,5,10,8,17,8,7,3,17,1,9,0
20260831,KOL,cod,36,36,4,7,1,6,5,13,6,18,12,5,3,18,0,14,0
20260726,PRH,cod,2,2,1,2,0,6,5,13,6,18,14,7,3,18,1,15,1
20260822,ESC,cod,16,18,6,7,1,2,5,10,9,19,13,7,5,19,1,16,0
20260915,LSR,cod,7,9,7,8,3,8,5,10,14,21,4,3,2,21,0,10,0
20260703,BHH,cod,20,20,10,14,0,7,5,12,10,23,15,5,2,23,0,10,0
20260712,SDH,cod,65,216,7,23,106,112,5,17,7,23,26,9,7,23,2,29,2
20260805,SWT,pp,9,17,5,5,11,11,6,6,6,6,8,4,0,6,0,11,0
20260802,ZAO,pp,4,4,4,4,,,6,6,6,6,6,4,0,6,0,5,0
20260808,ZEX,cod,,,1,1,,,6,6,6,6,2,2,0,6,,,
20260907,WZI,pp,3,4,2,2,1,1,6,6,6,6,5,4,0,6,1,22,0
20260729,WZI,pp,15,17,9,9,1,1,6,6,6,6,2,0,0,6,0,1,0
20260811,LVP,pp,1,1,1,1,,,6,6,6,6,2,2,0,6,0,3,0
20260914,AMA,cod,3,3,3,3,,,6,6,6,6,6,6,0,6,,,
20260701,WZI,pp,6,6,5,5,,,6,6,6,6,5,4,0,6,0,5,0
20260810,ZEL,cod,22,27,12,18,0,1,6,6,6,6,8,4,0,6,4,11,4
20260912,TYL,cod,,,3,3,,,6,6,6,6,1,1,0,6,,,
20260811,TUN,pp,2,2,7,7,,,6,6,6,6,9,4,0,6,0,11,0
20260703,MRR,pp,4,4,4,4,,,6,6,6,6,5,3,0,6,0,1,0
20260801,WZI,pp,8,10,2,2,2,2,6,6,6,6,3,3,0,6,1,11,1
20260705,SOL,pp,2,2,1,1,,,6,6,6,6,10,4,0,6,0,4,0
20260701,WZI,cod,12,13,5,5,,,6,6,6,6,6,6,0,6,0,4,0
20260904,VSL,pp,2,2,2,2,,,6,6,6,6,9,5,0,6,0,1,0
20260921,COM,pp,5,6,0,5,,,6,6,6,6,9,2,0,6,0,2,0
20260820,PWL,pp,5,5,5,5,,,6,6,6,6,8,4,0,6,0,10,0
20260628,SDH,pp,4,11,8,8,5,5,6,6,6,6,6,2,0,6,0,1,0
20260806,SWE,pp,7,7,3,5,,,6,6,6,6,4,4,0,6,0,5,0
20260706,TUN,pp,10,10,8,9,,,6,6,6,6,7,4,0,6,1,4,1
20260731,IBH,cod,4,4,0,3,,,6,6,6,6,6,6,0,6,0,2,0
20260811,ESL,pp,3,3,4,4,,,6,6,6,6,6,4,0,6,0,1,0
20260727,ESL,pp,14,14,13,14,0,1,6,6,6,6,6,5,0,6,0,7,0
20260813,RHY,pp,23,35,11,11,1,1,6,6,6,6,5,4,0,6,1,11,1
20260722,RHY,pp,16,16,10,12,,,6,6,6,6,11,6,0,6,0,2,0
20260712,KIC,pp,4,7,3,4,,,6,6,6,6,6,4,0,6,0,1,0
20260916,ZEL,cod,3,3,3,3,,,6,6,6,6,6,6,0,6,0,6,0
20260829,VSL,pp,7,7,5,5,1,1,6,6,6,6,4,4,0,6,0,4,0
20260831,CRL,pp,1,1,2,2,1,1,6,6,6,6,1,0,0,6,0,6,0
20260915,WZI,cod,2,4,2,2,1,1,6,6,6,6,10,4,0,6,1,14,0
20260915,COM,pp,11,11,3,6,,,6,6,6,6,8,3,0,6,0,3,0
20260627,DLH,pp,7,7,7,8,,,6,6,6,6,8,5,0,6,,,
20260714,ZAO,pp,7,7,7,7,,,6,6,6,6,6,4,0,6,0,5,0
20260822,WPV,pp,3,3,2,3,,,6,6,6,6,5,4,0,6,0,4,0
20260917,KIC,pp,18,18,12,15,,,6,6,6,6,8,2,0,6,0,4,0
20260710,XIH,pp,6,6,5,5,,,6,6,6,6,6,4,0,6,0,3,0
20260726,SWE,pp,1,1,1,1,,,6,6,6,6,5,2,0,6,0,19,0
20260826,NKD,pp,20,20,13,13,,,6,6,6,6,8,6,0,6,0,18,0
20260711,SDH,pp,11,22,3,3,13,13,6,6,6,6,5,4,0,6,0,4,0
20260819,ZFB,pp,7,7,7,7,,,6,6,6,6,4,4,0,6,0,2,0
20260628,SWE,cod,6,6,5,5,,,6,6,6,6,6,4,0,6,0,5,0
20260821,PWL,pp,1,1,1,2,,,6,6,6,6,5,2,0,6,0,11,0
20260713,ESL,pp,14,14,16,16,,,6,6,6,6,5,5,0,6,0,3,0
20260627,ZAS,pp,,,1,1,,,6,6,6,6,,,0,6,0,4,0
20260921,NEX,pp,23,51,0,30,0,1,6,6,6,6,13,4,0,6,0,5,0
20260804,AMA,pp,20,20,19,20,,,6,6,6,6,6,4,0,6,0,11,0
20260728,AMA,pp,6,6,6,6,,,6,6,6,6,4,4,0,6,0,7,0
20260707,BBO,cod,6,6,4,6,,,6,6,6,6,7,5,0,6,0,8,0
20260911,SWE,pp,3,3,2,3,,,6,6,6,6,6,4,0,6,1,6,0
20260706,MRR,pp,6,6,6,6,,,6,6,6,6,4,3,0,6,0,5,0
20260710,WZO,pp,5,6,7,7,1,1,6,6,6,6,1,1,0,6,0,4,0
20260908,WZI,cod,15,15,14,14,,,6,6,6,6,7,5,0,6,0,8,0
20260718,WZI,cod,11,13,10,10,2,2,6,6,6,6,7,3,0,6,1,1,0
20260910,SWE,pp,4,4,4,5,,,6,6,6,6,3,2,0,6,0,3,0
20260913,BHH,pp,9,11,0,1,1,1,6,6,6,6,13,3,0,6,0,10,0
20260801,ZAO,pp,1,1,1,1,,,6,6,6,6,7,5,0,6,0,3,0
20260707,SOL,pp,6,6,7,7,,,6,6,6,6,8,3,0,6,0,12,0
20260908,ZAA,pp,1,1,13,14,,,6,6,6,6,10,6,0,6,0,2,0
20260717,LSR,pp,12,17,13,13,7,7,6,6,6,6,11,4,0,6,0,11,0
20260625,WZI,cod,4,4,7,7,,,6,6,6,6,12,4,0,6,0,1,0
20260909,XIH,pp,4,4,5,5,,,6,6,6,6,6,5,0,6,0,4,0
20260921,SWT,pp,0,7,0,10,,,6,6,6,6,7,2,0,6,0,1,0
20260627,IBH,pp,7,7,5,5,,,6,6,6,6,6,5,0,6,0,5,0
20260710,MRR,pp,5,5,3,5,,,6,6,6,6,4,2,0,6,0,8,0
20260718,AMA,pp,12,12,14,14,,,6,6,6,6,5,5,0,6,0,1,0
20260723,LSR,cod,1,1,2,2,,,6,6,6,6,4,1,0,6,0,3,0
20260730,LVP,pp,1,1,1,2,,,6,6,6,6,4,3,0,6,0,6,0
20260819,XIH,pp,6,6,5,5,,,6,6,6,6,8,4,0,6,0,5,0
20260915,ESL,pp,5,5,1,2,,,6,6,6,6,8,6,0,6,0,3,0
20260712,XIH,pp,6,6,1,1,,,6,6,6,6,8,2,0,6,0,5,0
20260708,BBO,cod,6,6,5,6,,,6,6,6,6,5,3,0,6,0,5,0
20260702,IBH,pp,10,12,5,5,1,1,6,6,6,6,4,4,0,6,0,4,0
20260724,ESL,pp,7,7,7,7,,,6,7,6,7,6,6,0,7,0,3,0
20260710,NEX,pp,39,63,49,50,25,25,6,6,6,7,8,5,0,7,2,79,2
20260906,ESL,pp,,,1,1,,,6,7,6,7,8,7,1,7,0,5,0
20260706,TEL,cod,9,13,9,9,3,5,6,6,7,7,11,5,0,7,0,9,0
20260629,ESA,cod,11,12,13,13,4,4,6,6,6,7,8,4,1,7,0,11,0
20260709,SWL,pp,7,7,17,18,2,2,6,7,6,7,9,4,1,7,2,14,0
20260905,BHH,pp,7,10,11,11,4,5,6,6,7,7,5,2,0,7,1,6,1
20260907,WXE,pp,,,1,1,,,6,7,6,7,3,2,1,7,0,1,0
20260902,NKD,pp,31,31,18,18,,,6,6,7,7,7,5,0,7,0,4,0
20260831,WZI,cod,6,7,3,3,1,1,6,6,7,7,4,3,0,7,0,5,0
20260725,RLL,pp,7,10,13,14,1,2,6,6,6,7,6,4,0,7,0,7,0
20260802,EML,cod,2,2,1,3,,,6,6,6,7,4,3,1,7,0,5,0
20260914,PBR,cod,6,6,3,3,,,6,7,6,7,8,5,1,7,0,4,0
20260910,RLL,pp,17,17,20,20,,,6,6,6,7,7,5,0,7,0,1,0
20260625,XIH,pp,3,3,6,6,0,1,6,7,6,7,6,4,0,7,,,
20260713,RHY,pp,18,19,16,17,6,6,6,7,6,7,6,6,0,7,0,4,0
20260627,SWL,pp,3,3,8,8,2,2,6,6,6,7,7,4,0,7,0,2,0
20260809,XIH,pp,6,6,1,1,,,6,7,6,7,4,4,1,7,0,4,0
20260711,MRR,pp,4,4,4,4,,,6,7,6,7,10,5,0,7,0,4,0
20260902,SWT,cod,6,7,5,8,0,1,6,6,6,7,7,4,0,7,0,3,0
20260704,DLH,pp,2,2,2,2,,,6,7,6,7,5,3,1,7,0,10,0
20260903,XIH,pp,2,2,4,5,,,6,6,7,7,3,2,0,7,0,4,0
20260903,WPV,pp,8,8,8,8,,,6,7,6,7,5,5,0,7,0,4,0
20260629,WZA,pp,4,5,4,4,,,6,6,6,7,3,2,0,7,0,2,0
20260716,ZAO,pp,3,4,3,3,1,1,6,7,6,7,8,4,0,7,0,6,0
20260821,ESL,pp,5,6,7,7,,,6,6,7,7,5,5,0,7,0,4,0
20260628,BHH,pp,8,9,9,9,,,6,7,6,7,7,4,0,7,1,6,1
20260819,THE,pp,,,1,1,1,1,6,6,6,7,6,5,0,7,0,2,0
20260703,IBH,cod,3,3,6,7,1,3,6,7,6,7,8,7,0,7,0,5,0
20260714,BHH,pp,23,23,21,21,1,1,6,6,7,7,11,4,0,7,0,9,0
20260708,SDH,pp,3,16,7,7,11,11,6,7,6,7,5,3,0,7,0,8,0
20260817,SWT,pp,38,38,24,26,1,1,6,6,7,7,6,3,0,7,0,10,0
20260919,SWE,pp,3,4,2,4,,,6,6,7,7,13,2,0,7,0,14,0
20260626,SWL,pp,9,9,3,3,2,2,6,7,6,7,7,5,0,7,0,1,0
20260714,KIC,pp,6,7,10,10,1,1,6,6,6,7,6,2,1,7,0,8,0
20260814,BHH,pp,9,9,8,8,1,1,6,7,6,7,8,3,1,7,0,4,0
20260706,SWL,pp,14,20,9,9,3,3,6,6,6,7,10,6,0,7,0,12,0
20260810,SWE,pp,4,4,5,5,,,6,6,7,7,6,3,0,7,0,11,0
20260625,BBO,pp,11,11,6,6,,,6,7,6,7,8,7,0,7,,,
20260730,IBH,pp,13,15,10,11,1,1,6,7,6,7,8,7,1,7,0,7,0
20260918,CUH,pp,50,50,17,50,,,6,7,6,7,6,4,0,7,0,13,0
20260801,ESL,pp,4,4,3,3,,,6,7,6,7,8,6,0,7,0,4,0
20260814,XIH,pp,4,4,12,12,,,6,7,6,7,6,4,1,7,0,4,0
20260917,RHY,pp,25,26,22,28,,,6,7,6,7,7,7,0,7,0,3,0
20260919,WZA,pp,6,6,0,7,,,6,6,7,7,4,3,0,7,0,10,0
20260814,WPV,pp,7,7,9,9,,,6,6,7,7,3,3,0,7,0,4,0
20260728,LVP,pp,5,5,7,7,1,1,6,6,7,7,6,3,0,7,0,6,0
20260723,IBH,cod,4,6,1,2,2,2,6,6,6,7,6,4,0,7,0,6,0
20260804,LVP,cod,3,4,2,2,,,6,7,6,7,7,6,0,7,1,6,1
20260728,RSL,cod,9,9,4,9,0,2,6,7,6,7,6,6,0,7,0,9,0
20260902,AMA,pp,11,11,10,12,,,6,7,6,7,8,6,0,7,0,6,0
20260814,WZI,pp,9,9,11,11,,,6,7,6,7,4,4,1,7,0,5,0
20260715,BAO,pp,8,8,8,8,,,6,7,6,7,5,4,1,7,0,6,0
20260817,SDH,pp,10,23,17,17,24,24,6,6,7,7,7,4,0,7,2,7,0
20260904,LVP,pp,2,2,1,1,,,6,7,6,7,4,3,1,7,0,2,0
20260808,IBH,pp,4,5,12,12,1,1,6,7,6,7,5,5,0,7,0,6,0
20260729,ESL,pp,4,4,1,1,,,6,6,7,7,7,4,0,7,0,12,0
20260628,ESA,cod,2,3,2,3,1,1,6,7,7,8,7,5,1,8,0,7,0
20260730,EML,cod,4,5,4,6,0,1,6,7,6,8,6,4,1,8,0,4,0
20260728,IBH,pp,4,7,7,7,2,2,6,6,7,8,3,3,0,8,0,7,0
20260701,SWE,cod,1,1,2,2,0,1,6,7,6,8,5,4,1,8,0,7,0
20260904,COM,pp,11,11,9,12,,,6,7,6,8,7,1,1,8,1,12,1
20260706,IBH,pp,6,6,6,6,,,6,6,7,8,8,6,0,8,0,11,0
20260818,RLL,pp,5,7,70,78,1,2,6,7,7,8,12,6,0,8,0,19,0
20260803,SWL,cod,3,3,2,3,,,6,7,6,8,7,5,1,8,0,4,0
20260808,LVP,pp,3,3,3,3,,,6,7,6,8,6,5,2,8,0,8,0
20260724,EML,cod,5,6,5,6,,,6,8,6,8,4,4,0,8,0,5,0
20260709,SDH,pp,3,15,1,1,2,2,6,7,7,8,2,2,0,8,0,6,0
20260627,WZI,cod,9,11,6,6,2,2,6,8,6,8,11,6,1,8,0,7,0
20260907,ESL,pp,10,10,11,13,0,1,6,7,7,8,7,6,1,8,0,2,0
20260819,SWT,cod,7,7,2,4,1,1,6,7,7,8,10,5,1,8,0,3,0
20260917,RLL,pp,8,9,3,3,5,5,6,8,6,8,6,5,0,8,1,2,0
20260806,SWE,cod,3,3,3,3,0,3,6,8,6,8,4,3,0,8,0,3,0
20260709,DLH,pp,5,6,4,4,1,1,6,7,6,8,5,2,1,8,0,2,0
20260916,RSL,pp,17,17,9,10,0,1,6,6,7,8,8,5,0,8,0,10,0
20260903,AMA,pp,2,2,2,2,0,1,6,7,7,8,5,4,0,8,0,7,0
20260916,ROI,pp,,,92,98,,,6,6,6,8,,,2,8,,,
20260704,KPI,cod,8,8,5,6,,,6,8,6,8,14,5,1,8,1,10,0
20260808,DFX,pp,5,5,5,5,,,6,7,7,8,11,5,1,8,0,19,0
20260825,IBH,pp,7,19,2,2,1,1,6,7,7,8,6,4,0,8,2,6,2
20260819,WZA,pp,2,2,1,1,,,6,6,8,8,6,5,0,8,0,13,0
20260708,LSR,cod,3,3,3,4,2,2,6,6,7,8,6,4,1,8,0,7,0
20260830,SWE,pp,1,12,2,4,,,6,6,6,8,9,4,1,8,0,3,0
20260919,WPV,pp,2,2,0,3,,,6,6,7,8,10,6,1,8,0,3,0
20260718,SWE,cod,2,2,2,2,0,1,6,7,6,8,6,3,1,8,0,4,0
20260907,SWE,pp,5,5,5,5,,,6,7,7,8,5,3,0,8,3,14,3
20260725,LVP,pp,8,8,6,6,1,1,6,7,7,8,8,5,0,8,0,8,0
20260905,WZI,cod,8,10,4,4,2,2,6,8,6,8,6,4,2,8,0,5,0
20260824,AMA,pp,8,8,8,8,,,6,7,7,8,1,1,0,8,0,6,0
20260829,BBO,pp,14,14,14,14,0,1,6,7,7,8,9,5,0,8,0,11,0
20260725,EML,pp,3,4,6,6,,,6,7,7,8,7,6,0,8,0,2,0
20260727,TUN,pp,6,6,4,4,0,1,6,7,7,8,6,4,0,8,0,6,0
20260714,ZEL,cod,16,17,16,17,1,1,6,6,7,8,10,4,0,8,0,5,0
20260628,SWL,pp,6,6,7,7,,,6,8,6,8,11,5,2,8,0,9,0
20260703,SWE,cod,9,9,6,8,,,6,8,6,8,6,2,2,8,0,6,0
20260811,WPV,pp,6,6,11,11,,,6,8,6,8,4,3,1,8,0,3,0
20260811,IBH,pp,5,8,7,7,1,1,6,7,7,8,6,4,1,8,0,5,0
20260701,RHY,pp,,,7,7,0,1,6,7,7,8,7,5,1,8,1,8,0
20260824,WZA,pp,2,2,2,2,0,2,6,7,7,8,9,4,1,8,0,7,0
20260812,AMA,cod,3,3,2,3,,,6,6,8,8,3,3,0,8,0,2,0
20260725,BBO,cod,10,10,7,10,0,1,6,9,6,9,7,5,0,9,0,12,0
20260703,AMA,pp,3,3,3,3,,,6,6,8,9,5,5,0,9,0,5,0
20260917,WZA,pp,5,5,7,9,,,6,6,8,9,6,4,0,9,,,
20260630,PRH,cod,4,4,4,5,0,1,6,9,6,9,5,3,1,9,0,7,0
20260629,TUN,pp,9,9,8,8,,,6,7,8,9,6,4,0,9,1,7,0
20260721,TUN,pp,9,9,6,6,0,1,6,7,8,9,6,4,0,9,0,2,0
20260811,BHH,pp,16,16,11,11,1,1,6,7,7,9,11,4,0,9,0,4,0
20260915,PRH,cod,14,14,9,16,0,1,6,8,6,9,9,5,0,9,0,16,0
20260702,AMA,pp,17,17,17,17,,,6,9,6,9,9,9,2,9,0,3,0
20260831,PWL,pp,2,2,0,2,,,6,6,8,9,2,1,0,9,0,4,0
20260813,NEX,cod,12,13,5,5,,,6,6,9,9,6,3,0,9,1,3,0
20260718,PRH,cod,12,13,2,7,0,2,6,7,7,9,13,6,0,9,1,11,1
20260905,KIC,pp,14,15,13,13,1,1,6,9,6,9,12,7,3,9,0,9,0
20260718,LOS,pp,13,14,11,13,0,1,6,7,7,9,5,4,1,9,0,10,0
20260812,KIC,pp,14,15,19,20,1,2,6,8,7,9,9,4,1,9,0,12,0
20260702,NEX,pp,27,30,58,58,2,2,6,6,8,9,25,5,0,9,0,10,0
20260916,WPV,pp,1,1,3,5,2,3,6,7,8,9,6,5,0,9,0,7,0
20260719,TEL,cod,1,2,0,1,1,1,6,9,6,9,14,6,2,9,0,15,0
20260805,SWT,cod,4,4,2,4,1,4,6,7,7,9,6,6,0,9,0,7,0
20260807,IBH,pp,8,8,9,9,0,1,6,7,6,9,10,5,0,9,0,4,0
20260812,CUH,cod,7,7,6,7,0,3,6,8,6,9,5,5,0,9,0,7,0
20260722,WZI,pp,4,4,2,2,,,6,6,6,9,7,4,3,9,0,6,0
20260821,LSR,cod,15,18,9,10,3,4,6,6,8,9,5,1,0,9,0,9,0
20260701,ESA,cod,13,15,7,7,1,1,6,8,7,9,7,4,2,9,0,6,0
20260819,WZI,pp,4,4,7,7,,,6,7,8,9,5,5,1,9,0,3,0
20260817,LSR,cod,25,28,14,15,1,1,6,7,8,9,5,1,1,9,0,5,0
20260918,BHH,pp,4,6,2,7,2,2,6,7,8,9,8,2,0,9,0,21,0
20260809,LOS,pp,6,7,6,6,2,2,6,8,6,9,13,5,2,9,0,7,0
20260826,LSR,cod,13,14,7,9,2,4,6,8,6,9,11,7,1,9,0,8,0
20260713,SWE,cod,8,8,6,7,0,1,6,8,6,9,5,4,2,9,0,6,0
20260728,NEX,cod,12,12,7,7,,,6,7,7,9,5,3,2,9,0,21,0
20260813,KOL,cod,18,26,4,6,,,6,8,7,9,13,2,0,9,0,3,0
20260731,SWE,cod,3,3,4,5,0,1,6,7,6,9,5,3,1,9,0,3,0
20260629,SWE,pp,18,18,15,15,,,6,8,7,9,11,4,1,9,0,26,0
20260817,VSL,pp,6,6,10,11,,,6,7,8,9,11,4,1,9,1,9,1
20260630,RHY,pp,7,7,4,6,,,6,10,6,10,9,7,4,10,0,10,0
20260702,PRH,cod,13,13,10,13,1,2,6,10,6,10,14,9,1,10,0,7,0
20260725,WZI,pp,10,14,10,10,5,5,6,7,9,10,7,5,1,10,0,8,0
20260829,SWT,cod,9,10,2,2,1,1,6,8,8,10,8,5,0,10,0,3,0
20260813,WZI,cod,7,7,7,7,3,3,6,8,7,10,5,2,0,10,0,9,0
20260719,LOS,pp,7,7,1,1,,,6,6,8,10,10,5,2,10,0,9,0
20260728,ZEL,cod,10,10,21,26,0,2,6,7,6,10,12,6,2,10,0,18,0
20260726,LVP,pp,1,1,7,7,2,2,6,8,7,10,9,6,0,10,1,10,1
20260817,RHY,pp,8,8,6,7,7,9,6,8,8,10,8,4,0,10,1,14,1
20260715,AMA,pp,10,12,10,10,2,2,6,8,8,10,9,7,0,10,0,7,0
20260811,RSL,pp,13,13,24,24,1,1,6,7,9,10,7,4,1,10,0,18,0
20260716,EML,cod,1,3,2,3,2,4,6,8,7,10,8,7,0,10,0,8,0
20260908,SWT,cod,5,7,5,6,1,2,6,8,6,10,4,3,2,10,0,8,0
20260729,RHY,pp,10,10,28,28,,,6,8,6,10,11,8,2,10,0,10,0
20260721,LVP,pp,6,7,5,5,0,2,6,9,7,10,9,7,1,10,2,14,0
20260804,ESC,pp,9,9,10,10,5,5,6,8,7,10,8,4,1,10,0,21,0
20260705,PRH,cod,14,14,9,11,0,2,6,9,7,10,15,6,0,10,0,9,0
20260710,TEL,cod,9,11,8,8,2,3,6,8,8,10,8,6,1,10,0,9,0
20260723,TEL,cod,14,16,7,9,5,8,6,11,6,11,10,5,1,11,1,12,0
20260908,RSL,pp,14,17,17,18,1,1,6,7,9,11,7,6,1,11,0,13,0
20260717,SWT,pp,7,8,5,5,1,1,6,10,6,11,11,6,0,11,0,5,0
20260814,KOL,cod,15,15,13,24,0,3,6,10,6,11,6,0,1,11,0,9,0
20260709,PEP,pp,1,8,2,2,1,2,6,6,8,11,5,4,1,11,0,5,0
20260702,ESA,cod,18,21,15,21,2,6,6,10,6,11,10,7,1,11,0,18,0
20260720,ESA,cod,16,18,14,15,0,4,6,9,6,11,10,3,0,11,0,10,0
20260814,TUN,pp,2,2,10,10,,,6,7,10,11,7,4,0,11,0,8,0
20260822,LSR,cod,16,19,16,19,5,7,6,9,8,11,5,4,1,11,0,6,0
20260817,NEX,cod,14,14,13,14,12,12,6,9,7,11,8,4,4,11,0,11,0
20260814,ESC,cod,16,16,9,17,1,3,6,10,7,12,13,8,1,12,0,12,0
20260630,KPI,cod,16,16,11,14,0,3,6,10,7,12,7,6,1,12,0,7,0
20260715,NEX,cod,4,12,6,10,2,3,6,8,7,12,12,5,1,12,0,7,0
20260813,NEX,pp,6,11,167,177,3,8,6,10,7,12,4,4,2,12,0,13,0
20260919,SDD,cod,7,7,1,6,0,2,6,8,7,12,8,8,0,12,0,13,0
20260628,BHH,cod,10,10,8,11,0,2,6,11,6,12,9,2,1,12,0,8,0
20260712,REH,pp,1,1,6,6,,,6,9,8,12,10,5,2,12,1,21,1
20260919,TEL,cod,16,21,1,20,3,4,6,9,7,12,8,7,1,12,0,18,0
20260904,IBH,pp,5,25,4,6,,,6,9,9,12,7,6,0,12,0,10,0
20260724,PRH,cod,9,10,9,13,2,5,6,10,6,13,11,4,2,13,0,5,0
20260901,LSR,cod,15,18,8,11,3,3,6,11,6,13,12,6,2,13,0,12,0
20260921,TEL,cod,10,22,0,20,6,10,6,11,7,13,16,8,0,13,0,4,0
20260723,SWL,cod,9,11,3,4,3,6,6,9,7,13,8,2,2,13,0,17,0
20260730,NEX,cod,10,10,17,18,0,1,6,10,8,13,13,8,3,13,0,5,0
20260918,TEL,cod,12,20,3,11,7,12,6,10,8,14,10,7,0,14,0,3,0
20260831,LSR,cod,7,8,5,7,1,2,6,9,9,14,9,6,1,14,0,10,0
20260910,ZAA,cod,,,73,79,0,2,6,12,7,15,11,7,5,15,0,12,0
20260729,KPI,cod,28,28,20,27,1,2,6,12,6,15,14,6,2,15,0,12,0
20260825,ZAA,cod,,,42,51,0,3,6,8,10,15,10,5,2,15,0,7,0
20260720,PRH,cod,19,21,14,18,2,4,6,13,7,15,11,5,2,15,0,5,0
20260903,KOL,cod,3,3,14,22,0,3,6,10,7,15,8,4,1,15,1,16,1
20260826,NEX,cod,43,43,18,19,0,1,6,9,7,15,19,6,3,15,0,11,0
20260912,LSR,cod,2,3,9,10,2,4,6,8,9,15,7,3,3,15,1,20,0
20260804,ZEL,cod,8,8,4,5,0,1,6,10,9,16,16,3,3,16,0,15,0
20260903,IGS,pp,36,58,30,37,12,13,6,7,9,16,9,5,2,16,0,158,0
20260830,PRH,cod,8,10,5,6,0,8,6,12,9,17,16,10,0,17,0,16,0
20260723,KPI,cod,11,11,10,14,0,5,6,14,7,19,11,7,1,19,0,11,0
20260824,KOL,cod,24,24,12,21,2,16,6,9,10,19,13,3,1,19,2,10,0
20260830,TEL,cod,7,8,13,17,2,3,6,9,11,21,14,7,4,21,0,12,0
20260716,SDH,cod,40,88,21,33,74,86,6,18,6,23,28,12,5,23,1,44,0
20260818,KOL,cod,,,8,13,1,7,6,17,6,24,19,6,7,24,0,15,0
20260825,KOL,cod,17,18,10,13,1,10,6,17,9,25,15,6,4,25,1,13,0
20260821,KOL,cod,11,12,18,25,1,11,6,21,7,28,17,3,5,28,3,27,3
20260702,SDH,cod,27,122,10,27,68,83,6,21,8,34,16,9,4,34,0,45,0
20260711,VSL,pp,6,6,6,6,,,7,7,7,7,8,4,0,7,0,5,0
20260807,WZI,cod,12,13,7,8,1,1,7,7,7,7,4,3,0,7,0,7,0
20260729,WPV,pp,10,10,9,9,,,7,7,7,7,6,5,0,7,0,3,0
20260817,ZAA,pp,2,2,17,18,,,7,7,7,7,9,7,0,7,0,2,0
20260829,CUH,pp,12,12,13,13,,,7,7,7,7,11,7,0,7,0,10,0
20260722,KIC,pp,7,8,12,12,,,7,7,7,7,8,5,0,7,0,9,0
20260703,WZI,cod,3,6,7,7,2,2,7,7,7,7,4,3,0,7,0,4,0
20260724,ZAA,pp,1,1,8,8,,,7,7,7,7,7,7,0,7,,,
20260821,IBH,pp,10,14,13,13,,,7,7,7,7,3,2,0,7,0,9,0
20260706,KIC,pp,8,8,7,7,,,7,7,7,7,14,5,0,7,0,12,0
20260708,VSL,pp,4,4,5,5,,,7,7,7,7,10,4,0,7,0,5,0
20260706,BBO,cod,7,7,5,8,,,7,7,7,7,6,3,0,7,0,2,0
20260827,VSL,pp,1,1,3,3,0,2,7,7,7,7,4,3,0,7,0,6,0
20260701,IBH,pp,9,9,12,13,1,1,7,7,7,7,5,3,0,7,0,4,0
20260720,MRR,pp,2,2,2,2,0,1,7,7,7,7,8,7,0,7,0,1,0
20260915,BHH,pp,9,9,4,6,3,3,7,7,7,7,9,2,0,7,0,9,0
20260830,WZI,pp,2,2,5,5,,,7,7,7,7,12,6,0,7,0,12,0
20260630,SOL,pp,12,12,7,7,1,1,7,7,7,7,11,2,0,7,0,2,0
20260913,SWT,pp,9,9,4,5,,,7,7,7,7,6,5,0,7,0,11,0
20260703,TYL,pp,4,4,4,4,,,7,7,7,7,6,6,0,7,0,1,0
20260825,WZI,pp,11,14,14,14,1,1,7,7,7,7,9,6,0,7,0,3,0
20260702,SWT,pp,14,14,18,19,,,7,7,7,7,8,6,0,7,1,14,1
20260804,ESL,pp,4,4,1,1,,,7,7,7,7,6,6,0,7,0,6,0
20260731,LSR,pp,16,30,15,16,6,6,7,7,7,7,8,6,0,7,0,9,0
20260916,RLL,pp,1,3,3,3,,,7,7,7,7,7,5,0,7,0,2,0
20260706,SWE,pp,5,5,10,10,1,1,7,7,7,7,11,5,0,7,0,10,0
20260713,XIH,pp,2,2,9,9,1,1,7,7,7,7,3,2,0,7,0,4,0
20260901,IBH,pp,9,10,15,15,8,9,7,7,7,7,7,4,0,7,0,6,0
20260904,TYL,pp,1,1,2,2,,,7,7,7,7,1,1,0,7,0,2,0
20260824,WZI,pp,6,10,3,3,5,5,7,7,7,7,8,5,0,7,0,4,0
20260729,LVP,pp,10,10,9,9,2,2,7,7,7,7,7,4,0,7,0,6,0
20260817,TUN,pp,4,4,4,4,,,7,7,7,7,6,5,0,7,0,5,0
20260709,BGH,pp,23,28,18,22,11,11,7,7,7,7,5,2,0,7,0,16,0
20260703,GUD,pp,6,8,6,6,1,1,7,7,7,7,6,5,0,7,0,6,0
20260625,SDH,pp,7,11,4,4,4,4,7,7,7,7,4,3,0,7,0,2,0
20260912,NKD,pp,8,8,26,26,,,7,7,7,7,8,4,0,7,0,7,0
20260816,PWL,pp,10,10,4,4,3,3,7,7,7,7,9,5,0,7,0,1,0
20260918,COM,pp,3,3,2,3,1,1,7,7,7,7,2,2,0,7,,,
20260630,WZI,cod,6,6,5,5,,,7,7,7,7,6,3,0,7,0,10,0
20260626,XIH,pp,7,7,2,2,1,1,7,7,7,7,9,6,0,7,0,8,0
20260701,SDH,pp,10,14,9,9,7,7,7,7,7,7,4,2,0,7,0,5,0
20260803,ZAO,pp,3,3,3,3,,,7,7,7,7,4,4,0,7,0,1,0
20260804,SWE,pp,9,9,11,11,,,7,7,7,7,8,4,0,7,0,5,0
20260811,SOL,pp,12,12,9,9,1,1,7,7,7,7,12,1,0,7,0,9,0
20260917,BGH,cod,1,2,0,1,1,1,7,7,7,7,,,0,7,,,
20260829,WPV,pp,2,2,3,3,,,7,8,7,8,7,7,1,8,0,4,0
20260919,ZAO,pp,5,6,0,5,1,1,7,7,8,8,6,2,0,8,0,8,0
20260627,RHY,pp,,,1,1,,,7,7,8,8,7,6,0,8,0,5,0
20260801,NEX,pp,13,13,7,7,3,3,7,7,7,8,12,5,0,8,0,19,0
20260816,SOL,pp,3,3,1,1,,,7,7,7,8,6,1,0,8,0,15,0
20260708,SWT,pp,13,13,14,17,1,2,7,8,7,8,10,6,0,8,0,9,0
20260720,ESL,pp,12,12,4,4,,,7,8,7,8,10,7,0,8,0,6,0
20260915,ZAO,pp,9,9,4,8,2,2,7,8,7,8,6,4,0,8,0,10,0
20260730,SWT,pp,12,13,14,15,1,1,7,8,7,8,10,5,0,8,0,9,0
20260811,WZA,pp,4,4,3,4,,,7,8,7,8,13,7,0,8,0,6,0
20260901,ZAA,pp,2,2,2,3,,,7,7,8,8,6,6,0,8,,,
20260824,CUH,pp,12,12,12,12,0,1,7,7,7,8,6,6,0,8,0,4,0
20260810,WZA,pp,5,5,5,5,,,7,7,8,8,8,5,0,8,0,7,0
20260801,TYL,pp,0,5,3,4,2,2,7,7,7,8,2,2,0,8,0,1,0
20260711,EML,pp,6,6,1,1,2,2,7,7,8,8,7,7,0,8,0,6,0
20260902,IBH,pp,5,6,5,5,,,7,8,7,8,9,7,1,8,1,7,1
20260706,XIH,pp,12,12,21,22,,,7,7,8,8,6,6,0,8,0,8,0
20260910,SOL,pp,11,11,14,14,0,1,7,8,7,8,9,5,0,8,0,9,0
20260625,NEX,cod,2,2,11,11,0,1,7,8,7,8,7,5,0,8,0,4,0
20260908,IBH,pp,15,20,9,10,,,7,7,8,8,7,4,0,8,1,13,1
20260709,KIC,pp,6,6,6,6,,,7,7,8,8,8,2,0,8,1,9,0
20260820,ZEL,pp,38,39,41,43,,,7,7,8,8,11,4,0,8,1,15,0
20260901,SWE,cod,3,3,2,3,,,7,8,7,8,5,4,0,8,0,1,0
20260819,AMA,pp,3,3,3,3,2,2,7,7,8,8,5,5,0,8,0,9,0
20260902,COM,pp,3,3,4,4,0,8,7,8,7,8,5,2,0,8,0,4,0
20260701,BBO,pp,1,1,1,1,,,7,7,7,8,4,3,1,8,0,4,0
20260906,SWE,pp,,,3,3,,,7,7,8,8,6,3,0,8,2,26,0
20260720,PBR,cod,7,7,6,7,,,7,8,7,8,8,6,1,8,0,2,0
20260720,VSL,pp,6,7,2,2,,,7,8,7,8,5,5,0,8,0,10,0
20260716,XIH,pp,4,4,4,4,1,1,7,8,7,8,4,3,1,8,0,6,0
20260703,VSL,pp,11,11,15,15,,,7,8,7,8,8,6,1,8,0,3,0
20260702,RLL,pp,15,15,18,19,1,1,7,7,7,8,11,4,1,8,0,11,0
20260723,NKD,pp,17,18,19,19,1,1,7,7,7,8,22,7,0,8,0,11,0
20260821,SOL,pp,13,13,24,24,5,5,7,8,7,8,13,6,1,8,0,7,0
20260715,VSL,pp,19,19,19,19,0,1,7,8,7,8,12,8,0,8,0,6,0
20260814,BBO,cod,2,2,1,2,,,7,7,7,8,8,5,1,8,0,7,0
20260801,AMA,pp,5,5,6,6,,,7,8,7,8,7,5,1,8,0,8,0
20260901,BBO,pp,21,21,21,21,,,7,7,8,8,8,6,0,8,0,20,0
20260706,VSL,pp,17,17,16,16,1,1,7,8,7,8,6,4,0,8,0,10,0
20260829,WZI,cod,11,13,2,2,1,1,7,7,8,8,6,5,0,8,0,6,0
20260716,MRR,pp,11,11,11,11,0,1,7,7,8,8,8,6,0,8,0,1,0
20260722,RLL,pp,16,17,7,8,0,2,7,7,7,8,14,4,1,8,0,9,0
20260908,SWT,pp,13,14,7,7,1,1,7,7,8,8,4,3,0,8,0,10,0
20260812,WZA,pp,8,9,5,5,1,1,7,7,8,8,5,3,0,8,0,6,0
20260718,BBO,cod,14,14,14,14,,,7,8,7,8,4,4,1,8,0,4,0
20260822,VSL,pp,6,6,7,7,,,7,8,7,8,3,3,0,8,0,8,0
20260714,ESL,pp,6,6,3,3,,,7,8,7,8,11,8,1,8,0,10,0
20260824,ESL,pp,11,11,9,10,,,7,7,8,8,8,7,0,8,0,3,0
20260628,KPI,cod,8,8,4,5,,,7,7,7,8,5,2,1,8,0,5,0
20260627,PRH,cod,2,3,1,1,0,1,7,8,7,8,6,4,0,8,0,11,0
20260713,BHH,pp,21,23,33,35,1,1,7,7,8,8,6,4,0,8,0,10,0
20260817,WZI,pp,6,6,12,12,,,7,8,7,8,8,7,1,8,0,3,0
20260721,IBH,pp,7,8,10,10,1,1,7,7,7,8,8,5,0,8,0,7,0
20260709,EML,pp,2,2,2,2,,,7,7,7,8,7,6,1,8,0,1,0
20260731,SOL,pp,13,14,18,18,1,1,7,8,7,8,15,7,1,8,0,20,0
20260819,SOL,pp,25,25,21,21,1,1,7,7,8,8,3,2,0,8,0,9,0
20260630,XIH,pp,5,5,6,6,1,1,7,7,8,8,6,5,0,8,0,10,0
20260703,PRH,cod,10,10,10,12,,,7,7,7,8,5,4,0,8,0,5,0
20260829,AMA,pp,13,13,12,13,,,7,8,8,9,6,5,0,9,0,13,0
20260828,ROI,pp,8,8,1,1,,,7,7,9,9,12,0,0,9,0,6,0
20260626,RLL,pp,13,19,13,13,3,4,7,7,9,9,9,5,0,9,0,6,0
20260828,SOL,pp,6,6,8,8,,,7,9,7,9,17,2,2,9,0,9,0
20260720,GUD,pp,16,16,14,14,,,7,9,7,9,4,3,2,9,3,6,3
20260717,ZAO,pp,3,3,1,1,,,7,8,8,9,4,3,1,9,0,4,0
20260721,RSL,cod,1,1,2,3,0,2,7,9,7,9,8,8,0,9,0,6,0
20260702,LSR,cod,5,5,3,4,1,3,7,8,7,9,6,4,0,9,0,5,0
20260901,RLL,pp,8,8,22,22,,,7,8,8,9,4,3,1,9,0,14,0
20260630,BHH,pp,9,9,9,9,,,7,7,8,9,4,2,1,9,0,3,0
20260907,CUH,pp,14,14,14,14,,,7,8,7,9,7,5,1,9,0,22,0
20260701,DLH,pp,5,5,4,4,,,7,7,8,9,7,6,0,9,0,6,0
20260901,CUH,pp,8,8,12,12,,,7,8,8,9,8,7,0,9,0,11,0
20260727,LOS,pp,49,52,21,21,,,7,8,7,9,7,7,0,9,1,22,1
20260718,TEL,cod,8,10,8,12,4,6,7,9,7,9,8,6,0,9,0,4,0
20260717,DLH,pp,58,71,49,52,11,11,7,8,7,9,5,1,1,9,0,7,0
20260713,MRR,pp,6,6,6,6,,,7,9,7,9,6,4,2,9,0,7,0
20260812,WPV,pp,6,6,5,5,,,7,7,8,9,11,7,0,9,0,3,0
20260805,SWE,pp,5,5,6,6,,,7,8,8,9,10,4,0,9,0,5,0
20260709,SWE,pp,18,18,20,20,0,1,7,9,7,9,4,1,0,9,0,11,0
20260810,TEL,cod,32,38,17,19,3,3,7,9,7,9,9,6,2,9,0,12,0
20260630,TEL,cod,15,16,12,13,2,3,7,8,7,9,9,4,0,9,0,8,0
20260907,IBH,pp,10,20,9,10,5,5,7,7,8,9,8,4,0,9,0,9,0
20260915,SWT,pp,1,1,7,7,3,3,7,9,7,9,10,7,1,9,0,7,0
20260801,RHY,pp,15,15,16,16,,,7,8,7,9,7,7,1,9,0,12,0
20260921,PEP,pp,1,4,0,1,0,1,7,8,8,9,2,1,0,9,0,10,0
20260709,BHH,pp,8,8,12,12,,,7,8,8,9,9,5,1,9,0,6,0
20260731,SWT,pp,12,14,11,11,,,7,8,8,9,9,5,0,9,0,8,0
20260710,BGH,pp,21,23,27,27,4,4,7,8,8,9,10,6,0,9,0,9,0
20260810,SWT,cod,5,8,5,5,2,2,7,8,8,9,8,5,1,9,0,5,0
20260813,WZI,pp,13,13,12,12,1,1,7,8,8,9,7,3,0,9,0,15,0
20260702,XIH,pp,3,3,4,4,,,7,8,8,9,8,7,0,9,1,6,1
20260814,ZEL,cod,2,2,1,2,,,7,8,8,9,6,3,1,9,1,10,1
20260812,TUN,pp,,,1,1,,,7,8,8,9,10,3,0,9,0,9,0
20260805,WZA,pp,8,8,7,7,0,1,7,7,7,9,5,4,1,9,0,8,0
20260820,SDH,pp,14,38,19,21,20,20,7,7,7,9,7,5,0,9,0,8,0
20260819,ZAA,pp,1,1,1,1,,,7,9,7,10,7,6,1,10,0,3,0
20260704,BHH,pp,21,22,17,17,,,7,9,8,10,7,3,1,10,0,6,0
20260912,RLL,pp,5,5,4,4,,,7,10,7,10,14,9,1,10,0,18,0
20260805,WZI,cod,17,21,16,16,2,2,7,7,10,10,8,5,0,10,0,9,0
20260717,LOS,pp,9,13,17,17,,,7,7,7,10,7,6,1,10,2,8,0
20260714,BBO,cod,6,6,5,6,0,1,7,10,7,10,8,8,1,10,0,2,0
20260705,IBH,pp,,,0,1,1,1,7,10,7,10,8,7,1,10,0,9,0
20260904,IBH,cod,1,10,2,3,0,1,7,10,7,10,6,5,2,10,0,5,0
20260816,VSL,pp,16,16,14,14,,,7,8,8,10,10,5,1,10,0,11,0
20260629,SWE,cod,5,5,3,3,0,1,7,10,7,10,8,5,0,10,0,5,0
20260725,WPV,pp,9,9,8,9,,,7,8,9,10,7,6,0,10,0,10,0
20260914,TEL,cod,14,15,4,4,1,2,7,9,8,10,8,6,1,10,0,16,0
20260629,SWL,pp,5,6,4,4,1,1,7,8,9,10,7,5,1,10,1,10,1
20260704,LOS,pp,680,697,10,10,0,1,7,9,8,10,13,9,0,10,0,13,0
20260809,SDH,pp,4,10,0,2,13,13,7,9,8,10,10,7,1,10,0,8,0
20260708,BBO,pp,11,11,11,11,,,7,8,9,10,9,6,1,10,0,11,0
20260912,PRH,cod,9,10,5,10,1,3,7,9,7,10,11,9,0,10,0,20,0
20260914,SAC,pp,67,68,68,76,2,2,7,9,8,10,19,9,0,10,0,2,0
20260824,SDH,pp,9,32,12,12,14,14,7,9,8,10,12,5,0,10,0,7,0
20260818,AMA,pp,16,18,16,17,,,7,7,11,11,5,4,0,11,0,11,0
20260716,NEX,cod,0,10,6,6,9,9,7,9,7,11,32,6,3,11,0,2,0
20260708,LVP,pp,13,13,13,13,1,1,7,9,9,11,10,8,1,11,0,9,0
20260720,BAO,pp,21,21,18,19,2,2,7,9,8,11,13,8,0,11,0,7,0
20260721,BBO,cod,5,5,3,6,,,7,9,7,11,12,8,1,11,0,13,0
20260908,NEX,cod,9,9,35,35,25,25,7,7,11,11,8,7,0,11,1,27,1
20260716,PRH,cod,11,11,7,11,0,1,7,9,7,11,12,7,2,11,0,11,0
20260911,PRH,cod,16,18,11,16,1,4,7,11,7,11,10,9,0,11,0,8,0
20260903,LSR,cod,17,18,16,19,4,5,7,10,7,11,11,6,1,11,0,3,0
20260808,ZEL,cod,4,4,11,11,0,1,7,9,9,11,4,3,0,11,0,16,0
20260904,BBO,cod,7,9,5,5,2,3,7,9,8,11,10,7,1,11,0,5,0
20260807,LVP,pp,7,7,8,8,1,2,7,8,9,11,7,6,1,11,1,10,0
20260803,SWT,cod,6,6,4,4,0,1,7,9,9,11,8,5,0,11,1,4,1
20260813,BBO,cod,7,7,7,8,0,3,7,9,7,11,8,7,0,11,1,10,0
20260827,AMA,pp,3,3,17,17,,,7,8,9,11,8,7,1,11,0,9,0
20260709,LVP,pp,7,8,7,7,1,1,7,9,9,11,10,7,1,11,2,11,0
20260915,TEL,cod,18,23,14,19,3,3,7,9,9,11,10,7,2,11,0,13,0
20260724,KPI,cod,14,15,13,14,0,4,7,7,7,11,12,5,1,11,0,18,0
20260712,BHH,pp,29,29,8,8,,,7,9,8,11,10,4,1,11,1,8,0
20260810,SDH,pp,4,24,2,5,19,19,7,8,9,11,7,3,1,11,0,8,0
20260807,TEL,cod,7,12,5,5,4,8,7,10,8,11,13,7,0,11,0,7,0
20260703,BGH,pp,11,17,15,15,4,4,7,9,8,11,11,9,2,11,0,17,0
20260627,SWT,cod,6,7,3,3,0,2,7,10,8,11,12,8,1,11,0,2,0
20260721,LOS,pp,10,11,7,7,5,15,7,10,7,11,10,6,4,11,0,8,0
20260916,WZA,pp,8,8,7,7,0,1,7,11,7,11,8,6,2,11,0,9,0
20260807,LOS,pp,19,20,6,7,4,5,7,9,9,11,8,6,1,11,0,7,0
20260822,BBO,cod,3,3,3,3,0,1,7,9,8,11,10,7,1,11,0,15,0
20260709,GUD,pp,2,3,2,2,0,2,7,8,8,11,10,7,0,11,0,3,0
20260704,BHH,cod,26,26,21,33,0,1,7,8,7,11,7,2,0,11,0,9,0
20260901,SWE,pp,4,4,4,4,,,7,7,10,12,5,4,1,12,0,7,0
20260805,IBH,pp,3,4,8,8,0,1,7,9,9,12,6,6,0,12,0,11,0
20260707,IBH,pp,7,8,4,4,1,1,7,9,9,12,10,5,1,12,0,6,0
20260806,LVP,pp,7,7,7,8,1,3,7,10,8,12,10,7,4,12,0,6,0
20260716,LOS,pp,18,20,20,20,10,14,7,8,10,12,8,4,1,12,0,6,0
20260908,KIC,pp,15,17,22,22,2,2,7,9,10,12,12,2,1,12,3,29,2
20260801,ROI,pp,35,38,31,35,1,1,7,10,9,12,35,0,2,12,4,9,4
20260823,PRH,cod,5,6,3,6,0,3,7,12,7,12,16,5,1,12,2,19,2
20260915,KOL,cod,10,10,1,8,4,6,7,9,7,12,11,2,1,12,0,9,0
20260809,LSR,cod,3,4,1,1,3,4,7,8,8,12,9,5,2,12,0,2,0
20260724,TEL,cod,15,20,9,11,3,4,7,11,8,12,6,6,1,12,2,9,2
20260806,TEL,cod,12,13,14,19,1,5,7,12,7,12,13,9,2,12,0,9,0
20260802,ESA,cod,10,10,12,12,0,1,7,10,10,13,10,5,1,13,1,10,0
20260715,PRH,cod,7,10,5,9,4,7,7,9,9,13,8,7,0,13,0,10,0
20260918,PRH,cod,6,6,3,8,0,4,7,9,7,13,9,4,2,13,1,8,1
20260723,RSL,pp,31,34,18,20,1,2,7,10,8,13,11,5,0,13,0,15,0
20260731,PRH,cod,12,13,13,16,3,9,7,12,7,13,15,5,2,13,0,13,0
20260706,PRH,cod,17,18,17,21,1,4,7,12,7,13,12,3,1,13,0,14,0
20260820,RHY,pp,37,37,29,30,,,7,9,8,13,8,7,1,13,0,12,0
20260724,ESA,cod,13,14,11,11,1,1,7,7,9,13,7,4,4,13,1,11,0
20260706,SWT,pp,44,45,10,11,0,1,7,10,9,14,12,7,2,14,0,17,0
20260811,ESC,cod,13,13,6,13,0,3,7,12,7,14,9,6,0,14,1,7,0
20260708,TEL,cod,5,6,4,4,,,7,10,9,14,5,4,2,14,0,7,0
20260722,ESA,cod,23,24,20,21,1,1,7,12,8,14,12,4,4,14,1,10,1
20260916,LGL,pp,11,11,6,9,0,1,7,11,9,14,9,9,2,14,0,15,0
20260823,TEL,cod,7,8,4,5,1,2,7,12,7,15,12,11,1,15,0,14,0
20260919,ESC,cod,12,13,4,10,1,4,7,11,9,15,7,4,1,15,0,15,0
20260918,ESC,cod,8,8,1,8,0,1,7,11,8,15,13,9,3,15,,,
20260719,LUA,cod,8,9,10,11,1,2,7,11,10,15,16,6,4,15,0,18,0
20260817,KOL,cod,21,22,13,24,2,4,7,13,8,16,14,2,3,16,1,14,1
20260825,NEX,cod,4,6,15,15,0,1,7,11,9,16,10,8,3,16,0,28,0
20260908,TEL,cod,19,22,5,5,3,7,7,11,7,16,7,6,2,16,0,22,0
20260717,PRH,cod,10,11,7,11,1,7,7,14,9,17,11,9,0,17,1,12,1
20260729,PRH,cod,26,29,16,20,3,8,7,12,9,17,11,6,1,17,0,11,0
20260703,ARL,pp,18,18,18,18,,,7,12,11,17,11,7,0,17,0,11,0
20260809,BHH,cod,54,54,36,42,0,4,7,14,8,18,24,8,4,18,1,24,1
20260917,ESA,cod,14,14,4,16,0,8,7,12,10,19,11,7,0,19,0,2,0
20260829,LSR,cod,7,7,14,14,4,8,7,15,8,19,11,7,5,19,0,9,0
20260808,PRH,cod,52,55,13,18,2,3,7,14,7,19,16,8,7,19,0,11,0
20260819,ESC,cod,17,17,5,10,1,5,7,12,8,20,13,6,1,20,1,19,0
20260727,PRH,cod,17,17,10,14,0,5,7,14,8,23,7,2,5,23,0,18,0
20260712,BHH,cod,92,93,33,44,1,6,7,15,9,23,19,5,1,23,0,12,0
20260904,KOL,cod,6,6,6,7,0,3,7,15,9,23,5,1,5,23,3,14,2
20260726,NKD,pp,37,37,14,14,,,7,18,16,27,31,17,0,27,4,21,2
20260804,NEX,cod,23,29,15,15,,,8,8,8,8,6,3,0,8,0,7,0
20260704,ZAA,pp,,,3,3,,,8,8,8,8,9,6,0,8,0,3,0
20260715,TEL,cod,2,5,5,6,3,3,8,8,8,8,10,6,0,8,0,6,0
20260808,WZA,pp,7,7,7,7,,,8,8,8,8,9,6,0,8,0,10,0
20260805,ESL,pp,7,7,2,2,,,8,8,8,8,6,6,0,8,0,8,0
20260910,NKD,pp,9,9,7,7,3,3,8,8,8,8,4,2,0,8,0,14,0
20260918,TUN,pp,11,11,3,11,,,8,8,8,8,4,4,0,8,0,11,0
20260703,SWL,pp,19,25,14,14,4,4,8,8,8,8,7,7,0,8,0,6,0
20260903,ZAA,pp,,,23,23,,,8,8,8,8,8,6,0,8,0,9,0
20260723,WZA,pp,4,4,4,4,,,8,8,8,8,12,7,0,8,0,1,0
20260816,SWE,pp,3,3,5,5,,,8,8,8,8,16,6,0,8,0,4,0
20260806,LOS,pp,12,14,14,16,,,8,8,8,8,5,2,0,8,0,7,0
20260717,KIC,pp,3,3,10,10,2,2,8,8,8,8,9,7,0,8,0,11,0
20260722,AMA,pp,15,15,14,15,,,8,8,8,8,10,7,0,8,0,7,0
20260714,TEL,cod,11,18,13,15,2,2,8,8,8,8,11,8,0,8,0,4,0
20260701,SOL,pp,6,7,4,4,,,8,8,8,8,7,1,0,8,0,10,0
20260808,RHY,pp,7,8,1,1,,,8,8,8,8,8,8,0,8,0,18,0
20260810,KIC,pp,18,20,15,15,2,2,8,8,8,8,8,5,0,8,0,13,0
20260824,WZI,cod,7,7,9,9,,,8,8,8,8,6,5,0,8,0,9,0
20260715,WZI,pp,5,5,5,5,,,8,8,8,8,8,7,0,8,0,2,0
20260721,ZAO,pp,7,7,7,7,,,8,8,8,8,4,4,0,8,0,6,0
20260810,RHY,pp,10,21,23,25,1,1,8,8,8,8,10,8,0,8,1,12,1
20260903,LKH,pp,51,51,49,52,,,8,8,8,8,9,4,0,8,1,15,0
20260725,KIC,pp,8,8,7,7,1,1,8,8,8,8,6,4,0,8,2,12,2
20260829,WZI,pp,6,6,3,3,,,8,8,8,8,7,7,0,8,0,6,0
20260711,SWL,pp,8,10,6,7,2,2,8,8,8,8,9,4,0,8,0,12,0
20260826,ZAO,pp,4,4,4,4,,,8,8,8,8,10,8,0,8,,,
20260804,BAO,pp,19,25,19,19,,,8,8,8,8,14,4,0,8,0,12,0
20260821,COM,pp,21,21,26,26,,,8,8,8,8,3,2,0,8,0,10,0
20260914,VSL,pp,32,32,29,30,0,1,8,8,8,8,6,2,0,8,0,11,0
20260723,XIH,pp,1,1,2,2,1,1,8,8,8,8,6,5,0,8,0,3,0
20260827,BBO,pp,12,12,12,12,,,8,8,8,8,11,6,0,8,0,14,0
20260916,ESC,pp,8,9,7,8,,,8,8,8,8,12,5,0,8,1,11,0
20260730,SWE,pp,9,9,8,10,,,8,8,8,8,9,6,0,8,0,7,0
20260625,LVP,pp,8,9,8,8,,,8,8,8,8,11,7,0,8,0,3,0
20260816,XIH,pp,2,2,1,1,,,8,8,8,8,12,8,0,8,0,3,0
20260902,SAC,pp,136,139,134,138,1,1,8,8,8,8,5,4,0,8,0,6,0
20260802,LSR,pp,4,6,2,2,5,5,8,8,8,8,15,6,0,8,1,12,0
20260709,XIH,pp,3,3,2,2,2,2,8,8,8,8,10,7,0,8,0,3,0
20260730,WZI,pp,14,17,12,13,5,5,8,8,8,8,7,6,0,8,0,6,0
20260917,IBH,pp,8,10,9,13,3,3,8,8,8,8,8,7,0,8,0,2,0
20260817,BAO,pp,29,36,23,25,4,5,8,8,8,9,6,0,0,9,1,19,0
20260625,TUN,pp,,,3,3,,,8,9,8,9,8,6,0,9,0,2,0
20260807,NEX,cod,7,9,9,9,0,1,8,9,8,9,15,6,0,9,0,14,0
20260722,TEL,cod,11,13,8,8,4,5,8,9,8,9,6,5,0,9,0,7,0
20260826,BAO,pp,,,3,3,1,1,8,9,8,9,7,5,1,9,0,12,0
20260710,BHH,pp,2,4,3,3,3,3,8,8,9,9,13,7,0,9,0,13,0
20260815,RSL,pp,3,3,4,4,,,8,9,8,9,9,5,1,9,1,12,1
20260708,RLL,pp,9,11,10,11,1,1,8,9,8,9,10,7,0,9,1,20,1
20260705,RLL,pp,3,3,12,13,,,8,8,8,9,15,8,0,9,0,3,0
20260727,SWE,pp,28,28,10,10,,,8,9,8,9,6,4,1,9,0,8,0
20260802,ZAA,pp,,,2,2,,,8,8,9,9,6,6,0,9,0,1,0
20260710,LVP,pp,2,3,2,2,,,8,9,8,9,8,5,1,9,0,7,0
20260626,NEX,cod,11,17,8,8,,,8,9,8,9,8,6,1,9,0,6,0
20260705,ESA,cod,4,5,4,4,1,1,8,9,8,9,12,7,1,9,0,9,0
20260827,RLL,pp,5,5,10,10,1,2,8,9,8,9,9,6,0,9,0,7,0
20260804,KIC,pp,11,11,13,14,,,8,9,8,9,15,7,0,9,2,12,2
20260717,ZEL,cod,31,32,19,21,2,2,8,8,9,9,5,2,0,9,0,5,0
20260916,RHY,pp,9,9,10,17,,,8,8,9,9,7,7,0,9,0,7,0
20260626,IBH,pp,1,1,3,3,2,2,8,8,9,9,7,6,0,9,0,3,0
20260624,FLO,pp,595,648,375,382,,,8,9,8,9,,,0,9,0,45,0
20260820,XIH,pp,1,1,3,3,,,8,9,8,9,7,6,0,9,0,6,0
20260819,IBH,pp,8,10,14,18,2,2,8,9,8,9,8,5,0,9,0,9,0
20260826,WZI,cod,9,9,12,12,2,2,8,9,8,9,7,5,1,9,1,9,1
20260702,BHH,pp,4,4,9,9,2,3,8,9,8,9,4,2,0,9,0,6,0
20260808,RLL,pp,5,7,5,5,2,2,8,8,8,9,12,6,0,9,0,6,0
20260723,RHY,pp,4,6,5,5,1,1,8,9,8,9,7,7,0,9,0,5,0
20260721,NEX,cod,8,8,11,11,10,10,8,9,8,9,11,5,1,9,1,41,1
20260808,SOL,pp,15,15,12,12,,,8,8,9,9,9,4,0,9,0,19,0
20260717,RLL,pp,5,6,5,6,3,3,8,8,9,9,12,5,0,9,0,7,0
20260814,RLL,pp,85,88,17,19,,,8,8,8,9,8,5,0,9,0,8,0
20260803,WZI,cod,14,16,15,15,3,3,8,8,9,9,5,4,0,9,0,5,0
20260828,ESL,pp,,,1,1,0,1,8,8,8,9,8,8,1,9,0,3,0
20260731,RSL,pp,16,16,14,15,,,8,8,9,9,5,2,0,9,0,19,0
20260629,TEL,cod,9,10,4,5,0,1,8,8,8,9,8,5,0,9,0,4,0
20260715,ZEL,cod,4,8,3,3,3,3,8,9,8,9,8,6,1,9,1,12,1
20260710,BBO,pp,25,25,24,25,,,8,9,8,9,14,8,0,9,0,5,0
20260919,IBH,pp,7,7,2,7,,,8,8,9,9,9,6,0,9,0,4,0
20260920,NEX,pp,,,0,2,,,8,8,9,9,8,6,0,9,0,9,0
20260921,XIH,pp,1,4,0,3,,,8,8,9,9,8,3,0,9,0,5,0
20260902,RHY,pp,15,15,15,15,3,5,8,8,9,9,11,7,0,9,0,24,0
20260902,ESC,pp,28,28,28,28,1,1,8,8,9,9,9,7,0,9,1,19,1
20260725,WZA,pp,4,4,11,11,,,8,9,8,9,5,3,0,9,0,3,0
20260914,WPV,pp,8,8,6,6,,,8,9,8,9,7,5,1,9,2,9,0
20260724,BBO,cod,6,6,6,6,,,8,8,9,9,6,4,0,9,0,12,0
20260720,LOS,pp,7,7,15,15,,,8,9,8,9,11,7,0,9,0,10,0
20260706,NKD,pp,27,27,27,27,1,1,8,8,8,9,33,5,0,9,0,15,0
20260901,BBO,cod,7,7,6,7,0,1,8,8,8,9,8,5,0,9,0,8,0
20260825,WZI,cod,8,10,5,5,,,8,9,8,9,10,6,1,9,0,6,0
20260903,SWT,cod,3,3,1,1,,,8,9,8,9,6,4,0,9,0,9,0
20260917,BBO,pp,15,15,8,15,0,1,8,9,8,9,9,7,0,9,,,
20260902,BBO,cod,14,14,13,14,1,1,8,10,8,10,6,6,1,10,0,9,0
20260821,BBO,cod,7,7,6,7,,,8,10,8,10,11,9,0,10,0,3,0
20260812,KOL,cod,5,6,12,29,4,5,8,10,8,10,16,4,1,10,,,
20260710,SWT,pp,11,11,7,7,,,8,10,8,10,7,5,1,10,0,12,0
20260803,IBH,pp,10,10,3,3,5,5,8,9,9,10,9,7,0,10,2,8,0
20260815,LOS,pp,2,5,2,2,,,8,9,9,10,19,6,0,10,0,14,0
20260630,SWE,pp,15,15,21,22,,,8,8,10,10,10,4,0,10,0,7,0
20260626,LSR,pp,9,9,12,13,2,2,8,9,9,10,6,6,0,10,0,5,0
20260823,BHH,pp,19,19,8,10,,,8,9,9,10,15,6,0,10,0,13,0
20260710,PRH,cod,10,12,6,9,3,5,8,10,8,10,7,6,0,10,0,9,0
20260805,SWE,cod,6,6,4,4,0,2,8,10,8,10,7,3,0,10,0,5,0
20260718,DLH,pp,47,55,50,51,12,12,8,8,9,10,8,5,1,10,0,6,0
20260821,ZEL,pp,52,53,52,52,,,8,10,8,10,12,4,1,10,0,17,0
20260725,TUN,pp,,,2,2,0,1,8,9,8,10,6,5,0,10,0,9,0
20260807,WZA,pp,6,7,8,8,1,2,8,9,8,10,8,6,1,10,0,8,0
20260916,SWT,pp,1,1,1,1,1,1,8,8,10,10,6,6,0,10,0,1,0
20260726,IBH,pp,1,1,0,1,,,8,9,8,10,14,9,1,10,0,10,0
20260703,EML,pp,,,12,12,,,8,9,8,10,9,7,0,10,0,23,0
20260707,ZEL,pp,22,24,26,26,30,30,8,9,8,10,13,4,1,10,0,10,0
20260625,RLL,pp,18,18,16,16,3,3,8,11,8,11,6,5,1,11,0,3,0
20260708,ESA,cod,9,9,6,10,1,2,8,10,8,11,5,2,1,11,0,13,0
20260809,DFX,pp,58,59,56,60,,,8,9,9,11,14,7,2,11,0,13,0
20260722,SOL,pp,10,12,16,16,,,8,9,8,11,2,0,2,11,0,19,0
20260905,NEX,cod,13,13,13,13,0,1,8,10,8,11,11,10,0,11,0,24,0
20260713,VSL,pp,17,17,17,18,,,8,10,8,11,8,6,2,11,0,13,0
20260825,BHH,pp,11,11,7,7,1,1,8,8,9,11,8,2,0,11,0,11,0
20260725,LVP,cod,2,2,3,3,,,8,10,9,11,9,8,1,11,0,6,0
20260918,WZI,cod,4,5,1,3,0,2,8,10,9,11,7,7,0,11,0,4,0
20260906,LSR,cod,2,4,4,4,0,1,8,10,8,11,12,7,2,11,0,23,0
20260724,LVP,pp,4,4,8,8,0,1,8,10,8,11,8,6,1,11,0,2,0
20260812,SWE,pp,6,6,6,6,0,2,8,11,8,11,11,7,1,11,0,10,0
20260805,TEL,cod,15,16,11,13,3,5,8,9,9,11,8,4,0,11,0,6,0
20260712,LSR,pp,3,5,2,2,1,1,8,10,9,11,14,9,0,11,0,19,0
20260819,SDH,pp,18,53,14,15,24,24,8,10,9,11,8,7,1,11,0,9,0
20260806,ESC,pp,15,17,14,14,0,2,8,10,8,11,15,8,1,11,0,5,0
20260916,WZI,cod,5,5,5,6,,,8,10,9,11,6,4,0,11,,,
20260914,IBH,pp,12,12,11,11,0,1,8,9,10,11,8,6,0,11,1,13,0
20260707,BHH,pp,12,12,8,8,,,8,11,8,11,12,6,2,11,0,8,0
20260915,CUH,pp,2,2,1,3,,,8,9,9,11,9,8,2,11,0,14,0
20260907,RLL,pp,16,17,13,13,0,1,8,10,9,11,10,9,0,11,0,16,0
20260907,AMA,pp,16,16,16,16,0,1,8,11,8,11,11,11,1,11,0,5,0
20260919,AMA,pp,14,14,1,14,,,8,10,9,12,11,10,1,12,0,7,0
20260902,SWT,pp,4,5,12,12,1,1,8,9,10,12,9,5,0,12,0,9,0
20260802,LSR,cod,7,8,2,2,2,3,8,10,8,12,9,8,1,12,0,7,0
20260801,ESC,cod,8,9,3,8,0,1,8,10,9,12,3,1,2,12,0,9,0
20260806,WZA,pp,7,7,6,6,,,8,9,10,12,10,7,0,12,0,6,0
20260912,BHH,pp,12,12,6,6,3,3,8,10,9,12,13,7,0,12,0,8,0
20260806,EML,cod,10,10,3,4,0,3,8,11,9,12,16,11,0,12,0,4,0
20260811,NEX,cod,10,10,19,20,,,8,9,11,12,12,8,0,12,0,7,0
20260912,KOL,cod,14,14,8,12,1,2,8,9,9,12,14,4,1,12,1,20,1
20260914,NEX,cod,20,20,14,17,,,8,10,9,12,9,6,0,12,1,13,0
20260824,SWE,pp,5,5,6,7,0,1,8,9,8,12,7,7,0,12,0,1,0
20260808,BBO,cod,14,14,10,10,,,8,9,11,12,11,9,1,12,0,7,0
20260814,WZI,cod,3,3,3,3,,,8,8,11,12,8,4,1,12,0,9,0
20260707,SWL,pp,21,23,17,19,1,1,8,11,8,12,12,9,2,12,0,16,0
20260818,NEX,cod,9,9,7,7,1,2,8,9,9,12,4,2,2,12,0,17,0
20260804,RLL,pp,21,24,14,14,1,2,8,9,9,12,8,5,0,12,0,10,0
20260811,ZEL,cod,9,10,17,18,4,4,8,10,8,12,7,6,1,12,15,25,15
20260711,ESA,cod,15,16,10,11,1,2,8,11,9,13,12,9,1,13,0,11,0
20260907,BBO,cod,14,14,12,14,0,2,8,11,8,13,7,7,3,13,0,18,0
20260714,ESA,cod,10,10,18,19,0,4,8,12,9,13,8,6,0,13,0,7,0
20260821,CUH,pp,11,11,10,11,1,4,8,11,9,13,8,7,1,13,0,9,0
20260806,BBO,cod,12,13,12,12,1,2,8,10,11,13,5,5,0,13,0,5,0
20260708,IBH,pp,2,2,5,5,1,2,8,10,10,13,9,5,1,13,0,12,0
20260821,AMA,pp,25,25,24,25,,,8,10,9,13,15,10,1,13,0,5,0
20260807,BHH,cod,54,54,37,55,1,3,8,9,9,13,7,2,0,13,0,14,0
20260908,ESC,cod,9,11,9,9,2,4,8,12,8,14,8,6,1,14,1,23,0
20260819,ZEL,cod,4,6,4,4,0,2,8,10,9,14,3,0,3,14,0,12,0
20260818,KPI,cod,24,24,20,24,0,2,8,9,10,14,10,4,0,14,1,24,1
20260707,LSR,pp,12,18,13,14,3,4,8,11,10,14,11,6,2,14,0,11,0
20260718,SWT,pp,16,18,16,17,3,3,8,8,12,14,6,5,0,14,0,11,0
20260823,SDH,pp,10,28,9,10,21,21,8,11,11,14,13,8,1,14,0,7,0
20260703,LUA,cod,22,26,21,32,1,2,8,12,8,14,15,5,4,14,0,14,0
20260808,EMB,cod,14,15,13,14,1,3,8,12,9,14,21,11,2,14,0,25,0
20260806,ZEL,cod,5,5,3,5,0,1,8,11,10,14,8,6,3,14,0,25,0
20260827,PRH,cod,22,25,12,17,1,3,8,10,9,15,10,6,0,15,0,16,0
20260827,LGL,pp,69,71,10,10,1,2,8,11,9,15,3,3,1,15,0,51,0
20260716,SWL,cod,1,1,2,2,0,4,8,15,8,15,20,13,2,15,0,8,0
20260628,KPI,pp,31,31,20,20,1,1,8,12,10,15,20,8,2,15,0,20,0
20260806,PRH,cod,25,26,23,29,2,4,8,14,8,15,18,11,4,15,0,10,0
20260907,ESC,pp,17,18,24,25,0,1,8,11,9,15,7,5,2,15,2,20,0
20260830,LSR,cod,6,6,4,6,,,8,11,10,15,13,7,2,15,1,15,0
20260909,ZAA,cod,82,85,11,11,2,3,8,11,10,15,12,8,3,15,0,22,0
20260801,ZEL,cod,55,55,41,61,0,3,8,10,10,15,18,6,0,15,0,8,0
20260915,BBO,cod,13,13,30,37,0,3,8,12,9,15,12,9,1,15,0,12,0
20260820,LSR,cod,11,14,9,10,1,2,8,13,9,15,9,6,4,15,0,5,0
20260720,ROI,pp,18,22,13,20,4,5,8,9,10,16,,,5,16,2,7,2
20260901,ZAA,cod,,,6,8,0,2,8,10,11,16,9,7,4,16,0,20,0
20260718,ESA,cod,19,19,16,17,0,2,8,13,9,16,12,7,0,16,0,20,0
20260629,BHH,cod,21,24,11,12,2,3,8,14,9,16,11,3,2,16,0,14,0
20260827,TEL,cod,16,22,13,19,6,10,8,15,8,17,17,10,4,17,2,15,2
20260825,RLL,pp,6,6,15,16,1,3,8,9,14,17,11,4,1,17,0,10,0
20260913,LOS,pp,1,1,8,8,0,2,8,12,12,17,19,9,1,17,3,18,0
20260710,LUA,cod,21,22,18,20,1,5,8,14,8,17,19,8,5,17,0,15,0
20260725,ZEL,cod,5,5,10,10,0,2,8,13,8,17,26,9,3,17,0,18,0
20260711,BHH,cod,28,29,19,27,2,4,8,16,9,18,21,9,2,18,1,20,0
20260917,TEL,cod,15,17,6,12,2,6,8,16,8,18,14,11,3,18,0,4,0
20260730,TEL,cod,16,16,8,9,0,6,8,16,8,18,14,13,4,18,1,10,1
20260731,TEL,cod,13,14,17,18,1,4,8,15,11,18,13,12,2,18,0,12,0
20260901,KOL,cod,23,24,5,11,2,7,8,14,8,19,14,4,4,19,1,12,1
20260801,PRH,cod,10,10,8,11,0,3,8,15,10,19,17,10,3,19,0,7,0
20260815,TEL,cod,1,2,4,5,1,5,8,15,10,20,19,12,4,20,0,16,0
20260814,TEL,cod,18,24,12,14,8,13,8,20,8,20,17,13,5,20,0,14,0
20260710,EML,cod,3,4,2,3,2,6,8,11,10,21,6,4,6,21,1,12,1
20260817,KPI,cod,21,21,24,30,1,11,8,13,11,22,12,8,1,22,1,15,0
20260817,ESC,cod,19,20,18,22,4,9,8,13,9,22,18,10,2,22,0,13,0
20260706,SDH,cod,53,160,25,55,114,130,8,15,8,22,19,4,1,22,2,23,2
20260705,LUA,cod,3,4,5,5,1,4,8,16,9,25,17,9,5,25,1,16,0
20260802,SDH,cod,25,93,8,11,50,58,8,15,9,26,25,9,2,26,2,23,0
20260901,SDD,cod,24,29,25,30,3,7,8,13,12,27,19,8,6,27,1,24,1
20260728,NEX,pp,11,13,16,23,1,2,8,8,12,33,6,5,20,33,2,16,0
20260721,ESC,cod,39,42,26,40,1,18,8,22,10,39,22,13,6,39,0,33,0
20260916,WZI,pp,2,2,1,2,,,9,9,9,9,10,7,0,9,1,3,0
20260703,NKD,pp,12,12,24,24,,,9,9,9,9,10,7,0,9,0,21,0
20260727,WZA,pp,4,4,3,4,,,9,9,9,9,6,4,0,9,0,7,0
20260719,ZEL,cod,3,3,7,8,,,9,9,9,9,10,3,0,9,0,6,0
20260731,KIC,pp,10,10,15,15,,,9,9,9,9,12,7,0,9,0,10,0
20260824,LSR,cod,9,12,10,11,4,4,9,9,9,9,10,5,0,9,0,11,0
20260916,BNH,cod,,,0,67,,,9,9,9,9,13,9,0,9,0,30,0
20260915,WZA,pp,13,13,10,10,,,9,9,9,9,13,7,0,9,0,9,0
20260813,ZAO,pp,3,3,2,2,,,9,9,9,9,10,9,0,9,0,9,0
20260905,XIH,pp,4,5,4,4,,,9,9,9,9,7,6,0,9,0,3,0
20260814,SOL,pp,14,14,11,13,,,9,9,9,9,14,3,0,9,3,14,0
20260714,BBO,pp,9,9,9,9,0,1,9,9,9,9,15,6,0,9,0,9,0
20260828,BBO,pp,8,9,8,8,1,1,9,9,9,9,8,7,0,9,0,9,0
20260812,XIH,pp,8,8,4,4,,,9,9,9,9,10,8,0,9,0,6,0
20260816,LSR,pp,3,6,1,1,7,7,9,9,9,9,11,6,0,9,1,11,0
20260903,PRH,cod,13,13,11,11,,,9,9,9,9,10,4,0,9,0,14,0
20260717,SWE,pp,11,12,11,11,,,9,9,9,9,13,3,0,9,0,10,0
20260628,RLL,pp,3,3,3,4,,,9,9,9,9,17,8,0,9,0,9,0
20260720,WZI,cod,15,15,13,13,,,9,9,9,9,4,2,0,9,0,8,0
20260721,AMA,pp,10,10,10,10,,,9,9,9,9,9,8,0,9,0,7,0
20260723,SWT,pp,11,13,14,15,2,2,9,9,9,9,9,6,0,9,0,2,0
20260917,COM,pp,4,4,2,5,,,9,9,9,9,8,4,0,9,,,
20260803,KIC,pp,12,12,13,14,,,9,9,9,9,9,6,0,9,0,13,0
20260824,SWT,cod,3,4,3,4,,,9,9,9,9,6,2,0,9,0,7,0
20260627,SOL,pp,5,5,5,5,,,9,9,9,9,5,4,0,9,0,4,0
20260822,CUH,pp,12,12,12,12,0,1,9,9,9,9,7,6,0,9,0,10,0
20260715,KIC,pp,12,12,8,8,,,9,9,9,9,7,5,0,9,2,9,1
20260806,SOL,pp,15,17,16,16,,,9,9,9,9,11,7,0,9,0,9,0
20260719,KIC,pp,5,5,5,5,1,1,9,9,9,9,15,8,0,9,1,9,0
20260918,NKD,pp,23,25,27,30,,,9,9,9,9,18,9,0,9,0,1,0
20260727,BAO,pp,31,38,23,23,1,1,9,9,9,9,6,4,0,9,0,9,0
20260809,SOL,pp,2,2,1,1,,,9,9,9,9,13,5,0,9,0,7,0
20260719,IBH,pp,,,1,1,1,1,9,9,9,9,7,6,0,9,0,7,0
20260729,NKD,pp,32,33,39,39,,,9,9,9,9,34,4,0,9,0,22,0
20260911,COM,pp,2,2,3,3,,,9,9,9,9,6,3,0,9,2,10,1
20260908,SWE,cod,7,7,4,7,,,9,9,9,9,11,7,0,9,0,4,0
20260723,ESL,pp,5,5,11,12,,,9,9,9,9,9,8,0,9,0,6,0
20260729,BHH,pp,1,2,10,10,,,9,9,9,9,13,4,0,9,0,15,0
20260919,EML,pp,3,4,0,5,1,1,9,9,9,9,7,6,0,9,1,4,1
20260708,SOL,pp,9,11,11,11,,,9,9,9,9,7,3,0,9,0,11,0
20260722,GUD,pp,,,1,1,,,9,9,9,9,11,8,0,9,0,3,0
20260820,BBO,cod,6,6,6,6,0,1,9,10,9,10,10,7,0,10,0,7,0
20260825,AMA,pp,7,7,6,6,0,1,9,10,9,10,10,10,1,10,0,9,0
20260822,SDH,pp,9,29,11,11,28,28,9,10,9,10,14,8,0,10,0,4,0
20260730,ESL,pp,6,6,4,4,,,9,10,9,10,9,8,0,10,0,7,0
20260819,PWL,pp,5,5,3,4,0,1,9,10,9,10,6,5,0,10,0,5,0
20260902,BBO,pp,13,13,13,13,,,9,10,9,10,11,10,1,10,0,19,0
20260826,WZI,pp,7,7,7,7,2,2,9,10,9,10,7,6,0,10,0,8,0
20260812,BBO,cod,10,10,10,10,,,9,9,9,10,10,7,1,10,0,16,0
20260706,WZI,cod,8,8,7,7,0,1,9,10,9,10,5,5,0,10,0,9,0
20260908,ESL,pp,10,10,2,2,,,9,9,10,10,9,8,0,10,0,10,0
20260718,RHY,pp,10,10,13,13,1,2,9,10,9,10,11,9,0,10,0,1,0
20260911,BHH,pp,5,8,9,9,,,9,10,9,10,6,4,1,10,1,24,0
20260709,SWT,pp,12,12,21,23,,,9,10,9,10,11,7,0,10,0,7,0
20260712,SOL,pp,4,4,1,1,,,9,9,10,10,7,1,0,10,0,7,0
20260728,BAO,pp,17,17,23,25,,,9,10,9,10,9,4,0,10,0,11,0
20260812,ESC,cod,14,15,7,14,3,4,9,9,10,10,10,7,0,10,0,3,0
20260822,ZAA,pp,1,1,16,16,,,9,10,9,10,7,6,1,10,0,4,0
20260921,ZAO,pp,5,5,0,5,,,9,10,9,10,5,2,0,10,0,3,0
20260921,BHH,pp,7,13,0,13,,,9,9,10,10,8,2,0,10,0,1,0
20260817,ESL,pp,18,18,5,5,1,1,9,9,10,10,5,4,0,10,0,7,0
20260805,LOS,pp,24,25,18,20,2,2,9,9,9,10,11,5,0,10,1,16,0
20260803,NEX,cod,14,14,13,13,1,1,9,9,10,10,11,7,0,10,1,25,1
20260727,VSL,pp,2,4,3,3,0,1,9,10,9,10,7,5,0,10,0,7,0
20260728,SWT,pp,25,29,28,28,2,2,9,10,9,10,8,7,1,10,0,16,0
20260811,SWE,pp,8,8,8,8,,,9,10,9,10,12,7,0,10,1,7,1
20260721,KIC,pp,26,27,28,28,,,9,9,10,10,9,6,0,10,0,6,0
20260726,AMA,pp,4,4,26,26,,,9,10,9,10,13,9,1,10,0,6,0
20260711,LVP,pp,2,2,2,2,,,9,9,10,10,10,8,0,10,0,12,0
20260721,ESA,cod,5,5,9,9,0,2,9,10,9,10,11,8,0,10,0,7,0
20260817,LSR,pp,37,47,23,23,7,7,9,10,9,10,11,5,1,10,1,14,1
20260919,RSL,pp,5,6,1,4,,,9,10,9,10,7,7,0,10,0,11,0
20260915,AMA,pp,7,7,7,7,,,9,9,9,10,11,9,0,10,0,18,0
20260716,TEL,cod,7,11,4,6,3,3,9,10,9,10,7,6,0,10,1,5,0
20260706,BHH,pp,9,9,16,17,1,1,9,9,10,10,6,2,0,10,0,8,0
20260914,WZI,pp,5,7,3,3,2,2,9,9,10,10,8,7,0,10,0,8,0
20260822,RSL,pp,17,20,16,16,2,2,9,10,9,10,12,8,0,10,0,13,0
20260903,ESC,pp,17,18,17,17,,,9,10,9,10,17,5,0,10,0,19,0
20260711,LSR,pp,8,8,7,7,4,4,9,9,10,10,8,5,0,10,0,7,0
20260708,EML,pp,3,4,4,4,,,9,9,9,10,10,9,0,10,0,10,0
20260721,TEL,cod,7,11,5,6,4,5,9,10,9,10,13,6,1,10,0,12,0
20260721,SDH,pp,1,19,0,1,12,12,9,10,9,10,7,5,1,10,0,10,0
20260919,BHH,pp,9,11,2,9,2,3,9,9,9,10,10,4,0,10,1,6,0
20260901,BHH,pp,4,5,14,15,0,1,9,10,9,11,7,4,0,11,0,9,0
20260902,RSL,pp,12,14,13,13,1,1,9,10,9,11,12,9,1,11,0,13,0
20260827,SWT,cod,6,8,4,4,2,2,9,9,9,11,8,4,2,11,0,5,0
20260716,SOL,pp,11,12,9,9,,,9,9,11,11,7,3,0,11,2,6,2
20260907,LGL,pp,17,17,23,24,6,6,9,10,10,11,12,10,0,11,0,14,0
20260728,ZEL,pp,59,84,63,63,25,25,9,11,9,11,12,4,1,11,0,21,0
20260725,BBO,pp,14,14,13,14,,,9,9,11,11,9,5,0,11,0,16,0
20260706,LSR,pp,13,17,9,9,6,7,9,10,9,11,10,6,1,11,0,17,0
20260701,RLL,pp,11,12,15,15,4,4,9,10,10,11,9,6,0,11,0,15,0
20260911,AMA,pp,,,18,18,0,1,9,9,10,11,8,6,1,11,0,16,0
20260730,ZEL,cod,19,20,4,5,1,2,9,11,9,11,9,8,0,11,0,7,0
20260711,NEX,cod,16,17,15,15,2,2,9,9,9,11,4,2,0,11,0,2,0
20260715,LSR,pp,27,32,18,18,6,7,9,11,9,11,11,5,0,11,0,6,0
20260915,IBH,pp,5,5,3,4,3,3,9,9,11,11,6,5,0,11,,,
20260907,WZI,cod,14,20,15,15,2,2,9,9,11,11,9,7,0,11,0,18,0
20260726,BHH,pp,20,20,16,17,,,9,11,9,11,19,6,0,11,0,19,0
20260816,SWT,pp,14,14,5,5,,,9,11,9,11,13,6,0,11,0,4,0
20260728,ESA,cod,32,34,18,19,,,9,10,9,11,5,1,2,11,0,16,0
20260714,LSR,pp,16,20,16,17,3,4,9,10,10,11,15,8,0,11,0,8,0
20260816,ESC,pp,56,59,52,54,1,1,9,10,10,11,22,9,0,11,0,6,0
20260819,SWT,pp,42,44,14,15,2,2,9,11,9,11,11,5,1,11,0,18,0
20260905,WZI,pp,2,3,3,3,2,2,9,10,10,11,7,6,0,11,0,6,0
20260720,LSR,pp,32,35,27,29,4,4,9,11,9,11,17,5,2,11,0,10,0
20260716,SDH,pp,6,19,2,3,7,7,9,9,11,11,10,8,0,11,0,5,0
20260706,NEX,cod,32,78,15,16,0,1,9,11,9,11,9,4,1,11,0,14,0
20260627,TEL,cod,6,6,12,12,,,9,9,9,11,9,8,2,11,0,6,0
20260705,LOS,pp,5,5,577,693,2,2,9,10,10,11,15,7,0,11,0,8,0
20260816,RLL,pp,1,1,0,1,,,9,10,10,11,11,9,1,11,0,9,0
20260630,RLL,pp,13,13,10,10,,,9,10,10,11,13,9,1,11,0,13,0
20260706,ZEL,pp,28,31,30,30,8,8,9,10,11,12,10,7,0,12,1,21,0
20260831,BBO,cod,12,12,10,12,0,2,9,10,11,12,10,6,0,12,0,9,0
20260909,ZEL,pp,25,29,37,40,4,4,9,11,10,12,9,6,1,12,1,19,0
20260901,KIC,pp,30,31,18,19,1,3,9,11,9,12,17,4,1,12,2,22,2
20260706,ESA,cod,6,6,15,16,1,2,9,12,9,12,17,9,1,12,1,17,1
20260803,BHH,pp,,,1,1,1,1,9,9,10,12,5,2,1,12,0,16,0
20260819,RSL,pp,12,12,13,13,0,1,9,11,10,12,13,7,1,12,0,12,0
20260917,ESC,pp,8,8,4,8,0,1,9,10,10,12,12,6,0,12,1,14,0
20260911,BGH,pp,17,19,20,20,2,2,9,11,10,12,12,5,1,12,0,9,0
20260813,ZEL,pp,58,58,58,58,,,9,11,10,12,12,6,1,12,0,24,0
20260703,ESA,cod,11,13,9,10,1,1,9,11,10,12,10,9,2,12,1,10,0
20260918,LSR,cod,4,4,1,5,0,2,9,10,9,12,10,8,2,12,0,5,0
20260916,CUH,pp,21,22,16,21,,,9,9,11,12,9,9,1,12,0,9,0
20260910,PRH,cod,4,4,2,5,0,4,9,11,9,12,11,9,1,12,0,2,0
20260908,RLL,pp,12,14,8,9,,,9,10,10,12,8,8,1,12,0,15,0
20260731,ZAA,cod,1,1,95,113,1,2,9,10,10,12,19,6,1,12,0,9,0
20260630,KIC,pp,19,19,15,16,,,9,10,10,12,10,7,0,12,0,12,0
20260912,NEX,pp,31,35,16,17,,,9,9,12,12,11,6,0,12,1,74,1
20260807,SWT,pp,18,20,18,19,1,2,9,9,12,12,9,6,0,12,0,10,0
20260730,LSR,pp,13,23,12,13,5,7,9,11,10,12,7,6,0,12,0,5,0
20260817,BHH,pp,8,8,8,10,2,3,9,11,9,12,14,7,2,12,0,11,0
20260807,RLL,pp,8,8,11,12,,,9,9,11,12,8,4,0,12,0,11,0
20260727,IBH,pp,10,12,5,5,2,4,9,11,9,12,10,8,1,12,0,11,0
20260811,AMA,pp,19,19,18,19,1,1,9,9,12,12,9,6,0,12,0,10,0
20260810,ZEL,pp,12,14,14,14,1,1,9,10,10,12,16,7,1,12,0,10,0
20260726,CUH,pp,41,42,41,41,2,3,9,12,9,12,14,12,0,12,0,9,0
20260825,SWT,cod,7,9,7,7,2,3,9,12,9,13,11,9,0,13,0,10,0
20260729,BBO,pp,14,14,15,16,0,2,9,12,10,13,12,10,0,13,0,21,0
20260805,AMA,pp,16,17,16,16,1,1,9,12,10,13,11,10,1,13,0,18,0
20260911,ALW,pp,36,39,42,50,1,1,9,11,11,13,12,4,2,13,5,14,4
20260713,REH,pp,123,125,118,119,4,5,9,9,13,13,6,3,0,13,0,14,0
20260710,NEX,cod,22,33,14,15,43,43,9,10,11,13,7,7,0,13,0,12,0
20260804,BBO,cod,7,7,5,7,0,1,9,11,10,13,11,6,1,13,0,16,0
20260707,PRH,cod,6,12,0,2,2,3,9,11,10,13,7,4,1,13,0,12,0
20260629,WZI,pp,1,1,1,1,,,9,9,13,13,9,6,0,13,0,5,0
20260823,NKD,pp,11,11,9,9,,,9,11,11,13,20,11,0,13,0,22,0
20260902,PRH,cod,15,15,16,19,1,3,9,11,11,13,13,7,0,13,0,14,0
20260727,LSR,pp,16,19,16,18,5,5,9,11,10,13,7,6,2,13,1,29,0
20260726,LSR,pp,7,8,2,2,3,3,9,11,10,13,10,6,0,13,0,9,0
20260719,DLH,pp,108,134,38,38,11,11,9,11,10,13,33,10,1,13,0,16,0
20260722,IBH,pp,9,10,10,10,2,2,9,12,9,13,9,8,2,13,1,10,0
20260708,SWL,pp,10,11,8,8,1,3,9,9,11,13,11,5,0,13,0,6,0
20260810,BBO,cod,16,18,19,20,2,4,9,13,9,13,15,11,1,13,0,12,0
20260826,IBH,pp,5,16,10,11,,,9,12,11,14,11,8,1,14,0,11,0
20260817,BBO,pp,70,71,66,70,1,3,9,12,9,14,17,10,1,14,0,24,0
20260820,RSL,pp,14,15,5,5,1,1,9,13,10,14,9,7,4,14,0,12,0
20260826,KOL,cod,13,14,10,15,5,9,9,12,10,14,14,4,0,14,1,7,0
20260810,NEX,cod,15,15,9,10,,,9,11,12,14,8,6,2,14,0,25,0
20260714,PRH,cod,5,5,6,7,0,2,9,14,9,14,9,7,0,14,0,12,0
20260726,KPI,cod,12,12,5,8,2,3,9,12,10,14,12,6,2,14,4,20,1
20260824,BHH,pp,13,13,21,23,0,1,9,13,10,14,9,5,2,14,0,13,0
20260804,SWL,pp,36,41,17,17,4,7,9,12,11,14,21,8,0,14,1,20,1
20260919,KOL,cod,4,6,0,8,0,1,9,11,11,14,6,4,0,14,0,8,0
20260808,BGH,pp,23,29,18,19,4,4,9,12,10,14,17,8,4,14,0,17,0
20260801,BBO,cod,3,3,2,3,0,2,9,13,10,14,15,11,1,14,0,7,0
20260804,ESC,cod,4,4,4,5,0,3,9,13,9,15,9,6,1,15,0,12,0
20260916,BHH,pp,18,22,10,13,4,4,9,11,13,15,10,6,1,15,0,6,0
20260820,SOL,pp,20,22,18,18,2,2,9,11,11,15,13,8,0,15,0,12,0
20260910,ESC,cod,9,9,8,10,0,1,9,12,9,15,12,11,1,15,0,4,0
20260920,TEL,cod,7,7,0,8,0,3,9,10,10,15,14,10,0,15,1,22,0
20260909,LGL,pp,83,85,65,72,2,4,9,14,10,15,67,11,1,15,1,23,1
20260921,PRH,cod,12,14,0,17,1,5,9,11,10,15,10,5,0,15,0,7,0
20260816,EMB,cod,23,24,22,25,1,3,9,12,9,15,16,11,1,15,0,11,0
20260918,BBO,cod,9,9,2,9,0,1,9,15,10,16,22,15,1,16,,,
20260728,BHH,pp,18,18,20,22,0,1,9,11,13,16,12,3,0,16,0,21,0
20260802,PRH,cod,6,7,6,7,1,4,9,13,10,16,16,8,1,16,2,14,2
20260911,ESA,cod,13,13,33,38,8,10,9,13,10,16,19,9,3,16,0,6,0
20260918,KOL,cod,8,8,0,11,1,4,9,13,10,16,16,9,2,16,0,10,0
20260710,TEL,pp,24,34,37,38,6,7,9,12,13,16,10,7,1,16,0,20,0
20260712,KPI,cod,16,16,9,10,0,3,9,13,10,16,23,12,0,16,3,14,1
20260728,TEL,cod,11,12,7,9,1,2,9,11,10,16,9,6,3,16,0,6,0
20260911,LUA,cod,135,139,34,41,1,4,9,13,11,17,14,6,3,17,0,25,0
20260723,PRH,cod,14,16,5,6,1,3,9,16,9,17,10,4,3,17,0,7,0
20260826,TEL,cod,28,31,18,27,7,11,9,12,11,17,9,5,2,17,2,19,1
20260803,BBO,cod,26,26,23,26,0,3,9,15,10,17,12,10,2,17,0,11,0
20260705,KPI,cod,22,22,17,19,0,2,9,13,10,18,13,6,1,18,1,15,0
20260807,ESC,cod,5,9,4,6,3,7,9,13,10,18,13,9,2,18,0,10,0
20260917,LGL,pp,2,2,12,13,,,9,13,13,18,18,13,1,18,0,29,0
20260719,ESA,cod,1,1,2,2,0,1,9,12,12,18,11,6,1,18,2,15,1
20260819,ESA,cod,19,27,40,44,9,11,9,15,10,18,13,5,4,18,2,16,2
20260902,ESC,cod,18,19,13,18,2,4,9,14,9,18,17,8,1,18,0,24,0
20260708,PRH,cod,9,10,12,16,1,8,9,15,9,18,13,9,2,18,0,15,0
20260910,KOL,cod,6,6,2,4,1,4,9,17,9,19,14,8,1,19,0,4,0
20260803,BGH,pp,30,38,10,10,3,3,9,10,17,19,21,7,2,19,0,16,0
20260706,NEX,pp,53,65,7,8,1,2,9,13,13,19,30,7,0,19,0,86,0
20260729,LUA,cod,13,13,14,16,2,6,9,14,9,20,14,8,3,20,0,20,0
20260809,PRH,cod,36,48,20,23,0,4,9,12,10,20,14,6,6,20,2,23,1
20260803,PRH,cod,20,20,9,14,0,6,9,17,11,21,19,10,2,21,1,17,0
20260628,LUA,cod,3,3,2,3,0,2,9,13,9,21,20,9,4,21,0,15,0
20260802,KPI,cod,33,33,18,28,0,3,9,14,11,22,19,4,1,22,1,25,0
20260728,ZAA,cod,,,34,43,0,2,9,13,14,22,4,3,4,22,1,22,1
20260625,SWL,cod,,,0,1,0,3,9,22,9,22,9,7,4,22,0,14,0
20260728,LUA,cod,31,38,36,48,2,10,9,18,12,22,14,10,1,22,1,29,0
20260822,KOL,cod,10,10,10,21,2,5,9,17,9,23,9,3,4,23,2,29,0
20260816,ESC,cod,20,21,12,18,0,4,9,14,12,23,16,10,0,23,2,16,0
20260827,KOL,cod,,,12,15,1,7,9,19,10,23,16,8,2,23,0,17,0
20260815,ESA,cod,12,12,10,12,0,3,9,16,11,25,17,7,5,25,0,14,0
20260805,EMB,cod,19,19,16,21,1,10,9,17,9,25,15,12,7,25,0,32,0
20260713,KPI,cod,16,16,16,22,2,11,9,20,13,26,15,9,6,26,1,26,0
20260918,BHH,cod,12,13,2,14,0,6,9,16,14,27,24,7,2,27,3,44,0
20260731,EMB,cod,32,32,25,32,0,5,9,18,12,28,18,12,6,28,1,15,1
20260723,ESC,cod,14,19,8,12,7,18,9,18,14,32,19,10,5,32,0,30,0
20260722,ESC,cod,34,34,13,33,0,11,9,24,10,33,20,17,8,33,2,20,1
20260729,NEX,pp,9,13,13,13,33,33,9,9,29,50,6,5,0,50,0,14,0
20260913,ESC,pp,18,22,14,14,,,10,10,10,10,12,8,0,10,1,21,1
20260822,COM,pp,11,11,19,19,,,10,10,10,10,33,7,0,10,0,4,0
20260726,SOL,pp,2,2,2,2,,,10,10,10,10,17,7,0,10,0,10,0
20260921,SWE,pp,6,13,0,6,4,4,10,10,10,10,6,3,0,10,1,7,1
20260713,SOL,pp,21,21,10,10,2,2,10,10,10,10,6,3,0,10,0,6,0
20260905,ALW,cod,44,44,43,47,5,5,10,10,10,10,12,8,0,10,,,
20260626,WZI,cod,6,6,6,6,,,10,10,10,10,4,2,0,10,0,1,0
20260627,SWE,cod,6,6,4,6,,,10,10,10,10,10,7,0,10,0,5,0
20260704,IBH,pp,4,4,5,5,,,10,10,10,10,13,10,0,10,0,5,0
20260716,VSL,pp,10,10,7,7,,,10,10,10,10,9,6,0,10,0,15,0
20260909,ZAA,pp,20,20,4,4,,,10,10,10,10,6,6,0,10,1,4,1
20260706,SOL,pp,14,14,8,8,2,2,10,10,10,10,5,1,0,10,0,9,0
20260807,VSL,pp,16,17,16,16,1,1,10,10,10,10,10,4,0,10,0,6,0
20260723,BHH,pp,23,24,12,12,2,2,10,10,10,10,14,4,0,10,1,28,0
20260712,LVP,pp,149,150,13,13,,,10,10,10,10,9,8,0,10,1,11,0
20260831,WZI,pp,5,9,5,5,3,3,10,10,10,10,5,4,0,10,0,4,0
20260702,SWL,pp,9,11,8,9,6,6,10,10,10,10,6,6,0,10,0,4,0
20260625,DLH,pp,6,6,6,6,,,10,10,10,10,12,8,0,10,0,1,0
20260730,CFP,pp,2,2,2,2,,,10,10,10,10,10,4,0,10,0,1,0
20260918,RSL,pp,7,7,4,8,2,2,10,10,10,10,11,7,0,10,0,7,0
20260902,CUH,pp,10,10,10,10,,,10,10,10,10,13,10,0,10,0,8,0
20260627,ESA,cod,8,10,2,2,2,2,10,10,10,10,8,4,0,10,0,8,0
20260821,ZEB,pp,2,2,2,2,,,10,10,10,10,1,1,0,10,,,
20260629,SOL,pp,7,7,10,10,,,10,10,10,10,8,4,0,10,0,3,0
20260712,ZEL,pp,9,9,9,9,1,1,10,10,10,10,11,5,0,10,0,18,0
20260725,SOL,pp,17,18,16,16,,,10,10,10,10,10,2,0,10,0,7,0
20260905,SWT,pp,3,3,2,2,1,1,10,11,10,11,15,8,1,11,2,15,2
20260825,ESL,pp,6,6,2,3,,,10,11,10,11,12,10,0,11,0,11,0
20260804,IBH,pp,7,7,8,8,2,2,10,11,10,11,9,5,1,11,0,5,0
20260916,ZAO,pp,9,9,1,10,,,10,10,10,11,12,7,0,11,0,3,0
20260721,RHY,pp,6,6,8,9,,,10,10,11,11,7,7,0,11,0,8,0
20260817,SWE,pp,2,2,1,1,3,3,10,10,11,11,3,1,0,11,0,8,0
20260819,VSL,pp,2,2,4,4,,,10,10,11,11,9,5,0,11,0,12,0
20260712,SWE,pp,3,3,3,3,,,10,11,10,11,17,8,1,11,0,8,0
20260901,SWT,pp,19,19,19,20,0,1,10,11,10,11,17,7,1,11,0,9,0
20260724,RLL,pp,22,24,19,20,1,2,10,11,10,11,11,7,0,11,0,21,0
20260914,WZI,cod,5,6,4,4,1,1,10,10,11,11,11,9,0,11,0,10,0
20260903,BGH,pp,11,18,8,8,5,5,10,11,10,11,9,3,1,11,0,17,0
20260716,ZEL,pp,19,22,16,18,3,4,10,11,10,11,16,3,0,11,0,10,0
20260722,BHH,pp,10,11,12,12,1,2,10,11,10,11,11,5,0,11,0,13,0
20260719,SDH,pp,3,11,1,1,11,12,10,11,10,11,15,10,0,11,0,6,0
20260627,SWE,pp,4,4,7,8,,,10,11,10,11,14,9,0,11,0,7,0
20260917,RSL,pp,12,16,18,18,7,7,10,10,11,11,9,5,0,11,0,2,0
20260818,ZAA,pp,,,1,1,,,10,11,10,11,12,9,0,11,1,11,1
20260630,TUN,pp,12,12,11,11,,,10,11,10,11,12,7,0,11,0,6,0
20260704,SWT,pp,10,11,10,10,1,1,10,11,10,11,10,8,0,11,0,18,0
20260813,VSL,pp,10,10,18,18,1,1,10,11,10,11,15,9,1,11,0,13,0
20260710,KIC,pp,9,10,3,4,,,10,10,11,11,5,4,0,11,0,5,0
20260808,VSL,pp,9,9,5,5,,,10,11,10,11,7,5,1,11,0,1,0
20260813,BHH,pp,14,15,14,14,,,10,10,11,11,16,6,0,11,0,8,0
20260723,WZI,cod,4,5,3,3,1,1,10,10,11,11,7,6,0,11,0,5,0
20260718,BAO,pp,5,5,5,5,,,10,11,10,11,8,7,0,11,0,5,0
20260629,WZI,cod,2,2,5,5,,,10,10,11,11,7,5,0,11,1,13,0
20260906,SOL,pp,1,1,1,1,,,10,11,10,11,13,3,1,11,1,39,0
20260727,ESA,cod,25,30,16,17,6,6,10,11,10,11,13,6,1,11,0,8,0
20260908,ESC,pp,17,21,17,17,3,4,10,10,11,11,8,4,0,11,0,16,0
20260810,RLL,pp,18,19,13,13,2,3,10,11,10,11,11,7,0,11,1,7,0
20260910,BHH,pp,13,13,13,13,1,1,10,10,11,11,9,5,0,11,1,15,0
20260827,WZI,pp,8,8,8,8,,,10,10,11,11,13,10,0,11,0,14,0
20260903,IBH,pp,8,10,6,7,7,7,10,10,11,11,9,6,0,11,0,4,0
20260810,ESC,pp,21,21,38,40,1,3,10,10,10,11,7,5,0,11,0,8,0
20260812,SWT,pp,13,14,11,12,,,10,10,11,11,4,3,0,11,0,12,0
20260729,ZEL,cod,24,25,17,25,0,2,10,11,10,11,13,7,0,11,0,44,0
20260921,RSL,pp,10,30,0,19,1,1,10,10,11,11,8,5,0,11,0,7,0
20260805,VSL,pp,6,6,7,7,1,2,10,11,10,11,13,10,0,11,0,9,0
20260709,LSR,pp,12,15,8,10,2,2,10,11,11,12,11,5,1,12,1,12,0
20260627,NKD,pp,23,23,13,13,,,10,12,10,12,15,9,2,12,0,8,0
20260713,SWE,pp,15,15,11,11,,,10,11,11,12,8,4,0,12,0,12,0
20260701,KIC,pp,9,9,12,13,,,10,10,12,12,7,5,0,12,0,6,0
20260906,KIC,pp,9,11,2,2,1,1,10,11,11,12,16,7,0,12,2,28,1
20260720,TEL,cod,10,13,10,11,3,4,10,10,12,12,9,6,0,12,1,12,1
20260722,LVP,pp,13,13,4,4,0,1,10,10,10,12,10,8,0,12,0,6,0
20260702,SOL,pp,5,5,11,11,,,10,11,11,12,6,3,0,12,0,6,0
20260720,SWT,pp,20,21,14,15,2,2,10,12,10,12,10,8,2,12,2,11,2
20260904,NEX,cod,16,16,17,17,,,10,12,10,12,6,6,1,12,0,27,0
20260708,BGH,pp,23,29,15,18,13,14,10,11,11,12,17,9,1,12,0,11,0
20260718,BGH,pp,18,20,19,19,7,7,10,11,11,12,12,8,0,12,0,11,0
20260808,LGL,pp,11,11,4,4,5,5,10,11,10,12,26,11,2,12,0,44,0
20260706,EML,pp,3,3,8,8,,,10,11,11,12,9,7,1,12,0,10,0
20260816,BAO,pp,1,1,1,2,3,3,10,11,11,12,15,7,1,12,2,20,2
20260729,ESA,cod,29,31,48,52,2,2,10,10,12,12,7,6,0,12,0,9,0
20260712,ESA,cod,5,6,7,8,,,10,10,11,12,12,6,0,12,0,8,0
20260903,SOL,pp,14,14,15,15,2,3,10,12,10,12,17,7,1,12,0,12,0
20260822,TEL,cod,18,23,12,18,4,5,10,10,11,13,7,5,0,13,0,6,0
20260708,KIC,pp,7,8,6,7,,,10,12,11,13,10,7,0,13,1,17,1
20260713,PRH,cod,13,14,11,13,1,4,10,11,10,13,12,8,0,13,1,13,0
20260804,TEL,cod,8,9,9,9,0,1,10,12,11,13,11,9,1,13,0,16,0
20260713,RLL,pp,21,23,7,7,,,10,11,11,13,11,6,0,13,0,5,0
20260901,SOL,pp,18,18,19,19,0,1,10,11,12,13,17,6,0,13,0,30,0
20260731,ESA,cod,7,9,11,11,1,1,10,10,13,13,15,6,0,13,0,6,0
20260727,WZI,cod,7,7,10,10,,,10,10,11,13,4,3,2,13,0,9,0
20260705,TEL,pp,7,8,6,6,2,2,10,13,10,13,17,9,1,13,0,17,0
20260821,SWT,pp,38,39,15,18,1,1,10,10,12,13,17,8,1,13,1,8,1
20260625,PRH,cod,8,8,3,4,1,3,10,13,10,13,19,8,1,13,0,2,0
20260909,BHH,pp,13,13,7,8,4,4,10,12,11,13,12,7,1,13,0,17,0
20260720,BGH,pp,6,15,11,11,6,6,10,11,12,13,19,9,0,13,0,17,0
20260920,LSR,pp,5,12,1,4,3,3,10,11,12,13,14,7,1,13,0,10,0
20260628,SWE,pp,13,13,6,6,,,10,12,11,13,9,4,2,13,0,14,0
20260711,BGH,pp,15,21,16,16,6,7,10,12,11,13,12,7,1,13,0,17,0
20260822,NKD,pp,12,12,22,22,1,1,10,10,13,13,8,8,0,13,0,17,0
20260813,ZAA,pp,29,29,6,6,,,10,11,11,13,6,4,0,13,0,9,0
20260811,KIC,pp,21,22,20,20,1,3,10,13,10,13,16,10,1,13,0,9,0
20260807,ESC,pp,9,10,6,6,1,1,10,11,10,13,9,6,1,13,0,6,0
20260625,KPI,cod,2,2,1,2,,,10,13,10,13,9,5,1,13,0,3,0
20260723,BBO,cod,5,5,4,5,0,2,10,12,10,13,11,7,0,13,0,6,0
20260814,KIC,pp,16,16,18,18,,,10,12,12,14,13,6,0,14,0,20,0
20260715,RSL,pp,21,39,13,13,13,15,10,12,10,14,9,6,3,14,0,9,0
20260711,RLL,pp,5,6,18,20,1,1,10,12,10,14,8,6,1,14,0,10,0
20260626,BBO,cod,2,6,2,2,2,2,10,12,12,14,10,9,0,14,0,3,0
20260804,RHY,pp,19,20,14,14,,,10,12,12,14,9,6,0,14,0,11,0
20260901,RSL,pp,13,13,22,22,1,1,10,11,13,14,14,10,1,14,0,13,0
20260829,BHH,pp,9,9,3,3,,,10,12,12,14,12,4,1,14,0,7,0
20260722,SWT,pp,13,13,9,11,1,2,10,11,13,14,12,9,0,14,2,16,2
20260821,ESA,cod,56,81,32,32,24,25,10,11,11,14,18,7,1,14,0,13,0
20260908,BBO,cod,19,19,14,19,,,10,10,12,14,12,10,2,14,0,5,0
20260714,IBH,pp,7,7,5,5,0,1,10,13,10,14,12,11,1,14,0,3,0
20260816,ZEL,pp,12,12,8,8,,,10,14,10,14,19,10,3,14,0,13,0
20260728,BBO,cod,8,8,17,21,0,3,10,11,10,14,11,9,0,14,0,5,0
20260904,PRH,cod,7,7,5,9,0,3,10,14,10,14,17,8,0,14,0,11,0
20260914,ESA,cod,4,4,10,10,0,3,10,12,10,15,15,7,0,15,0,10,0
20260718,LVP,pp,10,10,7,9,1,4,10,11,12,15,10,9,0,15,0,7,0
20260715,BAO,cod,38,38,23,28,0,3,10,13,10,15,20,9,0,15,0,10,0
20260822,BAO,pp,10,13,11,11,10,10,10,11,13,15,15,9,1,15,0,24,0
20260906,ESA,cod,10,10,12,13,,,10,15,10,15,13,11,5,15,2,37,0
20260819,COM,pp,11,21,12,12,1,1,10,13,12,15,4,4,0,15,3,6,3
20260628,BGH,pp,5,7,10,10,3,3,10,14,10,15,22,11,3,15,0,8,0
20260910,LSR,cod,15,17,12,13,3,3,10,13,11,15,11,7,2,15,0,5,0
20260709,TEL,pp,47,63,27,34,11,12,10,13,11,15,13,10,2,15,0,17,0
20260626,BHH,cod,9,9,5,5,2,6,10,15,10,15,14,3,0,15,0,9,0
20260802,BGH,pp,3,3,3,3,1,1,10,13,11,15,16,12,0,15,0,7,0
20260801,TEL,cod,11,14,10,12,2,2,10,12,10,15,14,11,3,15,0,15,0
20260806,LSR,pp,23,27,23,23,11,13,10,11,13,15,11,7,0,15,0,12,0
20260801,BGH,pp,17,22,23,24,5,5,10,11,10,16,6,5,1,16,0,17,0
20260916,PRH,cod,11,11,7,10,,,10,14,10,16,13,9,2,16,1,9,0
20260911,SDD,cod,10,10,5,9,0,6,10,15,10,16,15,9,1,16,0,30,0
20260831,RLL,pp,20,20,4,4,0,1,10,12,13,16,13,9,0,16,0,9,0
20260706,LOS,pp,34,37,10,10,2,2,10,14,10,16,22,8,5,16,2,13,2
20260803,NEX,pp,62,63,18,18,1,3,10,12,12,16,12,10,2,16,46,74,45
20260728,KPI,cod,16,16,13,16,0,3,10,11,12,16,11,5,1,16,0,14,0
20260724,SWL,cod,1,2,2,2,1,2,10,11,11,16,11,5,3,16,0,11,0
20260827,LSR,pp,23,27,18,18,3,3,10,12,14,16,18,11,1,16,2,18,1
20260717,NEX,cod,28,28,22,22,0,2,10,12,12,16,32,2,1,16,0,21,0
20260817,AMA,pp,26,26,25,25,,,10,14,12,17,13,10,3,17,0,14,0
20260827,RHY,pp,31,33,22,24,0,2,10,11,12,17,8,7,2,17,0,34,0
20260828,LSR,pp,11,14,11,11,4,5,10,12,14,17,11,4,1,17,0,8,0
20260806,ESC,cod,8,8,6,7,0,1,10,16,10,17,13,11,1,17,0,14,0
20260812,ZEL,pp,29,34,27,28,,,10,11,16,17,13,7,1,17,0,11,0
20260809,SDD,cod,21,25,30,33,8,9,10,13,12,17,11,8,4,17,0,32,0
20260722,BAO,pp,8,8,8,8,0,1,10,10,13,17,15,8,2,17,0,12,0
20260912,AMA,pp,10,10,10,10,0,1,10,17,11,18,15,14,3,18,0,11,0
20260825,SDH,pp,10,16,12,13,43,43,10,13,14,18,9,5,1,18,1,16,1
20260821,TEL,cod,18,23,18,26,6,8,10,15,12,18,10,8,0,18,0,11,0
20260824,TEL,cod,22,30,14,15,3,7,10,13,11,18,18,10,3,18,0,14,0
20260626,NKD,pp,14,14,13,13,7,7,10,14,14,18,10,5,0,18,0,13,0
20260904,TEL,cod,6,10,5,13,3,6,10,14,10,19,18,11,6,19,0,13,0
20260919,ESA,cod,13,35,1,31,3,5,10,14,14,19,19,8,0,19,0,10,0
20260921,ESA,cod,5,28,0,5,0,3,10,13,13,20,16,8,2,20,1,9,1
20260914,LSR,cod,6,7,2,4,1,2,10,18,11,20,21,14,7,20,0,13,0
20260709,SDH,cod,25,138,3,9,101,106,10,16,10,21,18,10,3,21,2,21,1
20260804,PRH,cod,15,16,10,13,1,7,10,17,13,21,13,7,1,21,0,24,0
20260901,TEL,cod,15,19,11,17,5,10,10,17,11,21,17,13,4,21,0,12,0
20260726,EMB,cod,19,19,14,14,0,4,10,19,11,22,22,14,4,22,0,23,0
20260814,KPI,cod,13,13,11,12,1,4,10,18,12,22,18,13,5,22,0,14,0
20260825,PRH,cod,18,18,9,13,1,6,10,19,14,23,14,10,1,23,0,18,0
20260707,BHH,cod,20,20,12,13,1,6,10,16,12,23,25,6,1,23,0,15,0
20260730,KPI,cod,25,25,14,24,0,5,10,19,11,24,25,13,2,24,1,14,1
20260806,BHH,cod,57,57,27,43,2,9,10,16,12,24,5,1,6,24,0,26,0
20260716,EMB,cod,21,21,13,17,2,9,10,20,12,24,23,14,5,24,0,17,0
20260824,ESC,cod,18,18,20,48,1,12,10,16,13,27,10,8,3,27,1,9,0
20260707,LUA,cod,30,34,40,48,7,13,10,17,15,28,21,10,4,28,2,22,2
20260713,SDH,cod,40,142,12,57,148,160,10,19,14,29,18,7,7,29,0,20,0
20260823,BHH,cod,35,36,24,34,1,6,10,17,14,30,32,8,3,30,4,43,1
20260727,SDH,cod,36,128,28,49,144,163,10,17,12,30,17,9,3,30,2,29,1
20260913,IGS,pp,,,1,1,0,1,10,23,13,31,24,20,11,31,0,50,0
20260825,SDD,cod,21,26,23,27,2,6,10,19,15,32,24,8,12,32,0,24,0
20260726,BHH,cod,66,68,42,60,2,12,10,26,12,33,49,6,5,33,1,44,1
20260816,PRH,cod,11,11,10,10,0,6,10,18,13,35,25,9,7,35,2,41,2
20260808,SWT,pp,4,4,1,1,1,1,11,11,11,11,24,10,0,11,1,3,1
20260914,SOL,pp,35,35,25,25,,,11,11,11,11,18,5,0,11,0,14,0
20260814,SWT,pp,21,22,21,22,,,11,11,11,11,12,8,0,11,0,10,0
20260707,KIC,pp,9,9,9,9,1,1,11,11,11,11,7,4,0,11,0,12,0
20260916,BBO,pp,28,28,25,28,,,11,11,11,11,12,10,0,11,,,
20260712,NEX,pp,,,1,1,3,3,11,11,11,11,31,10,0,11,0,15,0
20260630,WZI,pp,2,2,2,2,1,1,11,11,11,11,8,6,0,11,0,8,0
20260730,ESC,pp,22,23,21,21,5,6,11,11,11,11,9,4,0,11,1,18,0
20260720,ZEL,cod,22,22,41,41,,,11,11,11,11,12,9,0,11,1,9,0
20260908,WZI,pp,11,11,11,11,,,11,11,11,11,10,10,0,11,0,13,0
20260911,RSL,pp,6,6,5,6,2,2,11,11,11,11,9,5,0,11,0,2,0
20260920,ZEL,pp,1,1,0,1,,,11,11,11,11,5,4,0,11,0,14,0
20260912,ESC,pp,11,11,11,11,,,11,11,11,11,8,5,0,11,0,17,0
20260802,KIC,pp,1,1,1,1,1,1,11,11,11,11,10,8,0,11,0,8,0
20260829,NKD,pp,11,11,11,11,,,11,11,11,11,13,9,0,11,1,10,1
20260803,AMA,pp,21,21,21,21,,,11,11,11,11,8,7,0,11,0,11,0
20260718,LSR,pp,2,5,11,11,2,2,11,11,11,11,11,5,0,11,0,10,0
20260819,SWE,pp,11,11,9,11,,,11,11,11,11,5,5,0,11,0,7,0
20260814,SWE,pp,4,4,2,2,,,11,11,11,11,7,5,0,11,0,4,0
20260916,NKD,pp,13,13,11,11,,,11,11,11,11,2,1,0,11,1,16,0
20260814,ZAO,pp,,,1,1,,,11,11,11,11,10,10,0,11,0,12,0
20260731,AMA,pp,15,15,14,14,,,11,11,11,11,12,10,0,11,0,14,0
20260724,KIC,pp,9,9,8,8,2,2,11,11,11,11,13,8,0,11,0,5,0
20260808,WZI,cod,2,2,9,9,,,11,11,11,11,17,9,0,11,0,4,0
20260919,BGH,pp,20,31,2,28,3,3,11,11,11,11,2,1,0,11,0,3,0
20260708,XIH,pp,1,1,2,2,,,11,11,11,11,10,9,0,11,0,9,0
20260807,KIC,pp,18,19,11,13,1,1,11,11,11,11,12,5,0,11,1,21,0
20260921,ESC,pp,6,6,0,10,,,11,11,11,11,12,7,0,11,0,1,0
20260801,RSL,pp,10,14,12,12,3,3,11,11,11,11,16,9,0,11,0,12,0
20260716,LSR,pp,22,27,28,30,5,5,11,11,12,12,8,4,0,12,0,11,0
20260628,ZEL,pp,6,6,2,2,,,11,12,11,12,38,9,0,12,0,20,0
20260919,XIH,pp,9,9,4,9,,,11,11,12,12,9,7,0,12,0,10,0
20260711,BHH,pp,3,6,3,3,3,3,11,12,11,12,8,4,0,12,1,11,0
20260808,LOS,pp,21,27,24,25,1,1,11,12,11,12,12,11,0,12,0,8,0
20260722,WPV,pp,2,2,2,2,1,1,11,11,11,12,7,6,0,12,0,6,0
20260807,SWE,pp,6,6,8,8,,,11,12,11,12,11,6,0,12,0,4,0
20260813,KIC,pp,15,17,14,14,,,11,12,11,12,16,6,0,12,0,7,0
20260809,TEL,cod,3,11,4,4,2,3,11,11,11,12,12,6,0,12,0,14,0
20260702,KIC,pp,14,15,11,11,,,11,12,11,12,10,8,1,12,0,9,0
20260627,LSR,pp,21,25,14,14,6,6,11,12,11,12,20,11,0,12,0,13,0
20260903,ZEL,pp,31,31,24,25,,,11,11,12,12,12,5,0,12,0,13,0
20260905,RLL,pp,1,1,1,4,,,11,12,11,12,11,10,0,12,0,7,0
20260804,NKD,pp,25,25,23,23,1,1,11,11,12,12,9,4,0,12,0,14,0
20260705,NKD,pp,21,21,24,24,,,11,12,11,12,17,9,0,12,0,29,0
20260718,KIC,pp,7,7,3,3,3,3,11,11,12,12,7,6,0,12,0,6,0
20260811,LSR,pp,19,25,19,21,8,9,11,12,11,12,13,5,0,12,0,21,0
20260801,SWE,pp,6,6,6,6,,,11,12,11,12,13,9,1,12,0,21,0
20260808,ZEL,pp,11,11,10,12,2,2,11,12,11,12,16,9,1,12,0,20,0
20260803,SWE,pp,8,8,6,6,0,1,11,12,11,12,8,7,0,12,0,13,0
20260725,SWE,pp,11,11,11,11,,,11,11,12,12,17,9,0,12,1,7,1
20260801,SOL,pp,5,5,6,8,2,2,11,11,12,12,8,6,0,12,0,13,0
20260721,WPV,pp,9,10,10,10,,,11,12,11,12,14,10,0,12,0,6,0
20260909,ALW,pp,16,18,11,12,,,11,11,12,12,19,4,0,12,2,17,1
20260912,VSL,pp,6,6,4,4,,,11,12,11,13,11,6,1,13,0,27,0
20260918,ZEL,pp,8,8,1,9,1,1,11,12,12,13,17,10,0,13,5,18,0
20260824,BAO,pp,14,22,15,16,3,4,11,12,12,13,15,10,0,13,0,12,0
20260804,WZA,pp,6,6,6,6,,,11,12,11,13,12,8,0,13,0,11,0
20260822,AMA,pp,16,16,16,16,,,11,11,13,13,10,7,0,13,0,13,0
20260901,PRH,cod,16,16,9,10,3,4,11,12,12,13,15,10,1,13,0,15,0
20260701,NEX,cod,9,9,10,11,6,6,11,12,12,13,4,4,0,13,0,8,0
20260630,ESA,cod,18,18,14,16,,,11,12,12,13,12,7,1,13,0,7,0
20260704,EML,pp,6,7,2,2,,,11,11,11,13,13,10,1,13,0,8,0
20260903,BHH,pp,12,12,17,17,,,11,12,11,13,11,4,0,13,0,10,0
20260703,NEX,cod,26,32,27,28,,,11,11,13,13,46,9,0,13,0,7,0
20260812,BHH,pp,18,18,26,26,,,11,12,12,13,16,8,0,13,0,8,0
20260820,BAO,pp,7,7,9,9,,,11,13,11,13,18,11,2,13,0,13,0
20260831,RSL,pp,19,20,12,12,1,1,11,12,12,13,10,10,1,13,0,14,0
20260707,BGH,pp,12,14,14,15,3,3,11,12,11,13,10,6,0,13,0,10,0
20260910,VSL,pp,4,4,3,3,,,11,12,12,13,14,8,0,13,0,3,0
20260701,SWE,pp,4,4,4,4,,,11,12,12,13,16,9,0,13,0,13,0
20260908,BBO,pp,17,17,17,17,1,1,11,11,13,13,10,9,0,13,0,20,0
20260822,LSR,pp,20,25,19,19,7,7,11,12,12,13,13,6,1,13,0,15,0
20260706,LVP,pp,5,5,5,5,0,2,11,13,11,13,11,11,0,13,0,10,0
20260906,CUH,pp,15,15,15,15,,,11,12,12,13,11,8,1,13,0,25,0
20260729,ZEL,pp,21,21,27,29,,,11,11,11,13,19,9,1,13,0,27,0
20260801,LSR,pp,10,14,19,19,2,3,11,12,12,13,18,10,0,13,0,15,0
20260811,ZAO,pp,8,8,10,10,2,2,11,12,12,13,3,2,0,13,0,3,0
20260703,TEL,cod,6,10,5,5,2,3,11,13,11,13,12,8,1,13,0,6,0
20260705,BGH,pp,4,6,3,3,2,2,11,12,12,13,13,8,1,13,1,13,1
20260814,BGH,pp,18,25,24,25,9,9,11,13,12,14,12,6,2,14,0,23,0
20260713,LSR,pp,20,22,16,16,1,1,11,12,13,14,10,9,1,14,1,11,0
20260901,COM,pp,6,6,16,16,,,11,12,13,14,12,6,1,14,0,18,0
20260813,ZEL,cod,15,15,13,19,,,11,12,13,14,17,5,1,14,0,13,0
20260913,VSL,pp,7,7,1,1,,,11,12,12,14,12,6,0,14,0,8,0
20260630,LVP,pp,8,9,7,8,1,2,11,11,12,14,11,9,2,14,0,12,0
20260730,BAO,pp,12,12,32,33,,,11,13,12,14,16,12,1,14,0,6,0
20260812,RLL,pp,7,7,9,9,3,3,11,13,11,14,13,9,1,14,0,16,0
20260916,LSR,cod,6,6,5,10,1,2,11,12,11,14,12,10,2,14,0,11,0
20260814,LSR,pp,14,20,23,24,9,9,11,11,14,14,10,8,0,14,0,12,0
20260917,CUH,pp,42,42,24,42,,,11,12,13,14,14,10,0,14,0,14,0
20260915,WPV,pp,4,6,3,3,,,11,13,12,14,13,11,2,14,0,7,0
20260810,LOS,pp,16,16,26,26,,,11,11,14,14,14,6,0,14,0,12,0
20260803,SOL,pp,27,27,24,26,,,11,14,11,14,14,5,3,14,0,14,0
20260826,CUH,pp,14,14,14,14,0,2,11,14,11,14,11,11,1,14,0,6,0
20260805,RSL,pp,18,19,16,17,1,1,11,12,13,14,14,10,0,14,1,21,1
20260826,RLL,pp,10,10,7,8,2,3,11,11,12,14,9,7,2,14,0,9,0
20260712,SWL,pp,5,10,11,11,7,8,11,14,11,14,16,10,2,14,0,14,0
20260727,LVP,pp,7,7,3,5,6,7,11,11,12,14,10,7,1,14,0,7,0
20260812,AMA,pp,16,16,16,16,,,11,12,12,14,8,6,1,14,0,10,0
20260814,NEX,pp,62,63,92,95,1,1,11,11,12,14,51,8,2,14,0,13,0
20260705,EML,pp,5,7,8,8,,,11,12,12,14,12,9,1,14,0,11,0
20260819,NEX,cod,23,31,9,11,1,3,11,12,12,14,8,7,0,14,1,8,1
20260710,RLL,pp,23,24,12,13,1,2,11,11,12,14,10,6,1,14,0,7,0
20260715,ESA,cod,15,15,7,7,,,11,12,12,14,10,7,0,14,1,11,0
20260725,RSL,pp,13,14,14,15,5,5,11,12,13,14,13,9,0,14,0,10,0
20260822,KIC,pp,24,28,21,24,2,5,11,13,11,14,14,8,0,14,0,11,0
20260810,RSL,pp,31,31,17,17,2,3,11,13,11,14,12,10,1,14,0,14,0
20260712,RSL,pp,1,2,4,4,1,2,11,14,11,15,11,7,0,15,1,23,1
20260722,BBO,cod,8,8,8,8,0,3,11,11,12,15,11,7,0,15,0,8,0
20260714,RSL,pp,19,24,39,40,4,6,11,12,12,15,11,6,1,15,0,13,0
20260702,TEL,cod,6,8,8,10,1,1,11,12,12,15,7,4,1,15,0,9,0
20260822,RHY,pp,12,12,11,12,,,11,11,15,15,10,7,0,15,0,8,0
20260729,NEX,cod,20,21,15,16,3,3,11,12,13,15,11,8,1,15,0,13,0
20260714,SWT,pp,13,13,28,30,,,11,13,12,15,6,5,0,15,0,7,0
20260701,ZAA,cod,,,32,37,0,1,11,13,12,15,5,3,0,15,0,14,0
20260720,RLL,pp,20,20,17,17,2,2,11,12,12,15,16,9,2,15,0,19,0
20260811,ESC,pp,32,33,32,34,2,4,11,14,12,15,11,10,0,15,0,15,0
20260705,RSL,pp,3,5,7,8,0,1,11,15,11,16,17,10,3,16,0,21,0
20260916,TEL,cod,13,15,6,22,1,3,11,14,11,16,17,11,2,16,0,20,0
20260809,LSR,pp,1,5,1,1,2,2,11,14,12,16,21,11,2,16,0,11,0
20260806,RHY,pp,4,4,7,8,,,11,13,12,16,15,13,2,16,0,6,0
20260709,KPI,cod,17,17,11,13,0,2,11,12,13,16,14,6,1,16,1,16,0
20260827,LSR,cod,10,14,7,8,2,2,11,15,12,16,17,9,3,16,0,11,0
20260715,SWT,pp,4,4,22,23,1,1,11,14,12,16,9,6,2,16,0,17,0
20260811,BBO,cod,12,13,10,12,1,5,11,15,12,17,15,12,1,17,0,12,0
20260628,LVP,pp,9,9,9,9,,,11,13,14,17,16,11,0,17,0,12,0
20260708,BHH,pp,10,11,11,11,,,11,14,14,17,12,8,0,17,0,11,0
20260909,SDD,cod,31,32,33,38,4,5,11,13,12,17,20,11,3,17,1,13,0
20260703,KPI,cod,19,19,13,19,1,2,11,15,11,17,12,9,1,17,0,8,0
20260812,ESC,pp,23,24,22,22,,,11,14,14,17,18,11,0,17,0,9,0
20260826,PRH,cod,17,18,18,20,0,4,11,15,12,18,14,8,0,18,1,17,1
20260908,ESA,cod,28,39,13,18,3,5,11,13,12,18,16,11,2,18,2,37,2
20260912,ESC,cod,8,8,6,8,0,1,11,13,12,18,16,10,3,18,0,9,0
20260902,TEL,cod,16,19,16,21,5,8,11,15,12,18,20,14,0,18,0,16,0
20260721,RLL,pp,13,13,16,17,1,2,11,12,14,18,8,4,1,18,0,14,0
20260828,PRH,cod,1,1,1,2,1,3,11,13,13,18,14,7,1,18,1,15,0
20260818,IGS,pp,534,566,508,536,13,13,11,14,11,18,16,13,3,18,0,6,0
20260709,LUA,cod,25,33,18,20,4,8,11,14,12,19,14,5,1,19,3,22,3
20260828,EMB,cod,13,13,11,19,1,5,11,14,14,19,18,10,1,19,1,23,0
20260629,BGH,pp,16,18,13,13,2,3,11,13,15,19,9,4,0,19,0,25,0
20260625,BGH,pp,13,20,9,9,6,6,11,16,14,19,17,9,1,19,0,7,0
20260907,RSL,pp,45,48,19,19,2,3,11,17,13,19,8,8,2,19,0,22,0
20260712,BAO,cod,,,1,1,1,4,11,16,11,19,14,11,2,19,0,7,0
20260708,KPI,cod,16,16,13,21,0,4,11,17,12,20,16,7,2,20,1,18,1
20260902,KOL,cod,12,12,9,19,1,3,11,14,12,20,21,7,2,20,0,15,0
20260706,KPI,cod,23,23,14,21,0,3,11,15,14,20,19,8,1,20,1,11,0
20260829,SDD,cod,36,47,27,34,3,4,11,16,12,20,13,7,6,20,0,20,0
20260907,ALW,pp,22,23,17,17,5,5,11,16,15,20,18,5,1,20,6,40,4
20260905,ESC,cod,14,14,12,14,0,3,11,16,13,22,12,6,1,22,0,14,0
20260907,ESC,cod,10,10,15,19,1,10,11,20,12,22,18,13,2,22,1,16,0
20260730,BAO,cod,31,32,47,60,4,7,11,16,12,22,16,8,4,22,0,17,0
20260722,KPI,cod,21,21,13,21,0,6,11,15,13,22,12,7,2,22,0,19,0
20260904,ESC,cod,18,18,9,18,1,6,11,18,12,22,17,8,3,22,0,12,0
20260713,BAO,cod,49,50,25,41,2,4,11,15,17,22,18,13,1,22,0,14,0
20260813,KPI,cod,16,16,21,29,1,11,11,15,12,23,14,10,2,23,0,17,0
20260829,EMB,cod,33,33,26,37,0,5,11,20,12,23,20,12,4,23,0,15,0
20260811,KPI,cod,22,22,14,24,1,4,11,16,15,24,23,9,3,24,0,16,0
20260714,KPI,cod,14,14,11,13,0,4,11,18,12,24,16,8,3,24,1,16,1
20260710,ZAA,cod,,,2,3,1,5,11,19,12,25,5,3,5,25,2,28,1
20260813,ESA,cod,17,17,17,18,0,2,11,17,13,25,15,8,5,25,0,23,0
20260903,ESC,cod,9,15,4,9,1,12,11,21,11,26,19,11,1,26,2,22,1
20260820,ESC,cod,10,10,11,17,0,4,11,18,14,26,18,8,1,26,0,16,0
20260710,BHH,cod,29,31,22,33,1,12,11,23,13,28,18,7,1,28,0,19,0
20260812,KPI,cod,21,22,10,13,0,7,11,23,12,28,16,10,3,28,1,23,1
20260829,TEL,cod,27,32,9,15,4,6,11,18,13,28,18,13,5,28,0,16,0
20260823,EMB,cod,19,19,9,15,0,2,11,20,16,30,23,16,9,30,2,20,0
20260810,KPI,cod,15,15,10,11,1,12,11,22,16,34,22,14,4,34,0,28,0
20260727,ESC,cod,9,9,8,9,0,18,11,23,13,34,21,18,3,34,0,26,0
20260906,BHH,cod,21,21,18,25,1,11,11,28,13,36,46,18,7,36,1,43,0
20260701,SDH,cod,30,110,13,27,94,103,11,26,14,38,20,11,4,38,2,34,1
20260726,MSR,cod,12,13,4,5,3,11,11,26,17,38,34,12,8,38,0,32,0
20260630,SDH,cod,22,105,4,16,100,111,11,26,16,45,16,10,4,45,1,46,1
20260808,NKD,pp,38,38,26,28,2,2,12,12,12,12,14,5,0,12,0,21,0
20260731,SWE,pp,8,8,11,12,,,12,12,12,12,11,9,0,12,0,10,0
20260826,ZEL,cod,,,1,1,,,12,12,12,12,12,12,0,12,,,
20260919,SDD,pp,20,23,2,10,1,1,12,12,12,12,13,5,0,12,1,19,1
20260904,LKH,pp,50,51,49,50,,,12,12,12,12,9,6,0,12,0,15,0
20260717,BGH,pp,19,29,21,22,10,10,12,12,12,12,8,5,0,12,0,17,0
20260913,SOL,pp,5,5,1,1,,,12,12,12,12,15,5,0,12,0,22,0
20260718,SWE,pp,6,6,6,6,,,12,12,12,12,8,4,0,12,0,15,0
20260806,ZEL,pp,12,14,8,10,,,12,12,12,12,11,10,0,12,0,39,0
20260905,ESA,cod,11,13,14,18,4,4,12,12,12,12,19,9,0,12,7,19,6
20260912,RHY,pp,14,14,12,15,,,12,12,12,12,13,12,0,12,0,32,0
20260717,VSL,pp,8,8,8,8,,,12,12,12,12,14,8,0,12,0,10,0
20260901,SAC,pp,175,177,161,165,1,1,12,12,12,12,9,5,0,12,0,13,0
20260723,BBO,pp,17,17,16,17,2,2,12,12,12,12,13,8,0,12,0,17,0
20260809,BAO,pp,4,5,0,1,2,2,12,12,12,12,12,5,0,12,2,19,2
20260705,SWE,pp,8,8,2,4,,,12,12,12,12,13,11,0,12,0,21,0
20260907,VSL,pp,19,22,20,20,,,12,12,12,12,12,8,0,12,1,10,0
20260813,BAO,pp,16,30,15,16,12,12,12,12,12,12,10,7,0,12,0,22,0
20260825,NKD,pp,1,2,45,45,1,1,12,12,12,12,16,10,0,12,0,15,0
20260730,BGH,pp,13,22,17,18,7,7,12,12,12,12,13,10,0,12,1,17,0
20260625,ULT,pp,7,7,7,7,9,9,12,12,12,12,17,8,0,12,,,
20260817,KIC,pp,31,32,18,18,3,3,12,12,12,12,11,4,0,12,0,15,0
20260625,SOL,pp,6,7,10,10,,,12,12,12,12,6,6,0,12,0,6,0
20260721,NKD,pp,16,16,21,21,,,12,12,12,12,4,3,0,12,0,79,0
20260815,LSR,pp,3,4,2,2,2,2,12,12,12,12,13,8,0,12,0,10,0
20260818,SWT,pp,9,13,27,27,5,5,12,12,12,12,12,8,0,12,0,8,0
20260720,SOL,pp,35,35,23,24,4,4,12,12,13,13,18,8,0,13,0,4,0
20260718,SOL,pp,8,9,9,9,,,12,13,12,13,4,1,1,13,0,10,0
20260825,COM,pp,17,17,11,19,,,12,13,12,13,21,5,1,13,0,30,0
20260910,CUH,pp,16,16,16,16,,,12,12,13,13,11,10,0,13,0,18,0
20260918,SWE,pp,7,7,4,6,,,12,13,12,13,12,8,0,13,0,3,0
20260904,BBO,pp,17,18,15,15,1,1,12,12,12,13,13,10,1,13,0,7,0
20260831,LKH,pp,13,13,15,15,,,12,12,13,13,12,8,0,13,0,7,0
20260704,KIC,pp,6,6,5,5,2,2,12,13,12,13,14,10,1,13,1,14,0
20260915,NKD,pp,3,3,10,10,,,12,12,13,13,17,9,0,13,1,10,1
20260625,BHH,pp,5,5,4,4,,,12,13,12,13,10,7,0,13,0,4,0
20260826,RSL,pp,16,17,5,5,,,12,12,13,13,10,5,0,13,0,17,0
20260911,VSL,pp,12,13,13,13,,,12,12,13,13,12,5,0,13,0,9,0
20260714,RLL,pp,18,19,22,24,1,2,12,13,12,13,13,8,1,13,0,14,0
20260728,KIC,pp,14,16,17,17,2,3,12,13,12,13,15,6,0,13,0,8,0
20260828,CUH,pp,11,11,11,11,,,12,12,13,13,14,11,0,13,0,9,0
20260819,KIC,pp,19,22,17,17,1,1,12,13,12,13,14,6,0,13,0,10,0
20260906,ALW,cod,28,28,20,21,1,2,12,13,12,13,22,9,0,13,3,33,1
20260808,WZI,pp,10,11,14,14,,,12,12,13,13,11,11,0,13,0,10,0
20260801,NEX,cod,9,9,9,10,,,12,13,12,13,15,6,0,13,0,8,0
20260814,VSL,pp,21,21,16,17,,,12,12,13,13,11,5,0,13,0,15,0
20260803,SWT,pp,20,21,5,7,3,3,12,13,12,13,12,9,0,13,1,22,1
20260818,RHY,pp,17,17,14,14,2,2,12,13,12,13,12,10,0,13,0,4,0
20260822,SOL,pp,18,20,18,18,,,12,12,13,13,26,2,0,13,1,6,0
20260903,SAC,pp,122,139,191,194,1,1,12,13,12,13,18,10,0,13,0,10,0
20260810,BAO,pp,13,14,30,31,5,6,12,13,12,13,15,7,1,13,0,13,0
20260731,WZI,cod,4,4,6,6,,,12,12,13,13,6,5,0,13,0,8,0
20260729,KIC,pp,18,19,16,16,1,1,12,12,12,13,12,5,0,13,2,19,0
20260727,RHY,pp,8,8,8,8,,,12,13,12,13,16,13,0,13,0,3,0
20260917,VSL,pp,8,8,9,9,,,12,13,12,13,25,8,0,13,0,1,0
20260915,SOL,pp,15,17,13,15,1,3,12,14,12,14,24,5,0,14,0,18,0
20260811,LOS,pp,18,20,12,12,2,3,12,14,12,14,14,8,1,14,0,15,0
20260730,RLL,pp,14,14,15,15,2,3,12,13,12,14,15,7,0,14,0,15,0
20260913,IBH,pp,1,20,2,2,,,12,14,12,14,16,11,2,14,0,17,0
20260821,LSR,pp,14,24,15,16,12,12,12,13,13,14,13,8,0,14,0,16,0
20260715,BHH,pp,17,17,14,14,0,1,12,13,12,14,14,6,0,14,2,10,1
20260807,AMA,pp,19,19,19,19,,,12,13,13,14,15,12,0,14,0,4,0
20260729,BGH,pp,20,23,12,17,3,5,12,13,12,14,13,7,0,14,0,30,0
20260914,RHY,pp,1,1,1,1,0,1,12,13,12,14,12,12,0,14,0,9,0
20260703,KIC,pp,7,7,12,12,0,2,12,14,12,14,17,11,0,14,0,13,0
20260729,TEL,cod,6,7,4,4,1,1,12,13,13,14,15,11,1,14,0,11,0
20260812,LOS,pp,88,88,28,28,3,4,12,13,13,14,12,4,0,14,0,12,0
20260716,NKD,pp,64,64,79,80,1,1,12,12,13,14,5,5,1,14,0,28,0
20260825,LSR,cod,11,12,9,12,2,3,12,14,12,14,10,8,0,14,0,10,0
20260818,RSL,pp,17,21,13,15,3,4,12,13,12,14,13,8,1,14,0,11,0
20260920,BHH,pp,8,10,0,4,2,2,12,14,12,14,17,8,1,14,3,12,1
20260717,BBO,cod,9,9,9,9,0,3,12,13,12,14,16,11,0,14,1,8,1
20260710,SWL,pp,18,20,18,18,4,5,12,13,13,14,10,8,0,14,1,11,1
20260711,TEL,pp,51,60,39,43,10,10,12,13,14,15,17,10,0,15,0,18,0
20260817,BBO,cod,33,33,27,31,0,1,12,13,14,15,12,8,0,15,0,9,0
20260801,BAO,pp,13,13,12,14,6,6,12,13,14,15,10,7,1,15,0,13,0
20260709,NEX,pp,43,44,29,31,2,2,12,13,13,15,29,7,0,15,0,38,0
20260704,BGH,pp,15,19,13,14,4,4,12,13,14,15,14,11,1,15,0,12,0
20260803,ESC,pp,11,11,10,10,1,1,12,14,13,15,11,8,1,15,0,19,0
20260819,BAO,pp,14,14,15,16,1,1,12,13,14,15,14,7,0,15,0,10,0
20260720,NEX,cod,16,16,13,13,1,2,12,14,13,15,15,8,1,15,0,17,0
20260722,RSL,pp,26,32,24,25,6,6,12,14,13,15,11,7,1,15,0,9,0
20260823,RSL,pp,,,1,1,1,2,12,15,12,15,19,12,1,15,0,13,0
20260831,BHH,pp,21,22,25,25,,,12,12,13,15,6,4,1,15,0,20,0
20260626,PRH,cod,10,10,8,10,0,3,12,14,12,15,2,1,0,15,0,4,0
20260905,BBO,cod,2,2,4,4,0,2,12,13,13,16,14,11,0,16,0,10,0
20260705,LSR,pp,4,4,6,6,1,1,12,14,13,16,13,9,0,16,0,16,0
20260728,LSR,pp,27,32,23,24,8,8,12,13,15,16,11,8,1,16,0,13,0
20260903,LSR,pp,23,30,31,31,10,11,12,13,13,16,15,6,2,16,0,28,0
20260806,ESA,cod,33,35,20,22,3,4,12,13,15,16,17,8,1,16,2,34,2
20260827,ZEL,pp,25,26,14,21,1,1,12,14,13,16,12,6,2,16,0,37,0
20260716,ESA,cod,9,9,14,14,1,1,12,14,12,16,15,10,0,16,0,6,0
20260822,BHH,pp,14,14,16,17,0,2,12,14,13,16,7,6,0,16,0,14,0
20260730,SWL,pp,27,31,17,17,5,5,12,12,15,16,18,9,1,16,0,33,0
20260902,ZAA,pp,25,25,2,2,,,12,14,14,16,17,14,0,16,0,12,0
20260827,BHH,pp,10,10,12,12,0,2,12,14,12,16,14,4,1,16,0,9,0
20260820,LSR,pp,26,37,24,24,5,5,12,13,15,16,10,8,0,16,0,13,0
20260908,CUH,pp,17,17,16,17,,,12,14,12,16,13,10,1,16,0,21,0
20260705,SWT,pp,,,1,1,2,2,12,15,12,16,16,14,4,16,0,16,0
20260823,BGH,pp,12,17,12,13,3,3,12,14,13,16,17,10,3,16,1,28,0
20260921,BBO,cod,30,30,0,30,0,2,12,13,13,16,13,11,1,16,0,6,0
20260722,LOS,pp,13,13,15,15,2,2,12,12,16,16,17,9,0,16,0,6,0
20260903,KIC,pp,22,22,25,26,,,12,14,14,16,10,9,0,16,0,21,0
20260910,SDD,cod,11,11,17,20,1,4,12,16,13,17,14,9,2,17,1,26,1
20260828,BHH,pp,5,5,7,7,,,12,15,13,17,14,9,3,17,0,18,0
20260901,RHY,pp,21,21,24,25,,,12,16,13,17,12,12,4,17,0,6,0
20260805,DFX,pp,19,19,33,33,1,2,12,14,15,17,13,8,2,17,0,25,0
20260717,ESA,cod,8,8,6,6,0,3,12,15,14,18,19,9,2,18,0,11,0
20260811,PRH,cod,28,35,10,13,20,22,12,16,14,18,16,9,0,18,0,14,0
20260725,KPI,cod,12,12,8,12,0,3,12,16,12,18,21,11,1,18,1,10,1
20260831,NEX,cod,31,32,27,28,0,1,12,15,15,18,9,6,1,18,0,12,0
20260905,LGL,pp,20,22,22,23,1,2,12,12,18,18,11,11,0,18,0,2,0
20260824,KIC,pp,20,20,26,27,5,7,12,15,14,18,21,10,1,18,0,18,0
20260824,IBH,pp,5,6,2,2,2,4,12,13,15,18,10,6,0,18,0,6,0
20260829,RLL,pp,29,29,24,25,,,12,15,14,18,12,10,1,18,0,5,0
20260917,NEX,cod,30,32,7,28,,,12,13,15,18,11,7,0,18,,,
20260701,BHH,cod,11,12,9,13,1,1,12,18,12,19,24,8,4,19,0,13,0
20260707,KPI,cod,16,16,8,13,0,1,12,15,13,19,13,7,0,19,0,14,0
20260718,BBO,pp,23,23,23,23,,,12,16,14,19,16,11,1,19,0,9,0
20260809,BGH,pp,3,4,12,12,1,1,12,15,14,19,15,8,4,19,2,9,1
20260802,NKD,pp,15,15,10,11,,,12,15,16,19,8,7,0,19,1,13,0
20260918,IGS,pp,20,44,4,20,0,1,12,13,12,19,13,12,1,19,,,
20260722,SWL,cod,14,14,13,14,0,3,12,16,12,20,16,10,3,20,1,41,1
20260830,BGH,pp,9,12,5,7,8,8,12,17,14,20,18,7,5,20,1,14,1
20260714,BAO,cod,19,19,32,40,0,4,12,17,12,20,18,10,2,20,0,16,0
20260825,ESC,cod,21,22,13,20,0,5,12,15,13,20,13,10,1,20,0,15,0
20260630,BHH,cod,15,16,16,24,2,5,12,15,15,20,13,3,1,20,0,12,0
20260819,TEL,cod,16,21,10,13,4,6,12,14,14,20,10,5,0,20,0,9,0
20260812,EMB,cod,16,18,9,16,4,12,12,15,13,21,20,11,2,21,0,24,0
20260718,KPI,cod,21,21,15,20,0,1,12,17,15,21,18,10,3,21,1,23,0
20260730,PRH,cod,18,19,13,18,1,4,12,16,14,22,15,7,1,22,1,14,0
20260903,LUA,cod,12,16,74,90,2,7,12,18,14,22,16,6,1,22,2,52,1
20260722,EMB,cod,26,26,14,25,0,3,12,16,14,22,18,13,2,22,0,19,0
20260829,PRH,cod,20,20,13,15,0,2,12,21,12,22,13,10,3,22,0,17,0
20260916,KOL,cod,7,7,1,11,0,2,12,19,13,22,14,9,3,22,0,12,0
20260708,SDH,cod,21,96,13,28,235,244,12,18,13,22,18,10,1,22,1,17,1
20260912,ESA,cod,15,23,10,13,7,8,12,16,14,22,14,9,3,22,3,20,3
20260809,IOH,pp,18,18,21,22,1,1,12,19,14,22,29,12,5,22,2,32,0
20260719,EMB,cod,16,16,11,15,,,12,14,15,22,17,14,6,22,0,26,0
20260903,TEL,cod,12,13,5,12,0,6,12,21,12,23,16,15,1,23,0,17,0
20260916,SDD,cod,1,2,5,5,0,3,12,15,16,23,13,10,0,23,0,4,0
20260818,TEL,cod,16,17,10,12,5,7,12,16,15,23,20,10,3,23,0,23,0
20260902,IGS,pp,67,86,60,66,22,23,12,13,15,24,11,9,3,24,1,231,1
20260831,ZAA,cod,,,73,81,0,6,12,17,14,24,10,7,6,24,0,25,0
20260817,EMB,cod,35,37,36,40,9,14,12,16,17,24,18,10,3,24,1,25,1
20260814,ZAA,cod,,,65,74,,,12,15,16,24,5,2,3,24,1,16,1
20260727,KPI,cod,25,26,20,29,0,5,12,22,14,25,17,12,3,25,0,18,0
20260831,TEL,cod,27,36,28,32,7,15,12,19,16,25,11,9,3,25,0,19,0
20260913,BHH,cod,25,27,3,5,0,3,12,18,15,25,24,7,0,25,5,33,3
20260702,SDD,cod,35,38,47,50,2,5,12,17,15,27,20,10,10,27,0,23,0
20260630,SDD,cod,12,25,14,16,1,4,12,19,15,28,20,13,12,28,0,24,0
20260727,EMB,cod,34,34,26,36,1,7,12,20,14,29,22,13,6,29,0,21,0
20260711,KPI,cod,23,23,19,28,0,4,12,21,13,29,12,7,2,29,1,15,1
20260816,KPI,cod,39,39,27,31,0,2,12,19,15,29,21,13,6,29,1,23,1
20260704,SDH,cod,23,121,10,20,88,92,12,22,15,29,20,13,2,29,1,26,1
20260705,SDH,cod,39,138,11,21,77,85,12,20,13,30,19,7,5,30,2,21,0
20260831,SDD,cod,38,41,29,35,6,11,12,20,15,31,16,11,10,31,0,26,0
20260713,LOS,pp,9,9,5,5,0,1,12,18,18,32,11,2,6,32,8,57,5
20260921,BHH,cod,9,18,0,23,1,15,12,21,18,32,19,7,0,32,0,4,0
20260711,SDH,cod,40,180,16,39,126,135,12,26,13,35,19,11,5,35,1,37,1
20260720,SDH,cod,16,56,24,42,70,78,12,28,12,38,35,15,6,38,4,41,1
20260724,SDH,cod,18,91,7,14,74,85,12,30,12,39,29,14,8,39,3,53,2
20260915,NEX,cod,9,11,9,13,25,25,12,38,14,41,23,12,0,41,1,44,0
20260724,SOL,pp,12,14,10,10,2,4,13,13,13,13,19,4,0,13,0,5,0
20260908,NKD,pp,17,17,7,7,1,1,13,13,13,13,13,11,0,13,0,23,0
20260911,SOL,pp,17,19,18,18,,,13,13,13,13,7,6,0,13,0,15,0
20260630,SWT,pp,8,10,20,20,1,1,13,13,13,13,16,12,0,13,0,19,0
20260721,SWE,pp,9,9,9,9,,,13,13,13,13,9,5,0,13,1,8,1
20260704,SDH,pp,7,16,9,9,6,6,13,13,13,13,13,8,0,13,0,6,0
20260627,RLL,pp,8,8,10,11,2,2,13,13,13,13,13,12,0,13,2,9,2
20260718,ZEL,cod,24,26,15,15,,,13,13,13,13,19,11,0,13,0,4,0
20260904,CUH,pp,15,15,16,16,,,13,13,13,13,11,9,0,13,1,9,1
20260910,RHY,pp,8,8,9,9,,,13,13,13,13,11,10,0,13,0,4,0
20260903,CUH,pp,13,13,12,12,,,13,13,13,13,15,11,0,13,0,9,0
20260727,KIC,pp,15,15,13,13,1,1,13,13,13,13,20,11,0,13,0,8,0
20260905,AMA,pp,10,10,10,10,,,13,13,13,13,13,13,0,13,0,8,0
20260818,WZI,cod,8,11,10,10,,,13,13,13,13,7,6,0,13,0,5,0
20260812,RHY,pp,,,6,6,,,13,13,13,13,9,7,0,13,0,13,0
20260714,SWE,pp,12,12,16,17,,,13,13,13,13,11,8,0,13,1,10,1
20260803,BAO,pp,31,35,24,24,,,13,13,13,13,12,9,0,13,0,8,0
20260625,SWT,pp,10,13,7,7,1,1,13,13,13,13,13,9,0,13,0,4,0
20260630,NKD,pp,32,32,31,31,,,13,13,13,13,22,6,0,13,0,15,0
20260908,SOL,pp,19,20,12,13,,,13,13,13,13,13,8,0,13,0,30,0
20260711,SWE,pp,6,6,7,7,,,13,13,13,13,7,2,0,13,1,8,0
20260905,CUH,pp,9,9,9,9,,,13,14,13,14,15,12,1,14,0,9,0
20260703,TEL,pp,23,35,18,18,11,11,13,13,13,14,12,8,1,14,0,17,0
20260921,RHY,pp,5,15,0,7,0,2,13,14,13,14,12,9,0,14,0,3,0
20260914,NKD,pp,11,11,1,1,,,13,14,13,14,12,9,1,14,0,7,0
20260715,BBO,pp,13,13,12,13,,,13,13,14,14,11,3,0,14,0,19,0
20260724,NKD,pp,25,25,24,24,1,1,13,14,13,14,21,7,0,14,0,5,0
20260820,KIC,pp,19,20,14,15,,,13,13,13,14,14,6,0,14,0,16,0
20260703,LSR,pp,25,31,17,17,3,3,13,14,13,14,14,10,0,14,0,16,0
20260801,SWT,pp,6,8,10,10,1,1,13,13,14,14,14,11,0,14,0,10,0
20260730,KIC,pp,16,17,13,13,2,2,13,13,13,14,6,5,0,14,0,9,0
20260713,SWT,pp,34,34,4,5,,,13,14,13,14,18,14,0,14,1,23,1
20260714,ZEL,pp,33,35,22,23,2,3,13,14,13,14,15,10,0,14,0,20,0
20260703,NEX,pp,48,54,60,60,1,2,13,13,13,14,17,12,0,14,0,12,0
20260729,RLL,pp,12,13,10,10,,,13,14,13,14,11,10,1,14,0,11,0
20260828,ESA,cod,20,21,15,15,1,2,13,13,14,14,10,5,0,14,4,23,3
20260909,BGH,pp,23,31,24,25,9,9,13,13,14,14,7,7,0,14,0,27,0
20260720,BBO,pp,37,38,33,35,1,1,13,13,14,14,12,10,0,14,0,11,0
20260719,VSL,pp,4,5,6,6,1,1,13,14,13,14,15,11,1,14,0,10,0
20260731,BAO,pp,10,10,9,9,,,13,14,13,14,16,8,0,14,0,11,0
20260902,ZEL,pp,14,14,30,30,0,1,13,14,13,14,11,4,0,14,0,20,0
20260706,BGH,pp,14,23,8,8,4,4,13,13,14,14,12,9,0,14,0,21,0
20260708,NKD,pp,19,19,27,27,3,3,13,13,13,14,22,8,0,14,0,24,0
20260905,VSL,pp,14,14,11,12,,,13,15,13,15,13,11,1,15,,,
20260701,SWT,pp,7,7,11,11,1,2,13,14,14,15,10,7,0,15,1,10,1
20260817,RLL,pp,12,13,13,13,3,3,13,13,14,15,11,10,0,15,0,14,0
20260909,VSL,pp,16,16,16,16,,,13,14,14,15,16,13,0,15,2,12,0
20260912,BGH,pp,10,11,27,28,2,2,13,14,13,15,17,10,2,15,2,28,1
20260831,INM,cod,34,34,11,14,0,1,13,14,14,15,30,10,0,15,0,8,0
20260809,ESC,pp,13,15,2,4,,,13,13,14,15,17,12,0,15,2,11,2
20260805,KIC,pp,12,12,10,13,,,13,14,14,15,14,8,0,15,0,14,0
20260705,NEX,pp,,,1,1,2,2,13,13,13,15,31,10,2,15,0,27,0
20260714,NKD,pp,28,28,12,13,,,13,14,13,15,19,7,2,15,0,28,0
20260715,RLL,pp,21,26,28,28,4,5,13,14,14,15,17,12,0,15,1,14,1
20260806,BBO,pp,27,28,27,27,1,1,13,14,13,15,13,11,0,15,0,20,0
20260906,BHH,pp,12,13,9,9,1,1,13,14,14,15,18,11,1,15,0,6,0
20260713,BBO,pp,30,31,34,35,1,1,13,14,14,15,15,12,1,15,0,7,0
20260921,SDD,pp,8,23,0,23,1,1,13,14,13,15,21,6,0,15,,,
20260824,NEX,cod,10,10,9,10,3,3,13,14,13,15,9,5,1,15,0,34,0
20260815,KIC,pp,3,3,2,2,0,1,13,15,13,15,15,6,1,15,0,11,0
20260913,RSL,pp,3,3,2,2,,,13,13,14,15,18,8,1,15,0,20,0
20260918,SOL,pp,16,20,1,8,,,13,14,14,15,7,5,1,15,0,22,0
20260701,LSR,pp,13,15,17,17,1,1,13,14,14,15,12,6,1,15,0,11,0
20260714,AMA,pp,10,10,10,10,,,13,15,13,15,17,15,1,15,0,14,0
20260625,SWE,pp,14,14,14,14,0,2,13,16,13,16,13,10,0,16,0,2,0
20260813,TEL,cod,11,16,16,21,7,8,13,13,14,16,14,9,0,16,1,8,0
20260805,NEX,cod,13,13,19,19,1,2,13,16,13,16,17,13,1,16,0,9,0
20260831,AMA,pp,12,12,12,12,,,13,16,13,16,17,15,2,16,0,7,0
20260704,LSR,pp,18,19,27,28,3,3,13,15,13,16,17,9,0,16,0,21,0
20260725,NEX,pp,47,48,70,85,1,1,13,14,15,16,14,11,0,16,0,25,0
20260724,TUN,pp,2,2,2,2,1,1,13,14,14,16,11,7,1,16,0,10,0
20260821,KIC,pp,12,13,12,13,1,1,13,14,13,16,8,4,1,16,0,4,0
20260811,TEL,cod,18,30,22,30,12,13,13,14,14,16,14,7,1,16,0,12,0
20260724,LOS,pp,11,14,31,32,0,1,13,15,13,16,20,11,1,16,0,11,0
20260910,ALW,pp,63,63,47,49,2,4,13,16,13,16,25,7,1,16,1,13,1
20260915,BGH,pp,8,14,2,3,1,1,13,14,15,16,21,13,0,16,1,19,1
20260805,ESC,pp,9,9,9,9,,,13,13,15,16,12,10,0,16,0,17,0
20260911,CUH,pp,14,14,14,14,,,13,16,13,16,18,15,2,16,0,14,0
20260626,ESA,cod,10,12,17,18,1,1,13,14,15,16,12,6,0,16,,,
20260830,ESA,cod,7,7,14,14,,,13,15,14,16,16,11,0,16,1,25,0
20260628,SWT,pp,1,1,1,1,0,1,13,15,13,16,16,11,1,16,0,18,0
20260722,BGH,pp,21,28,26,26,6,6,13,14,15,16,14,8,0,16,0,11,0
20260707,NEX,cod,6,6,3,5,2,2,13,14,14,16,8,8,2,16,0,64,0
20260805,BAO,pp,9,12,12,12,2,4,13,16,13,16,16,10,1,16,0,13,0
20260811,WZI,cod,6,7,14,14,1,1,13,14,13,16,16,9,2,16,0,13,0
20260907,LSR,cod,10,10,8,9,3,4,13,15,13,17,15,11,3,17,0,21,0
20260626,KIC,pp,7,7,7,8,0,2,13,16,14,17,18,10,1,17,0,7,0
20260808,ESC,pp,21,23,14,14,3,3,13,16,14,17,15,12,3,17,0,15,0
20260716,AMA,pp,8,8,7,7,,,13,15,15,17,12,12,2,17,0,11,0
20260803,SWL,pp,27,29,28,34,3,4,13,16,14,17,19,14,1,17,0,18,0
20260724,BAO,pp,13,13,11,11,0,1,13,16,14,17,16,9,2,17,0,9,0
20260810,AMA,pp,14,16,18,18,1,1,13,17,13,17,19,13,2,17,0,19,0
20260803,WZI,pp,5,6,9,9,,,13,17,13,17,17,14,4,17,0,9,0
20260911,MOH,pp,46,52,33,35,5,5,13,15,15,17,20,8,0,17,2,27,1
20260819,RHY,pp,14,15,13,15,1,1,13,16,13,17,16,14,3,17,0,9,0
20260722,ZEL,cod,36,36,23,26,0,5,13,16,13,17,27,8,0,17,1,11,0
20260825,BAO,pp,,,3,3,0,2,13,15,13,17,13,10,0,17,0,16,0
20260902,ESA,cod,17,17,17,19,,,13,17,13,17,13,9,1,17,0,17,0
20260823,BAO,pp,4,4,2,2,0,2,13,16,14,17,10,7,0,17,1,27,0
20260903,ZAA,cod,,,44,49,2,4,13,13,15,17,18,8,1,17,0,7,0
20260629,LSR,pp,24,31,20,20,10,10,13,14,16,17,11,6,1,17,1,11,0
20260812,WZI,cod,4,5,5,5,,,13,14,15,17,15,9,1,17,1,10,1
20260809,ESA,cod,3,5,6,6,2,2,13,16,14,18,29,11,2,18,2,18,2
20260819,LSR,pp,19,32,35,35,14,15,13,17,14,18,17,11,2,18,0,13,0
20260701,LOS,pp,6,6,11,12,2,3,13,15,14,18,23,8,1,18,0,47,0
20260910,RSL,pp,12,13,30,30,2,4,13,14,15,18,14,10,0,18,,,
20260827,NEX,cod,3,3,32,32,0,2,13,14,16,18,14,7,0,18,0,8,0
20260701,BGH,pp,19,25,9,10,5,5,13,16,14,18,10,7,2,18,0,17,0
20260711,RSL,pp,11,13,6,6,3,4,13,15,15,19,13,6,0,19,0,26,0
20260818,BHH,pp,9,9,7,7,,,13,18,14,19,11,7,3,19,1,12,1
20260905,RHY,pp,16,16,15,15,,,13,14,16,19,15,11,3,19,0,18,0
20260810,ESA,cod,25,25,16,16,2,5,13,16,14,19,14,6,2,19,1,20,1
20260807,ZAA,cod,,,21,22,0,1,13,15,16,19,10,7,1,19,0,19,0
20260819,SDD,cod,33,36,19,24,3,7,13,15,16,19,12,9,3,19,0,33,0
20260810,SDD,cod,34,36,26,28,3,4,13,15,15,19,22,9,4,19,0,15,0
20260830,SWT,pp,7,7,1,1,,,13,17,15,20,9,6,2,20,1,26,0
20260819,BHH,pp,9,10,10,11,,,13,14,17,20,10,5,2,20,0,15,0
20260907,PRH,cod,12,12,8,11,0,3,13,19,13,20,12,9,1,20,1,23,1
20260828,BGH,pp,3,7,1,1,2,4,13,16,14,20,24,8,2,20,1,26,1
20260625,BHH,cod,7,7,5,6,1,7,13,20,13,20,12,5,0,20,0,8,0
20260829,SWL,pp,28,30,33,33,1,1,13,16,14,20,12,7,3,20,0,34,0
20260626,SDD,cod,15,18,17,19,2,2,13,18,15,20,21,10,5,20,0,23,0
20260626,LUA,cod,25,31,20,24,4,7,13,18,13,20,15,9,2,20,0,9,0
20260721,BAO,pp,2,2,5,5,,,13,18,13,21,17,14,6,21,0,18,0
20260810,SWT,pp,6,6,5,7,,,13,15,18,21,17,10,1,21,3,21,1
20260815,LGL,pp,5,5,30,31,,,13,14,16,21,16,9,2,21,0,5,0
20260805,KPI,cod,34,34,34,46,0,6,13,16,15,21,27,10,2,21,0,22,0
20260712,IOH,pp,20,20,23,23,1,1,13,16,16,21,10,4,4,21,1,37,0
20260704,LUA,cod,17,18,14,21,2,3,13,19,14,22,28,16,5,22,1,22,0
20260915,IGS,pp,0,9,1,1,4,6,13,13,16,22,15,10,1,22,,,
20260719,KPI,cod,16,16,13,16,1,3,13,16,15,22,15,10,3,22,0,17,0
20260821,RLL,pp,7,8,14,14,1,1,13,17,15,23,20,14,6,23,1,17,0
20260713,BHH,cod,78,78,78,107,1,6,13,19,16,23,31,9,0,23,2,26,2
20260702,BHH,cod,19,20,14,18,1,4,13,17,15,23,6,1,3,23,0,20,0
20260908,SDD,cod,32,36,28,29,5,11,13,17,17,24,13,11,2,24,0,28,0
20260724,LUA,cod,23,24,9,12,5,8,13,17,19,24,18,12,1,24,1,19,0
20260626,FLP,pp,31,31,29,31,,,13,17,17,24,8,8,3,24,0,25,0
20260713,BGH,pp,10,20,13,13,4,5,13,18,16,24,18,12,2,24,1,18,0
20260625,SDH,cod,13,74,6,15,60,66,13,25,13,25,31,10,5,25,1,18,0
20260712,PRH,cod,7,7,4,4,5,8,13,19,17,25,19,12,0,25,2,16,1
20260829,ESC,cod,10,11,9,10,0,6,13,20,14,26,21,12,4,26,0,16,0
20260709,BHH,cod,18,23,20,26,6,13,13,20,15,27,15,4,2,27,0,18,0
20260707,SDH,cod,16,106,14,38,111,120,13,23,14,27,29,8,2,27,0,21,0
20260721,KPI,cod,13,15,7,10,0,6,13,24,15,27,21,14,3,27,1,18,0
20260628,EMB,cod,47,47,33,37,0,4,13,20,17,27,26,17,2,27,0,30,0
20260830,SDD,cod,20,20,14,19,4,8,13,22,13,27,21,12,10,27,0,17,0
20260701,SDD,cod,37,41,17,19,4,5,13,17,15,28,13,8,8,28,1,22,0
20260819,KOL,cod,17,23,7,9,2,6,13,20,19,29,21,5,4,29,1,17,1
20260728,ESC,cod,3,4,4,4,0,10,13,18,15,29,12,11,2,29,0,23,0
20260828,BHH,cod,36,40,17,30,3,9,13,23,14,34,28,12,2,34,4,34,0
20260804,BHH,cod,1,1,2,2,1,6,13,25,17,35,23,6,7,35,4,45,0
20260731,SDH,cod,26,120,10,15,99,112,13,29,14,36,23,18,4,36,1,41,1
20260821,BHH,cod,26,29,12,19,3,21,13,34,19,56,33,11,5,56,2,42,1
20260903,SWT,pp,6,6,7,7,2,2,14,14,14,14,12,6,0,14,1,14,1
20260916,VSL,pp,5,5,4,4,,,14,14,14,14,20,10,0,14,0,4,0
20260921,BGH,pp,3,29,0,14,10,10,14,14,14,14,15,11,0,14,0,6,0
20260806,RSL,pp,6,7,12,12,3,3,14,14,14,14,15,12,0,14,0,13,0
20260810,SOL,pp,14,14,11,11,,,14,14,14,14,20,7,0,14,1,7,0
20260702,SWE,pp,21,21,18,18,,,14,14,14,14,13,7,0,14,0,9,0
20260725,NKD,pp,7,7,18,18,,,14,14,14,14,5,3,0,14,1,26,0
20260721,BBO,pp,11,11,13,13,0,1,14,14,14,14,13,12,0,14,0,18,0
20260814,NEX,cod,34,47,40,40,,,14,14,14,14,13,11,0,14,0,17,0
20260918,BGH,pp,14,23,2,8,7,7,14,14,14,14,16,11,0,14,0,8,0
20260811,WZI,pp,2,2,2,2,1,1,14,14,14,14,10,9,0,14,0,5,0
20260703,SWT,pp,14,14,13,13,1,1,14,14,14,14,12,10,0,14,0,13,0
20260709,VSL,pp,14,14,13,13,,,14,14,14,14,8,7,0,14,0,10,0
20260830,CUH,pp,11,11,11,11,,,14,15,14,15,13,11,0,15,0,12,0
20260810,BBO,pp,49,51,53,56,2,2,14,14,15,15,15,9,0,15,0,21,0
20260919,SOL,pp,3,19,0,24,,,14,14,15,15,24,9,0,15,0,21,0
20260817,RSL,pp,29,31,25,25,1,1,14,14,14,15,15,11,1,15,0,22,0
20260725,BGH,pp,16,19,17,17,5,5,14,15,14,15,18,10,0,15,1,16,0
20260627,NEX,cod,56,59,9,9,,,14,14,15,15,18,12,0,15,0,3,0
20260821,NKD,pp,20,20,24,24,,,14,14,15,15,9,8,0,15,0,34,0
20260820,VSL,pp,2,2,2,2,,,14,15,14,15,13,10,0,15,1,16,1
20260724,BGH,pp,19,27,18,19,6,6,14,14,15,15,10,5,0,15,0,19,0
20260727,RSL,pp,13,15,15,15,3,5,14,14,14,15,22,12,1,15,0,15,0
20260902,BGH,pp,26,38,37,38,12,12,14,14,15,15,9,5,0,15,2,16,2
20260625,KIC,pp,11,11,14,15,4,4,14,15,14,15,11,7,1,15,0,3,0
20260816,LOS,pp,3,3,2,2,2,2,14,14,15,15,14,10,0,15,0,10,0
20260801,RLL,pp,7,7,4,4,2,3,14,15,14,15,16,11,0,15,0,18,0
20260726,RSL,pp,4,4,3,3,0,1,14,15,14,15,13,10,0,15,0,11,0
20260802,BAO,pp,3,3,1,1,,,14,14,15,15,16,10,0,15,0,16,0
20260913,KIC,pp,3,3,3,3,,,14,14,14,15,14,11,0,15,2,17,2
20260717,BHH,pp,16,17,18,18,2,2,14,15,14,15,18,11,1,15,0,13,0
20260831,CUH,pp,17,17,13,13,,,14,14,15,15,11,11,0,15,0,12,0
20260809,ZEL,pp,11,11,10,10,0,1,14,16,14,16,16,8,1,16,0,16,0
20260713,SWL,pp,14,18,4,4,5,5,14,14,16,16,14,8,0,16,1,15,1
20260904,BGH,pp,12,19,10,11,9,9,14,15,15,16,13,9,0,16,0,13,0
20260818,VSL,pp,9,10,9,9,,,14,16,14,16,13,6,2,16,0,11,0
20260914,BHH,pp,5,7,16,21,1,1,14,15,14,16,7,5,1,16,0,15,0
20260808,NEX,pp,39,43,13,13,,,14,15,15,16,13,11,0,16,0,10,0
20260811,RLL,pp,15,15,15,15,,,14,14,15,16,18,11,1,16,0,17,0
20260920,RSL,pp,3,4,0,1,1,1,14,15,15,16,19,15,0,16,1,10,0
20260913,SAC,pp,92,97,137,142,1,1,14,14,15,16,7,6,0,16,0,4,0
20260806,RLL,pp,9,10,15,15,1,2,14,16,14,16,17,13,1,16,0,12,0
20260905,RSL,pp,4,4,5,7,0,1,14,14,15,16,14,8,0,16,0,15,0
20260715,NKD,pp,49,52,42,42,0,2,14,15,14,16,13,7,2,16,0,32,0
20260801,BHH,pp,5,6,5,5,1,1,14,15,15,16,9,3,0,16,0,14,0
20260809,KIC,pp,2,2,1,1,0,1,14,15,15,16,14,10,0,16,0,16,0
20260910,BBO,pp,16,16,16,16,,,14,15,15,16,14,13,0,16,0,2,0
20260812,VSL,pp,19,19,14,14,,,14,15,15,16,16,13,0,16,0,3,0
20260806,SWT,pp,22,22,25,25,2,2,14,17,14,17,15,11,0,17,0,10,0
20260826,BHH,pp,13,13,15,15,0,1,14,15,14,17,21,11,0,17,0,11,0
20260803,RLL,pp,15,18,17,18,,,14,16,14,17,10,10,3,17,0,8,0
20260815,NEX,pp,,,1,1,2,2,14,15,15,17,37,15,1,17,0,27,0
20260912,KIC,pp,22,25,18,19,2,2,14,15,15,17,12,9,0,17,1,34,1
20260802,SWL,pp,11,11,5,5,1,3,14,16,14,17,20,15,0,17,0,24,0
20260827,SOL,pp,27,27,6,7,1,1,14,15,14,17,15,8,3,17,3,30,0
20260919,CUH,pp,51,51,13,51,,,14,16,15,17,16,13,1,17,0,3,0
20260731,NEX,cod,20,20,22,22,,,14,14,17,17,17,11,0,17,1,14,1
20260726,LOS,pp,1,1,1,1,1,2,14,14,15,17,13,9,1,17,0,8,0
20260702,LUA,cod,24,26,6,6,1,3,14,15,16,17,20,13,0,17,0,27,0
20260805,BBO,pp,15,15,16,16,0,2,14,15,15,17,15,12,0,17,0,13,0
20260808,KIC,pp,16,18,18,18,2,3,14,15,15,17,8,6,1,17,0,7,0
20260630,LSR,pp,15,17,21,22,4,5,14,15,14,17,12,7,0,17,0,27,0
20260913,ZEL,pp,5,5,6,6,0,1,14,14,17,18,32,13,0,18,8,40,7
20260703,ZAA,cod,41,42,32,40,4,5,14,16,14,18,18,14,0,18,1,8,0
20260826,BBO,pp,16,16,55,57,0,1,14,15,17,18,12,11,0,18,0,8,0
20260910,NEX,pp,27,29,23,23,0,2,14,15,16,18,11,9,0,18,0,28,0
20260808,BAO,pp,22,33,14,16,2,2,14,15,17,18,15,7,0,18,0,14,0
20260915,RSL,pp,4,4,10,10,,,14,16,15,18,13,10,1,18,0,5,0
20260630,ZAA,cod,,,75,85,,,14,16,15,18,15,8,2,18,0,15,0
20260727,NEX,cod,16,16,12,14,1,1,14,17,15,18,14,12,3,18,0,14,0
20260708,RSL,pp,11,13,9,10,5,5,14,16,15,18,18,8,1,18,0,22,0
20260908,LSR,cod,24,27,15,17,1,3,14,16,15,19,16,10,2,19,0,14,0
20260707,BBO,pp,15,15,15,15,,,14,18,15,19,21,18,2,19,0,5,0
20260730,RSL,pp,20,23,20,21,5,5,14,16,17,19,14,10,1,19,0,19,0
20260720,KPI,cod,9,9,7,10,0,2,14,15,15,19,18,11,0,19,2,20,1
20260806,DFX,pp,13,14,13,13,2,2,14,15,18,19,19,11,0,19,0,41,0
20260909,KIC,pp,16,16,11,11,0,4,14,16,15,19,14,8,0,19,0,21,0
20260814,ZEL,pp,12,12,12,13,,,14,19,14,19,20,14,5,19,0,21,0
20260730,RHY,pp,17,17,14,15,0,1,14,15,16,19,15,12,1,19,0,4,0
20260914,CUH,pp,14,14,12,13,0,1,14,16,16,19,15,14,2,19,0,16,0
20260628,EML,pp,16,16,19,19,,,14,18,14,20,15,14,4,20,0,23,0
20260812,LSR,pp,11,24,12,13,4,5,14,17,16,20,15,11,2,20,0,21,0
20260921,BBO,pp,62,63,0,62,1,1,14,15,17,20,11,10,0,20,0,3,0
20260820,ESA,cod,25,26,16,16,,,14,16,18,21,14,11,1,21,0,20,0
20260717,KPI,cod,18,18,13,19,0,3,14,16,17,21,11,6,0,21,0,27,0
20260822,KPI,cod,26,26,19,26,0,1,14,16,16,22,21,8,1,22,0,17,0
20260717,LUA,cod,27,30,24,27,2,4,14,19,15,22,18,9,2,22,0,20,0
20260831,PRH,cod,18,19,26,33,1,7,14,20,15,22,14,10,3,22,0,14,0
20260906,ESC,pp,11,11,3,3,,,14,18,17,22,20,14,1,22,1,39,0
20260811,DFX,pp,72,73,67,67,1,1,14,16,18,22,28,12,2,22,0,9,0
20260726,SWL,pp,15,25,1,1,9,9,14,20,17,23,28,12,4,23,0,23,0
20260811,ZEL,pp,15,15,15,16,6,7,14,21,16,24,14,12,6,24,0,15,0
20260912,SDD,cod,3,5,3,4,2,6,14,22,14,24,20,16,1,24,0,29,0
20260807,PRH,cod,27,28,16,20,1,4,14,18,17,25,15,11,2,25,0,12,0
20260716,KPI,cod,16,16,14,16,1,7,14,19,15,25,21,8,0,25,0,10,0
20260708,LUA,cod,22,27,22,27,4,8,14,19,19,26,16,9,2,26,0,23,0
20260823,RLL,pp,,,1,1,,,14,22,15,26,29,20,7,26,0,30,0
20260728,EMB,cod,20,23,15,19,3,8,14,18,15,26,9,8,7,26,0,25,0
20260802,ZAA,cod,,,5,6,0,6,14,22,16,26,23,15,4,26,0,21,0
20260726,LUA,cod,19,20,12,22,1,3,14,19,17,26,20,11,3,26,0,21,0
20260828,ESC,cod,19,19,16,19,1,13,14,24,14,27,27,16,2,27,0,8,0
20260827,SDD,cod,24,25,20,28,3,10,14,20,17,27,17,8,3,27,0,18,0
20260802,BAO,cod,8,8,2,4,0,6,14,20,15,27,22,9,3,27,2,21,1
20260729,EMB,cod,24,24,17,24,0,5,14,21,15,28,27,19,6,28,0,23,0
20260627,LUA,cod,19,20,24,28,5,8,14,24,15,28,23,17,5,28,0,18,0
20260731,KPI,cod,29,29,28,31,2,10,14,22,16,28,18,9,3,28,0,16,0
20260726,ESC,cod,6,6,3,7,2,10,14,24,14,29,32,18,5,29,0,21,0
20260810,PRH,cod,42,50,49,90,6,14,14,20,17,29,17,11,5,29,0,15,0
20260629,LUA,cod,29,30,20,20,2,3,14,17,22,30,26,6,2,30,1,17,1
20260801,EMB,cod,18,18,18,22,0,3,14,26,18,30,28,21,8,30,0,21,0
20260814,BAO,cod,35,40,31,36,9,12,14,20,18,30,26,10,3,30,0,44,0
20260714,EMB,cod,23,23,27,33,0,5,14,18,16,31,18,11,4,31,0,27,0
20260825,EMB,cod,32,33,19,23,0,6,14,23,16,31,26,18,5,31,2,14,1
20260725,ESC,cod,13,14,9,14,0,6,14,23,16,31,19,14,4,31,0,22,0
20260824,EMB,cod,31,31,31,36,2,8,14,23,20,31,18,13,5,31,1,30,0
20260812,SDH,cod,44,204,51,74,121,129,14,25,14,31,32,12,2,31,3,33,1
20260809,KPI,cod,19,20,10,17,0,3,14,22,17,32,25,17,7,32,2,33,1
20260712,SDD,cod,32,36,29,32,,,14,20,18,33,25,12,13,33,2,25,0
20260826,EMB,cod,24,24,24,27,1,7,14,20,21,33,19,13,1,33,0,20,0
20260918,EMB,cod,23,23,8,23,2,10,14,24,15,35,28,20,5,35,0,33,0
20260715,SDH,cod,35,88,36,45,77,87,14,27,15,35,19,11,4,35,1,26,0
20260813,PRH,cod,36,49,44,55,3,14,14,29,15,35,41,22,7,35,0,12,0
20260703,SDH,cod,23,113,12,25,81,97,14,24,17,37,31,18,0,37,0,19,0
20260811,SDH,cod,44,155,37,57,127,148,14,30,15,38,43,18,6,38,1,27,0
20260805,SDH,cod,50,147,10,25,107,122,14,23,16,38,27,13,2,38,0,29,0
20260917,BHH,cod,16,17,4,16,1,15,14,32,16,40,27,13,8,40,0,5,0
20260816,SDH,cod,52,181,18,33,106,109,14,32,16,43,50,17,10,43,4,30,2
20260721,SWT,pp,6,6,6,6,2,3,15,15,15,15,14,12,0,15,0,11,0
20260920,SOL,pp,2,4,0,4,,,15,15,15,15,19,5,0,15,4,25,4
20260826,SWT,pp,12,14,10,12,4,4,15,15,15,15,20,10,0,15,1,30,0
20260704,SWE,pp,9,9,10,10,,,15,15,15,15,12,8,0,15,0,14,0
20260908,ALW,pp,15,18,26,27,1,1,15,15,15,15,16,5,0,15,2,18,1
20260914,KIC,pp,21,24,13,17,1,1,15,15,15,15,14,10,0,15,0,15,0
20260718,VSL,pp,2,2,6,6,,,15,15,15,15,11,9,0,15,0,14,0
20260828,NKD,pp,10,10,4,6,,,15,15,15,15,11,10,0,15,0,11,0
20260915,BNH,cod,67,67,5,5,,,15,15,15,15,15,15,0,15,0,20,0
20260920,NKD,pp,5,12,11,15,,,15,15,15,15,15,13,0,15,4,12,0
20260723,RLL,pp,25,28,19,19,,,15,15,15,15,8,5,0,15,0,8,0
20260917,BHH,pp,15,15,10,19,,,15,15,15,15,14,9,0,15,0,1,0
20260719,LSR,pp,4,4,2,2,,,15,15,15,15,16,9,0,15,0,11,0
20260911,NKD,pp,22,22,9,10,,,15,15,15,15,17,14,0,15,1,12,0
20260724,LGL,pp,,,50,52,1,1,15,15,15,15,52,0,0,15,,,
20260715,ZEL,pp,13,15,41,41,1,1,15,15,16,16,16,10,0,16,2,21,0
20260904,RLL,pp,2,2,14,14,1,1,15,15,16,16,14,11,0,16,0,18,0
20260705,KIC,pp,,,2,2,0,1,15,15,15,16,12,9,0,16,0,12,0
20260806,KIC,pp,13,13,15,15,,,15,16,15,16,15,7,0,16,0,13,0
20260919,RHY,pp,10,11,1,10,,,15,16,15,16,14,14,0,16,0,24,0
20260716,BGH,pp,9,20,13,13,8,8,15,15,15,16,15,9,1,16,0,8,0
20260831,SAC,pp,93,93,17,18,0,1,15,16,15,16,17,9,0,16,0,3,0
20260821,NEX,cod,8,8,10,10,,,15,15,16,16,17,13,0,16,0,6,0
20260725,SWT,pp,12,12,13,13,,,15,16,15,16,15,13,1,16,0,14,0
20260911,ESC,pp,15,16,16,17,,,15,15,16,16,15,11,0,16,3,29,1
20260703,SWE,pp,14,14,16,18,,,15,15,16,16,10,5,0,16,0,11,0
20260723,LOS,pp,31,33,11,11,7,7,15,15,15,16,7,5,0,16,1,7,0
20260829,RSL,pp,34,36,26,26,1,1,15,16,15,16,18,10,0,16,2,14,2
20260907,BHH,pp,15,18,21,21,,,15,15,16,16,21,9,0,16,0,24,0
20260824,LSR,pp,30,48,22,22,10,10,15,15,16,16,20,12,0,16,0,14,0
20260730,BHH,pp,,,1,1,,,15,15,16,16,15,5,0,16,0,11,0
20260728,BBO,pp,24,24,50,50,,,15,16,15,16,15,13,0,16,0,16,0
20260918,NEX,cod,9,9,6,14,0,1,15,15,15,16,16,7,0,16,2,17,0
20260904,KIC,pp,16,16,18,19,,,15,15,15,16,11,7,1,16,0,15,0
20260803,WPV,pp,2,2,6,6,,,15,15,15,16,14,9,0,16,0,12,0
20260913,NEX,pp,,,1,1,0,1,15,16,15,16,56,14,0,16,0,27,0
20260702,ZEL,pp,15,44,15,15,1,1,15,15,15,16,15,11,0,16,2,20,1
20260727,RLL,pp,19,23,9,10,5,6,15,16,15,16,21,11,1,16,0,7,0
20260818,EMB,pp,51,57,69,72,6,6,15,15,17,17,14,9,0,17,0,30,0
20260919,ESC,pp,9,9,3,9,,,15,15,16,17,13,9,0,17,2,17,1
20260804,LOS,pp,21,24,16,17,,,15,15,17,17,10,7,0,17,0,41,0
20260724,BHH,pp,21,21,19,20,,,15,17,15,17,14,5,0,17,0,12,0
20260725,LSR,pp,7,11,12,12,4,4,15,16,16,17,23,11,1,17,0,17,0
20260905,LKH,pp,50,50,50,50,,,15,17,15,17,16,13,2,17,0,17,0
20260808,TEL,cod,16,19,7,8,2,2,15,16,16,17,16,12,0,17,1,11,1
20260813,ESC,pp,24,27,24,24,2,2,15,17,15,17,21,10,0,17,0,16,0
20260903,RLL,pp,14,19,4,4,1,2,15,17,15,17,18,15,0,17,0,12,0
20260910,KIC,pp,17,17,18,18,,,15,16,16,17,14,9,0,17,0,4,0
20260910,ESC,pp,11,13,13,13,1,1,15,16,16,17,21,14,1,17,1,3,1
20260725,ESA,cod,16,17,5,5,1,2,15,16,16,17,13,10,0,17,0,10,0
20260908,RHY,pp,25,26,31,32,,,15,15,17,17,13,11,0,17,0,32,0
20260807,BGH,pp,19,26,25,26,10,10,15,16,15,17,17,11,0,17,0,16,0
20260626,ULT,pp,2,2,2,2,4,4,15,17,15,17,13,10,2,17,0,3,0
20260711,GUD,pp,3,3,5,5,,,15,16,15,17,17,16,1,17,0,5,0
20260708,ZEL,pp,13,15,19,19,2,2,15,15,16,17,10,6,0,17,0,22,0
20260722,NEX,cod,13,14,14,14,1,1,15,15,17,17,10,9,0,17,0,16,0
20260805,BGH,pp,21,31,22,22,4,5,15,15,17,17,16,11,0,17,0,6,0
20260829,ZEL,pp,13,13,13,13,0,1,15,15,16,18,12,8,0,18,0,14,0
20260704,RSL,pp,19,20,21,24,5,6,15,16,16,18,21,12,0,18,0,18,0
20260707,SWT,pp,17,31,34,34,15,15,15,15,18,18,14,11,0,18,0,24,0
20260709,NEX,cod,2,2,12,12,1,2,15,17,16,18,11,8,1,18,0,16,0
20260909,LSR,pp,41,45,42,44,7,7,15,16,16,18,19,8,1,18,0,30,0
20260818,WZA,pp,17,17,22,22,,,15,16,16,18,12,11,2,18,1,11,0
20260818,SOL,pp,30,31,39,39,0,2,15,18,15,18,11,8,0,18,0,17,0
20260724,BBO,pp,16,16,16,16,,,15,17,15,18,15,12,2,18,0,16,0
20260829,ESA,cod,12,20,9,16,8,8,15,17,16,18,23,11,1,18,2,50,1
20260701,EML,pp,6,6,12,12,,,15,17,15,18,16,15,2,18,1,27,1
20260905,PRH,cod,4,4,5,6,1,4,15,18,15,18,12,10,0,18,0,7,0
20260826,SDH,pp,,,2,2,9,9,15,17,16,18,18,13,1,18,0,7,0
20260807,SOL,pp,22,23,20,20,1,3,15,18,15,18,14,8,1,18,0,17,0
20260725,LOS,pp,11,13,9,9,,,15,16,18,19,15,9,0,19,0,11,0
20260626,BGH,pp,10,16,13,14,3,4,15,18,16,19,17,8,1,19,0,5,0
20260730,WZI,cod,7,7,4,4,,,15,17,16,19,16,15,3,19,0,9,0
20260723,NEX,pp,21,26,32,34,,,15,16,18,19,25,12,0,19,0,23,0
20260703,RLL,pp,14,14,9,9,0,1,15,18,15,19,13,12,3,19,0,11,0
20260812,SOL,pp,20,20,17,17,,,15,17,17,19,11,4,0,19,0,15,0
20260712,TEL,pp,9,12,8,8,6,6,15,18,16,19,21,14,1,19,0,13,0
20260727,BHH,pp,22,22,15,15,,,15,17,16,19,12,6,1,19,0,10,0
20260627,NEX,pp,3,5,11,11,,,15,19,15,19,21,11,2,19,2,17,2
20260723,BAO,pp,8,8,7,7,0,1,15,16,17,20,13,10,2,20,0,12,0
20260831,SWT,pp,16,19,15,15,1,1,15,15,19,20,12,7,1,20,0,16,0
20260830,KIC,pp,9,9,9,9,0,1,15,15,17,20,11,6,1,20,0,19,0
20260723,ESA,cod,6,6,10,10,,,15,15,15,20,11,6,4,20,1,13,1
20260813,LSR,pp,18,30,16,17,5,5,15,18,17,20,17,11,3,20,1,17,1
20260811,ESA,cod,23,24,21,24,1,2,15,17,18,20,16,8,1,20,0,9,0
20260711,BBO,pp,16,16,10,11,,,15,18,16,20,16,13,4,20,1,12,1
20260824,LGL,pp,33,33,52,55,1,6,15,19,15,20,16,15,2,20,0,32,0
20260718,LUA,cod,23,25,16,19,1,3,15,18,16,21,14,8,2,21,1,26,1
20260717,BBO,pp,21,21,21,21,0,1,15,20,16,21,23,18,2,21,0,20,0
20260717,BAO,cod,38,39,21,30,1,3,15,21,15,21,26,11,2,21,0,13,0
20260804,LSR,pp,14,17,13,14,3,3,15,18,17,21,16,9,1,21,0,14,0
20260810,DFX,pp,22,26,17,17,3,4,15,20,15,21,20,12,4,21,0,22,0
20260901,NEX,pp,74,88,96,98,,,15,16,18,21,9,8,0,21,4,28,4
20260826,RHY,pp,17,18,16,17,,,15,20,15,21,15,13,3,21,0,17,0
20260912,NEX,cod,19,20,19,20,,,15,20,17,22,23,17,2,22,0,52,0
20260917,MOH,pp,32,38,14,38,2,3,15,18,18,22,14,12,1,22,1,13,0
20260724,EMB,cod,18,19,12,16,3,6,15,20,16,22,24,16,1,22,0,23,0
20260918,LOS,pp,12,15,6,23,21,24,15,19,17,23,16,11,2,23,0,23,0
20260805,PRH,cod,24,29,14,22,3,4,15,17,17,23,13,9,2,23,1,16,1
20260725,SWL,pp,23,39,27,32,13,13,15,22,16,23,24,15,7,23,0,18,0
20260919,VSL,pp,8,8,6,8,0,1,15,19,17,23,9,7,2,23,0,32,0
20260814,EMB,cod,44,44,23,32,0,2,15,19,16,24,16,12,3,24,1,27,0
20260824,RLL,pp,19,20,11,11,1,4,15,16,18,25,9,7,2,25,1,15,0
20260905,TEL,cod,,,3,4,1,5,15,17,17,25,17,12,3,25,0,15,0
20260813,EMB,cod,14,14,14,18,0,5,15,21,16,25,20,13,1,25,0,23,0
20260830,EMB,cod,12,12,6,10,1,1,15,21,17,25,29,16,6,25,0,25,0
20260716,NEX,pp,24,24,50,57,54,54,15,21,19,25,17,13,3,25,0,69,0
20260706,BHH,cod,19,20,19,34,0,2,15,21,17,25,24,10,2,25,0,16,0
20260830,ESC,cod,13,13,9,9,0,7,15,24,15,26,25,15,3,26,0,26,0
20260729,BAO,cod,56,60,15,29,2,7,15,21,18,26,22,11,3,26,0,31,0
20260812,PRH,cod,40,49,21,34,9,15,15,25,16,26,30,18,2,26,0,25,0
20260825,TEL,cod,17,20,16,20,6,12,15,23,17,27,24,18,5,27,0,17,0
20260912,EMB,cod,43,43,24,34,1,7,15,20,16,27,25,15,4,27,0,47,0
20260708,BHH,cod,35,37,17,24,1,3,15,21,17,27,19,6,2,27,0,20,0
20260902,LUA,cod,23,27,21,23,5,9,15,18,16,27,14,7,3,27,0,26,0
20260921,EMB,cod,25,29,0,25,0,8,15,20,16,28,21,12,3,28,0,15,0
20260820,PRH,cod,24,25,20,25,3,6,15,18,17,29,14,5,3,29,0,18,0
20260913,SDD,cod,8,9,5,7,1,10,15,28,15,30,35,24,4,30,2,38,1
20260714,LOS,pp,10,11,14,14,1,2,15,20,16,30,18,7,8,30,3,40,3
20260722,BAO,cod,34,34,25,31,0,14,15,25,15,30,25,11,4,30,1,26,0
20260714,MSR,cod,40,49,31,34,10,16,15,23,18,31,35,14,5,31,1,28,1
20260728,SDH,cod,26,114,18,31,84,95,15,27,16,31,25,17,4,31,1,32,1
20260718,BAO,cod,19,19,27,34,1,5,15,25,17,31,25,14,2,31,2,24,1
20260723,LUA,cod,13,16,23,24,0,7,15,25,16,31,21,15,4,31,0,20,0
20260708,SDD,cod,34,38,28,32,3,5,15,27,20,32,33,17,9,32,0,29,0
20260902,BHH,cod,40,42,11,12,1,12,15,25,17,32,25,8,6,32,1,27,1
20260816,BHH,cod,26,28,24,49,1,8,15,29,19,34,48,7,5,34,6,40,2
20260827,ESC,cod,20,21,11,20,3,15,15,28,16,34,31,19,0,34,0,17,0
20260715,EMB,cod,24,24,18,24,4,14,15,22,18,34,21,16,4,34,1,26,0
20260726,SDH,cod,21,120,11,17,91,99,15,28,17,35,19,12,5,35,2,50,1
20260804,SDH,cod,34,118,21,37,85,93,15,27,17,36,27,17,4,36,2,29,2
20260719,ESC,cod,21,22,11,21,0,6,15,27,17,37,31,17,4,37,1,38,0
20260721,BAO,cod,20,20,27,30,1,9,15,25,18,39,26,14,3,39,0,22,0
20260812,BAO,cod,45,52,25,33,4,10,15,25,21,39,20,12,6,39,2,35,1
20260815,SDH,cod,42,183,11,23,149,155,15,25,18,40,35,12,5,40,2,29,2
20260915,BHH,cod,20,20,15,26,3,13,15,25,18,41,16,8,3,41,3,26,3
20260919,LUA,cod,24,36,1,13,9,16,15,24,22,43,21,14,3,43,0,16,0
20260714,ESC,cod,37,39,22,36,4,13,15,34,19,46,38,15,7,46,0,30,0
20260920,KIC,pp,9,10,0,4,,,16,16,16,16,12,10,0,16,0,16,0
20260818,LSR,pp,25,37,19,20,14,14,16,16,16,16,16,11,0,16,1,16,1
20260814,BAO,pp,19,21,19,20,2,2,16,16,16,16,25,13,0,16,0,15,0
20260731,NKD,pp,19,19,21,21,,,16,16,16,16,37,10,0,16,0,22,0
20260831,NKD,pp,9,9,8,9,1,1,16,16,16,16,13,11,0,16,0,17,0
20260831,ESA,cod,13,17,7,7,5,5,16,16,16,16,17,7,0,16,11,23,0
20260729,SWE,pp,12,12,10,10,,,16,16,16,16,17,13,0,16,0,8,0
20260913,NKD,pp,6,6,4,4,,,16,16,16,16,20,13,0,16,0,17,0
20260919,NKD,pp,22,22,17,22,,,16,16,16,16,13,7,0,16,1,9,1
20260903,NKD,pp,33,33,40,40,2,2,16,16,16,16,8,8,0,16,0,15,0
20260919,KIC,pp,16,18,5,23,,,16,16,16,16,16,8,0,16,0,23,0
20260818,KIC,pp,21,21,33,37,,,16,16,16,16,13,7,0,16,1,16,1
20260909,SOL,pp,24,25,21,23,,,16,16,16,16,15,11,0,16,0,12,0
20260717,ZEL,pp,31,31,26,26,,,16,16,16,16,13,3,0,16,0,3,0
20260720,KIC,pp,19,20,14,14,,,16,17,16,17,14,11,1,17,0,12,0
20260627,KIC,pp,10,10,8,8,2,2,16,16,16,17,14,6,1,17,1,12,1
20260806,BAO,pp,12,13,14,16,5,5,16,16,16,17,23,12,1,17,0,15,0
20260830,INM,cod,30,30,26,27,,,16,17,16,17,21,13,0,17,0,7,0
20260707,SWE,pp,18,18,14,14,,,16,17,16,17,9,6,1,17,0,17,0
20260824,RHY,pp,28,30,11,11,1,1,16,16,17,17,24,14,0,17,0,6,0
20260805,ZEL,pp,20,21,24,24,1,1,16,16,16,17,8,6,0,17,0,48,0
20260802,RLL,pp,1,1,2,2,,,16,17,16,17,21,14,0,17,1,29,1
20260719,BHH,pp,9,10,14,14,1,1,16,16,17,17,25,9,0,17,0,13,0
20260811,BAO,pp,30,35,28,28,1,2,16,17,17,18,21,11,0,18,0,13,0
20260904,RSL,pp,9,10,8,8,,,16,16,16,18,15,10,1,18,0,15,0
20260827,RSL,pp,7,8,19,20,,,16,17,16,18,17,13,2,18,0,15,0
20260829,RHY,pp,15,15,5,7,2,2,16,17,16,18,18,14,2,18,0,13,0
20260907,SWT,pp,6,7,4,4,4,4,16,17,17,18,10,8,0,18,1,15,1
20260718,BHH,pp,14,15,13,13,3,3,16,17,17,18,19,7,0,18,0,14,0
20260701,TEL,pp,27,32,28,29,14,14,16,17,17,18,17,13,0,18,0,29,0
20260724,SWE,pp,11,11,10,10,,,16,17,16,18,8,6,1,18,0,10,0
20260808,LSR,pp,9,14,7,9,5,5,16,17,16,18,18,13,2,18,0,13,0
20260804,NEX,pp,15,16,27,30,,,16,16,18,18,12,12,0,18,4,20,4
20260813,RSL,pp,25,26,15,16,3,3,16,17,17,18,21,14,0,18,0,10,0
20260914,RSL,pp,15,16,8,8,0,1,16,18,16,18,11,8,1,18,2,30,0
20260908,COM,pp,6,6,3,3,,,16,17,16,18,5,3,1,18,1,28,1
20260903,BBO,pp,21,21,21,21,,,16,17,17,18,17,16,0,18,0,14,0
20260628,NKD,pp,24,24,23,23,1,1,16,17,16,18,10,4,1,18,1,23,0
20260804,ESA,cod,24,27,21,21,2,2,16,18,16,18,19,12,1,18,3,22,2
20260813,RLL,pp,16,17,14,14,4,6,16,16,16,18,10,6,2,18,0,22,0
20260907,BBO,pp,48,48,47,48,,,16,18,16,18,14,12,0,18,0,29,0
20260910,ESA,cod,33,42,12,12,9,9,16,18,16,19,11,9,1,19,1,16,0
20260702,TEL,pp,24,40,24,27,11,11,16,17,18,19,19,13,0,19,0,23,0
20260626,TEL,pp,29,35,16,17,4,4,16,18,17,19,16,10,0,19,0,11,0
20260625,LSR,pp,17,21,11,11,11,12,16,18,16,19,15,12,0,19,0,5,0
20260909,CUH,pp,8,8,8,8,,,16,16,19,19,15,13,0,19,0,14,0
20260801,SWL,pp,12,12,15,18,3,5,16,18,17,19,13,13,0,19,0,18,0
20260720,LVP,pp,6,7,10,11,,,16,17,17,19,13,10,1,19,0,12,0
20260625,LOS,pp,13,14,13,14,,,16,18,17,19,25,14,1,19,0,4,0
20260725,BHH,pp,11,11,23,23,,,16,17,18,19,11,5,1,19,0,10,0
20260826,ZEL,pp,21,21,47,48,1,1,16,18,17,19,26,3,1,19,1,27,0
20260920,SDD,pp,13,23,2,11,1,1,16,18,17,19,16,12,0,19,0,18,0
20260726,BGH,pp,4,4,6,6,2,3,16,18,16,19,20,13,1,19,1,11,1
20260722,LSR,pp,11,16,14,15,2,2,16,17,17,19,12,6,1,19,0,16,0
20260812,NEX,cod,12,12,14,17,2,2,16,19,16,19,21,17,3,19,1,11,1
20260829,SWT,pp,15,15,11,11,,,16,18,18,20,19,9,1,20,1,24,1
20260825,ESC,pp,26,27,24,26,3,3,16,18,18,20,18,10,1,20,0,21,0
20260713,TEL,pp,35,52,49,49,16,16,16,16,18,20,19,11,1,20,1,10,0
20260724,RSL,pp,13,14,24,24,3,3,16,17,16,20,16,13,1,20,1,20,0
20260904,ESA,cod,29,33,24,26,13,13,16,16,18,20,14,9,2,20,0,10,0
20260805,RHY,pp,6,7,10,10,,,16,19,17,20,16,16,2,20,0,17,0
20260710,LSR,pp,12,18,14,14,5,6,16,17,18,20,11,9,1,20,0,28,0
20260916,ZEL,pp,17,17,13,15,,,16,17,19,21,17,10,1,21,0,21,0
20260810,BGH,pp,25,38,21,21,17,17,16,16,20,21,26,11,0,21,1,17,1
20260820,BHH,pp,8,8,8,8,,,16,18,18,21,17,9,1,21,1,11,1
20260713,RSL,pp,26,27,12,12,3,4,16,17,16,21,16,13,0,21,1,14,0
20260817,ESC,pp,20,22,20,22,2,2,16,19,17,21,21,9,2,21,0,33,0
20260828,SWT,pp,1,1,3,3,2,2,16,18,17,21,16,7,1,21,1,15,0
20260826,ESC,pp,22,23,22,23,1,3,16,20,18,22,20,11,1,22,0,17,0
20260826,LSR,pp,32,36,23,24,4,4,16,20,17,22,15,10,5,22,0,29,0
20260906,BGH,pp,3,3,3,3,1,1,16,18,18,22,22,12,2,22,2,51,1
20260731,SWL,pp,5,5,8,9,2,4,16,20,17,22,17,12,3,22,1,18,1
20260715,LOS,pp,18,18,3,3,17,38,16,17,16,22,8,4,1,22,0,22,0
20260818,ZEL,pp,11,11,18,18,0,4,16,17,20,22,18,6,1,22,3,18,0
20260919,DFX,pp,25,25,21,27,,,16,19,19,22,35,15,2,22,0,25,0
20260719,LVP,pp,9,9,5,5,0,2,16,20,17,22,22,16,1,22,0,10,0
20260712,MSR,cod,12,12,7,13,2,2,16,19,18,23,33,12,1,23,1,31,1
20260919,BBO,cod,16,16,0,16,0,2,16,17,18,23,15,12,0,23,1,37,0
20260719,NEX,pp,,,20,20,5,8,16,22,17,23,22,19,1,23,0,36,0
20260821,KPI,cod,23,23,20,24,0,3,16,22,16,24,21,14,3,24,0,28,0
20260910,SWL,cod,,,0,1,0,3,16,24,16,24,35,17,3,24,,,
20260913,ESA,cod,11,12,6,6,1,1,16,22,17,24,23,18,6,24,0,24,0
20260920,ESA,cod,3,3,0,7,0,3,16,24,16,26,20,14,2,26,2,30,1
20260730,EMB,cod,31,31,27,31,0,2,16,22,18,27,22,15,4,27,1,20,0
20260730,SDH,cod,22,101,12,20,78,82,16,22,18,27,26,12,1,27,1,15,1
20260728,BAO,cod,39,41,37,47,3,9,16,22,16,27,23,14,2,27,0,31,0
20260907,SDD,cod,27,30,16,29,7,13,16,26,17,28,19,15,5,28,0,46,0
20260731,BAO,cod,41,42,24,35,0,5,16,23,19,28,26,13,2,28,1,19,1
20260821,PRH,cod,8,8,9,13,1,6,16,19,16,29,11,8,4,29,0,17,0
20260902,EMB,cod,60,60,43,52,1,7,16,22,18,29,24,18,5,29,0,27,0
20260817,TEL,cod,11,14,8,9,6,12,16,23,17,29,17,13,4,29,0,20,0
20260806,SWL,pp,30,39,42,47,1,2,16,20,18,30,19,12,0,30,0,18,0
20260824,ESA,cod,21,21,26,27,0,6,16,18,23,31,25,10,1,31,0,22,0
20260905,SDD,cod,10,12,7,8,1,5,16,22,21,32,23,15,6,32,1,30,1
20260914,BHH,cod,31,32,29,45,0,8,16,29,17,32,32,15,1,32,4,29,3
20260920,BHH,cod,18,19,3,10,1,7,16,27,16,32,22,9,2,32,5,27,1
20260910,BHH,cod,28,29,18,28,0,8,16,21,22,32,27,7,3,32,1,46,1
20260905,EMB,cod,24,24,24,30,1,7,16,27,17,33,26,18,3,33,1,22,1
20260826,BHH,cod,29,32,29,36,2,7,16,26,18,34,24,11,2,34,1,33,1
20260831,ESC,cod,19,20,12,23,1,11,16,28,17,34,18,12,4,34,0,24,0
20260714,SDH,cod,47,136,48,81,260,266,16,26,18,35,28,15,5,35,2,29,1
20260714,LUA,cod,19,21,14,15,10,13,16,23,22,35,23,14,5,35,3,21,2
20260826,KPI,cod,45,45,36,51,0,10,16,29,17,36,33,15,9,36,1,30,0
20260801,KPI,cod,25,25,21,22,1,6,16,26,19,36,28,17,4,36,1,23,1
20260806,SDH,cod,31,146,33,58,117,130,16,28,16,36,29,16,4,36,2,31,2
20260715,KPI,cod,16,16,13,16,0,9,16,29,17,37,28,23,2,37,1,19,0
20260809,SDH,cod,43,151,7,12,87,92,16,26,20,37,28,15,3,37,1,40,1
20260710,SDD,cod,41,43,48,49,7,7,16,23,22,37,30,10,12,37,2,36,1
20260920,EMB,cod,13,13,0,13,0,7,16,25,24,41,28,21,3,41,1,31,0
20260718,SDH,cod,30,87,30,56,75,86,16,33,20,48,34,22,7,48,0,42,0
20260910,NEX,cod,15,15,13,13,,,17,17,17,17,17,16,0,17,,,
20260815,NKD,pp,20,21,22,22,,,17,17,17,17,26,14,0,17,0,62,0
20260915,ESC,pp,7,7,16,17,,,17,17,17,17,10,6,0,17,0,17,0
20260731,LOS,pp,3,3,7,8,3,3,17,17,17,17,17,15,0,17,0,13,0
20260813,SOL,pp,9,10,16,16,2,2,17,17,17,17,15,11,0,17,3,15,0
20260921,KIC,pp,16,26,0,26,2,2,17,17,17,17,22,11,0,17,0,7,0
20260910,BGH,pp,25,32,17,18,12,12,17,17,17,17,24,16,0,17,0,11,0
20260904,ZEL,cod,,,4,4,,,17,17,17,17,6,6,0,17,0,12,0
20260723,BGH,pp,16,22,17,18,6,6,17,17,17,18,16,7,0,18,0,17,0
20260710,NKD,pp,39,40,37,37,,,17,17,17,18,26,8,0,18,0,31,0
20260905,SWE,pp,7,7,5,5,1,1,17,18,17,18,9,4,0,18,0,4,0
20260813,LOS,pp,165,273,33,33,6,6,17,18,17,18,29,15,1,18,1,15,1
20260702,LSR,pp,14,17,6,8,2,2,17,17,18,18,16,10,0,18,0,11,0
20260704,TEL,pp,19,26,22,24,9,9,17,17,17,18,17,13,1,18,0,17,0
20260804,SWT,pp,12,13,25,26,5,5,17,17,18,18,15,14,0,18,0,13,0
20260629,RLL,pp,23,23,15,15,,,17,18,17,18,11,9,1,18,0,13,0
20260806,BGH,pp,26,32,23,23,9,9,17,18,17,18,16,12,1,18,1,18,0
20260915,BBO,pp,23,23,71,73,,,17,17,18,18,14,13,0,18,0,19,0
20260702,BGH,pp,16,26,17,18,2,2,17,17,18,18,13,11,0,18,0,16,0
20260822,ZEL,pp,9,13,10,10,,,17,18,18,19,13,9,1,19,2,19,1
20260821,BHH,pp,15,15,12,12,1,1,17,18,17,19,19,11,1,19,0,19,0
20260818,BAO,pp,15,17,21,23,16,17,17,19,17,19,15,10,1,19,0,18,0
20260807,LSR,pp,17,20,21,22,5,5,17,18,17,19,15,11,0,19,0,15,0
20260703,ZEL,pp,7,8,6,6,3,3,17,18,18,19,16,12,0,19,0,17,0
20260908,BHH,pp,6,8,8,8,1,1,17,18,18,19,13,9,0,19,0,25,0
20260723,ZEL,pp,11,11,10,10,,,17,17,17,19,6,4,0,19,0,22,0
20260917,BGH,pp,12,19,7,10,5,5,17,17,19,19,19,14,0,19,2,11,2
20260801,ESA,cod,11,12,11,12,3,3,17,19,17,19,22,13,2,19,0,12,0
20260730,LGL,pp,3,6,10,10,2,3,17,19,17,19,19,19,0,19,,,
20260825,RSL,pp,8,9,31,31,3,3,17,18,18,19,16,10,1,19,0,14,0
20260728,BGH,pp,19,25,21,21,8,8,17,17,17,19,14,9,1,19,0,16,0
20260727,BGH,pp,21,25,16,16,10,10,17,18,18,19,19,11,0,19,0,13,0
20260822,UNC,pp,235,235,455,475,,,17,17,18,20,8,6,0,20,0,36,0
20260917,ZEL,pp,4,4,2,6,0,3,17,19,18,20,11,10,0,20,0,4,0
20260724,SWL,pp,24,28,20,22,8,9,17,19,18,20,20,13,0,20,0,35,0
20260812,BGH,pp,26,32,68,68,3,3,17,19,18,20,23,12,2,20,0,15,0
20260828,SWL,pp,,,11,11,2,2,17,18,17,20,20,13,0,20,0,26,0
20260913,BGH,pp,2,4,8,8,2,2,17,18,18,20,16,12,1,20,3,26,0
20260627,LVP,pp,8,8,8,8,,,17,19,17,20,15,15,1,20,0,16,0
20260711,ZEL,pp,20,22,11,12,1,1,17,17,21,21,14,7,0,21,0,18,0
20260805,LSR,pp,18,28,18,18,8,9,17,19,17,21,19,13,2,21,1,18,1
20260721,LSR,pp,22,28,17,18,1,1,17,19,19,21,18,11,1,21,0,15,0
20260914,LGL,pp,,,9,10,,,17,18,18,21,6,5,2,21,0,29,0
20260903,RHY,pp,10,10,10,10,0,2,17,20,18,21,20,18,0,21,0,19,0
20260730,BBO,pp,22,23,21,22,1,1,17,19,19,21,19,18,0,21,0,15,0
20260914,ZEL,pp,15,15,16,16,3,3,17,21,17,21,14,13,0,21,2,20,2
20260909,ESA,cod,17,19,24,25,3,5,17,19,18,21,23,16,1,21,0,21,0
20260903,RSL,pp,6,12,14,14,,,17,19,18,21,20,13,2,21,0,7,0
20260912,ALW,pp,31,31,22,23,3,3,17,18,19,21,16,5,0,21,3,16,2
20260716,RSL,pp,31,35,41,43,5,7,17,18,17,21,16,14,0,21,0,15,0
20260908,LKH,pp,75,76,73,75,,,17,19,18,22,24,18,3,22,0,53,0
20260707,ESA,cod,12,12,5,5,0,2,17,20,19,22,18,11,0,22,0,13,0
20260720,LUA,cod,31,32,18,21,2,2,17,18,20,22,18,9,0,22,0,12,0
20260723,SWL,pp,15,18,14,14,4,4,17,17,22,22,19,10,0,22,0,46,0
20260824,RSL,pp,29,31,7,7,4,4,17,18,19,22,21,14,1,22,2,18,0
20260820,SDD,cod,16,21,26,35,2,4,17,20,19,23,30,16,1,23,0,21,0
20260908,ZAA,cod,,,58,67,0,2,17,20,19,23,19,17,2,23,0,14,0
20260829,BGH,pp,9,12,15,15,8,8,17,18,20,23,16,4,3,23,0,21,0
20260719,RLL,pp,2,3,2,2,2,2,17,21,18,23,18,16,2,23,0,27,0
20260627,FLP,pp,38,39,34,38,1,1,17,21,19,24,28,18,2,24,0,12,0
20260822,PRH,cod,11,12,13,14,1,3,17,20,18,26,19,10,2,26,2,26,2
20260704,SDD,cod,35,35,44,50,2,3,17,20,20,26,20,14,3,26,0,13,0
20260709,KPI,pp,31,33,20,23,1,2,17,20,19,26,19,8,1,26,0,26,0
20260812,ESA,cod,23,25,25,27,2,3,17,26,18,27,19,12,3,27,1,29,1
20260803,BAO,cod,53,58,42,56,0,2,17,26,17,27,35,18,4,27,1,28,1
20260814,ESA,cod,24,26,17,17,1,2,17,20,19,28,26,15,3,28,0,15,0
20260811,SDD,cod,47,50,41,43,2,5,17,23,17,28,24,12,6,28,0,17,0
20260716,BAO,cod,31,34,22,28,2,11,17,24,17,28,27,18,0,28,0,18,0
20260811,BHH,cod,51,51,44,54,0,3,17,22,18,28,42,9,5,28,2,13,0
20260823,KPI,cod,34,34,26,29,0,2,17,23,19,29,29,16,2,29,1,20,1
20260716,LUA,cod,25,28,22,27,4,9,17,23,20,29,21,11,3,29,1,32,0
20260915,ESA,cod,18,50,6,12,32,35,17,23,21,29,25,15,6,29,8,42,1
20260628,ESC,cod,40,46,26,40,0,5,17,23,18,30,23,15,2,30,1,47,1
20260801,SDD,cod,37,39,20,26,4,9,17,24,20,30,23,14,5,30,0,21,0
20260810,BHH,cod,51,52,36,51,2,11,17,24,20,30,29,10,3,30,0,7,0
20260807,EMB,cod,30,30,25,30,2,10,17,26,18,31,22,20,5,31,1,22,1
20260822,EMB,cod,19,19,11,15,0,4,17,27,19,32,25,18,7,32,0,36,0
20260813,ZAA,cod,72,75,1,1,3,6,17,23,21,33,17,10,6,33,1,31,1
20260905,BHH,cod,22,24,19,26,1,12,17,27,17,34,23,10,4,34,2,26,1
20260729,SDD,cod,35,40,35,38,3,6,17,25,20,34,29,17,7,34,0,32,0
20260706,LUA,cod,36,38,12,12,4,8,17,23,18,34,18,12,10,34,1,21,0
20260808,BAO,cod,35,45,29,35,2,6,17,24,21,37,26,11,4,37,2,43,1
20260801,SDH,cod,29,96,14,23,85,90,17,28,17,37,37,22,13,37,0,20,0
20260626,SDH,cod,16,79,2,5,66,77,17,34,17,38,32,10,5,38,0,27,0
20260629,ESC,cod,37,41,30,38,0,22,17,30,19,38,31,21,3,38,0,31,0
20260807,KPI,cod,18,18,20,27,1,9,17,30,22,39,31,18,4,39,3,30,1
20260717,SDH,cod,52,202,19,30,120,124,17,30,19,39,30,14,7,39,0,46,0
20260707,EML,cod,5,7,5,7,0,8,17,28,20,42,24,20,6,42,3,32,3
20260712,EMB,cod,12,12,9,10,0,9,17,33,21,43,35,27,5,43,0,33,0
20260819,BHH,cod,16,20,11,16,3,17,17,35,19,48,30,12,5,48,0,47,0
20260902,LKH,pp,14,15,13,14,,,18,18,18,18,21,15,0,18,0,19,0
20260730,SOL,pp,13,15,12,12,1,1,18,18,18,18,12,9,0,18,0,15,0
20260808,BBO,pp,29,30,22,22,1,1,18,18,18,18,18,15,0,18,0,24,0
20260801,KIC,pp,25,26,17,17,1,1,18,18,18,18,16,14,0,18,2,13,2
20260902,SOL,pp,12,12,18,19,1,1,18,18,18,18,16,7,0,18,0,20,0
20260702,RSL,pp,25,25,19,19,,,18,18,18,18,19,10,0,18,0,17,0
20260811,BGH,pp,76,83,15,15,9,10,18,19,18,19,20,8,0,19,1,20,1
20260907,ZEL,pp,48,48,10,11,0,1,18,19,18,19,20,14,0,19,0,87,0
20260815,SOL,pp,5,6,4,4,,,18,19,18,19,9,5,1,19,0,15,0
20260729,LOS,pp,6,6,7,14,3,3,18,18,19,19,9,6,0,19,0,20,0
20260918,KIC,pp,20,21,2,20,,,18,18,19,19,18,13,0,19,2,19,0
20260731,RLL,pp,12,13,10,11,3,3,18,18,18,19,12,9,0,19,0,17,0
20260906,DFX,pp,37,39,35,36,3,3,18,18,18,19,25,9,1,19,4,48,1
20260909,BBO,pp,22,22,22,22,0,1,18,19,18,19,18,16,1,19,0,16,0
20260701,RSL,pp,24,24,22,24,,,18,18,18,19,20,14,0,19,0,26,0
20260831,KIC,pp,19,24,19,21,1,3,18,18,18,19,20,10,0,19,1,21,0
20260912,ZEL,pp,9,10,19,21,,,18,19,18,19,17,14,0,19,1,62,1
20260703,LOS,pp,17,19,32,37,1,1,18,19,19,20,19,16,0,20,0,26,0
20260901,ZEL,pp,113,113,103,103,1,1,18,19,19,20,18,10,0,20,0,31,0
20260807,RSL,pp,29,30,25,27,,,18,19,19,20,20,16,1,20,0,18,0
20260810,LSR,pp,19,29,11,11,6,8,18,18,20,20,16,9,0,20,0,16,0
20260812,RSL,pp,6,7,7,7,1,1,18,18,19,20,21,15,0,20,0,17,0
20260807,ESA,cod,19,21,11,22,2,3,18,20,18,20,24,11,1,20,0,18,0
20260728,RLL,pp,20,22,23,25,3,4,18,18,19,20,18,10,0,20,0,11,0
20260905,SOL,pp,16,16,14,15,1,1,18,18,20,20,18,12,0,20,0,22,0
20260909,ESC,pp,24,30,20,20,4,5,18,20,19,21,18,16,0,21,0,19,0
20260815,BHH,pp,12,12,9,9,,,18,21,18,21,20,12,1,21,1,12,1
20260807,BAO,pp,18,22,8,9,1,1,18,20,18,21,14,7,2,21,1,14,0
20260724,LSR,pp,7,10,6,7,5,7,18,19,19,21,12,10,0,21,0,17,0
20260824,DFX,pp,39,40,42,42,1,2,18,20,18,21,26,15,1,21,0,29,0
20260707,TEL,pp,,,4,5,5,6,18,19,20,21,23,14,0,21,0,26,0
20260905,BGH,pp,13,17,12,13,5,5,18,21,18,21,29,18,2,21,0,14,0
20260728,RSL,pp,22,23,17,17,1,3,18,20,18,21,16,10,1,21,0,22,0
20260919,LSR,pp,18,28,2,18,3,3,18,21,18,21,23,18,1,21,0,16,0
20260803,ESA,cod,14,15,14,14,2,3,18,19,20,21,35,15,0,21,0,19,0
20260802,RSL,pp,5,5,3,4,1,1,18,20,19,21,22,14,1,21,0,13,0
20260707,RLL,pp,8,8,8,8,,,18,20,20,22,16,14,0,22,0,21,0
20260713,NEX,pp,56,84,37,38,0,2,18,22,18,22,54,15,2,22,0,14,0
20260907,BGH,pp,22,28,21,21,5,5,18,19,19,22,15,6,1,22,0,22,0
20260725,KPI,pp,31,33,30,31,2,3,18,21,19,22,14,6,2,22,0,22,0
20260707,RSL,pp,13,15,12,17,0,2,18,19,18,22,13,6,3,22,0,23,0
20260915,LGL,pp,23,23,13,14,0,2,18,20,19,22,3,3,2,22,0,19,0
20260731,ESC,pp,5,5,5,5,5,8,18,20,19,22,19,15,0,22,0,15,0
20260905,BBO,pp,14,14,16,16,,,18,20,20,22,18,17,0,22,0,15,0
20260709,NKD,pp,30,30,39,39,1,1,18,20,20,22,21,13,0,22,0,29,0
20260731,ZEL,cod,25,25,32,33,,,18,22,18,22,17,14,2,22,0,19,0
20260625,RSL,pp,33,36,20,22,7,7,18,21,19,22,23,13,0,22,0,4,0
20260717,RSL,pp,16,18,14,14,,,18,19,20,22,24,16,1,22,0,16,0
20260915,LOS,pp,42,43,37,38,0,1,18,20,20,22,55,17,2,22,2,54,2
20260626,EML,pp,25,28,22,22,,,18,19,18,22,18,15,3,22,0,21,0
20260714,BGH,pp,10,14,7,7,2,2,18,19,20,23,17,12,2,23,0,14,0
20260730,ZEL,pp,35,35,33,34,,,18,20,19,23,16,13,1,23,1,11,1
20260629,EML,pp,13,13,9,9,,,18,18,20,23,22,16,2,23,0,20,0
20260901,BGH,pp,20,24,21,21,8,8,18,20,21,23,15,10,1,23,0,23,0
20260829,NEX,cod,8,8,11,12,,,18,20,20,23,7,5,1,23,0,7,0
20260625,LUA,cod,17,20,6,13,1,3,18,24,18,24,19,10,2,24,0,10,0
20260920,CUH,pp,77,79,1,77,,,18,21,20,24,31,19,1,24,0,22,0
20260815,SWL,pp,2,10,2,2,2,7,18,21,19,24,22,15,1,24,1,22,1
20260721,ZEL,pp,31,31,29,30,0,1,18,23,19,24,29,14,0,24,0,26,0
20260822,SWL,pp,44,44,34,37,1,2,18,20,19,25,28,13,2,25,2,36,2
20260819,KPI,cod,20,20,14,18,0,1,18,22,19,25,23,13,4,25,0,7,0
20260628,TEL,pp,,,6,6,3,3,18,23,20,25,24,20,3,25,0,21,0
20260705,SDD,cod,35,40,26,32,13,14,18,23,19,25,26,19,4,25,0,20,0
20260802,TEL,pp,25,33,11,12,7,7,18,23,19,25,33,20,3,25,1,36,0
20260627,BGH,pp,18,22,11,11,5,6,18,21,23,26,19,12,1,26,0,13,0
20260726,BAO,cod,2,2,1,1,0,1,18,21,19,26,20,11,1,26,0,19,0
20260711,LUA,cod,22,28,14,19,6,7,18,20,20,27,18,10,1,27,1,16,0
20260707,SDD,cod,25,28,15,16,4,5,18,25,20,27,27,15,5,27,1,32,0
20260721,LUA,cod,28,30,25,31,1,5,18,27,18,28,27,18,1,28,0,17,0
20260704,DFX,pp,56,57,63,68,1,3,18,22,23,29,29,14,1,29,0,30,0
20260711,REH,pp,14,14,8,8,2,2,18,19,25,29,9,7,2,29,2,44,1
20260726,SDD,cod,22,26,23,25,2,3,18,24,23,30,32,16,5,30,0,23,0
20260828,LUA,cod,6,9,9,9,10,14,18,27,19,31,29,14,6,31,1,26,0
20260805,NKD,pp,39,39,47,47,,,18,25,24,31,24,21,0,31,0,24,0
20260804,BAO,cod,30,33,28,35,0,2,18,24,21,31,32,11,4,31,3,26,1
20260703,SDD,cod,27,28,11,12,3,6,18,21,23,32,20,16,8,32,0,16,0
20260713,LUA,cod,28,32,35,43,4,11,18,24,20,32,26,13,4,32,0,23,0
20260720,EMB,cod,29,31,26,31,4,9,18,22,19,32,28,18,7,32,0,25,0
20260821,ESC,cod,7,8,2,5,0,6,18,30,18,34,20,17,4,34,0,17,0
20260821,BAO,cod,26,29,26,38,13,20,18,28,19,35,21,14,0,35,0,34,0
20260904,EMB,cod,37,40,40,48,2,10,18,25,21,35,22,17,2,35,0,23,0
20260903,SDD,cod,20,20,17,23,2,8,18,28,20,36,33,20,6,36,1,17,1
20260826,SDD,cod,14,18,4,8,3,11,18,24,20,36,24,14,10,36,1,29,0
20260721,SWL,cod,10,12,9,11,0,11,18,29,21,36,19,15,3,36,2,43,2
20260802,EMB,cod,10,11,8,9,1,8,18,27,22,37,27,21,3,37,0,25,0
20260803,KPI,cod,34,34,30,42,0,6,18,30,21,38,28,14,3,38,0,28,0
20260906,EMB,cod,33,34,20,23,0,6,18,31,21,39,40,25,8,39,1,77,0
20260823,LUA,cod,7,7,1,3,0,9,18,34,19,39,34,22,5,39,2,42,2
20260808,SDH,cod,41,213,18,31,124,131,18,33,20,40,32,24,5,40,0,32,0
20260920,MSR,cod,7,11,0,9,1,11,18,35,19,40,49,26,2,40,4,43,0
20260823,BAO,cod,6,6,2,3,1,8,18,33,20,41,31,15,5,41,1,22,1
20260816,LUA,cod,2,2,4,5,2,7,18,28,20,41,35,6,7,41,4,55,2
20260810,SDH,cod,37,121,19,35,101,108,18,26,22,42,36,15,3,42,2,32,2
20260818,PRH,cod,19,19,9,15,1,10,18,25,22,42,19,7,4,42,0,30,0
20260726,BSS,pp,35,36,4,4,4,4,18,43,19,44,189,18,17,44,3,87,0
20260909,BHH,cod,36,36,23,34,7,18,18,32,26,49,35,19,5,49,1,54,0
20260814,SDH,cod,69,233,49,76,141,159,18,40,19,54,29,16,5,54,2,35,1
20260920,KPI,cod,24,24,0,22,0,6,18,30,26,61,32,17,7,61,7,46,5
20260821,SDH,cod,78,247,48,87,216,231,18,39,24,70,38,16,10,70,2,54,2
20260908,UNC,pp,96,267,65,65,172,173,18,90,128,334,89,78,2,334,6,116,5
20260713,ZEL,pp,35,37,22,22,5,5,19,19,19,19,17,13,0,19,0,19,0
20260901,NKD,pp,8,8,9,9,1,1,19,20,19,20,25,20,0,20,2,10,2
20260626,LVP,pp,16,16,15,16,1,1,19,20,19,20,17,12,1,20,0,14,0
20260709,ZEL,pp,18,18,18,18,1,1,19,20,19,20,19,16,1,20,0,15,0
20260807,ZEL,pp,15,15,16,16,1,2,19,19,20,20,22,18,0,20,0,9,0
20260824,COM,pp,31,32,34,35,3,3,19,20,19,20,14,7,1,20,0,6,0
20260626,ZEL,pp,30,36,32,32,3,3,19,20,19,20,26,18,0,20,0,17,0
20260911,KIC,pp,14,15,16,17,1,1,19,19,19,20,21,15,0,20,0,23,0
20260830,RSL,pp,3,4,4,4,2,2,19,20,19,20,15,13,0,20,0,16,0
20260716,SWE,pp,3,3,4,4,,,19,19,20,20,14,10,0,20,1,10,1
20260801,LOS,pp,11,11,10,10,,,19,20,19,20,24,18,1,20,0,7,0
20260811,SWT,pp,15,15,12,12,1,2,19,20,19,20,17,11,1,20,0,17,0
20260912,RSL,pp,8,8,9,9,,,19,21,19,21,23,16,1,21,4,36,3
20260729,ESC,pp,15,15,14,15,3,5,19,20,19,21,18,10,0,21,1,27,1
20260731,NEX,pp,5,6,6,6,1,1,19,20,19,21,21,19,2,21,0,7,0
20260826,COM,pp,16,16,16,16,0,1,19,20,20,21,14,6,0,21,0,21,0
20260630,KPI,pp,27,28,17,17,1,1,19,20,19,21,22,15,0,21,1,24,1
20260823,KIC,pp,7,7,2,2,,,19,20,20,21,19,13,0,21,0,9,0
20260823,LSR,pp,8,11,3,4,2,2,19,20,20,21,22,14,1,21,0,12,0
20260709,RSL,pp,15,15,12,13,1,3,19,20,19,21,21,12,0,21,0,18,0
20260626,SWT,pp,12,12,15,15,3,3,19,21,19,21,21,18,2,21,1,8,1
20260827,SWT,pp,9,10,10,10,1,2,19,21,19,22,20,12,0,22,4,24,0
20260722,ZEL,pp,32,33,34,35,1,1,19,20,21,22,14,4,0,22,0,23,0
20260921,NEX,cod,11,21,0,12,0,1,19,20,21,22,11,7,0,22,0,23,0
20260822,ESA,cod,34,35,57,57,0,1,19,21,20,22,13,9,2,22,0,10,0
20260907,LKH,pp,50,50,49,50,,,19,20,19,22,19,17,1,22,0,56,0
20260831,SWL,pp,24,24,22,24,3,4,19,19,20,22,22,17,1,22,0,16,0
20260731,BBO,pp,17,17,16,17,,,19,20,20,22,22,20,2,22,0,25,0
20260913,ALW,pp,19,20,26,26,0,1,19,21,20,22,14,5,0,22,10,24,9
20260824,SOL,pp,31,33,22,24,,,19,21,20,22,22,12,2,22,0,8,0
20260706,RLL,pp,15,15,15,16,2,3,19,20,21,22,18,15,0,22,1,17,0
20260803,RSL,pp,27,29,27,27,0,1,19,22,20,23,19,12,0,23,0,18,0
20260806,NKD,pp,11,11,15,18,1,1,19,21,21,23,24,18,1,23,0,16,0
20260913,CUH,pp,14,14,13,14,,,19,22,19,23,23,20,2,23,0,8,0
20260803,LOS,pp,10,11,10,12,,,19,21,20,23,9,5,0,23,2,29,0
20260627,KPI,pp,24,24,23,24,0,1,19,23,19,23,18,10,1,23,0,14,0
20260723,KPI,pp,23,25,25,26,7,8,19,21,21,23,24,15,2,23,1,28,0
20260705,ZEL,pp,8,8,7,7,11,13,19,22,19,23,20,19,2,23,2,25,0
20260626,NEX,pp,27,29,29,30,0,1,19,20,21,23,20,12,0,23,0,9,0
20260805,SOL,pp,7,9,14,14,1,2,19,20,22,23,10,3,0,23,0,12,0
20260818,ESC,pp,27,32,25,25,6,7,19,21,20,23,18,13,3,23,1,24,0
20260629,NKD,pp,25,25,38,39,,,19,19,22,23,19,13,0,23,0,14,0
20260910,DFX,pp,51,51,43,43,0,1,19,21,19,23,20,9,3,23,0,36,0
20260918,PRH,pp,37,42,20,44,3,4,19,21,21,23,19,19,0,23,0,20,0
20260912,IOH,pp,40,46,42,44,3,3,19,21,21,23,17,12,1,23,2,50,1
20260817,LOS,pp,127,158,7,7,109,110,19,21,21,23,23,17,0,23,0,19,0
20260720,TEL,pp,53,73,19,21,11,11,19,22,21,24,35,19,2,24,2,29,1
20260811,SWL,pp,51,56,32,38,8,8,19,24,19,24,22,13,2,24,0,33,0
20260711,SWT,pp,9,10,7,8,0,1,19,21,22,24,22,18,1,24,0,16,0
20260630,EML,pp,12,12,15,15,,,19,19,20,24,16,15,2,24,0,15,0
20260916,DFX,pp,10,10,9,11,0,2,19,21,20,24,26,10,1,24,1,23,1
20260628,LSR,pp,3,6,3,3,0,2,19,23,20,24,29,18,0,24,0,9,0
20260804,BGH,pp,25,41,31,32,8,8,19,21,20,24,16,10,1,24,0,18,0
20260627,SWT,pp,9,11,9,9,5,5,19,22,22,25,24,18,2,25,0,8,0
20260814,BBO,pp,16,16,16,17,,,19,20,21,25,16,13,2,25,2,22,1
20260814,ESC,pp,26,26,26,26,0,2,19,21,21,25,20,12,1,25,0,14,0
20260820,CUH,pp,8,8,7,8,0,1,19,19,21,25,14,10,2,25,1,29,0
20260808,SWL,pp,29,29,22,23,2,3,19,22,22,25,26,19,0,25,0,29,0
20260901,ESC,pp,18,19,17,18,1,1,19,22,22,25,12,9,1,25,0,20,0
20260816,IOH,pp,10,16,18,18,7,7,19,24,20,25,30,14,4,25,0,33,0
20260727,KPI,pp,32,33,33,38,5,6,19,22,22,25,22,10,0,25,0,21,0
20260822,BGH,pp,22,26,28,28,4,4,19,24,20,25,14,10,2,25,0,20,0
20260801,LUA,cod,98,103,18,20,2,3,19,23,19,26,26,12,4,26,1,27,1
20260812,NEX,pp,299,337,104,104,10,10,19,21,23,26,14,10,1,26,1,32,0
20260629,TEL,pp,9,15,6,6,6,7,19,22,24,27,21,16,1,27,0,26,0
20260719,SDD,cod,30,31,21,23,4,5,19,21,22,27,32,15,3,27,2,37,1
20260904,LUA,cod,105,126,13,14,13,14,19,22,21,27,22,17,3,27,0,20,0
20260827,COM,pp,7,7,7,7,,,19,27,19,27,30,22,8,27,3,9,3
20260831,BGH,pp,36,41,29,29,10,10,19,21,24,27,16,9,2,27,0,22,0
20260826,BGH,pp,25,37,19,19,12,13,19,22,22,28,22,12,2,28,0,25,0
20260723,ESC,pp,35,94,27,31,58,58,19,21,25,28,26,18,2,28,0,40,0
20260725,EMB,cod,16,16,13,19,1,5,19,24,20,28,23,19,2,28,0,22,0
20260821,SDD,cod,26,32,23,29,9,13,19,26,20,28,29,16,4,28,0,25,0
20260725,BAO,cod,31,31,22,28,1,4,19,23,21,28,32,15,0,28,0,18,0
20260709,ZAA,cod,,,72,86,0,4,19,26,21,29,24,14,1,29,0,23,0
20260822,ZAA,cod,28,36,75,87,4,7,19,25,20,29,23,17,5,29,1,22,0
20260627,SDD,cod,15,16,17,19,2,3,19,26,22,30,29,16,7,30,0,17,0
20260729,SDH,cod,23,109,23,34,101,112,19,27,19,31,35,21,2,31,0,37,0
20260705,EML,cod,5,5,8,11,0,6,19,27,21,33,36,24,6,33,0,26,0
20260710,SDH,cod,44,197,10,31,94,98,19,24,19,33,23,11,5,33,4,38,2
20260819,PRH,cod,13,14,12,16,12,18,19,23,20,35,25,11,3,35,0,34,0
20260804,KPI,cod,28,28,9,14,1,5,19,25,25,35,23,13,3,35,0,27,0
20260817,BAO,cod,44,57,39,51,14,25,19,31,23,38,28,9,4,38,2,32,0
20260920,LUA,cod,1,3,0,2,0,4,19,24,22,38,37,17,2,38,2,19,1
20260903,BHH,cod,29,32,33,46,2,12,19,31,22,40,28,11,5,40,1,29,0
20260705,MSR,cod,6,6,4,5,3,8,19,29,27,42,33,13,3,42,1,51,1
20260719,SDH,cod,18,69,6,10,43,53,19,32,24,43,44,23,2,43,1,32,1
20260904,BHH,cod,44,47,30,38,1,9,19,32,22,46,26,11,4,46,0,24,0
20260713,ESC,cod,45,46,33,45,7,43,19,40,22,57,33,17,4,57,2,52,1
20260915,RLL,pp,3,4,1,1,1,2,20,20,20,20,11,9,0,20,0,7,0
20260630,BGH,pp,10,11,15,16,8,9,20,20,20,20,17,11,0,20,1,9,0
20260915,KIC,pp,16,16,17,24,1,3,20,20,20,20,22,16,0,20,1,24,0
20260806,IOH,pp,71,82,65,69,9,11,20,21,20,21,29,14,1,21,3,54,3
20260918,ESC,pp,9,11,5,9,,,20,21,20,21,19,12,1,21,,,
20260812,BAO,pp,20,22,12,12,0,1,20,21,20,21,13,10,0,21,0,15,0
20260916,ALW,pp,16,16,6,16,,,20,21,20,21,27,10,0,21,6,16,4
20260914,BGH,pp,4,4,5,6,,,20,20,20,21,15,13,1,21,0,18,0
20260916,KIC,pp,19,20,9,18,1,1,20,21,20,21,19,12,0,21,0,15,0
20260902,LSR,pp,27,33,27,29,4,4,20,21,20,21,22,13,1,21,0,12,0
20260907,ALW,cod,54,57,50,54,5,7,20,22,20,22,40,14,0,22,7,47,1
20260804,RSL,pp,17,19,19,19,2,2,20,21,21,22,16,15,1,22,0,15,0
20260830,NEX,pp,,,11,11,3,3,20,21,20,22,15,13,1,22,0,54,0
20260917,PRH,pp,35,48,27,34,10,10,20,22,20,22,22,19,0,22,1,8,0
20260721,SOL,pp,19,19,20,20,1,1,20,22,20,22,19,14,2,22,0,11,0
20260814,RSL,pp,15,15,23,25,,,20,21,21,22,15,14,0,22,0,15,0
20260830,LSR,pp,16,20,16,16,5,5,20,22,20,22,22,14,1,22,1,18,0
20260630,TEL,pp,36,52,22,24,9,9,20,20,21,23,19,16,2,23,0,22,0
20260921,CUH,pp,95,96,0,95,,,20,21,21,23,25,10,0,23,0,14,0
20260820,SWT,pp,22,23,41,50,1,2,20,22,21,23,15,14,1,23,0,18,0
20260830,SOL,pp,1,1,1,1,0,1,20,21,20,23,27,8,0,23,0,10,0
20260921,LSR,pp,16,37,0,28,6,6,20,21,22,23,22,14,0,23,0,14,0
20260901,MOH,pp,29,39,35,36,12,14,20,22,21,23,35,18,0,23,1,34,0
20260814,MOH,pp,45,52,66,69,9,9,20,22,20,23,24,9,2,23,0,29,0
20260730,NEX,pp,6,7,11,11,1,1,20,22,21,23,48,20,0,23,0,13,0
20260921,ALW,pp,15,27,0,30,3,3,20,22,21,24,22,5,0,24,0,3,0
20260723,LSR,pp,9,13,9,9,5,5,20,22,21,24,21,14,0,24,0,19,0
20260901,LSR,pp,39,50,43,44,13,13,20,22,23,25,18,11,0,25,0,28,0
20260801,BBO,pp,7,7,7,7,0,1,20,23,21,25,24,22,0,25,1,9,1
20260826,AMA,pp,14,14,1,1,0,1,20,22,20,25,23,22,1,25,0,22,0
20260902,UNC,pp,,,425,430,0,1,20,21,24,25,6,4,0,25,1,111,0
20260720,RSL,pp,17,19,14,15,4,5,20,21,24,26,20,14,1,26,0,20,0
20260919,PRH,pp,40,42,19,55,3,3,20,24,22,26,29,23,0,26,1,42,1
20260808,ESA,cod,14,14,20,22,0,2,20,25,21,26,13,11,3,26,0,15,0
20260729,RSL,pp,21,21,21,21,1,2,20,24,22,26,26,18,1,26,2,24,1
20260904,ESC,pp,10,10,10,10,,,20,24,22,27,22,15,2,27,0,12,0
20260908,NEX,pp,101,104,85,87,1,1,20,23,23,27,21,17,1,27,33,129,33
20260829,SOL,pp,20,21,42,42,1,3,20,23,25,28,17,7,0,28,2,17,0
20260921,SWL,pp,15,28,0,20,1,2,20,24,23,28,16,9,0,28,0,18,0
20260804,KPI,pp,40,43,28,28,,,20,24,21,28,27,16,3,28,2,27,1
20260723,TEL,pp,24,34,19,20,5,5,20,23,24,28,25,13,0,28,1,34,1
20260920,SWL,pp,4,14,2,7,1,2,20,23,23,28,32,17,2,28,1,30,1
20260725,LUA,cod,41,43,45,47,1,2,20,25,21,29,29,17,5,29,2,26,0
20260824,BGH,pp,21,35,13,14,17,17,20,23,24,29,27,15,1,29,1,13,0
20260819,EMB,cod,23,37,7,10,7,13,20,26,20,29,31,18,0,29,0,13,0
20260909,LOS,pp,56,60,14,16,1,2,20,20,27,29,21,9,0,29,1,156,0
20260810,EMB,cod,21,21,20,25,0,5,20,23,21,30,31,19,2,30,2,26,2
20260823,SWL,pp,38,40,36,40,3,6,20,25,24,31,30,16,1,31,2,29,1
20260801,BAO,cod,36,36,34,45,6,9,20,28,23,32,31,14,3,32,2,19,2
20260901,EMB,cod,28,29,19,27,1,4,20,23,22,33,17,16,5,33,0,34,0
20260917,DFX,pp,52,52,47,48,,,20,21,33,34,19,8,0,34,2,19,0
20260811,EMB,cod,26,27,19,23,1,6,20,29,22,35,23,19,7,35,0,18,0
20260708,EML,cod,10,12,6,9,0,4,20,25,22,35,22,19,5,35,1,30,1
20260820,LGL,pp,16,16,49,51,2,2,20,23,26,35,28,20,2,35,0,56,0
20260718,EMB,cod,18,19,14,18,1,8,20,33,21,37,27,25,5,37,0,22,0
20260813,BHH,cod,49,52,32,41,1,11,20,33,21,39,47,12,4,39,0,30,0
20260628,SDD,cod,18,18,14,14,1,4,20,31,23,39,30,16,11,39,0,24,0
20260627,SDH,cod,25,107,12,23,75,84,20,32,22,41,30,8,2,41,1,23,1
20260727,ZAA,cod,43,44,2,3,0,4,20,32,27,42,24,14,2,42,0,49,0
20260627,MSR,cod,48,52,35,40,5,14,20,38,23,45,45,23,7,45,0,26,0
20260830,KPI,cod,44,44,33,47,0,10,20,37,24,47,50,24,5,47,4,42,0
20260813,BAO,cod,40,54,28,34,10,21,20,33,24,47,31,20,4,47,0,26,0
20260921,KPI,cod,21,22,0,24,6,37,20,36,27,68,33,13,2,68,0,16,0
20260728,SOL,pp,13,13,11,11,,,21,21,21,21,17,15,0,21,7,17,0
20260727,SOL,pp,13,16,18,18,2,2,21,21,21,21,18,9,0,21,0,14,0
20260823,COM,pp,7,7,1,1,1,1,21,21,21,21,13,6,0,21,0,11,0
20260801,ESC,pp,10,10,9,10,,,21,21,21,21,26,17,0,21,0,25,0
20260721,RSL,pp,12,14,14,16,3,3,21,21,22,22,19,12,0,22,0,23,0
20260705,SWL,pp,9,13,6,7,2,2,21,22,21,22,23,22,0,22,0,4,0
20260712,NKD,pp,19,19,15,16,,,21,21,21,22,31,10,0,22,0,23,0
20260716,BBO,pp,31,32,31,31,1,1,21,22,21,22,17,13,0,22,0,22,0
20260724,ZEL,pp,17,17,16,17,,,21,22,21,22,24,20,1,22,0,15,0
20260716,BHH,pp,27,27,28,29,1,2,21,22,21,22,19,13,1,22,0,13,0
20260827,KIC,pp,18,18,18,18,,,21,21,22,23,20,16,0,23,0,23,0
20260720,BHH,pp,15,15,11,11,,,21,21,23,23,19,8,0,23,1,20,1
20260728,CUH,pp,48,49,47,48,2,2,21,22,21,23,22,19,1,23,0,22,0
20260706,IOH,pp,30,35,15,15,7,7,21,21,21,23,29,9,1,23,9,35,9
20260815,BGH,pp,11,15,9,9,7,7,21,22,22,23,18,11,1,23,1,29,0
20260820,BBO,pp,22,22,20,21,,,21,23,21,23,25,16,1,23,1,22,1
20260816,KPI,pp,77,78,58,59,1,1,21,23,22,24,28,11,1,24,1,29,0
20260814,LOS,pp,13,18,207,212,2,2,21,23,22,24,11,9,1,24,0,16,0
20260826,KIC,pp,11,11,14,15,1,1,21,24,21,24,19,10,2,24,0,20,0
20260831,BBO,pp,21,21,21,21,1,1,21,22,23,24,17,17,0,24,0,22,0
20260831,RHY,pp,14,14,12,12,,,21,22,22,24,23,19,1,24,0,44,0
20260821,RSL,pp,20,20,31,32,,,21,21,24,24,20,16,0,24,0,12,0
20260817,DFX,pp,38,38,30,30,3,3,21,24,21,25,24,11,3,25,0,14,0
20260723,ZEL,cod,17,17,18,21,2,2,21,22,21,25,16,10,3,25,0,9,0
20260831,LSR,pp,53,60,52,53,4,5,21,23,23,25,25,14,1,25,0,31,0
20260816,DFX,pp,39,39,35,38,,,21,23,23,25,26,11,1,25,1,46,0
20260811,NKD,pp,16,16,53,53,0,2,21,21,25,25,23,19,0,25,3,21,0
20260714,TEL,pp,31,43,23,23,17,17,21,23,21,25,27,13,3,25,0,26,0
20260821,IOH,pp,38,40,49,50,1,1,21,22,22,26,32,13,4,26,0,34,0
20260825,RHY,pp,10,10,30,30,0,1,21,23,23,26,22,17,1,26,0,11,0
20260625,KPI,pp,9,10,10,10,,,21,25,22,26,25,18,2,26,0,10,0
20260627,TEL,pp,18,24,26,26,3,3,21,24,23,26,21,18,2,26,0,13,0
20260803,LSR,pp,31,35,22,23,7,7,21,25,22,26,21,14,0,26,0,19,0
20260703,RSL,pp,22,25,22,22,2,3,21,25,22,26,22,16,1,26,1,25,0
20260726,ZEL,cod,5,5,3,6,,,21,23,24,26,11,4,0,26,0,20,0
20260918,VSL,pp,1,1,3,3,,,21,25,22,26,17,8,2,26,3,30,1
20260918,LSR,pp,16,26,13,26,8,8,21,24,24,27,24,16,0,27,1,30,0
20260731,SDD,cod,43,45,37,39,2,5,21,22,22,27,23,16,5,27,2,25,1
20260704,ZAA,cod,,,31,35,,,21,26,22,28,35,24,2,28,0,11,0
20260722,LUA,cod,20,20,17,22,3,4,21,22,22,28,22,14,0,28,0,24,0
20260630,RSL,pp,19,19,20,20,2,2,21,22,26,28,18,13,0,28,0,28,0
20260730,LUA,cod,113,113,82,112,2,3,21,25,22,28,33,18,3,28,1,21,1
20260824,KPI,cod,49,49,31,51,0,6,21,24,24,29,26,14,1,29,1,13,1
20260914,SDD,cod,9,10,4,4,1,5,21,24,22,29,27,17,2,29,0,20,0
20260820,RLL,pp,13,14,2,2,0,1,21,29,22,30,28,25,4,30,0,20,0
20260727,SWL,pp,21,26,24,27,9,12,21,25,23,30,17,12,3,30,3,23,3
20260821,EMB,cod,14,15,14,16,1,3,21,28,23,31,31,20,2,31,0,22,0
20260823,ESA,cod,6,6,13,13,,,21,31,21,31,37,26,7,31,0,24,0
20260910,LUA,cod,42,45,110,143,2,6,21,26,24,33,19,15,1,33,1,11,0
20260717,MSR,cod,44,55,41,49,4,11,21,31,23,34,28,13,3,34,2,25,1
20260804,EMB,cod,21,22,13,16,1,5,21,27,23,34,24,18,3,34,0,40,0
20260717,NEX,pp,26,27,22,22,1,2,21,30,25,35,28,21,6,35,0,39,0
20260724,ESC,cod,2,2,2,3,1,10,21,30,21,36,32,20,4,36,1,28,1
20260902,SDD,cod,24,26,20,22,4,12,21,31,23,36,28,20,7,36,0,17,0
20260813,SDD,cod,30,37,36,37,2,5,21,30,24,36,30,21,8,36,0,20,0
20260904,SDD,cod,18,22,16,20,3,5,21,27,25,36,23,15,5,36,1,24,0
20260806,SDD,cod,,,8,8,0,10,21,31,24,36,33,23,8,36,0,33,0
20260822,SDD,cod,20,20,15,22,4,9,21,33,23,37,26,17,6,37,0,30,0
20260915,EMB,cod,34,38,25,36,4,13,21,33,22,38,26,22,5,38,1,29,0
20260819,ZAA,cod,,,1,1,0,5,21,26,27,40,26,20,4,40,0,27,0
20260901,BHH,cod,32,32,32,46,3,11,21,33,23,40,25,8,2,40,1,26,0
20260901,LUA,cod,124,134,37,38,4,12,21,28,26,40,16,8,4,40,0,28,0
20260706,EML,cod,7,7,3,4,0,8,21,31,23,40,33,22,5,40,1,37,0
20260916,BHH,cod,24,25,12,28,0,8,21,28,24,41,31,17,1,41,0,18,0
20260809,LUA,cod,6,7,3,4,3,6,21,31,23,43,58,22,11,43,0,23,0
20260913,EMB,cod,16,17,19,25,0,6,21,33,27,43,34,26,6,43,1,37,1
20260629,EMB,cod,68,70,65,74,6,21,21,33,24,43,36,26,3,43,0,32,0
20260919,BHH,cod,23,25,0,21,1,13,21,37,21,43,34,14,1,43,3,26,1
20260709,EMB,cod,17,19,16,21,3,6,21,33,26,44,41,24,6,44,2,38,0
20260714,BHH,cod,72,74,49,68,1,6,21,38,24,44,44,19,10,44,2,31,2
20260919,EMB,cod,21,24,5,23,1,9,21,36,23,44,35,31,4,44,1,36,0
20260810,BAO,cod,46,47,47,60,1,25,21,35,25,45,31,16,3,45,2,43,1
20260811,BAO,cod,43,57,40,52,4,12,21,39,23,46,36,22,5,46,0,34,0
20260725,SDH,cod,42,230,21,39,114,120,21,30,26,47,27,15,8,47,1,37,1
20260806,MSR,cod,40,51,45,57,10,18,21,28,29,47,29,12,3,47,1,45,0
20260706,ESC,cod,108,112,55,107,3,17,21,41,22,48,49,29,5,48,3,53,1
20260711,SDD,cod,31,32,31,34,2,4,21,32,29,48,21,14,15,48,0,35,0
20260720,ESC,cod,28,29,18,27,3,23,21,41,26,53,35,27,7,53,0,44,0
20260715,NEX,pp,49,55,28,31,6,7,21,26,49,55,21,15,5,55,1,27,0
20260918,LUA,cod,19,22,34,154,0,12,21,36,27,62,35,23,10,62,0,13,0
20260822,SDH,cod,65,227,43,89,144,155,21,46,25,66,44,25,16,66,2,41,2
20260823,SDH,cod,49,208,23,34,118,135,21,45,27,70,51,30,9,70,3,38,2
20260729,SOL,pp,13,13,10,10,3,3,22,22,22,22,16,9,0,22,0,11,0
20260902,ZEL,cod,6,6,20,20,,,22,22,22,22,14,14,0,22,0,7,0
20260728,NKD,pp,18,18,15,15,4,4,22,22,22,22,20,15,0,22,5,24,0
20260904,SAC,pp,133,171,97,97,1,1,22,23,22,23,27,16,0,23,1,11,1
20260823,ESC,pp,20,21,13,14,,,22,23,22,23,25,17,1,23,3,39,0
20260819,BBO,pp,13,14,30,30,1,1,22,22,23,23,23,16,0,23,0,16,0
20260727,ZEL,pp,43,43,36,36,0,2,22,22,23,24,18,10,0,24,1,21,0
20260718,KPI,pp,26,29,24,25,2,2,22,23,23,24,28,18,0,24,0,33,0
20260918,DFX,pp,51,51,44,54,,,22,23,22,24,13,9,2,24,,,
20260720,NKD,pp,20,20,18,22,,,22,22,23,24,13,6,0,24,0,42,0
20260807,BBO,pp,17,17,17,17,0,1,22,22,23,24,23,20,0,24,0,12,0
20260701,ZEL,pp,30,43,39,39,7,7,22,23,23,25,15,8,0,25,0,18,0
20260714,SWL,pp,542,591,248,257,2,2,22,25,22,25,22,20,1,25,2,12,2
20260908,BGH,pp,32,38,17,17,5,7,22,22,24,25,18,15,0,25,0,20,0
20260829,ESC,pp,13,13,13,13,1,1,22,23,23,26,22,12,0,26,0,19,0
20260908,MOH,pp,39,45,37,41,4,6,22,24,23,26,26,14,1,26,1,42,1
20260913,PRH,pp,9,11,6,7,1,1,22,24,24,26,23,16,0,26,1,24,0
20260808,RSL,pp,12,15,15,15,2,2,22,24,23,26,22,20,1,26,1,18,1
20260809,SWL,pp,13,13,5,5,0,3,22,25,23,26,26,18,0,26,1,20,1
20260627,RSL,pp,23,24,26,28,1,1,22,24,25,27,22,15,1,27,0,14,0
20260728,TEL,pp,42,53,32,33,5,5,22,22,25,27,26,16,1,27,0,30,0
20260626,RSL,pp,13,15,20,20,3,4,22,25,23,27,22,14,0,27,0,16,0
20260721,ZEL,cod,20,20,18,21,1,2,22,27,22,28,25,18,2,28,0,27,0
20260830,SWL,pp,35,38,28,30,2,3,22,24,25,28,22,16,1,28,1,32,1
20260630,LUA,cod,20,22,16,22,2,6,22,25,24,28,17,10,0,28,0,13,0
20260629,RSL,pp,32,37,23,26,3,4,22,27,24,29,29,21,2,29,0,27,0
20260829,ZAA,cod,,,59,67,0,2,22,25,22,29,15,11,3,29,0,16,0
20260710,RSL,pp,25,29,19,19,3,4,22,26,24,29,28,17,1,29,1,19,1
20260706,SDD,cod,27,29,27,30,2,8,22,25,26,30,27,17,3,30,0,23,0
20260731,BGH,pp,16,20,13,13,6,7,22,29,23,30,23,18,5,30,1,18,0
20260727,TEL,pp,35,48,36,36,8,10,22,25,26,30,20,13,1,30,0,30,0
20260805,ZEL,cod,13,13,11,11,0,1,22,26,23,30,59,12,3,30,0,28,0
20260910,PRH,pp,31,34,23,24,6,8,22,28,24,31,30,20,2,31,0,15,0
20260916,LSR,pp,30,33,11,12,4,7,22,27,25,31,28,22,1,31,1,19,1
20260705,DFX,pp,57,60,49,56,4,4,22,23,31,32,33,18,1,32,1,41,1
20260808,SDD,cod,22,29,6,7,0,1,22,26,26,32,23,16,4,32,0,33,0
20260906,ZAA,cod,,,3,4,0,1,22,27,25,32,25,16,4,32,1,40,0
20260820,KPI,cod,25,25,21,26,0,6,22,31,23,33,32,23,3,33,1,21,1
20260906,INM,cod,67,71,68,74,0,2,22,30,25,33,40,21,0,33,1,70,1
20260820,EMB,cod,25,25,29,37,9,12,22,28,24,33,21,18,2,33,0,20,0
20260809,EMB,cod,16,16,6,11,0,2,22,30,22,33,26,20,6,33,0,16,0
20260906,LUA,cod,4,6,3,3,1,4,22,30,23,34,25,13,3,34,1,49,0
20260814,IGS,pp,2,20,14,14,281,281,22,26,24,35,22,18,3,35,0,33,0
20260817,ZAA,cod,,,57,66,1,8,22,30,23,35,34,24,6,35,0,29,0
20260916,ESA,cod,27,29,15,29,2,4,22,28,27,35,23,18,3,35,0,12,0
20260915,SDD,cod,10,10,8,13,0,2,22,28,24,35,19,14,2,35,2,9,1
20260818,SDD,cod,32,35,38,52,13,17,22,25,30,35,16,10,3,35,0,38,0
20260723,BAO,cod,18,19,18,22,1,7,22,30,25,36,34,19,4,36,0,25,0
20260714,IGS,pp,115,119,185,185,149,151,22,27,25,38,22,10,5,38,1,52,1
20260912,LGL,pp,1,1,30,31,0,1,22,28,29,38,24,15,1,38,0,19,0
20260627,EMB,cod,51,52,50,62,2,4,22,32,25,39,36,27,4,39,0,22,0
20260729,MSR,cod,73,80,51,66,7,13,22,30,24,39,32,17,3,39,2,49,1
20260831,BHH,cod,35,39,54,77,6,17,22,29,25,40,31,11,5,40,1,22,1
20260808,KPI,cod,17,17,12,16,0,4,22,35,23,40,26,20,8,40,0,22,0
20260706,MSR,cod,38,52,26,31,8,16,22,35,22,40,35,19,5,40,0,40,0
20260911,BHH,cod,18,19,16,24,1,10,22,30,24,40,28,8,2,40,1,56,0
20260827,BHH,cod,24,26,17,28,3,11,22,29,23,41,31,12,6,41,4,31,2
20260716,SDD,cod,43,44,39,42,2,4,22,31,28,42,28,18,13,42,0,34,0
20260918,INM,cod,57,57,13,53,,,22,30,26,43,36,19,9,43,0,19,0
20260723,SDD,cod,36,37,42,43,4,7,22,33,25,43,28,22,15,43,0,37,0
20260807,SWL,pp,24,27,19,22,3,4,22,25,29,45,21,18,4,45,0,12,0
20260912,LUA,cod,24,30,23,28,2,11,22,39,24,45,52,32,7,45,2,27,2
20260815,LUA,cod,38,68,8,9,23,27,22,30,31,45,53,18,3,45,1,24,1
20260829,BHH,cod,34,36,6,10,3,12,22,33,25,45,28,11,4,45,2,24,0
20260813,SDH,cod,38,175,20,35,128,140,22,35,23,47,26,12,5,47,1,30,1
20260807,SDH,cod,38,136,18,40,69,84,22,40,22,48,35,28,7,48,0,19,0
20260804,MSR,cod,73,79,44,61,6,16,22,40,25,51,41,19,8,51,0,54,0
20260824,SDD,cod,17,19,8,12,2,10,22,34,32,53,31,21,14,53,1,39,0
20260706,EMB,cod,35,35,31,44,1,15,22,38,28,53,34,22,11,53,0,61,0
20260820,BHH,cod,18,23,17,23,7,24,22,40,26,56,46,18,4,56,4,54,1
20260902,KPI,cod,59,60,46,62,0,15,22,36,27,60,44,19,6,60,0,39,0
20260818,SDH,cod,48,208,23,42,189,203,22,46,28,66,46,26,13,66,2,64,1
20260919,KPI,cod,20,20,6,30,0,17,22,46,29,77,40,24,6,77,5,50,4
20260812,NKD,pp,34,34,14,14,3,3,23,23,23,23,47,22,0,23,0,25,0
20260803,NKD,pp,29,29,25,25,1,1,23,23,23,23,20,19,0,23,0,30,0
20260901,LKH,pp,15,15,15,15,,,23,23,23,23,21,19,0,23,0,9,0
20260831,ESC,pp,9,11,17,17,2,2,23,23,23,23,24,14,0,23,0,30,0
20260907,SOL,pp,25,25,24,24,,,23,23,24,24,20,13,0,24,0,37,0
20260825,KIC,pp,13,13,15,16,0,1,23,24,23,24,29,13,0,24,0,18,0
20260811,BBO,pp,30,32,30,30,2,3,23,25,23,25,28,20,1,25,0,10,0
20260721,BGH,pp,27,38,13,13,11,11,23,24,23,25,22,13,1,25,0,14,0
20260726,KPI,pp,31,31,24,24,7,7,23,24,24,25,24,16,0,25,0,42,0
20260702,EML,pp,6,6,4,4,,,23,23,26,26,24,22,0,26,0,16,0
20260718,RLL,pp,8,8,6,6,2,2,23,25,23,26,21,18,2,26,1,7,0
20260729,KPI,pp,39,47,34,36,7,7,23,25,24,26,29,16,2,26,0,28,0
20260820,ESC,pp,16,17,24,24,,,23,25,23,26,30,13,2,26,0,24,0
20260822,SWT,pp,17,17,42,42,1,1,23,26,24,27,26,17,2,27,0,16,0
20260728,EMB,pp,56,59,53,54,2,3,23,26,23,27,21,16,2,27,1,40,1
20260706,TEL,pp,19,28,21,23,10,10,23,25,25,27,23,17,0,27,0,14,0
20260708,TEL,pp,20,34,8,8,24,24,23,25,23,27,21,18,1,27,0,23,0
20260905,ESC,pp,15,16,14,15,,,23,24,25,27,20,13,0,27,0,4,0
20260701,KPI,pp,37,37,36,37,2,2,23,24,27,28,21,17,0,28,0,30,0
20260726,NEX,pp,1,1,4,4,0,1,23,27,24,28,36,24,0,28,0,20,0
20260828,DFX,pp,35,35,29,29,,,23,23,26,28,22,13,1,28,1,63,0
20260906,SDD,cod,35,41,16,25,0,1,23,23,23,28,24,17,4,28,1,36,0
20260718,RSL,pp,17,21,15,17,3,3,23,27,23,28,24,20,2,28,0,12,0
20260818,ESA,cod,27,30,10,10,3,6,23,25,26,28,17,7,1,28,1,28,1
20260825,SOL,pp,29,29,28,28,,,23,26,25,28,22,12,3,28,0,34,0
20260731,ZEL,pp,28,28,20,20,,,23,25,23,29,37,15,3,29,0,18,0
20260909,ALW,cod,42,49,34,36,1,2,23,28,23,29,42,8,2,29,8,57,2
20260630,NEX,pp,14,15,58,60,3,3,23,25,25,29,37,9,2,29,0,27,0
20260918,SWL,pp,27,28,16,34,1,2,23,23,27,29,28,17,0,29,0,22,0
20260625,ZAA,cod,,,31,34,0,1,23,29,23,29,16,12,4,29,0,11,0
20260820,BGH,pp,15,22,17,17,12,12,23,26,25,29,20,10,2,29,0,26,0
20260726,TEL,pp,7,10,14,14,2,2,23,27,23,30,31,21,5,30,0,32,0
20260815,MOH,pp,2,2,4,4,1,3,23,28,23,30,25,15,1,30,0,23,0
20260806,EMB,cod,26,26,21,29,1,8,23,25,23,30,30,24,2,30,1,22,1
20260708,LSR,pp,4,7,9,9,3,3,23,26,26,30,29,21,2,30,1,18,1
20260919,LOS,pp,23,27,6,27,7,7,23,26,23,30,32,17,1,30,0,35,0
20260920,PRH,pp,4,8,2,5,,,23,25,27,31,36,21,0,31,0,27,0
20260728,SWL,pp,21,25,23,24,4,4,23,27,26,31,31,20,2,31,0,22,0
20260818,DFX,pp,36,36,38,39,,,23,30,24,32,22,13,3,32,2,26,0
20260802,SDD,cod,16,24,25,29,1,3,23,28,27,32,36,21,3,32,0,25,0
20260820,IGS,pp,0,107,285,295,16,16,23,27,23,32,29,21,4,32,0,6,0
20260827,EMB,cod,35,35,24,31,2,5,23,29,24,33,27,22,3,33,0,25,0
20260803,DFX,pp,14,14,17,18,0,1,23,26,27,33,20,14,3,33,0,22,0
20260717,EMB,cod,29,30,29,32,3,6,23,27,28,34,25,18,0,34,0,26,0
20260701,LUA,cod,21,25,25,29,3,7,23,30,24,34,23,16,3,34,0,31,0
20260816,SDD,cod,33,40,10,13,4,4,23,30,24,35,27,18,8,35,1,36,1
20260914,PRH,pp,39,43,19,21,11,13,23,31,25,36,29,24,2,36,0,28,0
20260721,EMB,cod,35,36,28,35,1,10,23,33,25,37,24,21,2,37,1,28,1
20260819,DFX,pp,29,29,36,36,3,5,23,27,33,39,27,17,2,39,1,32,0
20260912,MSR,cod,39,42,27,33,6,9,23,35,23,40,38,21,6,40,2,76,0
20260827,LUA,cod,16,18,61,82,6,12,23,33,28,41,26,16,5,41,0,33,0
20260720,BAO,cod,44,48,30,36,4,11,23,32,24,43,26,16,2,43,2,29,0
20260911,UNC,pp,132,132,302,309,0,2,23,27,30,44,20,14,4,44,,,
20260822,LUA,cod,20,22,23,27,5,10,23,32,29,46,29,14,1,46,4,45,1
20260917,MSR,cod,44,56,18,46,19,32,23,35,24,46,41,20,8,46,0,13,0
20260813,LUA,cod,82,91,18,19,2,11,23,34,27,46,44,19,7,46,2,31,0
20260824,BHH,cod,32,34,32,38,2,23,23,37,25,46,30,13,6,46,6,29,4
20260723,SDH,cod,31,121,16,23,68,89,23,41,24,50,37,24,3,50,0,38,0
20260803,SDH,cod,45,145,37,55,97,107,23,40,25,50,23,18,6,50,1,28,0
20260713,EMB,cod,42,43,19,33,1,13,23,38,29,51,38,30,8,51,1,38,1
20260625,ZEL,pp,29,29,28,28,2,2,24,24,24,24,19,16,0,24,0,4,0
20260718,ZEL,pp,16,16,18,19,,,24,24,24,24,23,13,0,24,0,18,0
20260904,MOH,pp,33,40,25,26,8,8,24,25,24,25,18,13,0,25,0,28,0
20260914,IOH,pp,32,37,18,22,8,8,24,24,24,25,28,14,0,25,0,72,0
20260902,KIC,pp,19,21,21,21,4,4,24,25,24,25,17,11,1,25,1,16,0
20260903,NEX,cod,17,17,14,15,,,24,24,25,25,24,20,0,25,0,8,0
20260829,INM,pp,214,218,193,196,5,5,24,25,24,25,57,20,1,25,0,5,0
20260911,IOH,pp,32,36,39,42,6,6,24,24,25,25,26,12,0,25,0,14,0
20260807,DFX,pp,18,18,15,15,,,24,26,24,27,18,17,0,27,0,28,0
20260901,SWL,pp,43,43,36,36,3,4,24,26,25,27,30,18,1,27,0,23,0
20260824,ESC,pp,21,22,42,46,3,3,24,25,26,27,28,19,0,27,0,21,0
20260702,LOS,pp,37,40,17,17,1,4,24,25,27,28,15,13,0,28,0,48,0
20260629,SWT,pp,32,34,15,16,2,2,24,25,27,28,20,19,1,28,0,20,0
20260921,LOS,pp,11,19,0,17,6,8,24,25,26,28,37,16,1,28,0,17,0
20260719,KPI,pp,27,28,23,26,3,3,24,26,25,28,32,18,1,28,1,31,0
20260902,DFX,pp,37,37,38,38,,,24,26,26,28,36,11,1,28,1,29,0
20260821,BGH,pp,29,42,26,27,12,13,24,24,28,28,19,12,0,28,1,29,1
20260825,ESA,cod,15,17,9,9,2,2,24,27,25,29,27,13,2,29,1,12,1
20260913,MOH,pp,6,6,11,11,0,1,24,28,24,29,38,23,1,29,1,36,0
20260627,EML,pp,16,16,16,16,0,1,24,25,26,30,26,24,2,30,0,19,0
20260816,BGH,pp,5,7,8,10,6,6,24,27,26,30,32,21,2,30,1,21,0
20260919,IOH,pp,57,66,1,49,8,8,24,25,29,30,25,9,0,30,0,51,0
20260729,MOH,pp,27,31,40,45,6,7,24,28,26,30,31,13,1,30,1,41,0
20260917,LOS,pp,24,44,19,35,10,12,24,28,26,30,25,14,2,30,0,10,0
20260809,MOH,pp,9,11,14,14,1,1,24,28,26,31,31,19,1,31,2,31,1
20260716,KPI,pp,27,33,28,29,4,4,24,26,28,31,23,15,0,31,0,23,0
20260706,RSL,pp,43,46,40,40,2,3,24,26,25,31,30,20,2,31,1,20,0
20260816,LGL,pp,13,26,28,28,0,1,24,28,24,32,49,18,2,32,0,35,0
20260829,DFX,pp,42,42,46,47,2,2,24,28,27,32,22,15,2,32,0,33,0
20260827,ESC,pp,20,20,20,20,2,7,24,31,26,33,24,17,0,33,0,36,0
20260715,LUA,cod,18,18,14,15,0,4,24,28,28,33,26,13,1,33,0,12,0
20260919,BBO,pp,19,19,5,19,,,24,32,24,33,29,26,2,33,0,73,0
20260723,EMB,cod,21,21,14,20,0,4,24,28,26,33,27,24,2,33,0,27,0
20260811,NEX,pp,9,12,11,11,5,6,24,30,24,33,39,22,6,33,0,18,0
20260826,NEX,pp,64,65,70,71,2,3,24,27,28,33,36,14,1,33,0,60,0
20260822,RLL,pp,12,14,6,6,0,3,24,29,26,35,25,23,2,35,0,23,0
20260625,EMB,cod,31,33,19,24,3,5,24,35,24,35,28,21,2,35,0,10,0
20260824,PRH,cod,11,11,7,8,2,17,24,31,25,35,27,17,1,35,0,26,0
20260812,ZAA,cod,,,2,2,0,1,24,29,26,36,27,13,6,36,2,30,0
20260818,BAO,cod,32,36,28,36,16,21,24,30,28,36,22,12,3,36,1,26,1
20260725,SDD,cod,22,23,21,23,0,1,24,29,28,36,35,21,4,36,0,29,0
20260803,ZEL,cod,11,11,12,14,1,7,24,31,26,36,21,15,4,36,0,9,0
20260628,MSR,cod,9,9,5,5,2,6,24,33,27,39,40,20,6,39,0,36,0
20260814,SDD,cod,21,24,23,25,13,14,24,31,30,39,33,18,7,39,0,31,0
20260807,SDD,cod,76,96,68,73,8,12,24,31,30,40,28,18,6,40,1,32,0
20260721,SDD,cod,32,33,38,41,0,7,24,31,26,41,32,20,9,41,1,29,0
20260830,LUA,cod,9,10,4,4,3,7,24,34,27,43,42,21,6,43,0,41,0
20260908,EMB,cod,31,32,36,45,4,11,24,33,29,43,29,24,4,43,1,59,0
20260704,EML,cod,5,6,8,12,0,8,24,35,27,45,34,31,4,45,0,41,0
20260719,NKD,pp,23,23,24,25,,,24,45,24,45,43,30,0,45,1,3,1
20260628,EML,cod,29,30,42,52,0,3,24,34,26,45,25,18,9,45,0,45,0
20260728,MSR,cod,52,62,40,52,5,17,24,38,26,46,41,24,5,46,0,44,0
20260703,DFX,pp,57,57,36,36,1,4,24,30,31,46,24,12,11,46,1,26,1
20260803,BHH,cod,2,4,3,3,3,25,24,35,26,47,15,9,7,47,4,41,1
20260703,EML,cod,2,3,19,27,0,6,24,35,26,47,31,27,4,47,0,46,0
20260628,SDH,cod,19,95,15,27,59,71,24,45,25,51,46,28,5,51,3,65,3
20260828,MSR,cod,23,26,12,13,8,22,24,40,28,54,53,16,8,54,3,65,0
20260805,LUA,cod,118,142,16,18,3,17,24,41,30,56,59,25,7,56,1,40,1
20260718,ESC,cod,19,19,11,19,2,16,24,40,27,57,38,29,5,57,1,47,0
20260909,KPI,cod,72,72,64,79,5,24,24,41,28,60,32,19,7,60,0,36,0
20260629,SDH,cod,32,125,12,30,96,113,24,49,27,67,53,29,8,67,1,45,1
20260807,NEX,pp,7,19,8,8,1,1,25,25,25,25,27,25,0,25,0,3,0
20260824,NKD,pp,51,51,11,11,,,25,25,25,25,21,17,0,25,0,8,0
20260626,SWE,pp,14,14,11,11,,,25,25,26,26,27,23,0,26,0,6,0
20260830,ZEL,pp,6,6,4,4,,,25,25,25,26,32,19,1,26,0,29,0
20260904,NEX,pp,6,7,11,11,1,1,25,25,26,26,29,23,0,26,0,4,0
20260829,LSR,pp,22,24,23,26,6,6,25,25,25,26,29,18,1,26,0,18,0
20260828,ZEL,pp,8,8,7,8,,,25,26,26,27,14,4,1,27,0,23,0
20260802,ESC,pp,14,14,10,15,,,25,27,25,27,21,17,2,27,1,55,0
20260828,ESC,pp,27,29,27,27,1,1,25,25,26,27,35,20,0,27,0,15,0
20260728,IOH,pp,43,44,36,36,4,4,25,28,25,28,27,13,3,28,0,44,0
20260910,LSR,pp,34,40,34,38,12,12,25,26,26,28,25,18,0,28,1,7,0
20260628,RSL,pp,2,2,3,4,1,1,25,27,26,28,27,22,0,28,0,20,0
20260914,LOS,pp,22,23,23,23,3,3,25,27,26,28,17,14,0,28,0,61,0
20260724,KPI,pp,25,31,21,24,1,2,25,25,27,28,37,18,0,28,0,23,0
20260805,SWL,pp,29,29,29,31,5,7,25,28,25,29,18,14,1,29,0,14,0
20260807,TEL,pp,36,52,32,33,17,17,25,27,25,29,25,19,2,29,0,25,0
20260715,BGH,pp,21,29,16,16,6,8,25,25,27,29,28,21,0,29,0,12,0
20260919,NEX,cod,8,8,0,10,0,1,25,27,27,29,17,16,0,29,0,13,0
20260722,IOH,pp,31,40,26,27,8,9,25,25,29,29,31,12,0,29,2,38,2
20260725,TEL,pp,48,58,51,51,9,9,25,26,27,29,18,11,2,29,0,31,0
20260915,SAC,pp,104,110,74,85,11,11,25,27,27,30,19,15,1,30,1,2,1
20260704,IOH,pp,50,59,131,134,10,10,25,27,27,30,38,25,1,30,5,97,1
20260912,PRH,pp,21,30,34,37,2,3,25,27,27,30,28,20,1,30,0,28,0
20260829,KIC,pp,17,18,11,11,,,25,30,25,30,20,10,4,30,0,17,0
20260914,SWL,pp,27,28,21,21,0,1,25,27,27,31,20,13,1,31,2,44,2
20260904,LSR,pp,26,29,24,25,10,10,25,27,28,31,34,21,1,31,2,19,1
20260625,EML,pp,30,30,16,16,0,1,25,31,25,31,27,22,2,31,0,7,0
20260625,NEX,pp,13,17,2,2,26,26,25,30,26,31,39,23,2,31,0,1,0
20260915,ZEL,pp,9,9,15,15,,,25,28,28,32,27,18,0,32,0,16,0
20260831,ZEL,pp,40,46,18,18,4,5,25,32,25,32,28,20,7,32,0,21,0
20260807,ZEL,cod,18,18,14,15,1,6,25,28,26,32,16,14,4,32,0,30,0
20260810,NKD,pp,55,55,36,36,0,1,25,31,26,33,24,22,6,33,0,40,0
20260819,BAO,cod,44,44,32,44,2,6,25,28,29,34,27,16,1,34,1,37,0
20260905,SWL,pp,35,37,29,32,5,9,25,31,26,34,29,24,1,34,0,18,0
20260627,IGS,pp,21,41,14,14,50,52,25,32,25,34,45,24,3,34,0,47,0
20260731,LUA,cod,40,42,29,38,5,10,25,29,28,35,33,21,2,35,0,15,0
20260629,FLP,pp,41,41,37,41,0,3,25,29,28,35,27,24,4,35,0,31,0
20260907,ESA,cod,16,17,7,7,2,2,25,28,30,35,20,18,2,35,0,30,0
20260812,SDD,cod,29,35,27,31,15,16,25,31,28,36,40,21,5,36,0,14,0
20260724,BAO,cod,19,19,15,19,0,4,25,32,26,36,22,15,3,36,0,30,0
20260908,SWL,pp,36,37,40,42,0,2,25,27,33,37,22,15,0,37,1,38,0
20260722,ZAA,cod,,,17,19,1,6,25,31,27,37,27,17,1,37,1,23,1
20260914,EMB,cod,32,35,23,33,5,10,25,31,29,38,35,25,4,38,1,25,0
20260727,BAO,cod,59,66,32,51,0,5,25,31,26,39,24,18,4,39,0,35,0
20260905,INM,cod,59,59,68,71,0,2,25,34,26,39,24,15,10,39,0,39,0
20260917,LSR,pp,22,26,5,34,2,3,25,31,32,39,33,24,1,39,2,9,0
20260825,KPI,cod,63,63,42,60,0,5,25,37,25,39,32,19,7,39,1,34,0
20260825,BHH,cod,36,39,18,26,3,9,25,32,27,40,29,10,6,40,2,32,1
20260913,LUA,cod,4,6,74,130,1,6,25,34,29,41,36,23,3,41,0,25,0
20260816,TEL,pp,21,31,20,20,11,11,25,36,28,43,51,28,7,43,0,34,0
20260728,SDD,cod,31,32,20,21,2,4,25,28,39,45,27,18,5,45,1,36,0
20260722,NKD,pp,30,31,19,19,,,25,25,45,45,25,22,0,45,0,18,0
20260727,SDD,cod,22,27,19,20,4,6,25,41,27,48,30,22,16,48,1,33,1
20260708,MSR,cod,36,39,28,34,4,8,25,39,30,50,33,17,8,50,1,39,0
20260822,BHH,cod,31,31,23,30,3,15,25,41,27,52,26,11,3,52,3,34,2
20260823,SDD,cod,24,26,20,26,0,6,25,47,30,55,52,38,17,55,1,40,1
20260910,KPI,cod,59,61,42,58,5,23,25,44,31,58,52,27,6,58,1,52,0
20260820,SDH,cod,86,284,45,84,157,169,25,46,28,71,44,27,12,71,3,58,1
20260830,RHY,pp,,,15,15,,,26,26,26,26,27,25,0,26,0,7,0
20260904,ZEL,pp,18,18,34,35,0,1,26,27,26,27,27,23,0,27,0,18,0
20260921,IOH,pp,23,85,0,40,16,16,26,27,26,27,34,18,0,27,0,6,0
20260801,EMB,pp,38,39,43,43,2,2,26,26,27,27,28,20,0,27,0,41,0
20260910,IOH,pp,80,86,71,71,10,10,26,27,26,27,21,12,0,27,0,28,0
20260728,KPI,pp,33,35,29,32,4,4,26,26,26,27,24,16,0,27,0,19,0
20260717,KPI,pp,21,24,18,19,,,26,27,26,27,28,20,0,27,0,43,0
20260906,MOH,pp,10,10,10,15,,,26,27,26,28,34,17,1,28,3,59,2
20260824,SWT,pp,29,30,29,32,2,2,26,27,27,28,33,20,1,28,1,19,0
20260921,SOL,pp,7,32,0,11,,,26,28,26,28,25,14,0,28,1,7,1
20260910,MOH,pp,20,26,21,23,5,5,26,27,27,28,25,17,0,28,2,23,2
20260908,ZEL,pp,37,40,59,59,,,26,27,26,28,25,21,1,28,0,44,0
20260626,BSS,pp,61,67,92,92,,,26,28,26,28,31,11,1,28,0,29,0
20260812,TEL,pp,90,116,78,78,24,24,26,27,27,29,26,15,1,29,1,39,1
20260727,CUH,pp,42,44,40,42,,,26,27,28,29,29,24,1,29,0,17,0
20260808,NEX,cod,13,13,5,5,,,26,29,26,29,24,20,0,29,0,8,0
20260820,DFX,pp,57,57,55,56,,,26,27,27,30,39,14,3,30,0,30,0
20260704,KPI,pp,25,25,14,14,,,26,29,26,30,32,21,2,30,0,24,0
20260911,DFX,pp,37,37,47,49,0,1,26,28,28,30,33,16,0,30,0,22,0
20260804,ZEL,pp,27,27,19,20,,,26,27,28,30,18,13,1,30,0,25,0
20260626,KPI,pp,23,24,23,23,0,1,26,28,28,30,30,17,1,30,0,16,0
20260814,TEL,pp,40,60,58,65,21,21,26,28,27,30,26,23,2,30,0,34,0
20260911,BBO,pp,19,19,18,19,,,26,28,28,31,31,27,0,31,0,1,0
20260821,BBO,pp,16,16,16,17,,,26,28,26,31,28,24,3,31,0,12,0
20260710,KPI,pp,52,53,63,65,1,2,26,27,29,31,31,18,0,31,0,31,0
20260916,BGH,pp,17,21,13,19,2,2,26,29,28,31,22,20,2,31,0,25,0
20260916,PRH,pp,28,33,21,25,6,7,26,28,29,31,28,23,0,31,2,37,1
20260907,NEX,pp,9,9,4,5,,,26,29,26,31,24,18,2,31,1,109,0
20260715,ZAA,cod,,,51,57,0,5,26,29,27,32,36,25,1,32,0,18,0
20260819,ESC,pp,20,20,16,16,1,2,26,28,30,32,28,17,0,32,0,24,0
20260802,KPI,pp,31,31,29,29,3,3,26,29,28,32,33,21,2,32,1,37,0
20260916,MOH,pp,45,50,22,33,6,6,26,29,28,32,25,15,1,32,3,31,3
20260817,ESA,cod,27,29,14,17,3,8,26,27,27,33,24,13,1,33,0,11,0
20260827,BGH,pp,20,31,24,24,3,4,26,27,29,33,25,16,3,33,0,21,0
20260825,BGH,pp,17,24,25,25,8,9,26,31,26,33,35,22,2,33,0,22,0
20260828,AWP,pp,28,28,13,13,,,26,29,30,33,40,10,2,33,4,88,1
20260729,IOH,pp,43,47,34,35,4,4,26,28,30,33,27,16,2,33,0,37,0
20260813,BBO,pp,27,27,25,26,1,1,26,31,28,34,31,26,3,34,0,30,0
20260722,ESC,pp,34,40,33,36,5,6,26,30,29,34,28,23,3,34,0,39,0
20260915,DFX,pp,26,26,25,25,,,26,28,30,34,17,10,2,34,1,49,0
20260903,SWL,pp,25,30,39,40,4,4,26,29,30,34,26,21,1,34,0,28,0
20260727,LUA,cod,40,45,20,23,3,5,26,30,28,34,28,18,3,34,0,23,0
20260904,UNC,pp,110,110,104,114,,,26,28,29,34,29,23,0,34,5,29,3
20260811,TEL,pp,48,79,65,70,18,18,26,28,31,35,40,26,1,35,0,23,0
20260804,SDD,cod,29,32,26,28,7,7,26,33,28,35,26,21,6,35,0,32,0
20260906,SWL,pp,25,25,22,23,,,26,30,30,35,32,24,1,35,2,58,0
20260719,ESC,pp,33,34,30,33,,,26,31,30,35,35,21,2,35,0,27,0
20260905,ZAA,cod,4,4,9,13,9,12,26,34,28,37,31,21,5,37,1,26,1
20260806,ZAA,cod,2,2,82,92,0,3,26,28,30,37,25,14,4,37,1,33,1
20260803,TEL,pp,42,61,45,61,21,24,26,32,30,38,23,18,2,38,0,23,0
20260626,MSR,cod,39,45,43,45,12,18,26,35,28,40,30,18,2,40,0,23,0
20260903,EMB,cod,69,72,51,61,4,11,26,35,28,41,40,27,4,41,0,28,0
20260902,INM,cod,57,57,40,43,4,10,26,40,28,42,44,24,4,42,0,27,0
20260629,SDD,cod,23,26,22,23,2,2,26,32,33,43,25,19,9,43,0,31,0
20260816,BAO,cod,,,1,1,10,16,26,37,29,44,43,21,6,44,1,29,0
20260806,KPI,cod,23,23,12,16,0,11,26,39,27,45,31,22,3,45,0,25,0
20260811,ZAA,cod,,,66,77,2,7,26,38,30,45,42,23,5,45,0,33,0
20260916,EMB,cod,32,32,18,32,3,4,26,35,31,45,33,28,5,45,1,33,1
20260917,EMB,cod,26,26,12,27,2,6,26,32,27,45,33,30,8,45,0,25,0
20260827,DFX,pp,42,42,41,42,0,1,26,34,36,45,30,18,3,45,0,23,0
20260825,BAO,cod,,,1,1,3,18,26,40,27,46,38,27,1,46,0,38,0
20260712,BSS,pp,27,38,49,49,4,4,26,49,26,49,82,30,23,49,2,57,2
20260703,ESC,cod,56,58,35,56,7,19,26,38,29,49,42,24,5,49,0,45,0
20260709,SDD,cod,34,37,28,30,3,5,26,39,32,49,40,23,14,49,0,33,0
20260829,LUA,cod,26,29,15,18,6,12,26,38,30,52,41,19,8,52,1,43,1
20260705,ESC,cod,67,70,44,68,2,16,26,40,32,52,38,30,2,52,1,50,1
20260813,MSR,cod,91,98,60,74,10,25,26,38,33,53,40,20,3,53,0,52,0
20260721,SDH,cod,19,98,7,20,84,101,26,41,29,53,40,18,9,53,1,36,0
20260829,KPI,cod,52,52,25,38,0,11,26,46,28,53,42,25,6,53,0,42,0
20260702,ESC,cod,53,55,33,53,7,19,26,47,33,58,46,34,5,58,2,48,1
20260814,PRH,cod,14,14,18,25,0,12,26,48,28,59,48,29,11,59,0,26,0
20260626,ESC,cod,28,28,22,28,8,26,26,47,28,59,40,32,11,59,0,36,0
20260817,PRH,cod,19,20,21,22,3,17,26,43,30,60,39,23,5,60,0,39,0
20260901,KPI,cod,79,80,50,81,1,14,26,46,33,68,42,23,7,68,0,64,0
20260918,KPI,cod,43,44,19,39,2,21,26,54,31,70,62,39,13,70,5,64,4
20260712,ESC,cod,38,40,24,39,2,24,26,55,29,72,60,29,8,72,5,66,0
20260919,INW,cod,46,63,27,43,0,9,26,49,44,73,57,22,2,73,3,41,1
20260726,DFX,pp,49,49,37,39,1,40,26,71,28,75,77,60,6,75,2,46,1
20260726,ZEL,pp,12,12,20,21,,,27,27,27,27,23,18,0,27,1,27,0
20260919,NEX,pp,5,5,1,9,,,27,27,27,27,23,19,0,27,0,9,0
20260721,BHH,pp,7,7,11,11,,,27,27,27,27,19,12,0,27,0,19,0
20260907,NKD,pp,8,8,13,13,,,27,27,27,27,19,15,0,27,0,46,0
20260814,NKD,pp,43,43,60,60,,,27,27,27,27,24,23,0,27,0,17,0
20260731,LGL,pp,42,44,33,35,,,27,28,28,29,28,28,0,29,0,47,0
20260726,ESC,pp,12,19,13,13,5,5,27,29,27,29,25,17,0,29,0,33,0
20260810,SWL,pp,47,52,42,47,6,11,27,29,27,29,32,23,0,29,0,25,0
20260906,IOH,pp,11,15,9,9,3,6,27,28,27,29,42,14,0,29,2,88,1
20260701,NKD,pp,5,5,8,8,0,1,27,29,28,30,33,28,0,30,0,16,0
20260813,MOH,pp,74,87,47,50,13,13,27,28,28,30,34,18,1,30,1,32,0
20260821,MOH,pp,40,50,40,41,4,4,27,29,28,30,36,15,2,30,0,29,0
20260720,KPI,pp,19,21,22,23,2,2,27,29,28,30,24,16,1,30,0,29,0
20260818,BGH,pp,27,43,25,26,13,14,27,29,28,31,33,17,2,31,2,34,2
20260903,LOS,pp,22,23,39,40,0,2,27,30,27,31,38,21,2,31,2,54,0
20260901,ESA,cod,32,43,29,30,,,27,29,29,31,13,9,2,31,0,18,0
20260626,PRE,pp,,,10,10,0,1,27,31,27,31,36,23,1,31,0,12,0
20260703,KPI,pp,43,43,44,47,2,2,27,28,29,31,26,19,1,31,0,32,0
20260803,BBO,pp,43,43,42,43,,,27,29,30,32,33,26,1,32,0,23,0
20260914,LSR,pp,25,27,28,30,3,3,27,28,29,32,28,19,1,32,0,40,0
20260805,ESA,cod,18,23,19,21,7,8,27,30,28,32,13,8,2,32,0,15,0
20260918,SDD,pp,19,21,23,39,2,2,27,28,31,32,27,20,0,32,1,13,1
20260722,KPI,pp,29,30,26,28,4,4,27,30,28,32,24,18,2,32,1,27,0
20260720,IOH,pp,73,75,48,48,4,4,27,29,29,32,36,17,1,32,0,48,0
20260901,EMB,pp,44,49,35,37,2,2,27,29,29,32,36,27,1,32,0,31,0
20260827,ESA,cod,20,20,15,15,0,1,27,28,29,32,31,20,1,32,0,18,0
20260817,LGL,pp,61,72,65,67,0,3,27,30,28,33,21,0,0,33,1,36,1
20260915,PRH,pp,39,44,34,38,5,7,27,28,32,33,28,22,0,33,0,33,0
20260808,IOH,pp,54,62,66,66,5,5,27,30,30,33,34,21,1,33,1,54,1
20260911,ALW,cod,73,73,54,65,10,13,27,31,27,33,31,11,0,33,7,52,4
20260813,DFX,pp,21,21,30,30,3,3,27,30,28,33,36,19,3,33,0,28,0
20260915,LSR,pp,17,22,15,17,6,7,27,30,30,33,24,19,2,33,2,27,2
20260813,SWL,pp,43,45,54,60,0,2,27,32,28,34,32,23,1,34,0,31,0
20260810,TEL,pp,69,94,28,28,19,19,27,31,28,34,26,22,2,34,1,36,1
20260812,BBO,pp,17,17,17,17,,,27,32,30,35,31,25,2,35,0,24,0
20260819,BGH,pp,29,43,34,37,7,7,27,32,30,35,32,17,2,35,1,37,1
20260909,MOH,pp,31,37,37,37,12,16,27,32,27,35,26,19,2,35,2,49,2
20260804,TEL,pp,30,45,22,23,8,8,27,29,34,36,37,24,0,36,0,21,0
20260718,ESC,pp,37,39,37,37,6,6,27,31,29,36,34,21,4,36,0,26,0
20260728,ESC,pp,13,13,13,13,6,7,27,29,31,36,27,19,1,36,1,32,1
20260909,DFX,pp,31,32,31,32,,,27,33,31,37,28,16,2,37,0,48,0
20260626,EMB,cod,41,41,28,35,2,7,27,35,28,39,30,27,1,39,0,20,0
20260920,INM,cod,69,69,3,70,0,2,27,31,29,39,44,20,3,39,3,59,0
20260814,IOH,pp,61,68,59,62,8,8,27,34,32,40,44,19,3,40,1,61,1
20260704,MSR,cod,35,38,29,31,5,8,27,33,29,43,36,15,7,43,1,41,0
20260826,BAO,cod,,,2,2,2,9,27,36,28,43,34,25,1,43,0,46,0
20260716,MSR,cod,40,42,43,55,6,15,27,36,30,43,32,15,1,43,1,31,0
20260822,BAO,cod,39,39,40,49,1,7,27,34,27,44,44,25,1,44,1,35,1
20260702,MSR,cod,42,50,23,36,9,12,27,34,32,45,27,14,1,45,2,35,0
20260907,EMB,cod,56,58,30,40,2,6,27,38,33,48,32,21,5,48,1,69,0
20260812,BHH,cod,51,52,43,68,1,6,27,38,31,48,48,14,6,48,1,13,0
20260626,IGS,pp,220,234,213,219,14,16,27,38,34,49,22,17,5,49,0,28,0
20260725,MSR,cod,30,35,39,50,14,23,27,39,28,49,39,20,4,49,0,40,0
20260717,SDD,cod,44,49,40,46,3,3,27,37,35,50,32,26,11,50,1,31,1
20260701,ESC,cod,66,68,43,67,3,12,27,46,32,56,45,32,8,56,1,39,1
20260719,BHH,cod,57,58,37,58,1,10,27,44,29,58,67,19,3,58,3,53,1
20260731,BHH,cod,4,4,2,2,0,15,27,42,30,58,54,12,8,58,3,53,0
20260722,SDH,cod,14,76,13,19,56,71,27,44,30,58,38,22,7,58,2,46,1
20260913,MSR,cod,16,19,10,10,3,11,27,46,31,58,51,28,10,58,2,71,1
20260917,KPI,cod,35,35,16,33,5,18,27,47,29,64,46,26,9,64,1,34,1
20260720,BHH,cod,43,45,35,49,4,27,27,53,31,72,65,18,6,72,3,66,0
20260907,KPI,cod,57,57,52,77,1,18,27,54,34,83,47,29,15,83,9,88,5
20260824,SDH,cod,38,184,41,70,191,237,27,61,34,85,76,38,9,85,2,48,0
20260822,NEX,cod,38,38,21,22,,,30,30,30,30,33,29,0,30,0,6,0
20260806,MOH,pp,35,40,47,47,5,8,30,31,30,31,29,19,0,31,0,38,0
20260702,KPI,pp,47,48,51,53,,,30,31,30,31,37,28,1,31,0,25,0
20260729,TEL,pp,17,32,30,30,18,18,30,31,30,32,28,19,1,32,0,33,0
20260720,ZEL,pp,12,12,22,23,1,1,30,31,31,32,26,19,0,32,1,23,1
20260809,EMB,pp,38,42,25,26,10,10,30,32,30,32,37,27,2,32,1,46,1
20260919,ALW,pp,21,28,2,31,,,30,31,31,32,30,12,0,32,4,36,3
20260715,REH,pp,205,205,188,194,3,3,30,31,31,32,29,25,1,32,0,17,0
20260724,ZEL,cod,11,11,8,9,1,2,30,32,31,33,35,21,0,33,0,14,0
20260828,PRH,pp,12,14,13,13,31,32,30,31,32,33,41,22,1,33,0,46,0
20260826,EMB,pp,33,36,31,32,4,4,30,31,32,33,28,24,1,33,0,34,0
20260817,KPI,pp,45,47,65,67,5,6,30,33,31,34,40,20,0,34,0,42,0
20260719,TEL,pp,8,9,5,5,8,8,30,32,33,35,35,27,1,35,0,43,0
20260821,BAO,pp,6,8,7,7,2,2,30,33,32,35,25,22,1,35,0,14,0
20260909,NEX,pp,3,5,24,25,1,1,30,32,33,35,36,29,1,35,0,16,0
20260812,DFX,pp,38,38,38,40,1,1,30,32,33,35,27,17,0,35,2,21,1
20260823,IOH,pp,29,34,24,26,3,3,30,32,33,35,48,18,1,35,3,36,3
20260805,TEL,pp,40,55,31,35,21,21,30,33,31,35,26,19,3,35,0,30,0
20260707,KPI,pp,34,35,24,25,1,1,30,33,32,35,30,17,2,35,1,45,1
20260816,MOH,pp,60,62,31,31,4,4,30,31,33,35,42,21,2,35,1,19,1
20260726,DLH,pp,137,153,67,69,16,16,30,32,30,36,35,19,3,36,2,56,1
20260828,MOH,pp,4,5,7,7,0,1,30,33,32,36,34,22,1,36,2,42,1
20260822,BBO,pp,19,19,19,19,,,30,32,32,36,27,23,2,36,0,36,0
20260818,LGL,pp,18,19,27,27,10,10,30,33,33,36,14,13,1,36,1,34,0
20260719,DFX,pp,46,46,32,33,,,30,35,33,38,49,24,4,38,1,55,0
20260918,IOH,pp,57,61,9,65,7,7,30,35,33,38,37,21,3,38,2,31,1
20260808,TEL,pp,16,39,22,24,17,18,30,34,34,38,35,27,2,38,0,17,0
20260915,ZAA,cod,,,110,139,1,3,30,35,32,38,30,19,3,38,,,
20260903,KPI,pp,67,67,72,75,,,30,34,32,39,42,22,4,39,0,31,0
20260812,SWL,pp,45,54,29,35,10,14,30,36,31,39,42,29,2,39,0,28,0
20260703,IOH,pp,114,120,47,47,6,6,30,33,37,40,31,17,2,40,0,174,0
20260726,EMB,pp,18,18,13,14,1,1,30,34,33,40,34,27,2,40,0,40,0
20260810,NEX,pp,14,16,27,27,2,2,30,31,37,40,30,24,2,40,0,42,0
20260905,LUA,cod,20,23,98,120,4,10,30,36,30,40,57,27,2,40,0,21,0
20260710,MSR,cod,33,44,41,47,8,12,30,34,33,41,33,18,2,41,2,32,0
20260814,SWL,pp,34,41,51,58,6,7,30,38,33,42,39,28,2,42,1,38,1
20260730,SDD,cod,34,40,36,39,7,7,30,33,33,43,27,21,10,43,1,30,1
20260720,NEX,pp,52,70,44,47,2,2,30,38,36,44,45,28,5,44,0,24,0
20260820,BAO,cod,49,56,25,33,2,5,30,41,32,44,33,18,5,44,1,31,0
20260907,SWL,pp,33,35,118,122,3,4,30,40,33,45,44,30,4,45,2,47,1
20260713,MSR,cod,63,71,56,67,8,13,30,38,33,45,29,19,5,45,0,31,0
20260815,MSR,cod,17,21,13,16,1,6,30,39,33,46,55,26,5,46,0,51,0
20260711,EMB,cod,22,23,25,28,2,8,30,40,31,47,35,26,4,47,0,40,0
20260912,LOS,pp,36,40,24,27,,,30,33,45,48,36,29,1,48,1,21,1
20260919,MSR,cod,28,42,0,34,6,7,30,32,35,49,36,21,0,49,3,61,2
20260921,PRH,pp,38,56,0,47,7,9,30,46,32,49,39,31,3,49,0,19,0
20260821,LUA,cod,28,31,84,101,2,6,30,37,31,49,14,8,4,49,1,47,1
20260921,LUA,cod,14,35,0,34,3,20,30,43,33,50,38,27,2,50,0,18,0
20260722,MSR,cod,39,49,36,49,9,21,30,44,33,50,42,25,3,50,1,36,0
20260828,KPI,cod,56,58,40,62,0,9,30,42,32,51,55,30,7,51,0,36,0
20260903,MSR,cod,54,79,42,59,11,21,30,38,34,53,40,20,4,53,2,44,1
20260819,LUA,cod,18,27,23,31,7,18,30,46,31,54,43,18,6,54,0,29,0
20260807,LUA,cod,79,86,9,11,4,13,30,38,36,56,35,19,4,56,4,71,0
20260806,BAO,cod,41,43,30,39,7,16,30,47,33,57,47,23,6,57,0,45,0
20260907,BHH,cod,41,41,35,45,0,11,30,47,32,61,47,18,5,61,4,77,0
20260724,BHH,cod,53,55,22,42,1,17,30,49,34,64,37,11,6,64,1,52,1
20260720,FLO,cod,5,5,2,4,1,8,30,46,35,65,57,31,10,65,2,60,1
20260722,BHH,cod,38,38,34,47,0,14,30,51,36,72,58,10,10,72,4,59,2
20260713,FLO,cod,43,49,69,84,2,14,30,47,37,75,57,27,17,75,1,54,0
20260709,ESC,cod,58,62,30,56,4,33,30,60,38,86,74,41,12,86,0,56,0
20260906,ZEL,pp,2,2,1,1,,,33,33,33,33,28,24,0,33,1,61,1
20260921,NKD,pp,1,5,0,2,1,1,33,33,33,33,35,28,0,33,0,23,0
20260717,NKD,pp,10,10,15,15,,,33,34,33,34,47,32,0,34,0,8,0
20260904,SOL,pp,15,16,14,17,,,33,34,33,34,29,25,1,34,1,8,0
20260827,EMB,pp,62,64,55,55,2,3,33,34,34,35,34,28,1,35,1,46,1
20260916,SWL,pp,29,31,19,24,,,33,35,33,35,28,18,1,35,1,20,0
20260625,TEL,pp,16,21,14,14,6,6,33,35,33,35,28,20,1,35,0,8,0
20260731,KPI,pp,37,44,36,38,2,3,33,35,33,35,39,27,0,35,0,34,0
20260727,ZEL,cod,32,32,16,17,0,4,33,35,33,35,19,19,2,35,1,30,1
20260905,LSR,pp,23,24,21,21,1,2,33,36,33,36,33,22,1,36,0,24,0
20260813,LGL,pp,10,10,16,17,,,33,36,33,36,22,19,1,36,0,8,0
20260705,IOH,pp,19,24,12,13,7,7,33,34,35,36,32,16,1,36,0,33,0
20260712,KPI,pp,32,32,24,25,1,1,33,35,35,37,42,26,1,37,1,40,1
20260912,LKH,pp,95,96,88,95,,,33,34,34,37,39,25,1,37,0,73,0
20260903,MOH,pp,30,32,35,35,3,3,33,35,35,37,34,25,0,37,0,18,0
20260705,KPI,pp,43,43,38,41,1,1,33,35,35,37,33,25,1,37,2,30,2
20260818,LOS,pp,89,92,187,192,10,10,33,35,36,38,46,29,0,38,0,18,0
20260722,DFX,pp,50,53,51,53,3,4,33,35,35,38,38,23,2,38,0,40,0
20260817,BGH,pp,28,41,10,11,9,9,33,35,36,39,43,24,2,39,1,19,1
20260731,TEL,pp,41,59,39,40,19,19,33,36,34,39,29,25,3,39,1,37,1
20260810,KPI,pp,28,42,25,25,4,4,33,36,36,39,45,27,1,39,0,37,0
20260817,EMB,pp,117,120,108,111,7,7,33,35,37,39,33,24,1,39,0,45,0
20260814,UNC,pp,,,91,95,0,1,33,34,36,39,25,18,2,39,0,71,0
20260910,LKH,pp,81,83,78,81,,,33,38,35,40,41,32,2,40,0,1,0
20260816,EMB,pp,44,47,47,48,3,4,33,38,35,40,43,31,2,40,0,38,0
20260708,KPI,pp,42,43,52,53,1,2,33,39,34,40,32,23,2,40,0,36,0
20260919,SWL,pp,13,14,2,12,,,33,39,33,40,32,27,2,40,0,41,0
20260820,UNC,pp,475,475,184,187,0,1,33,37,35,40,29,19,3,40,0,23,0
20260904,INM,cod,79,79,78,85,0,1,33,36,36,41,36,14,2,41,0,25,0
20260727,EMB,pp,47,49,45,45,6,6,33,33,40,41,41,25,0,41,0,47,0
20260917,SWL,pp,34,39,18,28,3,6,33,40,34,41,39,31,2,41,1,34,1
20260724,ESC,pp,40,78,43,44,35,35,33,36,36,41,39,28,1,41,1,34,0
20260804,DFX,pp,22,22,8,9,2,2,33,35,38,42,30,26,3,42,0,21,0
20260909,TEL,pp,85,115,59,62,22,24,33,38,36,42,36,29,1,42,3,63,2
20260908,LOS,pp,21,24,18,20,3,6,33,37,36,42,43,28,1,42,0,36,0
20260818,SWL,pp,27,30,28,30,9,12,33,37,39,44,36,23,0,44,0,45,0
20260912,UNC,pp,218,218,124,134,0,1,33,40,36,46,49,32,1,46,1,65,0
20260705,LUA,pp,36,38,15,15,2,3,33,40,35,46,52,30,6,46,1,77,1
20260828,DLH,pp,36,42,26,26,7,8,33,37,41,47,53,27,3,47,1,39,0
20260825,LUA,cod,32,42,22,27,2,9,33,41,37,48,39,21,1,48,1,35,1
20260710,MSR,pp,69,86,73,74,12,13,33,36,40,51,33,19,2,51,5,69,4
20260911,LGL,pp,53,54,31,32,1,4,33,44,38,52,23,18,4,52,0,12,0
20260813,IGS,pp,5,39,4,5,10,10,33,36,42,56,16,12,10,56,0,60,0
20260724,MSR,cod,42,52,29,41,6,12,33,46,38,56,49,29,6,56,0,47,0
20260812,MSR,cod,68,72,57,72,5,13,33,49,36,57,30,20,5,57,1,50,1
20260714,DFX,pp,55,55,73,78,1,3,33,43,41,57,31,19,5,57,1,53,1
20260716,ESC,cod,38,38,24,37,1,13,33,47,37,63,46,27,7,63,3,43,0
20260911,KPI,cod,52,52,38,57,1,14,33,51,37,64,56,33,7,64,7,74,5
20260908,MSR,cod,73,92,41,53,13,20,33,51,40,70,50,28,12,70,0,78,0
20260814,LUA,cod,20,24,69,89,17,25,33,56,40,70,27,17,10,70,2,70,1
20260717,FLO,cod,81,116,77,91,5,16,33,55,39,71,36,23,10,71,1,80,0
